experiment,Line-Treatment,DT inflection,StDev_inf,DT interval,StDev_int,Lab strain,Strain,Treatment,Strain*Treatment,Time_0,Time_0.5,Time_1,Time_1.5,Time_2,Time_2.5,Time_3,Time_3.5,Time_4,Time_4.5,Time_5,Time_5.5,Time_6,Time_6.5,Time_7,Time_7.5,Time_8,Time_8.5,Time_9,Time_9.5,Time_10,Time_10.5,Time_11,Time_11.5,Time_12,Time_12.5,Time_13,Time_13.5,Time_14,Time_14.5,Time_15,Time_15.5,Time_16,Time_16.5,Time_17,Time_17.5,Time_18,Time_18.5,Time_19,Time_19.5,Time_20
RB_RUN1_F_SGRPmTORscreen_KGA_11082018.xls,NCYC3451-A-6.67%H2O,50.23989431,13.71472038,69.84138423,6.194944521,NCYC 3451,NCYC361,6.67% H2O,NCYC361*6.67% H2O,0,0.068666667,0.081666667,0.106,0.121666667,0.144,0.221333333,0.289,0.381333333,0.485,0.605666667,0.736,0.868666667,0.992333333,1.073333333,1.095666667,1.122,1.155333333,1.184666667,1.211,1.251,1.280666667,1.308333333,1.33,1.352666667,1.379333333,1.396,1.415666667,1.431666667,1.45,1.462666667,1.476333333,1.489,1.502333333,1.517,1.527333333,1.536333333,1.542666667,1.547333333,1.560333333,1.570333333
