experiment,Line-Treatment,DT inflection,StDev_inf,DT interval,StDev_int,Lab strain,Strain,Treatment,Strain*Treatment,Time_0,Time_0.5,Time_1,Time_1.5,Time_2,Time_2.5,Time_3,Time_3.5,Time_4,Time_4.5,Time_5,Time_5.5,Time_6,Time_6.5,Time_7,Time_7.5,Time_8,Time_8.5,Time_9,Time_9.5,Time_10,Time_10.5,Time_11,Time_11.5,Time_12,Time_12.5,Time_13,Time_13.5,Time_14,Time_14.5,Time_15,Time_15.5,Time_16,Time_16.5,Time_17,Time_17.5,Time_18,Time_18.5,Time_19,Time_19.5,Time_20
SET4_highTORIN_REDO_NBMBL_080717.xls,yML 695-25 uM Torin 1,73.37939972,8.817731464,94.34837219,7.414917345,yML 695,Y8.1,25 uM Torin 1,Y8.1*25 uM Torin 1,0,0.035,0.034666667,0.033666667,0.031333333,0.032333333,0.031666667,0.034333333,0.036,0.046666667,0.050333333,0.065666667,0.072666667,0.100333333,0.109666667,0.138333333,0.184333333,0.227333333,0.287,0.365333333,0.471666667,0.592,0.713,0.846,0.979333333,1.102666667,1.138666667,1.144333333,1.153333333,1.167,1.185333333,1.214333333,1.246333333,1.282,1.314666667,1.347333333,1.377666667,1.403666667,1.428333333,1.453666667,1.474666667
