experiment,Line-Treatment,DT inflection,StDev_inf,DT interval,StDev_int,Lab strain,Strain,Treatment,Strain*Treatment,Time_0,Time_0.5,Time_1,Time_1.5,Time_2,Time_2.5,Time_3,Time_3.5,Time_4,Time_4.5,Time_5,Time_5.5,Time_6,Time_6.5,Time_7,Time_7.5,Time_8,Time_8.5,Time_9,Time_9.5,Time_10,Time_10.5,Time_11,Time_11.5,Time_12,Time_12.5,Time_13,Time_13.5,Time_14,Time_14.5,Time_15,Time_15.5,Time_16,Time_16.5,Time_17,Time_17.5,Time_18,Time_18.5,Time_19,Time_19.5,Time_20
SGRP_mTORinhibitsSCREEN_SET1_CAFF_MGK_11012017_F.xls,NCYC 3318-1000 ug/ml Caffeine,78.51558908,1.673871951,83.42456578,2.088353305,NCYC 3318,L-1374,1 mg/mL Caffeine,L-1374*1 mg/mL Caffeine,0,0.030666667,0.054,0.052,0.041333333,0.081666667,0.092,0.119666667,0.168333333,0.217,0.281666667,0.356333333,0.451333333,0.552666667,0.666,0.811666667,0.938666667,1.059333333,1.159666667,1.191,1.209666667,1.231666667,1.248333333,1.287666667,1.315666667,1.345666667,1.373666667,1.405,1.432333333,1.456666667,1.484,1.520666667,1.522333333,1.545666667,1.563,1.586333333,1.600666667,1.615333333,1.629,1.648,1.657666667
SGRP_mTORinhibitsSCREEN_SET1_CAFFEINE AND lowTORIN_MGK_12022017_,NCYC 3318-1000 ug/ml Caffeine,86.63351192,4.729502787,100.532627,7.266446532,NCYC 3318,L-1374,1 mg/mL Caffeine,L-1374*1 mg/mL Caffeine,0,0.088333333,0.113666667,0.137666667,0.170333333,0.204,0.258333333,0.322,0.393666667,0.49,0.598,0.713666667,0.847,0.959333333,1.074333333,1.143666667,1.171,1.188,1.213333333,1.245666667,1.271333333,1.299666667,1.332,1.366,1.400333333,1.426666667,1.454666667,1.478666667,1.505666667,1.526333333,1.548333333,1.570333333,1.584666667,1.603,1.618666667,1.633,1.647333333,1.656333333,1.668,1.677333333,1.684333333
