experiment,Line-Treatment,DT inflection,StDev_inf,DT interval,StDev_int,Lab strain,Strain,Treatment,Strain*Treatment,Time_0,Time_0.5,Time_1,Time_1.5,Time_2,Time_2.5,Time_3,Time_3.5,Time_4,Time_4.5,Time_5,Time_5.5,Time_6,Time_6.5,Time_7,Time_7.5,Time_8,Time_8.5,Time_9,Time_9.5,Time_10,Time_10.5,Time_11,Time_11.5,Time_12,Time_12.5,Time_13,Time_13.5,Time_14,Time_14.5,Time_15,Time_15.5,Time_16,Time_16.5,Time_17,Time_17.5,Time_18,Time_18.5,Time_19,Time_19.5,Time_20
SGRP_mTOR_inhibitsSCREEN_SET3_round3_lowTORIN_KG_091517_F.xls,YML675-1 uM Torin 1,78.03580034,5.196840108,107.0964348,5.359897449,yML 675,Z1.1,1 uM Torin 1,Z1.1*1 uM Torin 1,0,0.062,0.063666667,0.059,0.064333333,0.064666667,0.121,0.150666667,0.185333333,0.23,0.276333333,0.338,0.413333333,0.511333333,0.623333333,0.745666667,0.877,0.983666667,1.095333333,1.199,1.285666667,1.349,1.391333333,1.397333333,1.413,1.430333333,1.446,1.466666667,1.488666667,1.511,1.532,1.556,1.572,1.590333333,1.603666667,1.619,1.634333333,1.646,1.656333333,1.671666667,1.681666667
SGRP_mTORinhibitsSCREEN_SET3_LOWTORIN_MGK_09112017F.xls,YML675-1 uM Torin 1,67.60125291,7.047134337,62.97807275,7.04179718,yML 675,Z1.1,1 uM Torin 1,Z1.1*1 uM Torin 1,0,0.014,0.011,0.014333333,0.029666667,0.037333333,0.043333333,0.149,0.226666667,0.301666667,0.407,0.511333333,0.659,0.799666667,0.951666667,1.067666667,1.130666667,1.128666667,1.143,1.154,1.177,1.201,1.221666667,1.257333333,1.292,1.312,1.337333333,1.366666667,1.386,1.406333333,1.444,1.460666667,1.498333333,1.518,1.534333333,1.554333333,1.579,1.601,1.614333333,1.639666667,1.652
SGRP_mTORinhibitsSCREEN_SET3_LOWTORIN_PUMT_062817.xls,YML675-1 uM Torin 1,49.79916293,4.87687594,61.61728088,3.840312624,yML 675,Z1.1,1 uM Torin 1,Z1.1*1 uM Torin 1,0,0.037,0.038666667,0.038666667,0.043666667,0.048333333,0.053666667,0.058,0.082666667,0.137333333,0.182666667,0.277333333,0.366666667,0.475666667,0.592333333,0.692666667,0.805333333,0.911,1.019,1.121,1.218333333,1.25,1.27,1.294333333,1.320333333,1.350666667,1.377333333,1.411333333,1.433666667,1.458333333,1.479,1.499,1.516333333,1.533333333,1.550333333,1.565333333,1.579,1.591333333,1.605333333,1.618,1.627666667
