experiment,Line-Treatment,DT inflection,StDev_inf,DT interval,StDev_int,Lab strain,Strain,Treatment,Strain*Treatment,Time_0,Time_0.5,Time_1,Time_1.5,Time_2,Time_2.5,Time_3,Time_3.5,Time_4,Time_4.5,Time_5,Time_5.5,Time_6,Time_6.5,Time_7,Time_7.5,Time_8,Time_8.5,Time_9,Time_9.5,Time_10,Time_10.5,Time_11,Time_11.5,Time_12,Time_12.5,Time_13,Time_13.5,Time_14,Time_14.5,Time_15,Time_15.5,Time_16,Time_16.5,Time_17,Time_17.5,Time_18,Time_18.5,Time_19,Time_19.5,Time_20
SGRP_mTORinhibitsSCREEN_SET2_CAFFEINE AND lowTORIN_MGK_AR_120320,yML 564-2.5% DMSO,71.52798913,4.416161763,78.62417295,1.554507543,yML 564,CLIB382,2.5% DMSO,CLIB382*2.5% DMSO,0,0.069333333,0.083,0.101,0.127,0.156333333,0.2,0.262333333,0.34,0.453666667,0.560666667,0.697666667,0.841333333,0.988333333,1.111666667,1.191666667,1.208666667,1.237,1.264333333,1.302333333,1.335,1.358333333,1.392333333,1.421,1.448666667,1.482333333,1.511,1.534,1.551,1.564666667,1.588333333,1.602666667,1.614,1.631333333,1.648333333,1.660333333,1.672666667,1.682666667,1.691666667,1.706,1.71
SGRP_mTORinhibitsSCREEN_SET2_CAFFEINE AND lowTORIN_MGK_AR_120320,yML 564-2.5% DMSO,67.23521918,1.129461754,77.22973009,1.827757048,yML 564,CLIB382,2.5% DMSO,CLIB382*2.5% DMSO,0,0.056333333,0.067666667,0.084,0.106666667,0.131,0.171,0.223333333,0.287,0.391,0.494,0.62,0.761,0.909333333,1.047333333,1.159333333,1.184666667,1.214,1.239333333,1.276666667,1.312333333,1.341333333,1.373666667,1.403333333,1.433666667,1.466333333,1.494333333,1.521,1.541,1.554666667,1.579333333,1.594,1.607,1.623666667,1.639,1.653666667,1.666333333,1.678666667,1.689333333,1.7,1.707666667
