experiment,Line-Treatment,DT inflection,StDev_inf,DT interval,StDev_int,Lab strain,Strain,Treatment,Strain*Treatment,Time_0,Time_0.5,Time_1,Time_1.5,Time_2,Time_2.5,Time_3,Time_3.5,Time_4,Time_4.5,Time_5,Time_5.5,Time_6,Time_6.5,Time_7,Time_7.5,Time_8,Time_8.5,Time_9,Time_9.5,Time_10,Time_10.5,Time_11,Time_11.5,Time_12,Time_12.5,Time_13,Time_13.5,Time_14,Time_14.5,Time_15,Time_15.5,Time_16,Time_16.5,Time_17,Time_17.5,Time_18,Time_18.5,Time_19,Time_19.5,Time_20
SGRP_mTORinhibitsSCREEN_SET3_CAFFEINE AND lowTORIN_JEMBL_1201201,yML665-1 uM Torin 11,74.51338369,9.70777735,131.5457624,2.333467067,yML 665,N-45,1 uM Torin 1,N-45*1 uM Torin 1,0,0.064333333,0.071333333,0.070666667,0.061666667,0.050333333,0.042,0.033,0.026333333,0.020333333,0.309333333,0.365666667,0.474666667,0.605333333,0.709666667,0.824333333,0.959666667,1.059333333,1.156,1.177666667,1.2,1.211333333,1.238666667,1.255,1.288666667,1.316,1.363333333,1.382,1.399666667,1.433,1.455333333,1.478666667,1.496,1.521,1.532666667,1.560333333,1.569333333,1.590666667,1.607,1.614333333,1.634
SGRP_mTORinhibitsSCREEN_SET3_CAFFEINE AND lowTORIN_JEMBL_1201201,yML665-1 uM Torin 11,89.25033943,14.04295924,62.88933545,6.489245018,yML 665,N-45,1 uM Torin 1,N-45*1 uM Torin 1,0,0.070333333,0.078666667,0.076333333,0.067666667,0.056666667,0.045333333,0.037666667,0.023666667,0.018,0.319,0.426,0.513666667,0.650666667,0.765666667,0.878666667,1.005,1.100666667,1.19,1.206666667,1.222333333,1.235,1.265666667,1.289,1.330666667,1.354,1.397666667,1.414,1.435333333,1.464,1.5,1.51,1.525333333,1.555,1.566333333,1.585666667,1.590666667,1.609,1.628,1.637333333,1.658
