experiment,Line-Treatment,DT inflection,StDev_inf,DT interval,StDev_int,Lab strain,Strain,Treatment,Strain*Treatment,Time_0,Time_0.5,Time_1,Time_1.5,Time_2,Time_2.5,Time_3,Time_3.5,Time_4,Time_4.5,Time_5,Time_5.5,Time_6,Time_6.5,Time_7,Time_7.5,Time_8,Time_8.5,Time_9,Time_9.5,Time_10,Time_10.5,Time_11,Time_11.5,Time_12,Time_12.5,Time_13,Time_13.5,Time_14,Time_14.5,Time_15,Time_15.5,Time_16,Time_16.5,Time_17,Time_17.5,Time_18,Time_18.5,Time_19,Time_19.5,Time_20
SGRP_mTORinhibits_SET2_lowRAPA_KGPUMBL_080417.xls.xls,NCYC 3469-2.5 ng/ml RAPA,64.83899485,3.464314565,73.02928688,4.261928072,NCYC 3469,DBVPG 6040 ,2.5 ng/mL RAPA,DBVPG 6040 *2.5 ng/mL RAPA,0,0.051666667,0.056666667,0.065333333,0.079333333,0.100666667,0.129,0.164333333,0.228666667,0.304,0.400333333,0.509,0.643666667,0.779666667,0.926,1.050333333,1.153333333,1.234666667,1.28,1.304,1.330333333,1.357333333,1.387333333,1.415,1.443333333,1.471333333,1.496333333,1.52,1.542666667,1.561666667,1.583,1.600333333,1.617333333,1.633666667,1.647666667,1.662333333,1.673666667,1.687666667,1.699333333,1.710666667,1.722
SGRP_mTORinhibitsSCREEN_SET2_LOWRAPA_highTORIN_MGK_12032017_F,NCYC 3469-2.5 ng/ml RAPA,55.77610865,5.683394248,64.122991,5.98187259,NCYC 3469,DBVPG 6040 ,2.5 ng/mL RAPA,DBVPG 6040 *2.5 ng/mL RAPA,0,0.042333333,0.044,0.053666667,0.071666667,0.092333333,0.124333333,0.171,0.231666667,0.335,0.451333333,0.582333333,0.731666667,0.889,1.038666667,1.174,1.237333333,1.259,1.283,1.312333333,1.340333333,1.369333333,1.396333333,1.415,1.456666667,1.475666667,1.501333333,1.523666667,1.545333333,1.563666667,1.582,1.599666667,1.614666667,1.630333333,1.645333333,1.657666667,1.67,1.681666667,1.691,1.722333333,1.715
SGRP_mTORinhibitsSCREEN_SET2_lowRAPA_KGPUMBL_100117.xls,NCYC 3469-2.5 ng/ml RAPA,60.76169807,2.16911032,62.77604932,2.207937848,NCYC 3469,DBVPG 6040 ,2.5 ng/mL RAPA,DBVPG 6040 *2.5 ng/mL RAPA,0,0.035333333,0.042666667,0.049333333,0.064333333,0.084666667,0.114,0.155333333,0.217,0.298333333,0.404666667,0.527666667,0.667666667,0.817333333,0.97,1.111333333,1.217333333,1.273666667,1.301333333,1.323,1.353,1.379666667,1.411,1.439,1.467,1.495,1.518,1.543333333,1.566666667,1.585666667,1.604333333,1.622,1.639333333,1.653333333,1.671,1.683,1.696333333,1.71,1.718,1.733333333,1.739666667
