experiment,Line-Treatment,DT inflection,StDev_inf,DT interval,StDev_int,Lab strain,Strain,Treatment,Strain*Treatment,Time_0,Time_0.5,Time_1,Time_1.5,Time_2,Time_2.5,Time_3,Time_3.5,Time_4,Time_4.5,Time_5,Time_5.5,Time_6,Time_6.5,Time_7,Time_7.5,Time_8,Time_8.5,Time_9,Time_9.5,Time_10,Time_10.5,Time_11,Time_11.5,Time_12,Time_12.5,Time_13,Time_13.5,Time_14,Time_14.5,Time_15,Time_15.5,Time_16,Time_16.5,Time_17,Time_17.5,Time_18,Time_18.5,Time_19,Time_19.5,Time_20
SGRP_mTORinhibitsSCREEN_SET3_round3_highRAPA_KG_091517_D.xls,YML672-20 ng/ml RAPA,132.4219112,3.812720165,176.1195489,8.048449123,yML 672,S36.7,20 ng/mL RAPA,S36.7*20 ng/mL RAPA,0,0.055333333,0.058333333,0.060333333,0.069666667,0.076333333,0.087666667,0.093666667,0.106666667,0.12,0.135333333,0.155333333,0.175333333,0.198666667,0.225333333,0.258,0.3,0.327666667,0.374333333,0.423333333,0.460333333,0.532333333,0.591,0.646666667,0.727333333,0.798,0.863,0.922,0.995333333,1.058333333,1.122,1.183333333,1.239333333,1.292333333,1.341,1.389333333,1.433,1.471666667,1.5,1.531,1.543333333
