experiment,Line-Treatment,DT inflection,StDev_inf,DT interval,StDev_int,Lab strain,Strain,Treatment,Strain*Treatment,Time_0,Time_0.5,Time_1,Time_1.5,Time_2,Time_2.5,Time_3,Time_3.5,Time_4,Time_4.5,Time_5,Time_5.5,Time_6,Time_6.5,Time_7,Time_7.5,Time_8,Time_8.5,Time_9,Time_9.5,Time_10,Time_10.5,Time_11,Time_11.5,Time_12,Time_12.5,Time_13,Time_13.5,Time_14,Time_14.5,Time_15,Time_15.5,Time_16,Time_16.5,Time_17,Time_17.5,Time_18,Time_18.5,Time_19,Time_19.5,Time_20
SGRP_mTOR_inhibitsSCREEN_SET3_round3_lowTORIN_KG_091517_F.xls,YML666-1 uM Torin 1,79.35692098,13.83773897,96.80429979,2.662993177,yML 666,UFRJ50816,1 uM Torin 1,UFRJ50816*1 uM Torin 1,0,0.042,0.045333333,0.051666667,0.075333333,0.091333333,0.098666667,0.123,0.153,0.180666667,0.233,0.281333333,0.349,0.436666667,0.533666667,0.646333333,0.769333333,0.879666667,1.007,1.126666667,1.239666667,1.297,1.311666667,1.323666667,1.330666667,1.354,1.368666667,1.389,1.407666667,1.428333333,1.449333333,1.473,1.492666667,1.511333333,1.530333333,1.551,1.573666667,1.591666667,1.605333333,1.620666667,1.633333333
SGRP_mTORinhibitsSCREEN_SET3_LOWTORIN_MGK_09112017F.xls,YML666-1 uM Torin 1,77.01337739,7.395020352,87.69497993,3.989218152,yML 666,UFRJ50816,1 uM Torin 1,UFRJ50816*1 uM Torin 1,0,0.042333333,0.042,0.036333333,0.028333333,0.023333333,0.017333333,0.104333333,0.153666667,0.198,0.248333333,0.320333333,0.404666667,0.508666667,0.619666667,0.734333333,0.849,0.963666667,1.081,1.164333333,1.197333333,1.228666667,1.247666667,1.282666667,1.32,1.352333333,1.383333333,1.412333333,1.437666667,1.461333333,1.484,1.503333333,1.521333333,1.540666667,1.558666667,1.572333333,1.587666667,1.603333333,1.617666667,1.629,1.642
SGRP_mTORinhibitsSCREEN_SET3_LOWTORIN_PUMT_062817.xls,YML666-1 uM Torin 1,81.04667737,4.105265556,90.25521209,3.363292189,yML 666,UFRJ50816,1 uM Torin 1,UFRJ50816*1 uM Torin 1,0,0.033333333,0.036333333,0.036333333,0.047333333,0.082666667,0.110333333,0.138666667,0.167333333,0.208,0.267,0.336333333,0.423666667,0.522666667,0.637666667,0.758,0.885,1.009,1.125,1.166666667,1.187666667,1.204,1.221666667,1.244333333,1.275,1.305333333,1.335666667,1.367666667,1.394333333,1.423333333,1.448666667,1.473333333,1.495666667,1.515333333,1.536,1.558333333,1.576666667,1.594333333,1.612666667,1.626,1.638666667
