experiment,Line-Treatment,DT inflection,StDev_inf,DT interval,StDev_int,Lab strain,Strain,Treatment,Strain*Treatment,Time_0,Time_0.5,Time_1,Time_1.5,Time_2,Time_2.5,Time_3,Time_3.5,Time_4,Time_4.5,Time_5,Time_5.5,Time_6,Time_6.5,Time_7,Time_7.5,Time_8,Time_8.5,Time_9,Time_9.5,Time_10,Time_10.5,Time_11,Time_11.5,Time_12,Time_12.5,Time_13,Time_13.5,Time_14,Time_14.5,Time_15,Time_15.5,Time_16,Time_16.5,Time_17,Time_17.5,Time_18,Time_18.5,Time_19,Time_19.5,Time_20
SGRP_mTORinhibitsSCREEN_SET1_LOWRAPA_highRAPA_lowTORIN_MGK_12022,NCYC 3312-1% DMSO,68.93511233,0.246201238,69.96205602,0.7409982,NCYC 3312,DBVPG 1373,1% DMSO,DBVPG 1373*1% DMSO,0,0.032333333,0.042,0.056333333,0.074333333,0.098,0.13,0.172333333,0.231,0.312333333,0.411666667,0.528333333,0.627333333,0.720333333,0.811333333,0.901666667,0.994666667,1.083,1.140666667,1.164666667,1.197333333,1.234666667,1.273666667,1.312666667,1.35,1.386666667,1.415333333,1.446666667,1.473666667,1.498666667,1.521666667,1.541666667,1.560333333,1.577,1.593666667,1.608666667,1.626,1.639666667,1.651,1.665666667,1.678666667
SGRP_mTORinhibitsSCREEN_SET1_LOWRAPA_highRAPA_lowTORIN_MGK_12022,NCYC 3312-1% DMSO,70.54029196,0.530423438,71.69884379,1.307453402,NCYC 3312,DBVPG 1373,1% DMSO,DBVPG 1373*1% DMSO,0,0.038,0.048333333,0.062666667,0.081,0.106666667,0.140666667,0.186333333,0.25,0.333,0.441,0.553333333,0.650666667,0.746333333,0.836,0.927666667,1.019666667,1.102666667,1.148,1.173,1.205666667,1.239333333,1.279333333,1.316666667,1.349666667,1.382666667,1.411,1.438666667,1.463333333,1.487666667,1.509,1.528666667,1.545666667,1.562,1.578333333,1.593333333,1.610333333,1.622666667,1.636666667,1.648,1.660333333
