experiment,Line-Treatment,DT inflection,StDev_inf,DT interval,StDev_int,Lab strain,Strain,Treatment,Strain*Treatment,Time_0,Time_0.5,Time_1,Time_1.5,Time_2,Time_2.5,Time_3,Time_3.5,Time_4,Time_4.5,Time_5,Time_5.5,Time_6,Time_6.5,Time_7,Time_7.5,Time_8,Time_8.5,Time_9,Time_9.5,Time_10,Time_10.5,Time_11,Time_11.5,Time_12,Time_12.5,Time_13,Time_13.5,Time_14,Time_14.5,Time_15,Time_15.5,Time_16,Time_16.5,Time_17,Time_17.5,Time_18,Time_18.5,Time_19,Time_19.5,Time_20
SGRP_mTORinhibitsSCREEN_SET 1 2 3 4 High-Low Rapa High-Low Torin,yML666-1% DMSO,18.22286816,7.306391184,45.28402929,,yML 666,UFRJ50816,1% DMSO,UFRJ50816*1% DMSO,0,0.035,0.036333333,0.029333333,0.021333333,0.051,0.050666667,0.061,0.081,0.130333333,0.082333333,0.368666667,0.444666667,0.607,0.740333333,0.886666667,1.008333333,1.100333333,1.166666667,1.196,1.212666667,1.250666667,1.273666667,1.314333333,1.350333333,1.386333333,1.419666667,1.449333333,1.477666667,1.502666667,1.528333333,1.554666667,1.576,1.598,1.620666667,1.635,1.650666667,1.663333333,1.678333333,1.692333333,1.701333333
