experiment,Line-Treatment,DT inflection,StDev_inf,DT interval,StDev_int,Lab strain,Strain,Treatment,Strain*Treatment,Time_0,Time_0.5,Time_1,Time_1.5,Time_2,Time_2.5,Time_3,Time_3.5,Time_4,Time_4.5,Time_5,Time_5.5,Time_6,Time_6.5,Time_7,Time_7.5,Time_8,Time_8.5,Time_9,Time_9.5,Time_10,Time_10.5,Time_11,Time_11.5,Time_12,Time_12.5,Time_13,Time_13.5,Time_14,Time_14.5,Time_15,Time_15.5,Time_16,Time_16.5,Time_17,Time_17.5,Time_18,Time_18.5,Time_19,Time_19.5,Time_20
SET2_caffeine_KGPU_080517.xls,NCYC 3461-1000 ug/ml Caffeine,43.60932796,2.702653779,66.21186588,14.46569792,NCYC 3461,UWOPS03-461.4 ,1 mg/mL Caffeine,UWOPS03-461.4 *1 mg/mL Caffeine,0,0.041666667,0.036666667,0.020666667,0.008,0.056,0.088333333,0.069666667,0.102333333,0.111,0.170666667,0.165333333,0.234333333,0.344,0.493666667,0.677,0.873333333,1.015666667,1.131,1.214333333,1.234,1.269333333,1.307,1.330333333,1.372,1.393333333,1.427666667,1.451333333,1.483,1.515666667,1.545,1.558666667,1.597333333,1.611333333,1.631333333,1.651333333,1.665666667,1.692333333,1.701666667,1.722666667,1.730333333
SGRP_mTORinhibits_SET2_Caffeine_JE_092817.xls,NCYC 3461-1000 ug/ml Caffeine,36.12738018,9.930241974,54.18203139,8.306998524,NCYC 3461,UWOPS03-461.4 ,1 mg/mL Caffeine,UWOPS03-461.4 *1 mg/mL Caffeine,0,0.054666667,0.049666667,0.049333333,0.018,0.011333333,0.007666667,0.082333333,0.093,0.087666667,0.138666667,0.163666667,0.226333333,0.301333333,0.482333333,0.636333333,0.823333333,1.015666667,1.152,1.244333333,1.299,1.315,1.341333333,1.374,1.4,1.431,1.459666667,1.499,1.523666667,1.548,1.574666667,1.605,1.626333333,1.642333333,1.664,1.682333333,1.701,1.713333333,1.724,1.742,1.753
SGRP_mTORinhibitsSCREEN_SET2_Caffeine_JE_092717.xls,NCYC 3461-1000 ug/ml Caffeine,58.88476195,3.889698043,84.55669013,6.671149191,NCYC 3461,UWOPS03-461.4 ,1 mg/mL Caffeine,UWOPS03-461.4 *1 mg/mL Caffeine,0,0.061,0.061333333,0.057,0.058666667,0.083666667,0.094333333,0.097666667,0.121666667,0.144,0.162,0.210666667,0.273,0.359666667,0.511333333,0.679333333,0.840666667,1.010666667,1.119333333,1.236,1.267666667,1.289333333,1.308666667,1.344333333,1.382,1.403666667,1.437666667,1.468333333,1.505,1.543666667,1.557333333,1.591,1.609333333,1.633666667,1.646333333,1.672333333,1.683666667,1.705,1.715,1.726333333,1.729
