experiment,Line-Treatment,DT inflection,StDev_inf,DT interval,StDev_int,Lab strain,Strain,Treatment,Strain*Treatment,Time_0,Time_0.5,Time_1,Time_1.5,Time_2,Time_2.5,Time_3,Time_3.5,Time_4,Time_4.5,Time_5,Time_5.5,Time_6,Time_6.5,Time_7,Time_7.5,Time_8,Time_8.5,Time_9,Time_9.5,Time_10,Time_10.5,Time_11,Time_11.5,Time_12,Time_12.5,Time_13,Time_13.5,Time_14,Time_14.5,Time_15,Time_15.5,Time_16,Time_16.5,Time_17,Time_17.5,Time_18,Time_18.5,Time_19,Time_19.5,Time_20
SGRP_mTORinhibits_SET2_lowRAPA_KGPUMBL_080417.xls.xls,yML564-2.5 ng/ml RAPA,67.04414225,2.030055501,69.61763414,1.861456617,yML 564,CLIB382,2.5 ng/mL RAPA,CLIB382*2.5 ng/mL RAPA,0,0.054666667,0.057666667,0.067,0.084666667,0.107666667,0.141,0.185333333,0.249,0.339333333,0.452666667,0.575333333,0.722666667,0.881666667,1.025333333,1.155333333,1.235666667,1.264666667,1.296,1.325666667,1.361333333,1.391,1.421666667,1.454,1.485,1.516666667,1.543333333,1.569,1.592,1.613333333,1.634,1.652666667,1.671,1.684333333,1.696333333,1.709666667,1.723666667,1.733666667,1.745666667,1.755666667,1.766
SGRP_mTORinhibitsSCREEN_SET2_lowRAPA_KGPUMBL_100117.xls,yML564-2.5 ng/ml RAPA,61.97939052,3.001474287,63.5118946,1.71606632,yML 564,CLIB382,2.5 ng/mL RAPA,CLIB382*2.5 ng/mL RAPA,0,0.035,0.040666667,0.048333333,0.062333333,0.081333333,0.111,0.154666667,0.212666667,0.297666667,0.402666667,0.526666667,0.671,0.832666667,0.993666667,1.129666667,1.233666667,1.26,1.29,1.321333333,1.354333333,1.389,1.424333333,1.456,1.486,1.516333333,1.543666667,1.572666667,1.595666667,1.616,1.636333333,1.657,1.670333333,1.688333333,1.703333333,1.715333333,1.728666667,1.739666667,1.749,1.763333333,1.767333333
