experiment,Line-Treatment,DT inflection,StDev_inf,DT interval,StDev_int,Lab strain,Strain,Treatment,Strain*Treatment,Time_0,Time_0.5,Time_1,Time_1.5,Time_2,Time_2.5,Time_3,Time_3.5,Time_4,Time_4.5,Time_5,Time_5.5,Time_6,Time_6.5,Time_7,Time_7.5,Time_8,Time_8.5,Time_9,Time_9.5,Time_10,Time_10.5,Time_11,Time_11.5,Time_12,Time_12.5,Time_13,Time_13.5,Time_14,Time_14.5,Time_15,Time_15.5,Time_16,Time_16.5,Time_17,Time_17.5,Time_18,Time_18.5,Time_19,Time_19.5,Time_20
SET4_highTORIN_REDO_NBMBL_080717.xls,yML 689-25 uM Torin 1,76.62505526,7.595593274,109.0119113,9.73289728,yML 689,Q69.8,25 uM Torin 1,Q69.8*25 uM Torin 1,0,0.036666667,0.037666667,0.036,0.03,0.033333333,0.036,0.050333333,0.06,0.071333333,0.087666667,0.111666667,0.133333333,0.175,0.193333333,0.222,0.280666667,0.343333333,0.409,0.496333333,0.608666667,0.709333333,0.829,0.948666667,1.051666667,1.103,1.138333333,1.161666667,1.186,1.219666667,1.247333333,1.281,1.305333333,1.332333333,1.358666667,1.388333333,1.413666667,1.439333333,1.463,1.48,1.508666667
