experiment,Line-Treatment,DT inflection,StDev_inf,DT interval,StDev_int,Lab strain,Strain,Treatment,Strain*Treatment,Time_0,Time_0.5,Time_1,Time_1.5,Time_2,Time_2.5,Time_3,Time_3.5,Time_4,Time_4.5,Time_5,Time_5.5,Time_6,Time_6.5,Time_7,Time_7.5,Time_8,Time_8.5,Time_9,Time_9.5,Time_10,Time_10.5,Time_11,Time_11.5,Time_12,Time_12.5,Time_13,Time_13.5,Time_14,Time_14.5,Time_15,Time_15.5,Time_16,Time_16.5,Time_17,Time_17.5,Time_18,Time_18.5,Time_19,Time_19.5,Time_20
RB_RUN1_F_SGRPmTORscreen_KGA_11082018.xls,yML699-B-6.67%H2O,117.3779389,34.31777296,584.0782441,257.949154,yML 699,UWOPS91-917.1,6.67% H2O,UWOPS91-917.1*6.67% H2O,0,0.063333333,0.070666667,0.077666667,0.086333333,0.082,0.11,0.122666667,0.137666667,0.160666667,0.173333333,0.194333333,0.217666667,0.238333333,0.256333333,0.282666667,0.302666667,0.323,0.345,0.364333333,0.380666667,0.403666667,0.414333333,0.431666667,0.445333333,0.459,0.471333333,0.486,0.491,0.499,0.507333333,0.513,0.519333333,0.520333333,0.529,0.532666667,0.526333333,0.529333333,0.528333333,0.522,0.520666667
