experiment,Line-Treatment,DT inflection,StDev_inf,DT interval,StDev_int,Lab strain,Strain,Treatment,Strain*Treatment,Time_0,Time_0.5,Time_1,Time_1.5,Time_2,Time_2.5,Time_3,Time_3.5,Time_4,Time_4.5,Time_5,Time_5.5,Time_6,Time_6.5,Time_7,Time_7.5,Time_8,Time_8.5,Time_9,Time_9.5,Time_10,Time_10.5,Time_11,Time_11.5,Time_12,Time_12.5,Time_13,Time_13.5,Time_14,Time_14.5,Time_15,Time_15.5,Time_16,Time_16.5,Time_17,Time_17.5,Time_18,Time_18.5,Time_19,Time_19.5,Time_20
SGRP_mTORinhibitsSCREEN_SET4_Caff_MGK_10252017_D.xls,YML689-1000 ug/ml Caffeine,92.25449978,8.506636058,117.2127153,5.929973272,yML 689,Q69.8,1 mg/mL Caffeine,Q69.8*1 mg/mL Caffeine,0,0.048666667,0.052333333,0.055333333,0.061333333,0.070666667,0.083666667,0.098,0.119,0.138,0.169666667,0.201,0.243,0.29,0.341333333,0.420666667,0.497,0.598333333,0.698333333,0.801666667,0.914333333,1.009666667,1.099,1.142666667,1.152666667,1.173666667,1.192,1.221,1.247666667,1.279333333,1.305333333,1.338,1.362333333,1.385666667,1.410333333,1.437666667,1.457,1.48,1.498666667,1.514333333,1.535666667
SGRP_mTORinhibitsSCREEN_SET4_Caffeine_MGK_09202017.xls,YML689-1000 ug/ml Caffeine,93.84871145,9.697703328,127.2674672,16.76463979,yML 689,Q69.8,1 mg/mL Caffeine,Q69.8*1 mg/mL Caffeine,0,0.043666667,0.043666667,0.044,0.041,0.042,0.038,0.051666667,0.077333333,0.084333333,0.095666667,0.121,0.146,0.174666667,0.206333333,0.237333333,0.289666667,0.343333333,0.415666667,0.503,0.600333333,0.687666667,0.785333333,0.903666667,0.996,1.07,1.098,1.112333333,1.126666667,1.148666667,1.181666667,1.211333333,1.241333333,1.272666667,1.298666667,1.332,1.361333333,1.397,1.423333333,1.448,1.474333333
