experiment,Line-Treatment,DT inflection,StDev_inf,DT interval,StDev_int,Lab strain,Strain,Treatment,Strain*Treatment,Time_0,Time_0.5,Time_1,Time_1.5,Time_2,Time_2.5,Time_3,Time_3.5,Time_4,Time_4.5,Time_5,Time_5.5,Time_6,Time_6.5,Time_7,Time_7.5,Time_8,Time_8.5,Time_9,Time_9.5,Time_10,Time_10.5,Time_11,Time_11.5,Time_12,Time_12.5,Time_13,Time_13.5,Time_14,Time_14.5,Time_15,Time_15.5,Time_16,Time_16.5,Time_17,Time_17.5,Time_18,Time_18.5,Time_19,Time_19.5,Time_20
SGRP_mTORinhibits_SET3_GDC_Redo_JEMBL_08102017.xls,YML680-100 uM GDC0941,67.59848088,3.920537519,75.90313604,4.722402463,yML 680,DBVPG 6304,100 uM GDC0941,DBVPG 6304*100 uM GDC0941,0,0.051666667,0.068333333,0.078,0.086333333,0.109666667,0.137333333,0.171666667,0.233333333,0.305,0.386,0.494333333,0.632333333,0.732,0.923666667,1.098333333,1.167666667,1.173666667,1.185,1.199333333,1.213333333,1.23,1.251666667,1.270333333,1.308333333,1.341333333,1.366333333,1.394333333,1.414,1.434333333,1.457333333,1.477666667,1.497,1.519,1.537666667,1.551666667,1.567333333,1.581,1.594,1.613,1.629
SGRP_mTORinhibitsSCREEN_SET3_round2_GDC_KG_09142017_D.xls,YML680-100 uM GDC0941,40.31176875,7.033030342,102.6162816,6.734477831,yML 680,DBVPG 6304,100 uM GDC0941,DBVPG 6304*100 uM GDC0941,0,0.064666667,0.066666667,0.064666667,0.067,0.08,0.085,0.102666667,0.118666667,0.145333333,0.177333333,0.205,0.251666667,0.325666667,0.374666667,0.627666667,0.728333333,0.827,0.937333333,1.118333333,1.239333333,1.261,1.260333333,1.258,1.274333333,1.285666667,1.297,1.304666667,1.317,1.334333333,1.353333333,1.360666667,1.372333333,1.389666667,1.411333333,1.422666667,1.45,1.467,1.479333333,1.488666667,1.506
