experiment,Line-Treatment,DT inflection,StDev_inf,DT interval,StDev_int,Lab strain,Strain,Treatment,Strain*Treatment,Time_0,Time_0.5,Time_1,Time_1.5,Time_2,Time_2.5,Time_3,Time_3.5,Time_4,Time_4.5,Time_5,Time_5.5,Time_6,Time_6.5,Time_7,Time_7.5,Time_8,Time_8.5,Time_9,Time_9.5,Time_10,Time_10.5,Time_11,Time_11.5,Time_12,Time_12.5,Time_13,Time_13.5,Time_14,Time_14.5,Time_15,Time_15.5,Time_16,Time_16.5,Time_17,Time_17.5,Time_18,Time_18.5,Time_19,Time_19.5,Time_20
SCREEN_SET2_HIGHTORIN#3_MGK_09302017_F.xls,yML558-25 uM Torin 1,98.01881826,19.0150148,109.5786415,27.31466654,yML 558,FL100,25 uM Torin 1,FL100*25 uM Torin 1,0,0.053,0.055666667,0.055666667,0.055666667,0.055666667,0.055333333,0.056,0.057333333,0.058666667,0.060666667,0.062666667,0.065666667,0.067333333,0.071333333,0.076666667,0.083,0.09,0.099666667,0.111666667,0.128,0.146,0.168333333,0.199333333,0.238,0.289333333,0.352666667,0.426333333,0.522333333,0.625666667,0.740666667,0.865666667,0.987666667,1.070666667,1.131666667,1.184666667,1.223333333,1.250333333,1.274333333,1.301666667,1.333333333
SGRP_mTOR_inhibitsSCREEN_SET2_highTORIN_JEMBL_081717.xls,yML558-25 uM Torin 1,75.66719288,4.480918591,78.40380949,5.64777219,yML 558,FL100,25 uM Torin 1,FL100*25 uM Torin 1,0,0.027666667,0.029666667,0.031333333,0.031333333,0.031666667,0.031666667,0.032,0.032333333,0.033666667,0.034333333,0.037333333,0.038333333,0.040333333,0.042,0.045333333,0.049333333,0.054666667,0.060666667,0.068666667,0.079,0.091333333,0.107333333,0.128666667,0.159666667,0.206,0.266333333,0.347666667,0.451,0.573333333,0.707666667,0.849,0.990333333,1.120666667,1.205,1.25,1.273666667,1.296,1.320666667,1.351666667,1.378666667
SGRP_mTORinhibitsSCREEN_SET2_HIGHTORIN#2_MGK_093017_D.xls,yML558-25 uM Torin 1,104.9771094,19.91476717,127.084839,41.87562271,yML 558,FL100,25 uM Torin 1,FL100*25 uM Torin 1,0,0.057333333,0.06,0.061333333,0.059666667,0.057333333,0.061,0.061666667,0.062666667,0.062666667,0.064666667,0.066,0.068666667,0.071666667,0.071333333,0.079333333,0.085333333,0.092333333,0.100666667,0.111333333,0.122333333,0.137666667,0.162666667,0.190333333,0.220666667,0.263,0.312333333,0.370333333,0.439666667,0.521,0.607,0.691666667,0.780333333,0.844333333,0.888333333,0.923666667,0.966333333,1.014666667,1.070666667,1.132,1.195666667
