experiment,Line-Treatment,DT inflection,StDev_inf,DT interval,StDev_int,Lab strain,Strain,Treatment,Strain*Treatment,Time_0,Time_0.5,Time_1,Time_1.5,Time_2,Time_2.5,Time_3,Time_3.5,Time_4,Time_4.5,Time_5,Time_5.5,Time_6,Time_6.5,Time_7,Time_7.5,Time_8,Time_8.5,Time_9,Time_9.5,Time_10,Time_10.5,Time_11,Time_11.5,Time_12,Time_12.5,Time_13,Time_13.5,Time_14,Time_14.5,Time_15,Time_15.5,Time_16,Time_16.5,Time_17,Time_17.5,Time_18,Time_18.5,Time_19,Time_19.5,Time_20
SGRP_mTORinhibitsSCREEN_SET2_CAFFEINE AND lowTORIN_MGK_AR_120320,NCYC 3471-1 uM Torin 1,70.0915555,2.757000844,79.01408118,2.024805518,NCYC 3471,YJM981 ,1 uM Torin 1,YJM981 *1 uM Torin 1,0,0.053,0.063,0.079,0.098666667,0.128666667,0.165,0.214,0.272,0.366,0.465333333,0.571333333,0.711666667,0.857333333,0.995666667,1.115666667,1.152666667,1.172,1.190333333,1.214333333,1.240666667,1.260666667,1.286666667,1.310333333,1.337,1.370666667,1.401,1.427333333,1.448333333,1.461666667,1.485666667,1.505666667,1.519666667,1.542,1.559666667,1.576,1.592,1.608333333,1.622,1.636,1.642333333
SGRP_mTORinhibitsSCREEN_SET2_LOWTORIN_ARMBL_09192017.xls,NCYC 3471-1 uM Torin 1,76.20333933,2.595793691,87.66542308,3.960921392,NCYC 3471,YJM981 ,1 uM Torin 1,YJM981 *1 uM Torin 1,0,0.026666667,0.028,0.027,0.025666667,0.025666667,0.025666667,0.026333333,0.028666667,0.032333333,0.037666667,0.041,0.042,0.057333333,0.064333333,0.077333333,0.09,0.113,0.140333333,0.171,0.215,0.274,0.352,0.449666667,0.563666667,0.696,0.809,0.874333333,0.912666667,0.946,0.993333333,1.046,1.101,1.147666667,1.191666667,1.229333333,1.263333333,1.297,1.327333333,1.354333333,1.379666667
SGRP_mTORinhibitsSCREEN_SET2_lowTORIN_JEMBL_100117.xls,NCYC 3471-1 uM Torin 1,72.11816808,2.673267339,75.86519518,1.760942583,NCYC 3471,YJM981 ,1 uM Torin 1,YJM981 *1 uM Torin 1,0,0.031666667,0.045333333,0.051333333,0.064666667,0.09,0.117,0.154333333,0.206,0.269666667,0.353,0.454,0.545666667,0.691666667,0.832666667,0.982,1.095333333,1.15,1.171,1.191,1.211666667,1.239,1.263,1.290333333,1.32,1.353333333,1.387,1.418666667,1.441666667,1.462,1.479333333,1.498666667,1.516666667,1.536,1.555333333,1.575666667,1.590333333,1.604666667,1.619,1.632,1.642666667
