experiment,Line-Treatment,DT inflection,StDev_inf,DT interval,StDev_int,Lab strain,Strain,Treatment,Strain*Treatment,Time_0,Time_0.5,Time_1,Time_1.5,Time_2,Time_2.5,Time_3,Time_3.5,Time_4,Time_4.5,Time_5,Time_5.5,Time_6,Time_6.5,Time_7,Time_7.5,Time_8,Time_8.5,Time_9,Time_9.5,Time_10,Time_10.5,Time_11,Time_11.5,Time_12,Time_12.5,Time_13,Time_13.5,Time_14,Time_14.5,Time_15,Time_15.5,Time_16,Time_16.5,Time_17,Time_17.5,Time_18,Time_18.5,Time_19,Time_19.5,Time_20
SGRP_mTORinhibitsSCREEN_SET1HIGHrapaANDhighTORIN_PU_03162018_D.x,NCYC3445A-20 ng/mL Rapamycin,99.37643537,47.67050806,193.7726514,26.41294749,NCYC 3445,Y12,20 ng/mL RAPA,Y12*20 ng/mL RAPA,0,0.100333333,0.127666667,0.171666667,0.196333333,0.216,0.241,0.262,0.279333333,0.302,0.328333333,0.398666667,0.388666667,0.424,0.456666667,0.497666667,0.533666667,0.567666667,0.610333333,0.649666667,0.692666667,0.735333333,0.776666667,0.823333333,0.869666667,0.913333333,0.996,0.989666667,1.020666667,1.054,1.091666667,1.12,1.153666667,1.185,1.216666667,1.245333333,1.278,1.305666667,1.336666667,1.363666667,1.391333333
