experiment,Line-Treatment,DT inflection,StDev_inf,DT interval,StDev_int,Lab strain,Strain,Treatment,Strain*Treatment,Time_0,Time_0.5,Time_1,Time_1.5,Time_2,Time_2.5,Time_3,Time_3.5,Time_4,Time_4.5,Time_5,Time_5.5,Time_6,Time_6.5,Time_7,Time_7.5,Time_8,Time_8.5,Time_9,Time_9.5,Time_10,Time_10.5,Time_11,Time_11.5,Time_12,Time_12.5,Time_13,Time_13.5,Time_14,Time_14.5,Time_15,Time_15.5,Time_16,Time_16.5,Time_17,Time_17.5,Time_18,Time_18.5,Time_19,Time_19.5,Time_20
SGRP_mTORinhibitsSCREEN_SET1_CAFFEINE AND lowTORIN_MGK_12022017_,NCYC 3319-6.67% H2O,62.66724246,1.961145195,65.75740969,0.710308705,NCYC 3319,L-1528,6.67% H2O,L-1528*6.67% H2O,0,0.060666667,0.073666667,0.09,0.113666667,0.145,0.202,0.274666667,0.369666667,0.497333333,0.643666667,0.796,0.954333333,1.087666667,1.170333333,1.192333333,1.216,1.244,1.272,1.298666667,1.322333333,1.35,1.380666667,1.416,1.449333333,1.477666667,1.497333333,1.519,1.538,1.557,1.575666667,1.596333333,1.614333333,1.627333333,1.641666667,1.653333333,1.667,1.679,1.685,1.695,1.705
