experiment,Line-Treatment,DT inflection,StDev_inf,DT interval,StDev_int,Lab strain,Strain,Treatment,Strain*Treatment,Time_0,Time_0.5,Time_1,Time_1.5,Time_2,Time_2.5,Time_3,Time_3.5,Time_4,Time_4.5,Time_5,Time_5.5,Time_6,Time_6.5,Time_7,Time_7.5,Time_8,Time_8.5,Time_9,Time_9.5,Time_10,Time_10.5,Time_11,Time_11.5,Time_12,Time_12.5,Time_13,Time_13.5,Time_14,Time_14.5,Time_15,Time_15.5,Time_16,Time_16.5,Time_17,Time_17.5,Time_18,Time_18.5,Time_19,Time_19.5,Time_20
SGRP_mTOR_inhibitsSCREEN_SET1_lowRAPA_redo2_KG_092317.xls,NCYC 3264-2.5 ng/ml RAPA,65.75408998,2.775785353,77.338869,4.464817822,NCYC 3264,DBVPG 6765,2.5 ng/mL RAPA,DBVPG 6765*2.5 ng/mL RAPA,0,0.059333333,0.065,0.078,0.099666667,0.13,0.173333333,0.238,0.300666667,0.394333333,0.481666667,0.575,0.671666667,0.762666667,0.850333333,0.936,1.015666667,1.091333333,1.147333333,1.195,1.232666667,1.25,1.263333333,1.285333333,1.305,1.323,1.355333333,1.380333333,1.407,1.429333333,1.453333333,1.473666667,1.493,1.511333333,1.529666667,1.546,1.561333333,1.575666667,1.590333333,1.604666667,1.619333333
SGRP_mTORinhibitsSCREEN_SET1_lowRAPA_round4_KG_092417.xls,NCYC 3264-2.5 ng/ml RAPA,64.59973629,1.805856347,67.74032896,1.340995134,NCYC 3264,DBVPG 6765,2.5 ng/mL RAPA,DBVPG 6765*2.5 ng/mL RAPA,0,0.093666667,0.117333333,0.16,0.219666667,0.297666667,0.401,0.517666667,0.652333333,0.789333333,0.920666667,1.037,1.131,1.180666667,1.192666667,1.209666667,1.231666667,1.259333333,1.29,1.317333333,1.348666667,1.38,1.409333333,1.438,1.462333333,1.483666667,1.505,1.525666667,1.543,1.563,1.579666667,1.594,1.607666667,1.621666667,1.634333333,1.646666667,1.658,1.669666667,1.680666667,1.689333333,1.698
SGRP_mTORinhibsSCREEN_SET1_lowRAPA_JEMBL_08152017.xls,NCYC 3264-2.5 ng/ml RAPA,63.27917916,1.395830084,64.37078644,1.239833089,NCYC 3264,DBVPG 6765,2.5 ng/mL RAPA,DBVPG 6765*2.5 ng/mL RAPA,0,0.051333333,0.064333333,0.087333333,0.115666667,0.156,0.213,0.295666667,0.403666667,0.528666667,0.675333333,0.828666667,0.969,1.090666667,1.170333333,1.192666667,1.214666667,1.239,1.269333333,1.297666667,1.325333333,1.355,1.382,1.41,1.438666667,1.463333333,1.487666667,1.507333333,1.529666667,1.547,1.564666667,1.578333333,1.596333333,1.609,1.627,1.638333333,1.649666667,1.659666667,1.67,1.679,1.688
