experiment,Line-Treatment,DT inflection,StDev_inf,DT interval,StDev_int,Lab strain,Strain,Treatment,Strain*Treatment,Time_0,Time_0.5,Time_1,Time_1.5,Time_2,Time_2.5,Time_3,Time_3.5,Time_4,Time_4.5,Time_5,Time_5.5,Time_6,Time_6.5,Time_7,Time_7.5,Time_8,Time_8.5,Time_9,Time_9.5,Time_10,Time_10.5,Time_11,Time_11.5,Time_12,Time_12.5,Time_13,Time_13.5,Time_14,Time_14.5,Time_15,Time_15.5,Time_16,Time_16.5,Time_17,Time_17.5,Time_18,Time_18.5,Time_19,Time_19.5,Time_20
SGRP_mTORinhibitsSCREEN_SET1HIGHrapaANDhighTORIN_PU_03162018_D.x,NCYC3457B-20 ng/mL Rapamycin,82.61315647,5.300695018,188.3644484,3.676924808,NCYC 3457,273614 N,20 ng/mL RAPA,273614 N*20 ng/mL RAPA,0,0.068333333,0.080333333,0.098666667,0.118,0.135,0.159666667,0.181333333,0.200666667,0.223666667,0.248666667,0.32,0.302333333,0.335666667,0.370333333,0.41,0.449333333,0.483,0.532,0.578666667,0.637,0.691666667,0.748,0.799,0.860666667,0.915333333,1.013666667,1.025666667,1.079,1.133333333,1.184333333,1.232333333,1.285333333,1.367333333,1.382,1.42,1.444333333,1.465333333,1.487,1.504333333,1.524333333
