experiment,Line-Treatment,DT inflection,StDev_inf,DT interval,StDev_int,Lab strain,Strain,Treatment,Strain*Treatment,Time_0,Time_0.5,Time_1,Time_1.5,Time_2,Time_2.5,Time_3,Time_3.5,Time_4,Time_4.5,Time_5,Time_5.5,Time_6,Time_6.5,Time_7,Time_7.5,Time_8,Time_8.5,Time_9,Time_9.5,Time_10,Time_10.5,Time_11,Time_11.5,Time_12,Time_12.5,Time_13,Time_13.5,Time_14,Time_14.5,Time_15,Time_15.5,Time_16,Time_16.5,Time_17,Time_17.5,Time_18,Time_18.5,Time_19,Time_19.5,Time_20
SGRP_mTORinhibitsSCREEN_SET2_GDC_AR_062617.xls,yML565-100uM GDC0941,73.4973277,1.406134452,80.76096904,2.307397825,yML 565,CBS7960,100 uM GDC0941,CBS7960*100 uM GDC0941,0,0.019,0.021666667,0.031,0.045333333,0.057333333,0.070333333,0.093,0.125666667,0.158,0.209,0.27,0.344,0.431666667,0.554,0.647333333,0.760333333,0.892666667,1.015666667,1.106,1.180333333,1.202,1.213333333,1.240666667,1.253,1.282666667,1.314,1.338333333,1.366,1.403666667,1.425333333,1.452333333,1.474333333,1.488,1.511,1.526333333,1.548,1.568,1.589666667,1.598,1.607333333
