experiment,Line-Treatment,DT inflection,StDev_inf,DT interval,StDev_int,Lab strain,Strain,Treatment,Strain*Treatment,Time_0,Time_0.5,Time_1,Time_1.5,Time_2,Time_2.5,Time_3,Time_3.5,Time_4,Time_4.5,Time_5,Time_5.5,Time_6,Time_6.5,Time_7,Time_7.5,Time_8,Time_8.5,Time_9,Time_9.5,Time_10,Time_10.5,Time_11,Time_11.5,Time_12,Time_12.5,Time_13,Time_13.5,Time_14,Time_14.5,Time_15,Time_15.5,Time_16,Time_16.5,Time_17,Time_17.5,Time_18,Time_18.5,Time_19,Time_19.5,Time_20
RB_RUN1_F_SGRPmTORscreen_KGA_11082018.xls,yML695-1 uM Torin 1,68.86486784,3.599288016,80.46085573,2.457680638,yML 695,Y8.1,1 uM Torin 1,Y8.1*1 uM Torin 1,0,0.032,0.035333333,0.038333333,0.048,0.052333333,0.103333333,0.131333333,0.174,0.233,0.292,0.383,0.483,0.579,0.687666667,0.794666667,0.901,1.009333333,1.051,1.056666667,1.075333333,1.089333333,1.114666667,1.179333333,1.171666667,1.231666667,1.251333333,1.259666667,1.286333333,1.309666667,1.326666667,1.347666667,1.367666667,1.385666667,1.406333333,1.424333333,1.435666667,1.447333333,1.463333333,1.468666667,1.486333333
