experiment,Line-Treatment,DT inflection,StDev_inf,DT interval,StDev_int,Lab strain,Strain,Treatment,Strain*Treatment,Time_0,Time_0.5,Time_1,Time_1.5,Time_2,Time_2.5,Time_3,Time_3.5,Time_4,Time_4.5,Time_5,Time_5.5,Time_6,Time_6.5,Time_7,Time_7.5,Time_8,Time_8.5,Time_9,Time_9.5,Time_10,Time_10.5,Time_11,Time_11.5,Time_12,Time_12.5,Time_13,Time_13.5,Time_14,Time_14.5,Time_15,Time_15.5,Time_16,Time_16.5,Time_17,Time_17.5,Time_18,Time_18.5,Time_19,Time_19.5,Time_20
RB_RUN1_F_SGRPmTORscreen_KGA_11082018.xls,yML742-2.5%DMSO,75.80880433,2.918281866,85.70534175,2.026005241,BY4743,BY4743,2.5% DMSO,BY4743*2.5% DMSO,0,0.035666667,0.038333333,0.043666667,0.050333333,0.046666667,0.074333333,0.097,0.126,0.167,0.217666667,0.275,0.346666667,0.429666667,0.525333333,0.617666667,0.717333333,0.811,0.889666667,0.933,0.943333333,0.945333333,0.955333333,0.96,0.966666667,0.975666667,0.985666667,0.992,1.002666667,1.010666667,1.023666667,1.034,1.042666667,1.051666667,1.064666667,1.071333333,1.083333333,1.093,1.102666667,1.111333333,1.122666667
SGRP_mTORinhibitsSCREEN_SET1HIGHrapaANDhighTORIN_PU_03162018_D.x,yML742-2.5%DMSO,61.10590795,1.602438953,78.80752547,0.78756432,BY4743,BY4743,2.5% DMSO,BY4743*2.5% DMSO,0,0.046,0.052,0.059666667,0.075666667,0.093,0.123666667,0.153666667,0.186333333,0.239666667,0.3,0.421666667,0.471666667,0.582333333,0.695,0.816666667,0.918333333,1.001333333,1.066333333,1.077666667,1.085333333,1.097,1.103333333,1.115,1.127,1.137333333,1.194666667,1.170666667,1.182,1.199333333,1.216,1.230333333,1.248333333,1.265,1.28,1.294333333,1.312666667,1.326666667,1.343,1.355666667,1.373
