experiment,Line-Treatment,DT inflection,StDev_inf,DT interval,StDev_int,Lab strain,Strain,Treatment,Strain*Treatment,Time_0,Time_0.5,Time_1,Time_1.5,Time_2,Time_2.5,Time_3,Time_3.5,Time_4,Time_4.5,Time_5,Time_5.5,Time_6,Time_6.5,Time_7,Time_7.5,Time_8,Time_8.5,Time_9,Time_9.5,Time_10,Time_10.5,Time_11,Time_11.5,Time_12,Time_12.5,Time_13,Time_13.5,Time_14,Time_14.5,Time_15,Time_15.5,Time_16,Time_16.5,Time_17,Time_17.5,Time_18,Time_18.5,Time_19,Time_19.5,Time_20
SET2AZDredo+highTORINMBL_07302017.xls,yML566-100 uM AZD8055,80.60893357,2.543779801,96.03250397,9.717496906,yML 566,FM479,100 uM AZD8055,FM479*100 uM AZD8055,0,0.086333333,0.099,0.112333333,0.121666667,0.140333333,0.175666667,0.206,0.265666667,0.335666667,0.422666667,0.541666667,0.671666667,0.818,0.958333333,1.095666667,1.221,1.317666667,1.352333333,1.376666667,1.404,1.427,1.456,1.479333333,1.499,1.512666667,1.532,1.543666667,1.557333333,1.569,1.585,1.596,1.605,1.617666667,1.629666667,1.638,1.647666667,1.659,1.664,1.675666667,1.682333333
