experiment,Line-Treatment,DT inflection,StDev_inf,DT interval,StDev_int,Lab strain,Strain,Treatment,Strain*Treatment,Time_0,Time_0.5,Time_1,Time_1.5,Time_2,Time_2.5,Time_3,Time_3.5,Time_4,Time_4.5,Time_5,Time_5.5,Time_6,Time_6.5,Time_7,Time_7.5,Time_8,Time_8.5,Time_9,Time_9.5,Time_10,Time_10.5,Time_11,Time_11.5,Time_12,Time_12.5,Time_13,Time_13.5,Time_14,Time_14.5,Time_15,Time_15.5,Time_16,Time_16.5,Time_17,Time_17.5,Time_18,Time_18.5,Time_19,Time_19.5,Time_20
SGRP_mTORinhibitsSCREEN_SET2_Caffeine_JE_092717.xls,NCYC 3467-1000 ug/ml Caffeine,66.34789881,1.527946666,68.52552904,0.603135302,NCYC 3467,W303,1 mg/mL Caffeine,W303*1 mg/mL Caffeine,0,0.043666667,0.044666667,0.044333333,0.045333333,0.046,0.045666667,0.047333333,0.050333333,0.053333333,0.055666667,0.058333333,0.063333333,0.071,0.082666667,0.099333333,0.125333333,0.166666667,0.224,0.306666667,0.412,0.533333333,0.652,0.762,0.851,0.933,0.999333333,1.053,1.096,1.131666667,1.158,1.181666667,1.198333333,1.210666667,1.217666667,1.225666667,1.228666667,1.230333333,1.232666667,1.231666667,1.233666667
