experiment,Line-Treatment,DT inflection,StDev_inf,DT interval,StDev_int,Lab strain,Strain,Treatment,Strain*Treatment,Time_0,Time_0.5,Time_1,Time_1.5,Time_2,Time_2.5,Time_3,Time_3.5,Time_4,Time_4.5,Time_5,Time_5.5,Time_6,Time_6.5,Time_7,Time_7.5,Time_8,Time_8.5,Time_9,Time_9.5,Time_10,Time_10.5,Time_11,Time_11.5,Time_12,Time_12.5,Time_13,Time_13.5,Time_14,Time_14.5,Time_15,Time_15.5,Time_16,Time_16.5,Time_17,Time_17.5,Time_18,Time_18.5,Time_19,Time_19.5,Time_20
SGRP_mTORinhibits_SET2_lowRAPA_KGPUMBL_080417.xls.xls,NCYC 3460-2.5 ng/ml RAPA,43.81384194,12.47202339,37.66196589,14.87864727,NCYC 3460,Y9,2.5 ng/mL RAPA,Y9*2.5 ng/mL RAPA,0,0.02,0.021,0.021333333,0.020333333,0.019666667,0.019666667,0.024666667,0.127,0.204666667,0.377333333,0.473666667,0.616333333,0.659333333,0.77,0.884333333,1.008333333,1.071,1.179,1.148333333,1.163666667,0.986666667,0.907666667,0.805333333,0.686666667,0.591333333,0.539666667,0.525,0.563,0.611,0.661666667,0.723333333,0.762333333,0.815666667,0.845333333,0.892666667,0.925666667,0.970666667,1.002,1.035666667,1.066666667
SGRP_mTORinhibitsSCREEN_SET2_LOWRAPA_highTORIN_MGK_12032017_F,NCYC 3460-2.5 ng/ml RAPA,44.0473956,42.09613365,193.6739476,,NCYC 3460,Y9,2.5 ng/mL RAPA,Y9*2.5 ng/mL RAPA,0,0.027,0.019,0.012666667,0.011666667,0.010666667,0.068,0.075666667,0.153333333,0.573,0.658,0.766666667,0.680333333,0.782,0.758,0.552333333,0.502666667,0.328333333,0.338,0.169,0.094333333,0.128,0.121666667,0.129666667,0.175,0.161666667,0.185666667,0.197666667,0.232,0.236333333,0.279,0.314,0.296,0.296666667,0.337666667,0.334666667,0.356,0.390666667,0.353666667,0.361,0.402333333
SGRP_mTORinhibitsSCREEN_SET2_lowRAPA_KGPUMBL_100117.xls,NCYC 3460-2.5 ng/ml RAPA,42.57478333,16.77052993,53.65691604,7.035302888,NCYC 3460,Y9,2.5 ng/mL RAPA,Y9*2.5 ng/mL RAPA,0,0.016,0.02,0.016333333,0.013666667,0.041333333,0.089666667,0.112333333,0.170666667,0.269666667,0.365,0.488,0.621,0.765,0.914333333,1.052,1.193333333,1.281666667,1.335,1.394,1.428666667,1.327666667,1.382333333,1.207333333,0.798333333,1.096666667,0.703333333,0.860666667,0.720333333,0.631666667,0.589,0.567666667,0.550333333,0.573333333,0.615333333,0.645333333,0.689666667,0.732666667,0.768,0.801,0.832
