experiment,Line-Treatment,DT inflection,StDev_inf,DT interval,StDev_int,Lab strain,Strain,Treatment,Strain*Treatment,Time_0,Time_0.5,Time_1,Time_1.5,Time_2,Time_2.5,Time_3,Time_3.5,Time_4,Time_4.5,Time_5,Time_5.5,Time_6,Time_6.5,Time_7,Time_7.5,Time_8,Time_8.5,Time_9,Time_9.5,Time_10,Time_10.5,Time_11,Time_11.5,Time_12,Time_12.5,Time_13,Time_13.5,Time_14,Time_14.5,Time_15,Time_15.5,Time_16,Time_16.5,Time_17,Time_17.5,Time_18,Time_18.5,Time_19,Time_19.5,Time_20
SGRP_mTORinhibits_SET2_lowRAPA_KGPUMBL_080417.xls.xls,yML563-2.5 ng/ml RAPA,91.39650578,4.194807746,95.70596405,6.420777215,yML 563,YJM269,2.5 ng/mL RAPA,YJM269*2.5 ng/mL RAPA,0,0.065,0.068333333,0.074,0.081666667,0.091333333,0.101333333,0.115333333,0.134666667,0.161333333,0.196333333,0.243666667,0.302333333,0.376333333,0.466333333,0.566666667,0.680333333,0.801,0.921666667,1.042,1.14,1.226,1.291,1.319666667,1.347333333,1.374666667,1.402333333,1.431,1.462,1.487666667,1.514,1.537666667,1.561,1.582333333,1.601333333,1.621333333,1.638333333,1.654333333,1.674,1.690333333,1.705333333
SGRP_mTORinhibitsSCREEN_SET2_lowRAPA_KGPUMBL_100117.xls,yML563-2.5 ng/ml RAPA,83.32719314,1.852317321,85.31959723,0.464063738,yML 563,YJM269,2.5 ng/mL RAPA,YJM269*2.5 ng/mL RAPA,0,0.037666667,0.046,0.051,0.058,0.064666667,0.074666667,0.088333333,0.105,0.13,0.162,0.207666667,0.264,0.337666667,0.427666667,0.536333333,0.654666667,0.779666667,0.904666667,1.033333333,1.156666667,1.267333333,1.325,1.354333333,1.379,1.408,1.435333333,1.47,1.499666667,1.528,1.558333333,1.584333333,1.626333333,1.629,1.65,1.667333333,1.688666667,1.706333333,1.720333333,1.738666667,1.750666667
