experiment,Line-Treatment,DT inflection,StDev_inf,DT interval,StDev_int,Lab strain,Strain,Treatment,Strain*Treatment,Time_0,Time_0.5,Time_1,Time_1.5,Time_2,Time_2.5,Time_3,Time_3.5,Time_4,Time_4.5,Time_5,Time_5.5,Time_6,Time_6.5,Time_7,Time_7.5,Time_8,Time_8.5,Time_9,Time_9.5,Time_10,Time_10.5,Time_11,Time_11.5,Time_12,Time_12.5,Time_13,Time_13.5,Time_14,Time_14.5,Time_15,Time_15.5,Time_16,Time_16.5,Time_17,Time_17.5,Time_18,Time_18.5,Time_19,Time_19.5,Time_20
SGRP_mTORinhibits_SET3_highTORIN_MGK_101617_F.xls,YML680-25 uM Torin 1,103.3754268,22.35615525,177.7211599,59.51034473,yML 680,DBVPG 6304,25 uM Torin 1,DBVPG 6304*25 uM Torin 1,0,0.030666667,0.033666667,0.035333333,0.038333333,0.042333333,0.045666667,0.053,0.055333333,0.058333333,0.070666667,0.080333333,0.083,0.097333333,0.111333333,0.124333333,0.146333333,0.160666667,0.173333333,0.206666667,0.233333333,0.274,0.312,0.374,0.437666667,0.502,0.597666667,0.682666667,0.751666667,0.827,0.884,0.954666667,1.001333333,1.037,1.08,1.128333333,1.174666667,1.195,1.216666667,1.248666667,1.252
SGRP_mTORinhibitsSCREEN_SET3highTORIN_MGK_101617_D.xls,YML680-25 uM Torin 1,111.4370511,25.18653766,194.1067922,39.59888333,yML 680,DBVPG 6304,25 uM Torin 1,DBVPG 6304*25 uM Torin 1,0,0.039,0.049,0.053666667,0.061,0.058333333,0.062666667,0.065333333,0.070666667,0.075333333,0.081333333,0.084,0.096,0.110666667,0.115333333,0.122333333,0.139333333,0.142333333,0.159333333,0.192666667,0.209666667,0.237666667,0.266,0.292666667,0.334,0.384666667,0.451333333,0.517,0.581333333,0.678333333,0.772,0.847,0.915666667,0.988333333,1.058666667,1.101,1.141,1.157666667,1.169666667,1.187333333,1.22
