experiment,Line-Treatment,DT inflection,StDev_inf,DT interval,StDev_int,Lab strain,Strain,Treatment,Strain*Treatment,Time_0,Time_0.5,Time_1,Time_1.5,Time_2,Time_2.5,Time_3,Time_3.5,Time_4,Time_4.5,Time_5,Time_5.5,Time_6,Time_6.5,Time_7,Time_7.5,Time_8,Time_8.5,Time_9,Time_9.5,Time_10,Time_10.5,Time_11,Time_11.5,Time_12,Time_12.5,Time_13,Time_13.5,Time_14,Time_14.5,Time_15,Time_15.5,Time_16,Time_16.5,Time_17,Time_17.5,Time_18,Time_18.5,Time_19,Time_19.5,Time_20
SGRP_mTORinhibits_SET4_GDC_MGK_09202017.xls,YML689-100 uM GDC0941,85.77293554,28.33306083,137.2185489,24.27509158,yML 689,Q69.8,100 uM GDC0941,Q69.8*100 uM GDC0941,0,0.035666667,0.079333333,0.048,0.040666667,0.037,0.04,0.037333333,0.046333333,0.071,0.073333333,0.100333333,0.157666667,0.189,0.217,0.256666667,0.302,0.361333333,0.417333333,0.473333333,0.536666667,0.593666667,0.647333333,0.712,0.769,0.833666667,0.89,0.937666667,0.975333333,1.008666667,1.045,1.082333333,1.128,1.167333333,1.213333333,1.248333333,1.282,1.312,1.333,1.356666667,1.376
