experiment,Line-Treatment,DT inflection,StDev_inf,DT interval,StDev_int,Lab strain,Strain,Treatment,Strain*Treatment,Time_0,Time_0.5,Time_1,Time_1.5,Time_2,Time_2.5,Time_3,Time_3.5,Time_4,Time_4.5,Time_5,Time_5.5,Time_6,Time_6.5,Time_7,Time_7.5,Time_8,Time_8.5,Time_9,Time_9.5,Time_10,Time_10.5,Time_11,Time_11.5,Time_12,Time_12.5,Time_13,Time_13.5,Time_14,Time_14.5,Time_15,Time_15.5,Time_16,Time_16.5,Time_17,Time_17.5,Time_18,Time_18.5,Time_19,Time_19.5,Time_20
SGRP_mTORinhibits_SET4_GDC_MGK_09202017.xls,YML693-100 uM GDC0941,53.28056551,18.25739895,74.37621247,17.86022114,yML 693,Z1,100 uM GDC0941,Z1*100 uM GDC0941,0,0.058666667,0.070666667,0.087,0.056,0.058666667,0.062666667,0.053333333,0.068,0.102,0.112333333,0.183333333,0.263333333,0.340333333,0.439,0.529,0.647,0.779,0.903333333,1.020666667,1.118,1.181,1.196,1.221666667,1.248666667,1.284333333,1.321333333,1.356,1.39,1.420666667,1.447666667,1.472,1.496,1.518666667,1.540333333,1.560666667,1.580333333,1.597666667,1.612666667,1.626666667,1.643333333
