experiment,Line-Treatment,DT inflection,StDev_inf,DT interval,StDev_int,Lab strain,Strain,Treatment,Strain*Treatment,Time_0,Time_0.5,Time_1,Time_1.5,Time_2,Time_2.5,Time_3,Time_3.5,Time_4,Time_4.5,Time_5,Time_5.5,Time_6,Time_6.5,Time_7,Time_7.5,Time_8,Time_8.5,Time_9,Time_9.5,Time_10,Time_10.5,Time_11,Time_11.5,Time_12,Time_12.5,Time_13,Time_13.5,Time_14,Time_14.5,Time_15,Time_15.5,Time_16,Time_16.5,Time_17,Time_17.5,Time_18,Time_18.5,Time_19,Time_19.5,Time_20
SGRP_mTORinhibitsSCREEN_SET1HIGHrapaANDhighTORIN_PU_03162018_D.x,NCYC3448B-20 ng/mL Rapamycin,69.74869089,5.550191431,190.0345194,3.2730748,NCYC 3448,UWOPS83-787.3,20 ng/mL RAPA,UWOPS83-787.3*20 ng/mL RAPA,0,0.056666667,0.065666667,0.082,0.097333333,0.11,0.130666667,0.148,0.165666667,0.183666667,0.204666667,0.276,0.252666667,0.287666667,0.322,0.374333333,0.402333333,0.434,0.493333333,0.559333333,0.622666667,0.68,0.756333333,0.808333333,0.883666667,0.936666667,1.046333333,1.060333333,1.118,1.178,1.227666667,1.269666667,1.317666667,1.362,1.404333333,1.443,1.481333333,1.516666667,1.56,1.559666667,1.577
