experiment,Line-Treatment,DT inflection,StDev_inf,DT interval,StDev_int,Lab strain,Strain,Treatment,Strain*Treatment,Time_0,Time_0.5,Time_1,Time_1.5,Time_2,Time_2.5,Time_3,Time_3.5,Time_4,Time_4.5,Time_5,Time_5.5,Time_6,Time_6.5,Time_7,Time_7.5,Time_8,Time_8.5,Time_9,Time_9.5,Time_10,Time_10.5,Time_11,Time_11.5,Time_12,Time_12.5,Time_13,Time_13.5,Time_14,Time_14.5,Time_15,Time_15.5,Time_16,Time_16.5,Time_17,Time_17.5,Time_18,Time_18.5,Time_19,Time_19.5,Time_20
SGRP_mTORinhibits_SET3_highTORIN_MGK_101617_F.xls,YML 568-25 uM Torin 1,92.31342327,4.240464525,99.04916415,5.152210163,yML 568,FM356,25 uM Torin 1,FM356*25 uM Torin 1,0,0.028,0.029,0.03075,0.0315,0.0315,0.03175,0.03125,0.03275,0.03325,0.0355,0.03725,0.04,0.04175,0.04525,0.049,0.053,0.05875,0.06625,0.0755,0.08475,0.10025,0.11675,0.14525,0.17625,0.21825,0.269,0.33475,0.40725,0.4855,0.57775,0.66825,0.7495,0.8185,0.8675,0.885,0.8995,0.91425,0.9355,0.9595,0.9845
SGRP_mTORinhibitsSCREEN_SET3highTORIN_MGK_101617_D.xls,YML 568-25 uM Torin 1,98.13649506,0.328113492,104.6443821,3.343588527,yML 568,FM356,25 uM Torin 1,FM356*25 uM Torin 1,0,0.038,0.0395,0.04175,0.04175,0.04075,0.03975,0.04075,0.04225,0.04375,0.046,0.04875,0.0525,0.0555,0.06,0.063,0.072,0.078,0.0885,0.10125,0.118,0.1395,0.16925,0.2065,0.24925,0.307,0.372,0.44575,0.5225,0.61275,0.69625,0.781,0.8325,0.882,0.899,0.9135,0.93375,0.9515,0.97275,0.998,1.02375
