experiment,Line-Treatment,DT inflection,StDev_inf,DT interval,StDev_int,Lab strain,Strain,Treatment,Strain*Treatment,Time_0,Time_0.5,Time_1,Time_1.5,Time_2,Time_2.5,Time_3,Time_3.5,Time_4,Time_4.5,Time_5,Time_5.5,Time_6,Time_6.5,Time_7,Time_7.5,Time_8,Time_8.5,Time_9,Time_9.5,Time_10,Time_10.5,Time_11,Time_11.5,Time_12,Time_12.5,Time_13,Time_13.5,Time_14,Time_14.5,Time_15,Time_15.5,Time_16,Time_16.5,Time_17,Time_17.5,Time_18,Time_18.5,Time_19,Time_19.5,Time_20
SGRP_mTORinhibitsSCREEN_SET3_CAFFEINE AND lowTORIN_JEMBL_1201201,yML674-2.5% DMSO,73.62721163,2.990604869,96.74708383,9.082743938,yML 674,Q32.3,2.5% DMSO,Q32.3*2.5% DMSO,0,0.012333333,0.013333333,0.015333333,0.018,0.021,0.024,0.026666667,0.045,0.073666667,0.158333333,0.190666667,0.246,0.315666667,0.386,0.480666667,0.568333333,0.697,0.817333333,0.915,0.977666667,0.989333333,0.991666667,1.013,1.025,1.049333333,1.073666667,1.098333333,1.124666667,1.148,1.180333333,1.206,1.241666667,1.269333333,1.296,1.328,1.363,1.386,1.406,1.432666667,1.448333333
