experiment,Line-Treatment,DT inflection,StDev_inf,DT interval,StDev_int,Lab strain,Strain,Treatment,Strain*Treatment,Time_0,Time_0.5,Time_1,Time_1.5,Time_2,Time_2.5,Time_3,Time_3.5,Time_4,Time_4.5,Time_5,Time_5.5,Time_6,Time_6.5,Time_7,Time_7.5,Time_8,Time_8.5,Time_9,Time_9.5,Time_10,Time_10.5,Time_11,Time_11.5,Time_12,Time_12.5,Time_13,Time_13.5,Time_14,Time_14.5,Time_15,Time_15.5,Time_16,Time_16.5,Time_17,Time_17.5,Time_18,Time_18.5,Time_19,Time_19.5,Time_20
SGRP_mTORinhibitsSCREEN_SET1_CAFF_MGK_11012017_F.xls,NCYC 3448-1000 ug/ml Caffeine,30.8245944,9.703023988,25.31630732,7.846547166,NCYC 3448,UWOPS83-787.3,1 mg/mL Caffeine,UWOPS83-787.3*1 mg/mL Caffeine,0,0.036333333,0.055,0.058,0.050666667,0.066666667,0.037333333,0.030666667,0.070666667,0.102333333,0.166333333,0.274666667,0.426,0.613333333,0.800666667,1.018666667,1.155666667,1.254333333,1.331666667,1.371666667,1.406666667,1.426333333,1.455333333,1.488,1.529333333,1.526666667,1.545333333,1.56,1.581,1.604666667,1.618333333,1.628333333,1.638666667,1.656666667,1.677666667,1.698333333,1.690333333,1.693333333,1.709,1.744666667,1.758333333
