experiment,Line-Treatment,DT inflection,StDev_inf,DT interval,StDev_int,Lab strain,Strain,Treatment,Strain*Treatment,Time_0,Time_0.5,Time_1,Time_1.5,Time_2,Time_2.5,Time_3,Time_3.5,Time_4,Time_4.5,Time_5,Time_5.5,Time_6,Time_6.5,Time_7,Time_7.5,Time_8,Time_8.5,Time_9,Time_9.5,Time_10,Time_10.5,Time_11,Time_11.5,Time_12,Time_12.5,Time_13,Time_13.5,Time_14,Time_14.5,Time_15,Time_15.5,Time_16,Time_16.5,Time_17,Time_17.5,Time_18,Time_18.5,Time_19,Time_19.5,Time_20
SGRP_mTORinhibits_SET1_CAFF_REDO_NBMBL_08032017.xls,NCYC 3457-Drug,82.0822587,0.147204592,83.6804794,0.527707463,NCYC 3457,273614 N,1 mg/mL Caffeine,273614 N*1 mg/mL Caffeine,0,0.051333333,0.052333333,0.062,0.072,0.087666667,0.109333333,0.137333333,0.172666667,0.221666667,0.284,0.364,0.459666667,0.577666667,0.703666667,0.835333333,0.968666667,1.102,1.206333333,1.246,1.275333333,1.304333333,1.332333333,1.363,1.396333333,1.428333333,1.458666667,1.485,1.506666667,1.528666667,1.552333333,1.572333333,1.590666667,1.608333333,1.625,1.641,1.658,1.682333333,1.684,1.698,1.709333333
