experiment,Line-Treatment,DT inflection,StDev_inf,DT interval,StDev_int,Lab strain,Strain,Treatment,Strain*Treatment,Time_0,Time_0.5,Time_1,Time_1.5,Time_2,Time_2.5,Time_3,Time_3.5,Time_4,Time_4.5,Time_5,Time_5.5,Time_6,Time_6.5,Time_7,Time_7.5,Time_8,Time_8.5,Time_9,Time_9.5,Time_10,Time_10.5,Time_11,Time_11.5,Time_12,Time_12.5,Time_13,Time_13.5,Time_14,Time_14.5,Time_15,Time_15.5,Time_16,Time_16.5,Time_17,Time_17.5,Time_18,Time_18.5,Time_19,Time_19.5,Time_20
SGRP_mTORinhibits_SET2_lowRAPA_KGPUMBL_080417.xls.xls,yML557-2.5 ng/ml RAPA,48.26291175,30.27119354,55.76753687,43.74016575,yML 557,T7,2.5 ng/mL RAPA,T7*2.5 ng/mL RAPA,0,0.071333333,0.07,0.060333333,0.051333333,0.085,0.086333333,0.257333333,0.432,0.564,0.708,0.862333333,1.018333333,1.155666667,1.256333333,1.317666667,1.345333333,1.376666667,1.411333333,1.446666667,1.482,1.511666667,1.542666667,1.569333333,1.594666667,1.617333333,1.636666667,1.653,1.670333333,1.686333333,1.702333333,1.716,1.73,1.739333333,1.751,1.762333333,1.767,1.782333333,1.793333333,1.794333333,1.805
SGRP_mTORinhibitsSCREEN_SET2_lowRAPA_KGPUMBL_100117.xls,yML557-2.5 ng/ml RAPA,64.34489061,2.42317267,69.22393148,4.366234678,yML 557,T7,2.5 ng/mL RAPA,T7*2.5 ng/mL RAPA,0,0.048333333,0.055666667,0.058,0.065,0.117666667,0.157,0.22,0.293333333,0.388666667,0.521666667,0.680333333,0.846333333,1.009,1.157,1.288666667,1.349333333,1.378,1.413,1.445666667,1.478666667,1.511333333,1.543666667,1.573666667,1.595666667,1.617333333,1.637333333,1.659333333,1.677333333,1.693,1.710666667,1.725333333,1.738666667,1.751333333,1.761333333,1.773666667,1.787,1.793,1.800666667,1.814,1.816666667
