experiment,Line-Treatment,DT inflection,StDev_inf,DT interval,StDev_int,Lab strain,Strain,Treatment,Strain*Treatment,Time_0,Time_0.5,Time_1,Time_1.5,Time_2,Time_2.5,Time_3,Time_3.5,Time_4,Time_4.5,Time_5,Time_5.5,Time_6,Time_6.5,Time_7,Time_7.5,Time_8,Time_8.5,Time_9,Time_9.5,Time_10,Time_10.5,Time_11,Time_11.5,Time_12,Time_12.5,Time_13,Time_13.5,Time_14,Time_14.5,Time_15,Time_15.5,Time_16,Time_16.5,Time_17,Time_17.5,Time_18,Time_18.5,Time_19,Time_19.5,Time_20
SGRP_mTORinhibits_SET1_CAFF_REDO_NBMBL_08032017.xls,NCYC 3454-Drug,89.77536107,3.030619252,95.4656616,1.759011038,NCYC 3454,YS9,1 mg/mL Caffeine,YS9*1 mg/mL Caffeine,0,0.052,0.057666667,0.069333333,0.081333333,0.097333333,0.117666667,0.143666667,0.175333333,0.219666667,0.273666667,0.337,0.421666667,0.518,0.626,0.740333333,0.866666667,0.987,1.087666667,1.151666667,1.175,1.192333333,1.213666667,1.241,1.267333333,1.299666667,1.337666667,1.373666667,1.408666667,1.439333333,1.472,1.502,1.530333333,1.554666667,1.577,1.596,1.617666667,1.634,1.653333333,1.669666667,1.685333333
