experiment,Line-Treatment,DT inflection,StDev_inf,DT interval,StDev_int,Lab strain,Strain,Treatment,Strain*Treatment,Time_0,Time_0.5,Time_1,Time_1.5,Time_2,Time_2.5,Time_3,Time_3.5,Time_4,Time_4.5,Time_5,Time_5.5,Time_6,Time_6.5,Time_7,Time_7.5,Time_8,Time_8.5,Time_9,Time_9.5,Time_10,Time_10.5,Time_11,Time_11.5,Time_12,Time_12.5,Time_13,Time_13.5,Time_14,Time_14.5,Time_15,Time_15.5,Time_16,Time_16.5,Time_17,Time_17.5,Time_18,Time_18.5,Time_19,Time_19.5,Time_20
SGRP_mTORinhibitsSCREEN_Set2_highRAPA_KGPU_11202017_F.xls,yML558-20 ng/ml RAPA,174.2544916,11.19824348,270.4077162,12.23036561,yML 558,FL100,20 ng/mL RAPA,FL100*20 ng/mL RAPA,0,0.028666667,0.033333333,0.040333333,0.047333333,0.053666667,0.059666667,0.069,0.076333333,0.085,0.094333333,0.106,0.118333333,0.132333333,0.147666667,0.164,0.183,0.201333333,0.220666667,0.240666667,0.266,0.289333333,0.312666667,0.337666667,0.363333333,0.390333333,0.416333333,0.443,0.473,0.501,0.529333333,0.560666667,0.592,0.621666667,0.654666667,0.686666667,0.721666667,0.755666667,0.793,0.829,0.865333333
