experiment,Line-Treatment,DT inflection,StDev_inf,DT interval,StDev_int,Lab strain,Strain,Treatment,Strain*Treatment,Time_0,Time_0.5,Time_1,Time_1.5,Time_2,Time_2.5,Time_3,Time_3.5,Time_4,Time_4.5,Time_5,Time_5.5,Time_6,Time_6.5,Time_7,Time_7.5,Time_8,Time_8.5,Time_9,Time_9.5,Time_10,Time_10.5,Time_11,Time_11.5,Time_12,Time_12.5,Time_13,Time_13.5,Time_14,Time_14.5,Time_15,Time_15.5,Time_16,Time_16.5,Time_17,Time_17.5,Time_18,Time_18.5,Time_19,Time_19.5,Time_20
SGRP_mTOR_inhibitsSCREEN_SET1_lowRAPA_redo2_KG_092317.xls,NCYC 3448-2.5 ng/ml RAPA,35.80558036,9.415384881,97.28304986,62.09042319,NCYC 3448,UWOPS83-787.3,2.5 ng/mL RAPA,UWOPS83-787.3*2.5 ng/mL RAPA,0,0.069333333,0.069666667,0.082666667,0.124333333,0.139333333,0.147333333,0.224333333,0.274666667,0.374,0.605666667,0.740666667,0.911666667,1.056333333,1.186666667,1.303333333,1.384666667,1.413333333,1.437666667,1.464,1.492,1.525,1.558666667,1.589333333,1.618,1.637,1.658,1.673,1.689,1.701666667,1.716333333,1.727666667,1.738666667,1.749333333,1.756666667,1.767333333,1.773666667,1.782333333,1.790333333,1.795,1.799666667
SGRP_mTORinhibitsSCREEN_SET1_lowRAPA_round4_KG_092417.xls,NCYC 3448-2.5 ng/ml RAPA,56.62587641,7.744340582,84.62476514,15.40392746,NCYC 3448,UWOPS83-787.3,2.5 ng/mL RAPA,UWOPS83-787.3*2.5 ng/mL RAPA,0,0.083333333,0.148666667,0.175,0.238,0.293666667,0.417,0.536666667,0.665333333,0.799,0.951666667,1.085666667,1.221,1.332666667,1.379,1.405333333,1.432,1.459666667,1.495666667,1.528,1.551,1.585666667,1.614,1.635333333,1.652666667,1.670666667,1.686,1.701,1.712333333,1.727333333,1.735666667,1.751333333,1.762,1.768333333,1.777333333,1.787,1.79,1.796333333,1.804333333,1.809666667,1.808
SGRP_mTORinhibsSCREEN_SET1_lowRAPA_JEMBL_08152017.xls,NCYC 3448-2.5 ng/ml RAPA,64.96386651,7.555459005,79.44986945,9.238580621,NCYC 3448,UWOPS83-787.3,2.5 ng/mL RAPA,UWOPS83-787.3*2.5 ng/mL RAPA,0,0.067,0.075333333,0.092666667,0.114333333,0.181666667,0.225333333,0.310333333,0.398333333,0.520333333,0.645666667,0.791333333,0.942333333,1.089333333,1.221333333,1.324,1.364666667,1.391666667,1.42,1.447666667,1.480666667,1.517666667,1.546333333,1.572333333,1.599666667,1.623333333,1.644,1.659666667,1.681,1.694333333,1.707,1.719333333,1.734333333,1.743,1.757333333,1.77,1.779333333,1.786,1.798666667,1.809,1.812
