experiment,Line-Treatment,DT inflection,StDev_inf,DT interval,StDev_int,Lab strain,Strain,Treatment,Strain*Treatment,Time_0,Time_0.5,Time_1,Time_1.5,Time_2,Time_2.5,Time_3,Time_3.5,Time_4,Time_4.5,Time_5,Time_5.5,Time_6,Time_6.5,Time_7,Time_7.5,Time_8,Time_8.5,Time_9,Time_9.5,Time_10,Time_10.5,Time_11,Time_11.5,Time_12,Time_12.5,Time_13,Time_13.5,Time_14,Time_14.5,Time_15,Time_15.5,Time_16,Time_16.5,Time_17,Time_17.5,Time_18,Time_18.5,Time_19,Time_19.5,Time_20
SGRP_mTORinhibitsSCREEN_SET1_CAFFEINE AND lowTORIN_MGK_12022017_,NCYC 3318-6.67% H2O,52.07355276,1.911491369,98.93890983,16.17569532,NCYC 3318,L-1374,6.67% H2O,L-1374*6.67% H2O,0,0.098,0.124666667,0.181666667,0.217,0.290333333,0.433,0.558666667,0.713333333,0.87,1.019666667,1.124666667,1.158333333,1.172,1.2,1.226,1.262666667,1.294333333,1.318,1.349333333,1.383333333,1.409333333,1.436333333,1.465,1.492666667,1.518666667,1.539666667,1.56,1.579666667,1.594666667,1.614333333,1.627333333,1.641,1.653333333,1.667333333,1.672333333,1.683,1.696333333,1.709666667,1.713666667,1.724333333
