experiment,Line-Treatment,DT inflection,StDev_inf,DT interval,StDev_int,Lab strain,Strain,Treatment,Strain*Treatment,Time_0,Time_0.5,Time_1,Time_1.5,Time_2,Time_2.5,Time_3,Time_3.5,Time_4,Time_4.5,Time_5,Time_5.5,Time_6,Time_6.5,Time_7,Time_7.5,Time_8,Time_8.5,Time_9,Time_9.5,Time_10,Time_10.5,Time_11,Time_11.5,Time_12,Time_12.5,Time_13,Time_13.5,Time_14,Time_14.5,Time_15,Time_15.5,Time_16,Time_16.5,Time_17,Time_17.5,Time_18,Time_18.5,Time_19,Time_19.5,Time_20
SGRP_mTORinhibitsSCREEN_SET4_Caff_MGK_10252017_D.xls,YML708-1000 ug/ml Caffeine,73.98722651,3.363486682,81.57992583,1.341972171,yML 708,PW5,1 mg/mL Caffeine,PW5*1 mg/mL Caffeine,0,0.012666667,0.014,0.015333333,0.017,0.021333333,0.026,0.032333333,0.040666667,0.052333333,0.068333333,0.088666667,0.113666667,0.151333333,0.195666667,0.255,0.324333333,0.419666667,0.526333333,0.655333333,0.779333333,0.912333333,1.027666667,1.128333333,1.186333333,1.229666667,1.26,1.292,1.321666667,1.354,1.386666667,1.419,1.449,1.474333333,1.499333333,1.523333333,1.546,1.57,1.592333333,1.609666667,1.633333333
SGRP_mTORinhibitsSCREEN_SET4_Caffeine_MGK_09202017.xls,YML708-1000 ug/ml Caffeine,87.37883856,2.088383452,90.65019336,2.607134411,yML 708,PW5,1 mg/mL Caffeine,PW5*1 mg/mL Caffeine,0,0.064666667,0.062333333,0.062333333,0.071,0.074333333,0.081333333,0.090666667,0.117666667,0.141333333,0.176666667,0.222333333,0.279666667,0.352,0.439,0.554,0.672333333,0.812333333,0.938333333,1.068,1.169,1.211333333,1.233333333,1.262,1.292666667,1.326666667,1.353666667,1.386,1.42,1.449333333,1.482,1.505666667,1.527666667,1.551333333,1.571,1.59,1.606333333,1.630333333,1.649,1.664333333,1.678
