experiment,Line-Treatment,DT inflection,StDev_inf,DT interval,StDev_int,Lab strain,Strain,Treatment,Strain*Treatment,Time_0,Time_0.5,Time_1,Time_1.5,Time_2,Time_2.5,Time_3,Time_3.5,Time_4,Time_4.5,Time_5,Time_5.5,Time_6,Time_6.5,Time_7,Time_7.5,Time_8,Time_8.5,Time_9,Time_9.5,Time_10,Time_10.5,Time_11,Time_11.5,Time_12,Time_12.5,Time_13,Time_13.5,Time_14,Time_14.5,Time_15,Time_15.5,Time_16,Time_16.5,Time_17,Time_17.5,Time_18,Time_18.5,Time_19,Time_19.5,Time_20
SGRP_mTORinhibitsSCREEN_SET2_LOWRAPA_highTORIN_MGK_12032017_F,yML 558-2.5 ng/ml RAPA,58.58233335,0.407401,59.02595055,0.631022931,yML 558,FL100,2.5 ng/mL RAPA,FL100*2.5 ng/mL RAPA,0,0.046666667,0.048,0.057333333,0.075,0.103,0.146,0.207333333,0.295333333,0.411666667,0.549666667,0.700333333,0.859666667,1.006333333,1.129666667,1.208666667,1.234333333,1.257666667,1.283333333,1.315,1.342666667,1.372,1.402666667,1.434666667,1.464,1.491,1.519333333,1.544333333,1.568,1.591333333,1.610666667,1.630333333,1.647666667,1.664666667,1.683,1.697666667,1.715666667,1.723333333,1.735333333,1.749,1.759333333
