experiment,Line-Treatment,DT inflection,StDev_inf,DT interval,StDev_int,Lab strain,Strain,Treatment,Strain*Treatment,Time_0,Time_0.5,Time_1,Time_1.5,Time_2,Time_2.5,Time_3,Time_3.5,Time_4,Time_4.5,Time_5,Time_5.5,Time_6,Time_6.5,Time_7,Time_7.5,Time_8,Time_8.5,Time_9,Time_9.5,Time_10,Time_10.5,Time_11,Time_11.5,Time_12,Time_12.5,Time_13,Time_13.5,Time_14,Time_14.5,Time_15,Time_15.5,Time_16,Time_16.5,Time_17,Time_17.5,Time_18,Time_18.5,Time_19,Time_19.5,Time_20
original data.xls SET 4 HIGH RAPA,YML699-20 ng/ml RAPA,149.3497582,11.62195145,191.0180142,1.940641884,yML 699,UWOPS91-917.1,20 ng/mL RAPA,UWOPS91-917.1*20 ng/mL RAPA,0,0.042,0.04,0.048666667,0.057333333,0.067,0.077666667,0.088,0.101333333,0.114,0.127,0.142,0.161666667,0.178333333,0.198333333,0.219,0.243333333,0.270333333,0.306666667,0.344,0.383333333,0.426333333,0.474666667,0.532,0.591666667,0.651333333,0.715666667,0.782666667,0.849,0.916333333,0.980333333,1.044333333,1.107666667,1.167666667,1.226,1.271333333,1.317,1.362333333,1.404333333,1.439666667,1.469333333
