experiment,Line-Treatment,DT inflection,StDev_inf,DT interval,StDev_int,Lab strain,Strain,Treatment,Strain*Treatment,Time_0,Time_0.5,Time_1,Time_1.5,Time_2,Time_2.5,Time_3,Time_3.5,Time_4,Time_4.5,Time_5,Time_5.5,Time_6,Time_6.5,Time_7,Time_7.5,Time_8,Time_8.5,Time_9,Time_9.5,Time_10,Time_10.5,Time_11,Time_11.5,Time_12,Time_12.5,Time_13,Time_13.5,Time_14,Time_14.5,Time_15,Time_15.5,Time_16,Time_16.5,Time_17,Time_17.5,Time_18,Time_18.5,Time_19,Time_19.5,Time_20
SGRP_mTORinhibitsSCREEN_SET1HIGHrapaANDhighTORIN_PU_03162018_D.x,NCYC3445B-1%DMSO,64.01501932,4.266233846,66.4581044,5.46070255,NCYC 3445,Y12,1% DMSO,Y12*1% DMSO,0,0.013,0.018333333,0.026,0.036666667,0.047666667,0.066,0.089,0.120333333,0.158666667,0.204666667,0.251666667,0.302666667,0.353,0.397666667,0.418333333,0.428333333,0.439666667,0.450666667,0.458666667,0.468666667,0.479,0.489,0.498666667,0.507,0.515333333,0.524666667,0.534,0.538,0.544333333,0.549333333,0.556,0.560333333,0.564666667,0.570333333,0.575666667,0.579666667,0.583333333,0.613,0.615,0.622666667
