experiment,Line-Treatment,DT inflection,StDev_inf,DT interval,StDev_int,Lab strain,Strain,Treatment,Strain*Treatment,Time_0,Time_0.5,Time_1,Time_1.5,Time_2,Time_2.5,Time_3,Time_3.5,Time_4,Time_4.5,Time_5,Time_5.5,Time_6,Time_6.5,Time_7,Time_7.5,Time_8,Time_8.5,Time_9,Time_9.5,Time_10,Time_10.5,Time_11,Time_11.5,Time_12,Time_12.5,Time_13,Time_13.5,Time_14,Time_14.5,Time_15,Time_15.5,Time_16,Time_16.5,Time_17,Time_17.5,Time_18,Time_18.5,Time_19,Time_19.5,Time_20
SGRP_mTOR_inhibitsSCREEN_SET2_HighRAPA+LowTorin_Repeat_JEMBL_073,yML 565-20 ng/ml RAPA,103.4991628,9.145920224,129.5647986,6.43749361,yML 565,CBS7960,20 ng/mL RAPA,CBS7960*20 ng/mL RAPA,0,0.016,0.018666667,0.028666667,0.051333333,0.064666667,0.088333333,0.112,0.136333333,0.164333333,0.199666667,0.235666667,0.28,0.329666667,0.382666667,0.438,0.500333333,0.565666667,0.632666667,0.699,0.766666667,0.836,0.901,0.968333333,1.032333333,1.095,1.155,1.213666667,1.269,1.334333333,1.371,1.410666667,1.435,1.452666667,1.471,1.489333333,1.504666667,1.524333333,1.540333333,1.555666667,1.570333333
