experiment,Line-Treatment,DT inflection,StDev_inf,DT interval,StDev_int,Lab strain,Strain,Treatment,Strain*Treatment,Time_0,Time_0.5,Time_1,Time_1.5,Time_2,Time_2.5,Time_3,Time_3.5,Time_4,Time_4.5,Time_5,Time_5.5,Time_6,Time_6.5,Time_7,Time_7.5,Time_8,Time_8.5,Time_9,Time_9.5,Time_10,Time_10.5,Time_11,Time_11.5,Time_12,Time_12.5,Time_13,Time_13.5,Time_14,Time_14.5,Time_15,Time_15.5,Time_16,Time_16.5,Time_17,Time_17.5,Time_18,Time_18.5,Time_19,Time_19.5,Time_20
SGRP_mTORinhibitsSCREEN_SET2_CAFFEINE AND lowTORIN_MGK_AR_120320,NCYC 3468-2.5% DMSO,47.66287294,34.31354673,73.18105969,5.023072918,NCYC 3468,UWOPS05-227.2 ,2.5% DMSO,UWOPS05-227.2 *2.5% DMSO,0,0.070333333,0.062666667,0.111333333,0.090666667,0.168,0.212333333,0.277,0.243,0.317666667,0.408333333,0.727333333,0.911333333,1.082333333,1.181,1.221,1.252666667,1.271,1.298666667,1.341,1.376666667,1.409666667,1.450333333,1.478333333,1.510333333,1.546333333,1.567,1.598,1.614666667,1.633,1.656,1.672333333,1.690666667,1.704,1.719666667,1.736333333,1.748333333,1.761,1.776666667,1.784666667,1.793666667
