experiment,Line-Treatment,DT inflection,StDev_inf,DT interval,StDev_int,Lab strain,Strain,Treatment,Strain*Treatment,Time_0,Time_0.5,Time_1,Time_1.5,Time_2,Time_2.5,Time_3,Time_3.5,Time_4,Time_4.5,Time_5,Time_5.5,Time_6,Time_6.5,Time_7,Time_7.5,Time_8,Time_8.5,Time_9,Time_9.5,Time_10,Time_10.5,Time_11,Time_11.5,Time_12,Time_12.5,Time_13,Time_13.5,Time_14,Time_14.5,Time_15,Time_15.5,Time_16,Time_16.5,Time_17,Time_17.5,Time_18,Time_18.5,Time_19,Time_19.5,Time_20
SGRP_mTORinhibitsSCREEN_SET3_LOWRAPA_JEMBL_12012017_F,yML 679-2.5 ng/ml RAPA,75.11258314,3.600221422,100.7958372,23.63073602,yML 679,CBS5829,2.5 ng/mL RAPA,CBS5829*2.5 ng/mL RAPA,0,0.013333333,0.012333333,0.04,0.080666667,0.162666667,0.189666667,0.235,0.3,0.395666667,0.490333333,0.596666667,0.745666667,0.874333333,0.993666667,1.079333333,1.154666667,1.165333333,1.179666667,1.204,1.214333333,1.236,1.26,1.283666667,1.306666667,1.333,1.35,1.383,1.400333333,1.424333333,1.449,1.469333333,1.49,1.505333333,1.519333333,1.538,1.555,1.567666667,1.589666667,1.601333333,1.616
