experiment,Line-Treatment,DT inflection,StDev_inf,DT interval,StDev_int,Lab strain,Strain,Treatment,Strain*Treatment,Time_0,Time_0.5,Time_1,Time_1.5,Time_2,Time_2.5,Time_3,Time_3.5,Time_4,Time_4.5,Time_5,Time_5.5,Time_6,Time_6.5,Time_7,Time_7.5,Time_8,Time_8.5,Time_9,Time_9.5,Time_10,Time_10.5,Time_11,Time_11.5,Time_12,Time_12.5,Time_13,Time_13.5,Time_14,Time_14.5,Time_15,Time_15.5,Time_16,Time_16.5,Time_17,Time_17.5,Time_18,Time_18.5,Time_19,Time_19.5,Time_20
SGRP_mTORinhibitsSCREEN_SET1HIGHrapaANDhighTORIN_PU_03162018_D.x,NCYC3457A-20 ng/mL Rapamycin,71.67125762,4.509137457,190.1914635,4.274550434,NCYC 3457,273614 N,20 ng/mL RAPA,273614 N*20 ng/mL RAPA,0,0.052666667,0.061333333,0.077333333,0.091666667,0.107,0.127666667,0.143,0.157666667,0.178,0.197333333,0.263666667,0.244333333,0.273666667,0.308,0.343,0.374333333,0.406333333,0.45,0.487,0.537666667,0.585333333,0.640333333,0.688,0.747,0.801,0.899333333,0.911,0.969666667,1.024666667,1.078333333,1.127666667,1.182666667,1.266,1.282666667,1.33,1.379666667,1.417333333,1.445,1.462333333,1.484
