experiment,Line-Treatment,DT inflection,StDev_inf,DT interval,StDev_int,Lab strain,Strain,Treatment,Strain*Treatment,Time_0,Time_0.5,Time_1,Time_1.5,Time_2,Time_2.5,Time_3,Time_3.5,Time_4,Time_4.5,Time_5,Time_5.5,Time_6,Time_6.5,Time_7,Time_7.5,Time_8,Time_8.5,Time_9,Time_9.5,Time_10,Time_10.5,Time_11,Time_11.5,Time_12,Time_12.5,Time_13,Time_13.5,Time_14,Time_14.5,Time_15,Time_15.5,Time_16,Time_16.5,Time_17,Time_17.5,Time_18,Time_18.5,Time_19,Time_19.5,Time_20
SET1GDC_ARMBL_080217.xls,NCYC 3266-100 uM GDC0941,59.18065802,11.92883197,61.44965958,13.97325199,NCYC 3266,Y55,100 uM GDC0941,Y55*100 uM GDC0941,0,0.042,0.049666667,0.061,0.074,0.097666667,0.130333333,0.178666667,0.229666667,0.322666667,0.439,0.572333333,0.712666667,0.863666667,1.024,1.172,1.245666667,1.257666667,1.278,1.295666667,1.320333333,1.341333333,1.37,1.396333333,1.426333333,1.456333333,1.482666667,1.510666667,1.535666667,1.556,1.583333333,1.598333333,1.621333333,1.635666667,1.651666667,1.670333333,1.686,1.703333333,1.719666667,1.73,1.744
SGRP_mTOR_inhibitsSCREEN_SET1_GDC_redo_JE_092617.xls,NCYC 3266-100 uM GDC0941,66.50889236,4.095377568,73.46758554,5.574840805,NCYC 3266,Y55,100 uM GDC0941,Y55*100 uM GDC0941,0,0.066333333,0.075666667,0.088333333,0.110666667,0.146333333,0.197333333,0.262333333,0.349666667,0.465666667,0.596333333,0.747,0.904666667,1.058666667,1.184666667,1.211333333,1.229666667,1.246333333,1.262333333,1.283666667,1.31,1.338333333,1.366333333,1.396333333,1.423333333,1.452333333,1.479333333,1.503666667,1.526666667,1.549333333,1.572333333,1.592666667,1.609333333,1.628333333,1.644333333,1.658666667,1.675,1.688,1.701666667,1.712,1.724333333
