experiment,Line-Treatment,DT inflection,StDev_inf,DT interval,StDev_int,Lab strain,Strain,Treatment,Strain*Treatment,Time_0,Time_0.5,Time_1,Time_1.5,Time_2,Time_2.5,Time_3,Time_3.5,Time_4,Time_4.5,Time_5,Time_5.5,Time_6,Time_6.5,Time_7,Time_7.5,Time_8,Time_8.5,Time_9,Time_9.5,Time_10,Time_10.5,Time_11,Time_11.5,Time_12,Time_12.5,Time_13,Time_13.5,Time_14,Time_14.5,Time_15,Time_15.5,Time_16,Time_16.5,Time_17,Time_17.5,Time_18,Time_18.5,Time_19,Time_19.5,Time_20
SGRP_mTORinhibitsSCREEN_SET1HIGHrapaANDhighTORIN_PU_03162018_D.x,yML742-25 uM Torin,44.68640796,1.655704579,73.53569719,1.553066432,BY4743,BY4743,25 uM Torin 1,BY4743*25 uM Torin 1,0,0.035666667,0.037333333,0.043,0.047,0.055,0.07,0.083,0.094666667,0.118,0.142333333,0.226666667,0.222666667,0.284,0.357333333,0.447,0.538666667,0.638666667,0.750666667,0.858666667,0.963,1.044333333,1.079666667,1.083666667,1.092666667,1.102,1.156,1.123333333,1.134666667,1.150333333,1.163666667,1.174333333,1.193666667,1.241333333,1.225,1.238333333,1.258,1.274666667,1.290666667,1.302666667,1.318333333
