experiment,Line-Treatment,DT inflection,StDev_inf,DT interval,StDev_int,Lab strain,Strain,Treatment,Strain*Treatment,Time_0,Time_0.5,Time_1,Time_1.5,Time_2,Time_2.5,Time_3,Time_3.5,Time_4,Time_4.5,Time_5,Time_5.5,Time_6,Time_6.5,Time_7,Time_7.5,Time_8,Time_8.5,Time_9,Time_9.5,Time_10,Time_10.5,Time_11,Time_11.5,Time_12,Time_12.5,Time_13,Time_13.5,Time_14,Time_14.5,Time_15,Time_15.5,Time_16,Time_16.5,Time_17,Time_17.5,Time_18,Time_18.5,Time_19,Time_19.5,Time_20
SGRP_mTORinhibitsSCREEN_SET1HIGHrapaANDhighTORIN_PU_03162018_D.x,NCYC3457B-1%DMSO,77.68888681,6.250356956,91.61445176,1.595576595,NCYC 3457,273614 N,1% DMSO,273614 N*1% DMSO,0,0.084,0.102,0.123,0.158333333,0.199666667,0.252333333,0.313333333,0.386,0.479666667,0.594666667,0.760666667,0.859333333,0.997333333,1.101,1.202666667,1.252666667,1.279666667,1.312333333,1.344333333,1.379333333,1.409333333,1.439333333,1.468333333,1.498666667,1.524,1.588333333,1.568,1.585666667,1.606,1.621333333,1.634333333,1.650666667,1.663333333,1.675,1.686666667,1.699666667,1.708333333,1.717333333,1.724666667,1.735666667
