experiment,Line-Treatment,DT inflection,StDev_inf,DT interval,StDev_int,Lab strain,Strain,Treatment,Strain*Treatment,Time_0,Time_0.5,Time_1,Time_1.5,Time_2,Time_2.5,Time_3,Time_3.5,Time_4,Time_4.5,Time_5,Time_5.5,Time_6,Time_6.5,Time_7,Time_7.5,Time_8,Time_8.5,Time_9,Time_9.5,Time_10,Time_10.5,Time_11,Time_11.5,Time_12,Time_12.5,Time_13,Time_13.5,Time_14,Time_14.5,Time_15,Time_15.5,Time_16,Time_16.5,Time_17,Time_17.5,Time_18,Time_18.5,Time_19,Time_19.5,Time_20
SGRP_mTORinhibitsSCREEN_SET3_CAFFEINE AND lowTORIN_JEMBL_1201201,yML 671-2.5% DMSO,45.35612653,21.25111795,47.62960258,24.85100216,yML 671,YPS138,2.5% DMSO,YPS138*2.5% DMSO,0,0.061333333,0.065666667,0.064333333,0.072333333,0.083666667,0.150333333,0.196333333,0.322,0.413,0.554333333,0.686333333,0.826,0.974,1.107,1.2,1.234,1.261666667,1.290333333,1.317333333,1.351333333,1.383666667,1.407666667,1.443333333,1.466,1.496,1.514,1.536666667,1.555666667,1.574333333,1.591666667,1.610333333,1.625333333,1.637333333,1.645,1.664333333,1.676333333,1.690666667,1.696333333,1.708,1.710333333
