experiment,Line-Treatment,DT inflection,StDev_inf,DT interval,StDev_int,Lab strain,Strain,Treatment,Strain*Treatment,Time_0,Time_0.5,Time_1,Time_1.5,Time_2,Time_2.5,Time_3,Time_3.5,Time_4,Time_4.5,Time_5,Time_5.5,Time_6,Time_6.5,Time_7,Time_7.5,Time_8,Time_8.5,Time_9,Time_9.5,Time_10,Time_10.5,Time_11,Time_11.5,Time_12,Time_12.5,Time_13,Time_13.5,Time_14,Time_14.5,Time_15,Time_15.5,Time_16,Time_16.5,Time_17,Time_17.5,Time_18,Time_18.5,Time_19,Time_19.5,Time_20
SGRP_mTORinhibitsSCREEN_SET3_LOWRAPA_JEMBL_12012017_F,yML 681-1% DMSO,71.22769903,8.325998683,73.44165701,4.981647419,yML 681,A4,1% DMSO,A4*1% DMSO,0,0.016333333,0.007,0.024333333,0.030666667,0.052333333,0.225,0.280333333,0.369333333,0.490666667,0.644,0.77,0.893333333,0.986666667,1.055666667,1.105,1.160333333,1.178,1.189666667,1.217,1.244666667,1.266,1.296333333,1.317,1.333333333,1.366,1.392333333,1.409,1.430333333,1.444333333,1.460666667,1.483333333,1.507333333,1.527,1.528333333,1.544666667,1.589,1.601,1.588,1.605666667,1.621
