experiment,Line-Treatment,DT inflection,StDev_inf,DT interval,StDev_int,Lab strain,Strain,Treatment,Strain*Treatment,Time_0,Time_0.5,Time_1,Time_1.5,Time_2,Time_2.5,Time_3,Time_3.5,Time_4,Time_4.5,Time_5,Time_5.5,Time_6,Time_6.5,Time_7,Time_7.5,Time_8,Time_8.5,Time_9,Time_9.5,Time_10,Time_10.5,Time_11,Time_11.5,Time_12,Time_12.5,Time_13,Time_13.5,Time_14,Time_14.5,Time_15,Time_15.5,Time_16,Time_16.5,Time_17,Time_17.5,Time_18,Time_18.5,Time_19,Time_19.5,Time_20
SET4_highTORIN_REDO_NBMBL_080717.xls,yML 707-25 uM Torin 1,77.95183988,6.093499384,81.30040224,10.35664469,yML 707,CLIB324,25 uM Torin 1,CLIB324*25 uM Torin 1,0,0.033,0.033,0.031666667,0.029333333,0.027333333,0.027333333,0.029333333,0.030666667,0.032333333,0.035,0.038,0.041333333,0.046333333,0.054,0.064,0.078666667,0.098,0.123333333,0.156,0.199666667,0.261333333,0.337666667,0.428333333,0.537,0.659666667,0.79,0.917333333,1.027,1.109666667,1.165,1.209333333,1.233666667,1.252333333,1.273666667,1.299333333,1.329,1.359333333,1.386666667,1.415,1.440333333
