experiment,Line-Treatment,DT inflection,StDev_inf,DT interval,StDev_int,Lab strain,Strain,Treatment,Strain*Treatment,Time_0,Time_0.5,Time_1,Time_1.5,Time_2,Time_2.5,Time_3,Time_3.5,Time_4,Time_4.5,Time_5,Time_5.5,Time_6,Time_6.5,Time_7,Time_7.5,Time_8,Time_8.5,Time_9,Time_9.5,Time_10,Time_10.5,Time_11,Time_11.5,Time_12,Time_12.5,Time_13,Time_13.5,Time_14,Time_14.5,Time_15,Time_15.5,Time_16,Time_16.5,Time_17,Time_17.5,Time_18,Time_18.5,Time_19,Time_19.5,Time_20
SGRP_mTORinhibits_SET1_CAFF_REDO_NBMBL_08032017.xls,NCYC 3313-Drug,80.34240642,1.253058383,83.31098965,1.080221248,NCYC 3313,DBVPG 1853,1 mg/mL Caffeine,DBVPG 1853*1 mg/mL Caffeine,0,0.054,0.057666667,0.064666667,0.076,0.092,0.114333333,0.146,0.185666667,0.239333333,0.304666667,0.390333333,0.485333333,0.592666667,0.709333333,0.834,0.961333333,1.057,1.161666667,1.208,1.215333333,1.228,1.242666667,1.267,1.290666667,1.313,1.345,1.367666667,1.39,1.415,1.440666667,1.465,1.486333333,1.506,1.525666667,1.544,1.562666667,1.576333333,1.593,1.609333333,1.624333333
