experiment,Line-Treatment,DT inflection,StDev_inf,DT interval,StDev_int,Lab strain,Strain,Treatment,Strain*Treatment,Time_0,Time_0.5,Time_1,Time_1.5,Time_2,Time_2.5,Time_3,Time_3.5,Time_4,Time_4.5,Time_5,Time_5.5,Time_6,Time_6.5,Time_7,Time_7.5,Time_8,Time_8.5,Time_9,Time_9.5,Time_10,Time_10.5,Time_11,Time_11.5,Time_12,Time_12.5,Time_13,Time_13.5,Time_14,Time_14.5,Time_15,Time_15.5,Time_16,Time_16.5,Time_17,Time_17.5,Time_18,Time_18.5,Time_19,Time_19.5,Time_20
SGRP_mTORinhibits_SET1_CAFF_REDO_NBMBL_08032017.xls,NCYC 3315-Drug,68.11584453,4.328042833,81.07634383,6.280983316,NCYC 3315,YPS606,1 mg/mL Caffeine,YPS606*1 mg/mL Caffeine,0,0.059333333,0.064666667,0.07,0.078666667,0.099666667,0.137666667,0.181333333,0.225666667,0.305666667,0.383333333,0.495666667,0.625666667,0.767333333,0.911666667,1.047333333,1.166666667,1.259666667,1.301666667,1.326,1.353666667,1.379666667,1.405333333,1.437666667,1.465333333,1.494666667,1.519,1.538666667,1.558666667,1.579666667,1.601333333,1.619666667,1.635,1.650333333,1.664333333,1.676333333,1.69,1.700333333,1.714333333,1.726333333,1.737333333
