experiment,Line-Treatment,DT inflection,StDev_inf,DT interval,StDev_int,Lab strain,Strain,Treatment,Strain*Treatment,Time_0,Time_0.5,Time_1,Time_1.5,Time_2,Time_2.5,Time_3,Time_3.5,Time_4,Time_4.5,Time_5,Time_5.5,Time_6,Time_6.5,Time_7,Time_7.5,Time_8,Time_8.5,Time_9,Time_9.5,Time_10,Time_10.5,Time_11,Time_11.5,Time_12,Time_12.5,Time_13,Time_13.5,Time_14,Time_14.5,Time_15,Time_15.5,Time_16,Time_16.5,Time_17,Time_17.5,Time_18,Time_18.5,Time_19,Time_19.5,Time_20
SGRP_mTORinhibitsSCREEN_SET3_CAFFEINE AND lowTORIN_JEMBL_1201201,yML 680-1 uM Torin 11,89.12325366,6.657583232,95.20598937,13.54206266,yML 680,DBVPG 6304,1 uM Torin 1,DBVPG 6304*1 uM Torin 1,0,0.019,0.018666667,0.018333333,0.018333333,0.018666667,0.018333333,0.017333333,0.057333333,0.066333333,0.296333333,0.37,0.459,0.576,0.700666667,0.838333333,0.985666667,1.088666667,1.124333333,1.134,1.144,1.156,1.169333333,1.188,1.211,1.241,1.268,1.293,1.325333333,1.35,1.374333333,1.395333333,1.418,1.439666667,1.452333333,1.477666667,1.491666667,1.511,1.522666667,1.536333333,1.546666667
