experiment,Line-Treatment,DT inflection,StDev_inf,DT interval,StDev_int,Lab strain,Strain,Treatment,Strain*Treatment,Time_0,Time_0.5,Time_1,Time_1.5,Time_2,Time_2.5,Time_3,Time_3.5,Time_4,Time_4.5,Time_5,Time_5.5,Time_6,Time_6.5,Time_7,Time_7.5,Time_8,Time_8.5,Time_9,Time_9.5,Time_10,Time_10.5,Time_11,Time_11.5,Time_12,Time_12.5,Time_13,Time_13.5,Time_14,Time_14.5,Time_15,Time_15.5,Time_16,Time_16.5,Time_17,Time_17.5,Time_18,Time_18.5,Time_19,Time_19.5,Time_20
SGRP_mTORinhibitsSCREEN_SET2_CAFFEINE AND lowTORIN_MGK_AR_120320,NCYC 3472-2.5% DMSO,66.50901896,0.93209973,70.33648982,0.439330466,NCYC 3472,YJM975 ,2.5% DMSO,YJM975 *2.5% DMSO,0,0.051333333,0.067,0.087333333,0.115666667,0.154666667,0.209666667,0.283,0.374,0.492333333,0.619666667,0.769333333,0.915333333,1.051666667,1.135,1.154,1.168666667,1.190333333,1.216333333,1.246333333,1.272333333,1.297,1.326,1.353666667,1.384,1.416,1.439,1.464,1.485666667,1.502,1.526333333,1.546333333,1.563,1.583666667,1.599666667,1.615,1.629333333,1.643333333,1.656333333,1.668,1.673666667
