experiment,Line-Treatment,DT inflection,StDev_inf,DT interval,StDev_int,Lab strain,Strain,Treatment,Strain*Treatment,Time_0,Time_0.5,Time_1,Time_1.5,Time_2,Time_2.5,Time_3,Time_3.5,Time_4,Time_4.5,Time_5,Time_5.5,Time_6,Time_6.5,Time_7,Time_7.5,Time_8,Time_8.5,Time_9,Time_9.5,Time_10,Time_10.5,Time_11,Time_11.5,Time_12,Time_12.5,Time_13,Time_13.5,Time_14,Time_14.5,Time_15,Time_15.5,Time_16,Time_16.5,Time_17,Time_17.5,Time_18,Time_18.5,Time_19,Time_19.5,Time_20
SGRP_mTORinhibitsSCREEN_SET 1 2 3 4 High-Low Rapa High-Low Torin,yML668-1% DMSO,164.1076681,11.15793911,310.7655825,29.22956607,yML 668,N-17,1% DMSO,N-17*1% DMSO,0,0.023666667,0.028,0.03,0.034666667,0.040333333,0.046333333,0.055,0.063,0.074,0.091666667,0.105333333,0.12,0.132666667,0.146666667,0.157333333,0.176,0.191666667,0.205,0.226,0.242666667,0.263666667,0.277,0.297666667,0.318666667,0.341,0.361666667,0.392666667,0.415,0.444,0.476,0.513,0.543,0.572333333,0.611,0.647333333,0.684333333,0.717,0.754,0.795,0.832
