experiment,Line-Treatment,DT inflection,StDev_inf,DT interval,StDev_int,Lab strain,Strain,Treatment,Strain*Treatment,Time_0,Time_0.5,Time_1,Time_1.5,Time_2,Time_2.5,Time_3,Time_3.5,Time_4,Time_4.5,Time_5,Time_5.5,Time_6,Time_6.5,Time_7,Time_7.5,Time_8,Time_8.5,Time_9,Time_9.5,Time_10,Time_10.5,Time_11,Time_11.5,Time_12,Time_12.5,Time_13,Time_13.5,Time_14,Time_14.5,Time_15,Time_15.5,Time_16,Time_16.5,Time_17,Time_17.5,Time_18,Time_18.5,Time_19,Time_19.5,Time_20
SGRP_mTORinhibitsSCREEN_SET4_lowRAPA_MGK_10242017_D.xls,YML692-2.5 ng/ml RAPA,77.4586841,4.196878537,91.9805414,3.466780421,yML 692,Y8.5,2.5 ng/mL RAPA,Y8.5*2.5 ng/mL RAPA,0,0.052333333,0.054333333,0.062666667,0.083666667,0.103,0.133,0.161666667,0.199,0.251333333,0.319666667,0.391,0.490333333,0.597,0.725333333,0.853333333,0.971,1.087333333,1.199666667,1.237666667,1.26,1.287333333,1.317666667,1.353666667,1.392,1.416333333,1.444666667,1.476,1.501666667,1.523666667,1.546333333,1.556333333,1.580333333,1.596666667,,,,,,,
SGRP_mTORinhibitsSCREEN_SET4_lowrapa_JEMBL_10262017_F.xls,YML692-2.5 ng/ml RAPA,77.67044368,2.469116324,92.13682357,11.05250455,yML 692,Y8.5,2.5 ng/mL RAPA,Y8.5*2.5 ng/mL RAPA,0,0.038666667,0.042,0.050333333,0.075666667,0.085,0.125666667,0.161,0.194333333,0.241333333,0.306333333,0.396666667,0.500666667,0.613666667,0.740333333,0.863333333,0.987,1.111,1.199,1.235,1.253666667,1.278333333,1.317,1.349666667,1.380333333,1.409333333,1.440666667,1.468333333,1.493333333,1.515333333,1.54,1.555333333,1.575,,,,,,,,
