experiment,Line-Treatment,DT inflection,StDev_inf,DT interval,StDev_int,Lab strain,Strain,Treatment,Strain*Treatment,Time_0,Time_0.5,Time_1,Time_1.5,Time_2,Time_2.5,Time_3,Time_3.5,Time_4,Time_4.5,Time_5,Time_5.5,Time_6,Time_6.5,Time_7,Time_7.5,Time_8,Time_8.5,Time_9,Time_9.5,Time_10,Time_10.5,Time_11,Time_11.5,Time_12,Time_12.5,Time_13,Time_13.5,Time_14,Time_14.5,Time_15,Time_15.5,Time_16,Time_16.5,Time_17,Time_17.5,Time_18,Time_18.5,Time_19,Time_19.5,Time_20
SET4_highTORIN_REDO_NBMBL_080717.xls,yML 690-2.5% DMSO,70.84980867,24.17467137,53.1501048,11.7957526,yML 690,W7,2.5% DMSO,W7*2.5% DMSO,0,0.006333333,0.006,0.004333333,0.003666667,0.004333333,0.004,0.022,0.057666667,0.189,0.267333333,0.353666667,0.426666667,0.555333333,0.673333333,0.798,0.939333333,1.002,1.033666667,1.051,1.081,1.111333333,1.140333333,1.167333333,1.198666667,1.23,1.265666667,1.295666667,1.320333333,1.344666667,1.372,1.391,1.422,1.441333333,1.451666667,1.473,1.497666667,1.519,1.542666667,1.555666667,1.570333333
