experiment,Line-Treatment,DT inflection,StDev_inf,DT interval,StDev_int,Lab strain,Strain,Treatment,Strain*Treatment,Time_0,Time_0.5,Time_1,Time_1.5,Time_2,Time_2.5,Time_3,Time_3.5,Time_4,Time_4.5,Time_5,Time_5.5,Time_6,Time_6.5,Time_7,Time_7.5,Time_8,Time_8.5,Time_9,Time_9.5,Time_10,Time_10.5,Time_11,Time_11.5,Time_12,Time_12.5,Time_13,Time_13.5,Time_14,Time_14.5,Time_15,Time_15.5,Time_16,Time_16.5,Time_17,Time_17.5,Time_18,Time_18.5,Time_19,Time_19.5,Time_20
original data.xls SET 4 HIGH RAPA,YML 683-20 ng/ml RAPA,88.40851988,5.089247942,214.5817703,59.40102741,yML 683,Y6.5,20 ng/mL RAPA,Y6.5*20 ng/mL RAPA,0,0.043333333,0.035666667,0.061666667,0.057666667,0.079,0.11,0.118,0.148666667,0.181666667,0.203,0.247666667,0.271333333,0.323,0.378,0.414,0.457,0.536333333,0.594666667,0.667333333,0.747333333,0.823666667,0.894,0.977666667,1.032666667,1.093666667,1.156666667,1.204,1.262,1.306666667,1.358,1.398333333,1.441666667,1.475666667,1.508666667,1.530666667,1.547666667,1.564666667,1.575,1.588333333,1.602
