experiment,Line-Treatment,DT inflection,StDev_inf,DT interval,StDev_int,Lab strain,Strain,Treatment,Strain*Treatment,Time_0,Time_0.5,Time_1,Time_1.5,Time_2,Time_2.5,Time_3,Time_3.5,Time_4,Time_4.5,Time_5,Time_5.5,Time_6,Time_6.5,Time_7,Time_7.5,Time_8,Time_8.5,Time_9,Time_9.5,Time_10,Time_10.5,Time_11,Time_11.5,Time_12,Time_12.5,Time_13,Time_13.5,Time_14,Time_14.5,Time_15,Time_15.5,Time_16,Time_16.5,Time_17,Time_17.5,Time_18,Time_18.5,Time_19,Time_19.5,Time_20
RB_RUN1_F_SGRPmTORscreen_KGA_11082018.xls,yML696-2.5%DMSO,78.35071296,7.883930321,99.0945858,2.644990848,yML 696,KPN3829,2.5% DMSO,KPN3829*2.5% DMSO,0,0.024,0.021,0.016333333,0.019666667,0.0,0.113,0.143333333,0.176,0.218333333,0.275,0.338333333,0.411,0.487666667,0.572333333,0.637333333,0.73,0.775,0.811333333,0.815333333,0.832,0.856666667,0.881333333,0.912333333,0.913,0.973333333,1.000333333,1.002,1.026,1.045333333,1.075666667,1.093,1.117666667,1.137666667,1.173,1.178333333,1.196666667,1.227666667,1.240666667,1.257,1.279333333
