experiment,Line-Treatment,DT inflection,StDev_inf,DT interval,StDev_int,Lab strain,Strain,Treatment,Strain*Treatment,Time_0,Time_0.5,Time_1,Time_1.5,Time_2,Time_2.5,Time_3,Time_3.5,Time_4,Time_4.5,Time_5,Time_5.5,Time_6,Time_6.5,Time_7,Time_7.5,Time_8,Time_8.5,Time_9,Time_9.5,Time_10,Time_10.5,Time_11,Time_11.5,Time_12,Time_12.5,Time_13,Time_13.5,Time_14,Time_14.5,Time_15,Time_15.5,Time_16,Time_16.5,Time_17,Time_17.5,Time_18,Time_18.5,Time_19,Time_19.5,Time_20
SET1GDC_ARMBL_080217.xls,NCYC 3264-100 uM GDC0941,61.9809407,11.27250817,121.3567894,77.00100704,NCYC 3264,DBVPG 6765,100 uM GDC0941,DBVPG 6765*100 uM GDC0941,0,0.041333333,0.044,0.052333333,0.053666667,0.128333333,0.165666667,0.201,0.267333333,0.334666667,0.463,0.594333333,0.739333333,0.886,1.029,1.154333333,1.211333333,1.246333333,1.280666667,1.315,1.349333333,1.38,1.411666667,1.439666667,1.464666667,1.493333333,1.513,1.534666667,1.553,1.569333333,1.588666667,1.599333333,1.611666667,1.622666667,1.635,1.645,1.655666667,1.667666667,1.677333333,1.686,1.693
SGRP_mTOR_inhibitsSCREEN_SET1_GDC_redo_JE_092617.xls,NCYC 3264-100 uM GDC0941,66.75003971,1.53350535,69.62450185,4.307310372,NCYC 3264,DBVPG 6765,100 uM GDC0941,DBVPG 6765*100 uM GDC0941,0,0.076666667,0.095,0.118333333,0.158333333,0.211,0.283333333,0.384333333,0.497,0.632666667,0.778333333,0.927,1.068,1.164666667,1.186,1.207333333,1.228,1.254,1.283666667,1.315666667,1.342333333,1.369333333,1.399,1.429,1.454,1.478,1.501,1.518,1.536,1.554,1.570333333,1.585666667,1.599666667,1.612333333,1.626333333,1.637333333,1.648333333,1.66,1.669666667,1.679333333,1.692
