experiment,Line-Treatment,DT inflection,StDev_inf,DT interval,StDev_int,Lab strain,Strain,Treatment,Strain*Treatment,Time_0,Time_0.5,Time_1,Time_1.5,Time_2,Time_2.5,Time_3,Time_3.5,Time_4,Time_4.5,Time_5,Time_5.5,Time_6,Time_6.5,Time_7,Time_7.5,Time_8,Time_8.5,Time_9,Time_9.5,Time_10,Time_10.5,Time_11,Time_11.5,Time_12,Time_12.5,Time_13,Time_13.5,Time_14,Time_14.5,Time_15,Time_15.5,Time_16,Time_16.5,Time_17,Time_17.5,Time_18,Time_18.5,Time_19,Time_19.5,Time_20
SGRP_mTORinhibitsSCREEN_SET3_round3_highRAPA_KG_091517_D.xls,YML674-20 ng/ml RAPA,91.86573742,5.163279962,174.7852465,7.962991254,yML 674,Q32.3,20 ng/mL RAPA,Q32.3*20 ng/mL RAPA,0,0.037333333,0.044,0.053666667,0.065333333,0.077666667,0.086,0.104,0.118,0.144,0.172,0.191,0.215666667,0.263333333,0.299333333,0.325666667,0.401333333,0.438333333,0.509,0.575,0.637333333,0.707,0.797,0.858333333,0.955666667,1.038333333,1.113666667,1.193666667,1.271333333,1.315666667,1.352666667,1.377,1.381666667,1.397666667,1.418,1.440333333,1.452,1.480333333,1.484,1.515,1.536333333
