experiment,Line-Treatment,DT inflection,StDev_inf,DT interval,StDev_int,Lab strain,Strain,Treatment,Strain*Treatment,Time_0,Time_0.5,Time_1,Time_1.5,Time_2,Time_2.5,Time_3,Time_3.5,Time_4,Time_4.5,Time_5,Time_5.5,Time_6,Time_6.5,Time_7,Time_7.5,Time_8,Time_8.5,Time_9,Time_9.5,Time_10,Time_10.5,Time_11,Time_11.5,Time_12,Time_12.5,Time_13,Time_13.5,Time_14,Time_14.5,Time_15,Time_15.5,Time_16,Time_16.5,Time_17,Time_17.5,Time_18,Time_18.5,Time_19,Time_19.5,Time_20
SGRP_mTORinhibitsSCREEN_SET2_GDC_MGK_081917(fixed with adding wr,yML559-100 uM GDC0941,87.95928271,3.583628294,96.7481266,1.327262737,yML 559,Y10,100 uM GDC0941,Y10*100 uM GDC0941,0,0.059,0.079,0.071,0.075,0.08,0.099,0.113333333,0.133333333,0.165666667,0.202,0.253666667,0.31,0.384666667,0.472666667,0.574333333,0.688333333,0.801666667,0.909333333,1.022333333,1.130333333,1.211333333,1.277333333,1.303333333,1.333666667,1.361,1.393333333,1.421333333,1.448666667,1.472333333,1.496666667,1.522666667,1.545,1.568333333,1.590666667,1.608666667,1.625666667,1.648,1.666,1.682,1.694333333
