experiment,Line-Treatment,DT inflection,StDev_inf,DT interval,StDev_int,Lab strain,Strain,Treatment,Strain*Treatment,Time_0,Time_0.5,Time_1,Time_1.5,Time_2,Time_2.5,Time_3,Time_3.5,Time_4,Time_4.5,Time_5,Time_5.5,Time_6,Time_6.5,Time_7,Time_7.5,Time_8,Time_8.5,Time_9,Time_9.5,Time_10,Time_10.5,Time_11,Time_11.5,Time_12,Time_12.5,Time_13,Time_13.5,Time_14,Time_14.5,Time_15,Time_15.5,Time_16,Time_16.5,Time_17,Time_17.5,Time_18,Time_18.5,Time_19,Time_19.5,Time_20
SGRP_mTORinhibsSCREEN_SET1_lowRAPA_KGPUMBL_05062017.xls,NCYC 3266-2.5ng/ml RAPA,66.25031538,2.099202284,66.78092338,2.263276244,NCYC 3266,Y55,2.5 ng/mL RAPA,Y55*2.5 ng/mL RAPA,0,0.050333333,0.058333333,0.074666667,0.026333333,0.130333333,0.177666667,0.243,0.331333333,0.437666667,0.575333333,0.714333333,0.8,1.025333333,1.144666667,1.159666667,1.254,1.272666667,1.293,1.313666667,1.352666667,1.376333333,1.398,1.434333333,1.463333333,1.492,1.504666667,1.533666667,1.559666667,1.583,1.594666667,1.616333333,1.625666667,1.654,1.665666667,1.678333333,1.69,1.702333333,1.710666667,1.722,1.734
