experiment,Line-Treatment,DT inflection,StDev_inf,DT interval,StDev_int,Lab strain,Strain,Treatment,Strain*Treatment,Time_0,Time_0.5,Time_1,Time_1.5,Time_2,Time_2.5,Time_3,Time_3.5,Time_4,Time_4.5,Time_5,Time_5.5,Time_6,Time_6.5,Time_7,Time_7.5,Time_8,Time_8.5,Time_9,Time_9.5,Time_10,Time_10.5,Time_11,Time_11.5,Time_12,Time_12.5,Time_13,Time_13.5,Time_14,Time_14.5,Time_15,Time_15.5,Time_16,Time_16.5,Time_17,Time_17.5,Time_18,Time_18.5,Time_19,Time_19.5,Time_20
SGRP_mTOR_inhibitsSCREEN_SET2_HighRAPA+LowTorin_Repeat_JEMBL_073,NCYC 3471-20 ng/ml RAPA,159.2405554,10.11740041,193.2641149,8.124500238,NCYC 3471,YJM981 ,20 ng/mL RAPA,YJM981 *20 ng/mL RAPA,0,0.037333333,0.046333333,0.055666667,0.059666667,0.063333333,0.068666667,0.074333333,0.082,0.087666667,0.1,0.107,0.118666667,0.132333333,0.145666667,0.157666667,0.178333333,0.195,0.215,0.241,0.265,0.297666667,0.330666667,0.374666667,0.421666667,0.472333333,0.528333333,0.591666667,0.65,0.714666667,0.782666667,0.848666667,0.914666667,0.979666667,1.043,1.105,1.154,1.200666667,1.245,1.285333333,1.319
SGRP_mTORinhibitsSCREEN_Set2_highRAPA_KGPU_11202017_F.xls,NCYC 3471-20 ng/ml RAPA,208.9117095,11.10708909,277.3731229,7.306008495,NCYC 3471,YJM981 ,20 ng/mL RAPA,YJM981 *20 ng/mL RAPA,0,0.041,0.047,0.057333333,0.071,0.080666667,0.091,0.099666667,0.108333333,0.117666667,0.126,0.136333333,0.149333333,0.162333333,0.173,0.189333333,0.205,0.219,0.239333333,0.257,0.276666667,0.304333333,0.328,0.354,0.381333333,0.409666667,0.439,0.476,0.513666667,0.555333333,0.596333333,0.64,0.685666667,0.728666667,0.772666667,0.813333333,0.853666667,0.894333333,0.932,0.967666667,1.005
