experiment,Line-Treatment,DT inflection,StDev_inf,DT interval,StDev_int,Lab strain,Strain,Treatment,Strain*Treatment,Time_0,Time_0.5,Time_1,Time_1.5,Time_2,Time_2.5,Time_3,Time_3.5,Time_4,Time_4.5,Time_5,Time_5.5,Time_6,Time_6.5,Time_7,Time_7.5,Time_8,Time_8.5,Time_9,Time_9.5,Time_10,Time_10.5,Time_11,Time_11.5,Time_12,Time_12.5,Time_13,Time_13.5,Time_14,Time_14.5,Time_15,Time_15.5,Time_16,Time_16.5,Time_17,Time_17.5,Time_18,Time_18.5,Time_19,Time_19.5,Time_20
SGRP_mTORinhibitsSCREEN_SET1_CAFFEINE AND lowTORIN_MGK_12022017_,NCYC 3454-6.67% H2O,60.72388274,12.20537086,61.25610863,12.65763019,NCYC 3454,YS9,6.67% H2O,YS9*6.67% H2O,0,0.057333333,0.069666667,0.086666667,0.107,0.138,0.186333333,0.233666667,0.329333333,0.447,0.597666667,0.736666667,0.884666667,1.029333333,1.155333333,1.186333333,1.208,1.229333333,1.254666667,1.283666667,1.316666667,1.344333333,1.373666667,1.405333333,1.434666667,1.464333333,1.486333333,1.51,1.531666667,1.551666667,1.568,1.589666667,1.606666667,1.623333333,1.639,1.653666667,1.663,1.678333333,1.690333333,1.701333333,1.715333333
