experiment,Line-Treatment,DT inflection,StDev_inf,DT interval,StDev_int,Lab strain,Strain,Treatment,Strain*Treatment,Time_0,Time_0.5,Time_1,Time_1.5,Time_2,Time_2.5,Time_3,Time_3.5,Time_4,Time_4.5,Time_5,Time_5.5,Time_6,Time_6.5,Time_7,Time_7.5,Time_8,Time_8.5,Time_9,Time_9.5,Time_10,Time_10.5,Time_11,Time_11.5,Time_12,Time_12.5,Time_13,Time_13.5,Time_14,Time_14.5,Time_15,Time_15.5,Time_16,Time_16.5,Time_17,Time_17.5,Time_18,Time_18.5,Time_19,Time_19.5,Time_20
SGRP_mTORinhibsSCREEN_SET1_lowRAPA_KGPUMBL_05062017.xls,NCYC 3447-2.5ng/ml RAPA,65.09656748,1.475990837,66.81896183,0.759608892,NCYC 3447,DBVPG 1106,2.5 ng/mL RAPA,DBVPG 1106*2.5 ng/mL RAPA,0,0.051333333,0.057333333,0.072666667,0.022333333,0.126666667,0.171,0.231666667,0.318666667,0.424333333,0.555,0.692666667,0.773333333,0.995,1.124333333,1.159333333,1.251,1.264333333,1.290666667,1.309333333,1.350333333,1.366,1.383333333,1.423,1.449,1.482333333,1.493666667,1.52,1.548333333,1.569333333,1.577,1.598,1.61,1.637,1.646,1.658,1.671666667,1.687,1.693666667,1.750333333,1.714333333
