experiment,Line-Treatment,DT inflection,StDev_inf,DT interval,StDev_int,Lab strain,Strain,Treatment,Strain*Treatment,Time_0,Time_0.5,Time_1,Time_1.5,Time_2,Time_2.5,Time_3,Time_3.5,Time_4,Time_4.5,Time_5,Time_5.5,Time_6,Time_6.5,Time_7,Time_7.5,Time_8,Time_8.5,Time_9,Time_9.5,Time_10,Time_10.5,Time_11,Time_11.5,Time_12,Time_12.5,Time_13,Time_13.5,Time_14,Time_14.5,Time_15,Time_15.5,Time_16,Time_16.5,Time_17,Time_17.5,Time_18,Time_18.5,Time_19,Time_19.5,Time_20
SGRP_mTORinhibitsSCREEN_SET1_LOWRAPA_highRAPA_lowTORIN_MGK_12022,NCYC 3318-20 ng/ml RAPA,174.3837652,4.705428113,199.3329261,4.1462723,NCYC 3318,L-1374,20 ng/mL RAPA,L-1374*20 ng/mL RAPA,0,0.070666667,0.087666667,0.101333333,0.114333333,0.126666667,0.141,0.158,0.175333333,0.194333333,0.217,0.243333333,0.271666667,0.303666667,0.338333333,0.372333333,0.409,0.449333333,0.504666667,0.564666667,0.625666667,0.691666667,0.757333333,0.827,0.896333333,0.968,1.034,1.095666667,1.154666667,1.210666667,1.260666667,1.302,1.323333333,1.328,1.348666667,1.366333333,1.385,1.4,1.416333333,1.432666667,1.448666667
