experiment,Line-Treatment,DT inflection,StDev_inf,DT interval,StDev_int,Lab strain,Strain,Treatment,Strain*Treatment,Time_0,Time_0.5,Time_1,Time_1.5,Time_2,Time_2.5,Time_3,Time_3.5,Time_4,Time_4.5,Time_5,Time_5.5,Time_6,Time_6.5,Time_7,Time_7.5,Time_8,Time_8.5,Time_9,Time_9.5,Time_10,Time_10.5,Time_11,Time_11.5,Time_12,Time_12.5,Time_13,Time_13.5,Time_14,Time_14.5,Time_15,Time_15.5,Time_16,Time_16.5,Time_17,Time_17.5,Time_18,Time_18.5,Time_19,Time_19.5,Time_20
SGRP_mTORinhibitsSCREEN_SET1_CAFFEINE AND lowTORIN_MGK_12022017_,NCYC 3448-6.67% H2O,68.50007955,10.23226904,257.4797686,,NCYC 3448,UWOPS83-787.3,6.67% H2O,UWOPS83-787.3*6.67% H2O,0,0.050666667,0.044,0.046,0.038,0.037,0.329,0.396,0.508,0.691,0.844,1.009333333,1.147666667,1.257333333,1.301,1.343,1.367,1.399333333,1.429333333,1.467333333,1.496666667,1.532333333,1.559,1.592666667,1.617,1.637,1.656333333,1.671666667,1.685,1.700333333,1.713666667,1.724,1.737666667,1.747666667,1.756666667,1.763666667,1.772333333,1.778666667,1.785,1.784333333,1.789333333
