experiment,Line-Treatment,DT inflection,StDev_inf,DT interval,StDev_int,Lab strain,Strain,Treatment,Strain*Treatment,Time_0,Time_0.5,Time_1,Time_1.5,Time_2,Time_2.5,Time_3,Time_3.5,Time_4,Time_4.5,Time_5,Time_5.5,Time_6,Time_6.5,Time_7,Time_7.5,Time_8,Time_8.5,Time_9,Time_9.5,Time_10,Time_10.5,Time_11,Time_11.5,Time_12,Time_12.5,Time_13,Time_13.5,Time_14,Time_14.5,Time_15,Time_15.5,Time_16,Time_16.5,Time_17,Time_17.5,Time_18,Time_18.5,Time_19,Time_19.5,Time_20
SGRP_mTOR_inhibitsSCREEN_SET2_HighRAPA+LowTorin_Repeat_JEMBL_073,yML 563-1% DMSO,77.53528688,0.352985895,79.46924322,1.757153739,yML 563,YJM269,1% DMSO,YJM269*1% DMSO,0,0.039,0.045666667,0.052666667,0.059333333,0.068,0.080333333,0.097,0.120666667,0.157333333,0.203,0.264666667,0.343666667,0.441333333,0.553666667,0.672333333,0.8,0.934333333,1.062,1.183666667,1.263,1.290666667,1.316333333,1.346666667,1.375,1.407666667,1.437,1.467666667,1.492666667,1.518,1.541333333,1.563,1.583333333,1.603666667,1.624666667,1.652666667,1.668333333,1.690666667,1.707333333,1.729666667,1.751333333
SGRP_mTORinhibitsSCREEN_SET2_LOWRAPA_highTORIN_MGK_12032017_F,yML 563-1% DMSO,76.47946636,1.103480008,79.77543806,0.777577111,yML 563,YJM269,1% DMSO,YJM269*1% DMSO,0,0.042666667,0.045,0.049666667,0.055333333,0.065,0.077666667,0.094666667,0.119666667,0.152666667,0.199,0.258333333,0.333666667,0.424666667,0.534666667,0.653333333,0.77,0.897,1.015,1.136,1.246333333,1.294666667,1.319666667,1.346,1.371,1.397,1.425,1.452,1.478,1.501333333,1.521333333,1.543666667,1.562,1.579333333,1.600666667,1.614666667,1.63,1.644,1.657,1.674333333,1.685666667
