experiment,Line-Treatment,DT inflection,StDev_inf,DT interval,StDev_int,Lab strain,Strain,Treatment,Strain*Treatment,Time_0,Time_0.5,Time_1,Time_1.5,Time_2,Time_2.5,Time_3,Time_3.5,Time_4,Time_4.5,Time_5,Time_5.5,Time_6,Time_6.5,Time_7,Time_7.5,Time_8,Time_8.5,Time_9,Time_9.5,Time_10,Time_10.5,Time_11,Time_11.5,Time_12,Time_12.5,Time_13,Time_13.5,Time_14,Time_14.5,Time_15,Time_15.5,Time_16,Time_16.5,Time_17,Time_17.5,Time_18,Time_18.5,Time_19,Time_19.5,Time_20
SGRP_mTORinhibitsSCREEN_SET1HIGHrapaANDhighTORIN_PU_03162018_D.x,NCYC3453B-20 ng/mL Rapamycin,58.87031108,1.242318379,322.1028944,9.066933861,NCYC 3453,YS4,20 ng/mL RAPA,YS4*20 ng/mL RAPA,0,0.056333333,0.067666667,0.079666667,0.09,0.093333333,0.101666667,0.109666667,0.116,0.125333333,0.132,0.188,0.151666667,0.163,0.176333333,0.189333333,0.200666667,0.208,0.226666667,0.24,0.255,0.276666667,0.294666667,0.313333333,0.332,0.352,0.416333333,0.399,0.422666667,0.454333333,0.492666667,0.524666667,0.567333333,0.613,0.65,0.688666667,0.738,0.781,0.856333333,0.863333333,0.913
