experiment,Line-Treatment,DT inflection,StDev_inf,DT interval,StDev_int,Lab strain,Strain,Treatment,Strain*Treatment,Time_0,Time_0.5,Time_1,Time_1.5,Time_2,Time_2.5,Time_3,Time_3.5,Time_4,Time_4.5,Time_5,Time_5.5,Time_6,Time_6.5,Time_7,Time_7.5,Time_8,Time_8.5,Time_9,Time_9.5,Time_10,Time_10.5,Time_11,Time_11.5,Time_12,Time_12.5,Time_13,Time_13.5,Time_14,Time_14.5,Time_15,Time_15.5,Time_16,Time_16.5,Time_17,Time_17.5,Time_18,Time_18.5,Time_19,Time_19.5,Time_20
SGRP_mTORinhibitsSCREEN_SET2_GDC_MGK_081917(fixed with adding wr,NCYC 3466-100 uM GDC0941,72.80513843,19.17528404,207.6530093,188.1362354,NCYC 3466,S288c ,100 uM GDC0941,S288c *100 uM GDC0941,0,0.041666667,0.082666667,0.106666667,0.095666667,0.116666667,0.145333333,0.178333333,0.204666667,0.232333333,0.297333333,0.359,0.438333333,0.522666667,0.627333333,0.739666667,0.847,0.960666667,1.067,1.158,1.197666667,1.207333333,1.224,1.238333333,1.254666667,1.272,1.298666667,1.322,1.347,1.371,1.396666667,1.422666667,1.448666667,1.472,1.496,1.515666667,1.538,1.559,1.580333333,1.595333333,1.617333333
