experiment,Line-Treatment,DT inflection,StDev_inf,DT interval,StDev_int,Lab strain,Strain,Treatment,Strain*Treatment,Time_0,Time_0.5,Time_1,Time_1.5,Time_2,Time_2.5,Time_3,Time_3.5,Time_4,Time_4.5,Time_5,Time_5.5,Time_6,Time_6.5,Time_7,Time_7.5,Time_8,Time_8.5,Time_9,Time_9.5,Time_10,Time_10.5,Time_11,Time_11.5,Time_12,Time_12.5,Time_13,Time_13.5,Time_14,Time_14.5,Time_15,Time_15.5,Time_16,Time_16.5,Time_17,Time_17.5,Time_18,Time_18.5,Time_19,Time_19.5,Time_20
RB_RUN1_F_SGRPmTORscreen_KGA_11082018.xls,yML569-A-1%DMSO,,,,,yML 569,FM527,1% DMSO,FM527*1% DMSO,0,0.004666667,0.006,0.002333333,0.000333333,-0.014666667,-0.003,-0.004,-0.002333333,0.001,-0.002666667,0.0,0.001333333,-0.001666667,-0.005666667,-0.002,-0.006,-0.003666667,-0.002666667,-0.003666667,-0.013333333,-0.002666667,-0.011,-0.006666667,-0.007,-0.006333333,-0.009333333,-0.003333333,-0.004666667,-0.004333333,-0.006666667,-0.005333333,-0.003,-0.002,-0.001,-0.000666667,-0.002666667,-0.003,-0.003333333,-0.001333333,-0.003666667
