experiment,Line-Treatment,DT inflection,StDev_inf,DT interval,StDev_int,Lab strain,Strain,Treatment,Strain*Treatment,Time_0,Time_0.5,Time_1,Time_1.5,Time_2,Time_2.5,Time_3,Time_3.5,Time_4,Time_4.5,Time_5,Time_5.5,Time_6,Time_6.5,Time_7,Time_7.5,Time_8,Time_8.5,Time_9,Time_9.5,Time_10,Time_10.5,Time_11,Time_11.5,Time_12,Time_12.5,Time_13,Time_13.5,Time_14,Time_14.5,Time_15,Time_15.5,Time_16,Time_16.5,Time_17,Time_17.5,Time_18,Time_18.5,Time_19,Time_19.5,Time_20
SGRP_mTOR_inhibitsSCREEN_SET2_HighRAPA+LowTorin_Repeat_JEMBL_073,yML 561-1% DMSO,72.54210615,1.306666879,75.63597977,0.320958582,yML 561,T73,1% DMSO,T73*1% DMSO,0,0.017333333,0.038333333,0.053666667,0.07,0.088,0.111,0.143666667,0.188,0.244333333,0.325333333,0.427666667,0.549333333,0.687333333,0.824666667,0.958666667,1.075,1.143333333,1.164,1.177333333,1.196,1.220333333,1.245666667,1.279333333,1.313,1.347,1.376666667,1.409,1.437333333,1.464,1.488666667,1.510333333,1.530333333,1.553,1.571333333,1.595,1.608,1.621666667,1.644333333,1.663666667,1.681333333
SGRP_mTORinhibitsSCREEN_SET2_LOWRAPA_highTORIN_MGK_12032017_F,yML 561-1% DMSO,61.83531693,4.800939768,73.23212591,3.111543754,yML 561,T73,1% DMSO,T73*1% DMSO,0,0.031333333,0.037,0.046,0.070333333,0.105,0.152,0.205,0.286666667,0.364666667,0.475333333,0.614333333,0.755333333,0.896666667,1.031,1.152666667,1.230666667,1.258666667,1.273666667,1.288,1.306,1.329333333,1.354666667,1.384666667,1.412666667,1.441333333,1.47,1.495,1.518,1.538666667,1.558666667,1.576333333,1.592333333,1.609333333,1.625,1.638666667,1.651666667,1.664,1.675,1.686,1.696
