experiment,Line-Treatment,DT inflection,StDev_inf,DT interval,StDev_int,Lab strain,Strain,Treatment,Strain*Treatment,Time_0,Time_0.5,Time_1,Time_1.5,Time_2,Time_2.5,Time_3,Time_3.5,Time_4,Time_4.5,Time_5,Time_5.5,Time_6,Time_6.5,Time_7,Time_7.5,Time_8,Time_8.5,Time_9,Time_9.5,Time_10,Time_10.5,Time_11,Time_11.5,Time_12,Time_12.5,Time_13,Time_13.5,Time_14,Time_14.5,Time_15,Time_15.5,Time_16,Time_16.5,Time_17,Time_17.5,Time_18,Time_18.5,Time_19,Time_19.5,Time_20
RB_RUN1_F_SGRPmTORscreen_KGA_11082018.xls,yML742-2.5 ng/mL Rapa,64.01317505,2.594965244,83.98813645,3.220113952,BY4743,BY4743,2.5 ng/mL RAPA,BY4743*2.5 ng/mL RAPA,0,0.036666667,0.039666667,0.042666667,0.049666667,0.056666667,0.089,0.118,0.158,0.218666667,0.269333333,0.349666667,0.438333333,0.541666667,0.644333333,0.753333333,0.857666667,0.942,1.001,1.011666667,1.024666667,1.032333333,1.046333333,1.054666667,1.065,1.079333333,1.098333333,1.118,1.140666667,1.162333333,1.189,1.209333333,1.231333333,1.251333333,1.275,1.295333333,1.315,1.332666667,1.347,1.363666667,1.382
