experiment,Line-Treatment,DT inflection,StDev_inf,DT interval,StDev_int,Lab strain,Strain,Treatment,Strain*Treatment,Time_0,Time_0.5,Time_1,Time_1.5,Time_2,Time_2.5,Time_3,Time_3.5,Time_4,Time_4.5,Time_5,Time_5.5,Time_6,Time_6.5,Time_7,Time_7.5,Time_8,Time_8.5,Time_9,Time_9.5,Time_10,Time_10.5,Time_11,Time_11.5,Time_12,Time_12.5,Time_13,Time_13.5,Time_14,Time_14.5,Time_15,Time_15.5,Time_16,Time_16.5,Time_17,Time_17.5,Time_18,Time_18.5,Time_19,Time_19.5,Time_20
SGRP_mTOR_inhibitsSCREEN_SET1_highTORIN_KGPUMBL_052817.xls,NCYC 3284-25uM Torin 1,70.09806367,8.035675644,82.19205021,10.63034418,NCYC 3284,YPS128,25 uM Torin 1,YPS128*25 uM Torin 1,0,0.062333333,0.064333333,0.064333333,0.063666667,0.063,0.063666667,0.064666667,0.069333333,0.074,0.084,0.102,0.117333333,0.146666667,0.169333333,0.211666667,0.275,0.358333333,0.461666667,0.601333333,0.751,0.908,1.059666667,1.194333333,1.280666667,1.316,1.338666667,1.368333333,1.396,1.43,1.458,1.485333333,1.513,1.535666667,1.557,1.576666667,1.596,1.610333333,1.626666667,1.643,1.652666667
