experiment,Line-Treatment,DT inflection,StDev_inf,DT interval,StDev_int,Lab strain,Strain,Treatment,Strain*Treatment,Time_0,Time_0.5,Time_1,Time_1.5,Time_2,Time_2.5,Time_3,Time_3.5,Time_4,Time_4.5,Time_5,Time_5.5,Time_6,Time_6.5,Time_7,Time_7.5,Time_8,Time_8.5,Time_9,Time_9.5,Time_10,Time_10.5,Time_11,Time_11.5,Time_12,Time_12.5,Time_13,Time_13.5,Time_14,Time_14.5,Time_15,Time_15.5,Time_16,Time_16.5,Time_17,Time_17.5,Time_18,Time_18.5,Time_19,Time_19.5,Time_20
SGRP_mTORinhibits_SET3_CAFFEINE_MGK_100817_F.xls,YML 569-1000 ug/ml Caffeine,86.3910188,10.91416745,411.9090113,25.64619093,yML 569,FM527,1 mg/mL Caffeine,FM527*1 mg/mL Caffeine,0,0.02,0.020333333,0.019666667,0.025,0.023666667,0.027333333,0.029666667,0.032333333,0.037333333,0.041333333,0.044333333,0.053,0.057333333,0.066666667,0.071333333,0.079333333,0.088666667,0.098666667,0.110666667,0.121666667,0.134333333,0.153333333,0.169666667,0.176,0.201,0.225,0.251,0.259666667,0.301666667,0.333333333,0.327,0.367,0.395,0.417,0.465,0.495,0.569333333,0.533,0.584666667,0.683333333
SGRP_mTORinhibitsSCREEN_SET3_CAFFEINE_MGK_10082017_D.xls,YML 569-1000 ug/ml Caffeine,93.77929358,15.19683759,577.247298,285.3825958,yML 569,FM527,1 mg/mL Caffeine,FM527*1 mg/mL Caffeine,0,0.017333333,0.020333333,0.022333333,0.025,0.026,0.032,0.032,0.037666667,0.037,0.044333333,0.050333333,0.052666667,0.055333333,0.068,0.064333333,0.08,0.093,0.108,0.131666667,0.135,0.157333333,0.170333333,0.197333333,0.222,0.229666667,0.262666667,0.277,0.305333333,0.333333333,0.353333333,0.361666667,0.424,0.456666667,0.471333333,0.513333333,0.559,0.639,0.686333333,0.666666667,0.707666667
SGRP_mTORinhibitsSCREEN_SET3_Caffeine_NBMBL_07112017.xls,YML 569-1000 ug/ml Caffeine,106.9869459,6.942764885,122.4601955,3.103386462,yML 569,FM527,1 mg/mL Caffeine,FM527*1 mg/mL Caffeine,0,0.006333333,0.008,0.007333333,0.008,0.011666667,0.011,0.014333333,0.016666667,0.018666667,0.021,0.024666667,0.028,0.032333333,0.039,0.042666667,0.05,0.058666667,0.068,0.08,0.093666667,0.115,0.132,0.155,0.188,0.219666667,0.261333333,0.312333333,0.372666667,0.442666667,0.518,0.608666667,0.7,0.795666667,0.891,0.991,1.073,1.095666667,1.108333333,1.122333333,1.135666667
