experiment,Line-Treatment,DT inflection,StDev_inf,DT interval,StDev_int,Lab strain,Strain,Treatment,Strain*Treatment,Time_0,Time_0.5,Time_1,Time_1.5,Time_2,Time_2.5,Time_3,Time_3.5,Time_4,Time_4.5,Time_5,Time_5.5,Time_6,Time_6.5,Time_7,Time_7.5,Time_8,Time_8.5,Time_9,Time_9.5,Time_10,Time_10.5,Time_11,Time_11.5,Time_12,Time_12.5,Time_13,Time_13.5,Time_14,Time_14.5,Time_15,Time_15.5,Time_16,Time_16.5,Time_17,Time_17.5,Time_18,Time_18.5,Time_19,Time_19.5,Time_20
SGRP_mTORinhibitsSCREEN_SET1_CAFFEINE AND lowTORIN_MGK_12022017_,yML 742-6.67% H2O,75.46406619,0.550566592,81.80605423,2.554887174,BY4743,BY4743,6.67% H2O,BY4743*6.67% H2O,0,0.049333333,0.056,0.067,0.078333333,0.098,0.119333333,0.153,0.196333333,0.258666667,0.327666667,0.422,0.529,0.643333333,0.777666667,0.905333333,1.009,1.07,1.085333333,1.095,1.098333333,1.110333333,1.118666667,1.127333333,1.133333333,1.147,1.16,1.173333333,1.186,1.204333333,1.217666667,1.240666667,1.26,1.278666667,1.296,1.318333333,1.338333333,1.356666667,1.37,1.390666667,1.404
SGRP_mTORinhibitsSCREEN_SET3_CAFFEINE AND lowTORIN_JEMBL_1201201,yML 742-6.67% H2O,73.99327063,1.863035178,79.49617595,2.061089053,BY4743,BY4743,6.67% H2O,BY4743*6.67% H2O,0,0.038333333,0.045333333,0.052333333,0.064333333,0.081,0.103666667,0.134,0.175,0.225,0.297333333,0.384333333,0.491333333,0.605333333,0.724666667,0.841,0.936,0.990333333,1.004666667,1.004666667,1.013333333,1.018333333,1.023333333,1.032333333,1.039666667,1.054333333,1.064,1.077,1.087333333,1.099333333,1.112333333,1.124,1.136666667,1.149333333,1.158666667,1.175333333,1.187333333,1.200666667,1.213,1.225333333,1.236
