experiment,Line-Treatment,DT inflection,StDev_inf,DT interval,StDev_int,Lab strain,Strain,Treatment,Strain*Treatment,Time_0,Time_0.5,Time_1,Time_1.5,Time_2,Time_2.5,Time_3,Time_3.5,Time_4,Time_4.5,Time_5,Time_5.5,Time_6,Time_6.5,Time_7,Time_7.5,Time_8,Time_8.5,Time_9,Time_9.5,Time_10,Time_10.5,Time_11,Time_11.5,Time_12,Time_12.5,Time_13,Time_13.5,Time_14,Time_14.5,Time_15,Time_15.5,Time_16,Time_16.5,Time_17,Time_17.5,Time_18,Time_18.5,Time_19,Time_19.5,Time_20
SET4_highTORIN_REDO_NBMBL_080717.xls,yML 683-25 uM Torin 1,70.91310783,2.255025064,121.5134776,16.96609933,yML 683,Y6.5,25 uM Torin 1,Y6.5*25 uM Torin 1,0,0.050666667,0.050333333,0.049,0.046333333,0.044666667,0.043,0.055,0.066,0.072,0.088,0.12,0.140666667,0.174,0.201333333,0.218,0.277,0.320666667,0.391666667,0.476,0.578,0.694666667,0.815,0.939666667,1.054333333,1.132666667,1.208333333,1.244,1.271666667,1.300333333,1.330666667,1.365333333,1.396666667,1.432,1.457333333,1.483333333,1.505333333,1.525333333,1.542333333,1.56,1.576333333
