experiment,Line-Treatment,DT inflection,StDev_inf,DT interval,StDev_int,Lab strain,Strain,Treatment,Strain*Treatment,Time_0,Time_0.5,Time_1,Time_1.5,Time_2,Time_2.5,Time_3,Time_3.5,Time_4,Time_4.5,Time_5,Time_5.5,Time_6,Time_6.5,Time_7,Time_7.5,Time_8,Time_8.5,Time_9,Time_9.5,Time_10,Time_10.5,Time_11,Time_11.5,Time_12,Time_12.5,Time_13,Time_13.5,Time_14,Time_14.5,Time_15,Time_15.5,Time_16,Time_16.5,Time_17,Time_17.5,Time_18,Time_18.5,Time_19,Time_19.5,Time_20
RB_RUN1_F_SGRPmTORscreen_KGA_11082018.xls,yML698-A-2.5%DMSO,85.94292982,1.14187857,92.20614998,1.482025699,yML 698,IFO1804,2.5% DMSO,IFO1804*2.5% DMSO,0,0.055666667,0.063,0.073333333,0.081666667,0.086,0.122,0.152,0.194666667,0.243333333,0.303333333,0.377666667,0.466333333,0.556,0.652333333,0.757,0.860333333,0.939666667,0.960666667,0.958333333,0.959666667,0.958666667,0.955,0.954,0.951666667,0.955333333,0.952,0.953666667,0.954666667,0.954666667,0.952666667,0.956333333,0.958333333,0.957666667,0.960666667,0.961666667,0.962,0.963333333,0.963,0.967333333,0.967333333
