experiment,Line-Treatment,DT inflection,StDev_inf,DT interval,StDev_int,Lab strain,Strain,Treatment,Strain*Treatment,Time_0,Time_0.5,Time_1,Time_1.5,Time_2,Time_2.5,Time_3,Time_3.5,Time_4,Time_4.5,Time_5,Time_5.5,Time_6,Time_6.5,Time_7,Time_7.5,Time_8,Time_8.5,Time_9,Time_9.5,Time_10,Time_10.5,Time_11,Time_11.5,Time_12,Time_12.5,Time_13,Time_13.5,Time_14,Time_14.5,Time_15,Time_15.5,Time_16,Time_16.5,Time_17,Time_17.5,Time_18,Time_18.5,Time_19,Time_19.5,Time_20
SET2_caffeine_KGPU_080517.xls,NCYC 3472-1000 ug/ml Caffeine,85.26942,0.555145374,99.75052062,4.891893267,NCYC 3472,YJM975 ,1 mg/mL Caffeine,YJM975 *1 mg/mL Caffeine,0,0.027333333,0.028333333,0.032666667,0.038333333,0.050333333,0.063,0.08,0.101333333,0.129666667,0.162333333,0.2,0.249333333,0.312,0.377333333,0.451,0.543666667,0.633,0.727666667,0.823333333,0.900333333,0.984666667,1.06,1.129,1.174333333,1.2,1.225333333,1.252666667,1.285,1.314666667,1.349,1.383,1.413333333,1.444333333,1.468666667,1.506333333,1.519333333,1.541,1.56,1.582,1.599
SGRP_mTORinhibits_SET2_Caffeine_JE_092817.xls,NCYC 3472-1000 ug/ml Caffeine,88.85452876,4.456101058,95.08103185,3.444933546,NCYC 3472,YJM975 ,1 mg/mL Caffeine,YJM975 *1 mg/mL Caffeine,0,0.061333333,0.065666667,0.069333333,0.070333333,0.072333333,0.075,0.151,0.190666667,0.239666667,0.296666667,0.362,0.444666667,0.549,0.657,0.776666667,0.911666667,1.04,1.146,1.221,1.248,1.267333333,1.282,1.306333333,1.336666667,1.362,1.394,1.426666667,1.457,1.487,1.51,1.533,1.554666667,1.576666667,1.598,1.617666667,1.636666667,1.652,1.670333333,1.682666667,1.697
SGRP_mTORinhibitsSCREEN_SET2_Caffeine_JE_092717.xls,NCYC 3472-1000 ug/ml Caffeine,87.02173119,5.395336896,97.60066509,1.156463265,NCYC 3472,YJM975 ,1 mg/mL Caffeine,YJM975 *1 mg/mL Caffeine,0,0.072666667,0.078666667,0.087,0.098666667,0.119,0.142333333,0.180666667,0.224666667,0.279333333,0.344,0.421,0.511,0.610666667,0.724,0.847666667,0.977666667,1.097333333,1.187333333,1.242,1.254666667,1.268333333,1.285333333,1.313333333,1.335666667,1.366333333,1.395666667,1.430666667,1.461666667,1.488333333,1.514,1.537333333,1.563666667,1.584,1.602333333,1.625,1.641,1.659,1.673333333,1.689333333,1.704666667
