experiment,Line-Treatment,DT inflection,StDev_inf,DT interval,StDev_int,Lab strain,Strain,Treatment,Strain*Treatment,Time_0,Time_0.5,Time_1,Time_1.5,Time_2,Time_2.5,Time_3,Time_3.5,Time_4,Time_4.5,Time_5,Time_5.5,Time_6,Time_6.5,Time_7,Time_7.5,Time_8,Time_8.5,Time_9,Time_9.5,Time_10,Time_10.5,Time_11,Time_11.5,Time_12,Time_12.5,Time_13,Time_13.5,Time_14,Time_14.5,Time_15,Time_15.5,Time_16,Time_16.5,Time_17,Time_17.5,Time_18,Time_18.5,Time_19,Time_19.5,Time_20
SGRP_mTORinhibitsSCREEN_SET2_CAFFEINE AND lowTORIN_MGK_AR_120320,yML 557-2.5% DMSO,44.77387758,2.275339618,66.33747326,4.07424962,yML 557,T7,2.5% DMSO,T7*2.5% DMSO,0,0.065,0.072333333,0.079333333,0.074666667,0.118333333,0.144,0.229333333,0.291,0.416666667,0.534333333,0.711333333,0.863,1.010666667,1.144666667,1.257,1.292,1.315666667,1.344333333,1.377333333,1.405666667,1.431,1.47,1.495,1.517666667,1.548,1.570333333,1.587666667,1.609333333,1.614,1.645666667,1.656,1.663,1.686333333,1.701,1.709666667,1.724,1.734333333,1.741666667,1.753333333,1.752333333
