experiment,Line-Treatment,DT inflection,StDev_inf,DT interval,StDev_int,Lab strain,Strain,Treatment,Strain*Treatment,Time_0,Time_0.5,Time_1,Time_1.5,Time_2,Time_2.5,Time_3,Time_3.5,Time_4,Time_4.5,Time_5,Time_5.5,Time_6,Time_6.5,Time_7,Time_7.5,Time_8,Time_8.5,Time_9,Time_9.5,Time_10,Time_10.5,Time_11,Time_11.5,Time_12,Time_12.5,Time_13,Time_13.5,Time_14,Time_14.5,Time_15,Time_15.5,Time_16,Time_16.5,Time_17,Time_17.5,Time_18,Time_18.5,Time_19,Time_19.5,Time_20
SGRP_mTORinhibitsSCREEN_SET1_CAFFEINE AND lowTORIN_MGK_12022017_,NCYC 3445-6.67% H2O,67.02736086,4.626592376,56.08044526,8.513968309,NCYC 3445,Y12,6.67% H2O,Y12*6.67% H2O,0,0.032666667,0.035333333,0.042333333,0.057666667,0.093333333,0.190333333,0.27,0.363,0.489333333,0.618333333,0.762,0.913,1.053333333,1.183666667,1.226333333,1.256,1.285,1.313333333,1.349666667,1.379666667,1.411666667,1.44,1.471333333,1.501333333,1.524333333,1.541333333,1.554333333,1.581666667,1.577,1.603333333,1.579666667,1.59,1.595666667,1.590333333,1.612,1.639,1.678666667,1.683333333,1.703333333,1.709666667
