experiment,Line-Treatment,DT inflection,StDev_inf,DT interval,StDev_int,Lab strain,Strain,Treatment,Strain*Treatment,Time_0,Time_0.5,Time_1,Time_1.5,Time_2,Time_2.5,Time_3,Time_3.5,Time_4,Time_4.5,Time_5,Time_5.5,Time_6,Time_6.5,Time_7,Time_7.5,Time_8,Time_8.5,Time_9,Time_9.5,Time_10,Time_10.5,Time_11,Time_11.5,Time_12,Time_12.5,Time_13,Time_13.5,Time_14,Time_14.5,Time_15,Time_15.5,Time_16,Time_16.5,Time_17,Time_17.5,Time_18,Time_18.5,Time_19,Time_19.5,Time_20
SGRP_mTORinhibitsSCREEN_SET4_lowRAPA_MGK_10242017_D.xls,YML689-2.5 ng/ml RAPA,89.50732628,4.392212192,104.0254721,4.365754484,yML 689,Q69.8,2.5 ng/mL RAPA,Q69.8*2.5 ng/mL RAPA,0,0.045333333,0.049,0.051333333,0.068,0.081666667,0.102666667,0.124,0.154333333,0.188666667,0.232333333,0.286666667,0.347333333,0.419,0.508,0.598666667,0.684333333,0.782,0.888666667,0.993666667,1.083666667,1.162,1.200333333,1.223666667,1.252,1.277,1.31,1.349333333,1.375,1.401666667,1.430333333,1.445,1.472333333,1.488666667,,,,,,,
SGRP_mTORinhibitsSCREEN_SET4_lowrapa_JEMBL_10262017_F.xls,YML689-2.5 ng/ml RAPA,94.91892509,9.459567316,122.2207636,7.820816357,yML 689,Q69.8,2.5 ng/mL RAPA,Q69.8*2.5 ng/mL RAPA,0,0.044666667,0.049,0.054,0.067333333,0.083333333,0.112666667,0.136333333,0.164666667,0.200333333,0.238,0.288333333,0.346333333,0.404666667,0.482,0.553,0.634666667,0.72,0.804666667,0.895,0.978333333,1.055,1.112,1.163333333,1.195333333,1.218666667,1.245666667,1.274333333,1.306666667,1.331,1.362666667,1.383,1.410333333,,,,,,,,
