experiment,Line-Treatment,DT inflection,StDev_inf,DT interval,StDev_int,Lab strain,Strain,Treatment,Strain*Treatment,Time_0,Time_0.5,Time_1,Time_1.5,Time_2,Time_2.5,Time_3,Time_3.5,Time_4,Time_4.5,Time_5,Time_5.5,Time_6,Time_6.5,Time_7,Time_7.5,Time_8,Time_8.5,Time_9,Time_9.5,Time_10,Time_10.5,Time_11,Time_11.5,Time_12,Time_12.5,Time_13,Time_13.5,Time_14,Time_14.5,Time_15,Time_15.5,Time_16,Time_16.5,Time_17,Time_17.5,Time_18,Time_18.5,Time_19,Time_19.5,Time_20
SET4_highTORIN_REDO_NBMBL_080717.xls,yML 685-2.5% DMSO,44.33872806,13.60221545,,,yML 685,Q89.8,2.5% DMSO,Q89.8*2.5% DMSO,0,0.035666667,0.037,0.037,0.037,0.038,0.04,0.036,0.038666667,0.046,0.065,0.145333333,0.271333333,0.523,0.693333333,0.844,0.973666667,1.093666667,1.146666667,1.158666667,1.182,1.209,1.242666667,1.277666667,1.313333333,1.350666667,1.383,1.41,1.433,1.456666667,1.483,1.501666667,1.520333333,1.538,1.555666667,1.573333333,1.589,1.604666667,1.614,1.632333333,1.639333333
