experiment,Line-Treatment,DT inflection,StDev_inf,DT interval,StDev_int,Lab strain,Strain,Treatment,Strain*Treatment,Time_0,Time_0.5,Time_1,Time_1.5,Time_2,Time_2.5,Time_3,Time_3.5,Time_4,Time_4.5,Time_5,Time_5.5,Time_6,Time_6.5,Time_7,Time_7.5,Time_8,Time_8.5,Time_9,Time_9.5,Time_10,Time_10.5,Time_11,Time_11.5,Time_12,Time_12.5,Time_13,Time_13.5,Time_14,Time_14.5,Time_15,Time_15.5,Time_16,Time_16.5,Time_17,Time_17.5,Time_18,Time_18.5,Time_19,Time_19.5,Time_20
SGRP_mTOR_inhibitsSCREEN_SET2_HighRAPA+LowTorin_Repeat_JEMBL_073,yML 563-20 ng/ml RAPA,,,,,yML 563,YJM269,20 ng/mL RAPA,YJM269*20 ng/mL RAPA,0,0.049666667,0.055333333,0.054,0.052,0.050666667,0.05,0.05,0.05,0.049666667,0.050333333,0.050333333,0.051,0.051666667,0.051666667,0.052666667,0.054,0.055,0.055333333,0.057,0.057666667,0.059,0.059666667,0.061333333,0.064,0.065666667,0.066,0.068,0.07,0.071666667,0.073333333,0.075666667,0.077,0.078666667,0.080333333,0.083,0.084666667,0.087333333,0.089333333,0.091666667,0.094333333
