experiment,Line-Treatment,DT inflection,StDev_inf,DT interval,StDev_int,Lab strain,Strain,Treatment,Strain*Treatment,Time_0,Time_0.5,Time_1,Time_1.5,Time_2,Time_2.5,Time_3,Time_3.5,Time_4,Time_4.5,Time_5,Time_5.5,Time_6,Time_6.5,Time_7,Time_7.5,Time_8,Time_8.5,Time_9,Time_9.5,Time_10,Time_10.5,Time_11,Time_11.5,Time_12,Time_12.5,Time_13,Time_13.5,Time_14,Time_14.5,Time_15,Time_15.5,Time_16,Time_16.5,Time_17,Time_17.5,Time_18,Time_18.5,Time_19,Time_19.5,Time_20
SGRP_mTORinhibitsSCREEN_SET2_CAFFEINE AND lowTORIN_MGK_AR_120320,yML 562-2.5% DMSO,95.00250204,2.178928497,107.8223548,3.619447374,yML 562,CLIB215,2.5% DMSO,CLIB215*2.5% DMSO,0,0.053,0.060333333,0.071,0.086,0.100333333,0.112333333,0.137,0.161333333,0.195333333,0.234,0.291333333,0.349,0.423,0.512666667,0.596666667,0.7,0.810666667,0.920666667,1.025333333,1.041666667,1.052,1.065666667,1.078666667,1.094,1.117666667,1.141333333,1.169333333,1.200666667,1.227,1.269333333,1.299666667,1.329333333,1.357,1.382333333,1.408333333,1.429,1.448333333,1.468,1.489333333,1.499333333
