experiment,Line-Treatment,DT inflection,StDev_inf,DT interval,StDev_int,Lab strain,Strain,Treatment,Strain*Treatment,Time_0,Time_0.5,Time_1,Time_1.5,Time_2,Time_2.5,Time_3,Time_3.5,Time_4,Time_4.5,Time_5,Time_5.5,Time_6,Time_6.5,Time_7,Time_7.5,Time_8,Time_8.5,Time_9,Time_9.5,Time_10,Time_10.5,Time_11,Time_11.5,Time_12,Time_12.5,Time_13,Time_13.5,Time_14,Time_14.5,Time_15,Time_15.5,Time_16,Time_16.5,Time_17,Time_17.5,Time_18,Time_18.5,Time_19,Time_19.5,Time_20
SGRP_mTORinhibitsSCREEN_SET3_CAFFEINE AND lowTORIN_JEMBL_1201201,yML672-2.5% DMSO,95.50681382,3.419513538,74.95979997,17.0657118,yML 672,S36.7,2.5% DMSO,S36.7*2.5% DMSO,0,0.043,0.037,0.028666667,0.024333333,0.021333333,0.021333333,0.020666667,0.073666667,0.211333333,0.327666667,0.401666667,0.493333333,0.598666667,0.707666667,0.822,0.94,1.048666667,1.125333333,1.174,1.209333333,1.238,1.265333333,1.303,1.333,1.366,1.393666667,1.420333333,1.443,1.466666667,1.488,1.505333333,1.527,1.540333333,1.558333333,1.572333333,1.587666667,1.607,1.620333333,1.632666667,1.641
