experiment,Line-Treatment,DT inflection,StDev_inf,DT interval,StDev_int,Lab strain,Strain,Treatment,Strain*Treatment,Time_0,Time_0.5,Time_1,Time_1.5,Time_2,Time_2.5,Time_3,Time_3.5,Time_4,Time_4.5,Time_5,Time_5.5,Time_6,Time_6.5,Time_7,Time_7.5,Time_8,Time_8.5,Time_9,Time_9.5,Time_10,Time_10.5,Time_11,Time_11.5,Time_12,Time_12.5,Time_13,Time_13.5,Time_14,Time_14.5,Time_15,Time_15.5,Time_16,Time_16.5,Time_17,Time_17.5,Time_18,Time_18.5,Time_19,Time_19.5,Time_20
SGRP_mTORinhibitsSCREEN_SET3_LOWRAPA_JEMBL_12012017_F,yML 665-2.5 ng/ml RAPA,29.60169165,2.111264668,87.60787462,30.30975955,yML 665,N-45,2.5 ng/mL RAPA,N-45*2.5 ng/mL RAPA,0,0.04,0.040333333,0.035333333,0.025333333,0.018666667,0.190333333,0.230666667,0.290666667,0.279333333,0.564666667,0.679333333,0.887,1.045,1.167333333,1.240666667,1.262333333,1.272,1.273666667,1.288666667,1.309666667,1.33,1.346666667,1.378666667,1.384333333,1.398333333,1.418333333,1.457,1.478,1.496333333,1.517666667,1.531666667,1.54,1.561333333,1.585,1.593,1.606333333,1.623,1.632333333,1.641666667,1.66
SGRP_mTORinhibitsSCREEN_SET3_LOWRAPA_JEMBL_12012017_F,yML 665-2.5 ng/ml RAPA,31.96892138,3.282587183,233.1125454,108.0043753,yML 665,N-45,2.5 ng/mL RAPA,N-45*2.5 ng/mL RAPA,0,0.032666667,0.031666667,0.029,0.034333333,0.021333333,0.199,0.243333333,0.224666667,0.241333333,0.464333333,0.645333333,0.818333333,0.994666667,1.155,1.241333333,1.265,1.278,1.284,1.299666667,1.315666667,1.329333333,1.354666667,1.384333333,1.405,1.423666667,1.443,1.473,1.497666667,1.507333333,1.536666667,1.542333333,1.569666667,1.582333333,1.612333333,1.62,1.634333333,1.656333333,1.659333333,1.676333333,1.680333333
