experiment,Line-Treatment,DT inflection,StDev_inf,DT interval,StDev_int,Lab strain,Strain,Treatment,Strain*Treatment,Time_0,Time_0.5,Time_1,Time_1.5,Time_2,Time_2.5,Time_3,Time_3.5,Time_4,Time_4.5,Time_5,Time_5.5,Time_6,Time_6.5,Time_7,Time_7.5,Time_8,Time_8.5,Time_9,Time_9.5,Time_10,Time_10.5,Time_11,Time_11.5,Time_12,Time_12.5,Time_13,Time_13.5,Time_14,Time_14.5,Time_15,Time_15.5,Time_16,Time_16.5,Time_17,Time_17.5,Time_18,Time_18.5,Time_19,Time_19.5,Time_20
SGRP_mTOR_inhibitsSCREEN_SET1_highTORIN_KGPUMBL_052817.xls,NCYC 3264-25uM Torin 1,83.6357138,2.12713812,94.23608017,2.904894134,NCYC 3264,DBVPG 6765,25 uM Torin 1,DBVPG 6765*25 uM Torin 1,0,0.047,0.05,0.052,0.054666667,0.058333333,0.062666667,0.068333333,0.076,0.084666667,0.094,0.106666667,0.121,0.138666667,0.161666667,0.196,0.239333333,0.300333333,0.382,0.48,0.598666667,0.731333333,0.861,0.985333333,1.071,1.147,1.175666667,1.199333333,1.224333333,1.254333333,1.281333333,1.306,1.332666667,1.36,1.388666667,1.415,1.439,1.461,1.479,1.496333333,1.512333333
