experiment,Line-Treatment,DT inflection,StDev_inf,DT interval,StDev_int,Lab strain,Strain,Treatment,Strain*Treatment,Time_0,Time_0.5,Time_1,Time_1.5,Time_2,Time_2.5,Time_3,Time_3.5,Time_4,Time_4.5,Time_5,Time_5.5,Time_6,Time_6.5,Time_7,Time_7.5,Time_8,Time_8.5,Time_9,Time_9.5,Time_10,Time_10.5,Time_11,Time_11.5,Time_12,Time_12.5,Time_13,Time_13.5,Time_14,Time_14.5,Time_15,Time_15.5,Time_16,Time_16.5,Time_17,Time_17.5,Time_18,Time_18.5,Time_19,Time_19.5,Time_20
SET2AZDredo+highTORINMBL_07302017.xls,yML558-100 uM AZD8055,65.74952602,1.26607734,69.19085786,3.001659942,yML 558,FL100,100 uM AZD8055,FL100*100 uM AZD8055,0,0.055333333,0.061,0.071666667,0.085666667,0.111,0.153333333,0.199333333,0.273333333,0.365666667,0.477333333,0.61,0.750666667,0.901333333,1.037,1.150666667,1.195,1.223666667,1.247,1.278,1.310333333,1.338666667,1.372,1.406,1.434333333,1.461,1.490333333,1.513,1.536666667,1.558666667,1.586,1.602,1.619666667,1.642333333,1.658,1.672666667,1.689666667,1.708333333,1.713666667,1.728666667,1.733333333
