experiment,Line-Treatment,DT inflection,StDev_inf,DT interval,StDev_int,Lab strain,Strain,Treatment,Strain*Treatment,Time_0,Time_0.5,Time_1,Time_1.5,Time_2,Time_2.5,Time_3,Time_3.5,Time_4,Time_4.5,Time_5,Time_5.5,Time_6,Time_6.5,Time_7,Time_7.5,Time_8,Time_8.5,Time_9,Time_9.5,Time_10,Time_10.5,Time_11,Time_11.5,Time_12,Time_12.5,Time_13,Time_13.5,Time_14,Time_14.5,Time_15,Time_15.5,Time_16,Time_16.5,Time_17,Time_17.5,Time_18,Time_18.5,Time_19,Time_19.5,Time_20
SGRP_mTORinhibitsSCREEN_SET1_AZD8055_KGPUARMBL_061817.xls,NCYC 3457-100uM AZD08055,85.45250802,1.438031969,88.39442076,1.686986385,NCYC 3457,273614 N,100 uM AZD8055,273614 N*100 uM AZD8055,0,0.06,0.062,0.071,0.089,0.110666667,0.138,0.171,0.214666667,0.272666667,0.345333333,0.438,0.547,0.673,0.811333333,0.955666667,1.092,1.223333333,1.274333333,1.308666667,1.343,1.378333333,1.411,1.443333333,1.476666667,1.501666667,1.529666667,1.555666667,1.577333333,1.597,1.613666667,1.634666667,1.649666667,1.664,1.678333333,1.694,1.706666667,1.717666667,1.73,1.738666667,1.749
