experiment,Line-Treatment,DT inflection,StDev_inf,DT interval,StDev_int,Lab strain,Strain,Treatment,Strain*Treatment,Time_0,Time_0.5,Time_1,Time_1.5,Time_2,Time_2.5,Time_3,Time_3.5,Time_4,Time_4.5,Time_5,Time_5.5,Time_6,Time_6.5,Time_7,Time_7.5,Time_8,Time_8.5,Time_9,Time_9.5,Time_10,Time_10.5,Time_11,Time_11.5,Time_12,Time_12.5,Time_13,Time_13.5,Time_14,Time_14.5,Time_15,Time_15.5,Time_16,Time_16.5,Time_17,Time_17.5,Time_18,Time_18.5,Time_19,Time_19.5,Time_20
SGRP_mTORinhibitsSCREEN_SET3_CAFFEINE_MGK_10082017_D.xls,YML678-1000 ug/ml Caffeine,69.49930397,5.80114944,115.5732543,24.94485901,yML 678,N-43,1 mg/mL Caffeine,N-43*1 mg/mL Caffeine,0,0.067,0.072333333,0.074,0.075333333,0.111333333,0.129333333,0.155333333,0.191333333,0.220666667,0.298,0.359333333,0.447666667,0.526,0.641333333,0.736,0.849,0.950666667,1.054,1.130666667,1.182333333,1.185666667,1.181666667,1.200333333,1.215666667,1.236333333,1.263333333,1.292666667,1.322333333,1.359333333,1.388666667,1.418,1.445666667,1.479333333,1.498666667,1.526,1.549333333,1.572,1.596,1.61,1.633333333
