experiment,Line-Treatment,DT inflection,StDev_inf,DT interval,StDev_int,Lab strain,Strain,Treatment,Strain*Treatment,Time_0,Time_0.5,Time_1,Time_1.5,Time_2,Time_2.5,Time_3,Time_3.5,Time_4,Time_4.5,Time_5,Time_5.5,Time_6,Time_6.5,Time_7,Time_7.5,Time_8,Time_8.5,Time_9,Time_9.5,Time_10,Time_10.5,Time_11,Time_11.5,Time_12,Time_12.5,Time_13,Time_13.5,Time_14,Time_14.5,Time_15,Time_15.5,Time_16,Time_16.5,Time_17,Time_17.5,Time_18,Time_18.5,Time_19,Time_19.5,Time_20
SGRP_mTOR_inhibitsSCREEN_SET3_round3_lowTORIN_KG_091517_F.xls,YML 570-1 uM Torin 1,155.1083446,6.373770691,187.7862696,3.71538704,yML 570,FM677,1 uM Torin 1,FM677*1 uM Torin 1,0,0.024333333,0.025,0.025666667,0.027,0.029,0.031,0.033,0.034666667,0.037666667,0.042333333,0.047,0.053333333,0.060333333,0.069,0.078666667,0.09,0.102,0.116333333,0.132666667,0.150666667,0.169666667,0.191666667,0.216333333,0.240333333,0.271,0.301666667,0.337666667,0.372333333,0.410666667,0.455,0.501666667,0.550666667,0.601333333,0.653,0.709,0.766,0.821,0.876333333,0.933666667,0.987333333
SGRP_mTORinhibitsSCREEN_SET3_LOWTORIN_MGK_09112017F.xls,YML 570-1 uM Torin 1,32.86803546,11.43927362,47.76475603,34.88832334,yML 570,FM677,1 uM Torin 1,FM677*1 uM Torin 1,0,0.047,0.047666667,0.041666667,0.036333333,0.028666667,0.023,0.047666667,0.109666667,0.158,0.187666667,0.352,0.342666667,0.541333333,0.662666667,0.780333333,0.897,1.007666667,1.114666667,1.192666667,1.214666667,1.241333333,1.268333333,1.306666667,1.345333333,1.379666667,1.413666667,1.442,1.466333333,1.487666667,1.509333333,1.529,1.546666667,1.564,1.579,1.590666667,1.607333333,1.622666667,1.635333333,1.646666667,1.658666667
SGRP_mTORinhibitsSCREEN_SET3_LOWTORIN_PUMT_062817.xls,YML 570-1 uM Torin 1,145.5677417,7.562603685,170.2484349,2.289539584,yML 570,FM677,1 uM Torin 1,FM677*1 uM Torin 1,0,0.013666667,0.014666667,0.016,0.017666667,0.019666667,0.022666667,0.025333333,0.030666667,0.037,0.043333333,0.051666667,0.060333333,0.072333333,0.086,0.098,0.113333333,0.129333333,0.148666667,0.17,0.193666667,0.221333333,0.251666667,0.283,0.320333333,0.360666667,0.405,0.451666667,0.503,0.561,0.616333333,0.678666667,0.74,0.801,0.863666667,0.924,0.982333333,1.0,0.999666667,0.988333333,0.980333333
