experiment,Line-Treatment,DT inflection,StDev_inf,DT interval,StDev_int,Lab strain,Strain,Treatment,Strain*Treatment,Time_0,Time_0.5,Time_1,Time_1.5,Time_2,Time_2.5,Time_3,Time_3.5,Time_4,Time_4.5,Time_5,Time_5.5,Time_6,Time_6.5,Time_7,Time_7.5,Time_8,Time_8.5,Time_9,Time_9.5,Time_10,Time_10.5,Time_11,Time_11.5,Time_12,Time_12.5,Time_13,Time_13.5,Time_14,Time_14.5,Time_15,Time_15.5,Time_16,Time_16.5,Time_17,Time_17.5,Time_18,Time_18.5,Time_19,Time_19.5,Time_20
SGRP_mTOR_inhibitsSCREEN_SET2_HighRAPA+LowTorin_Repeat_JEMBL_073,yML 561-20 ng/ml RAPA,115.9965698,4.541146726,149.7136686,3.785880536,yML 561,T73,20 ng/mL RAPA,T73*20 ng/mL RAPA,0,0.016333333,0.03,0.048,0.062333333,0.074,0.088666667,0.105333333,0.122,0.141666667,0.169,0.194666667,0.227666667,0.266666667,0.305666667,0.349333333,0.397333333,0.449333333,0.499666667,0.557,0.613333333,0.673,0.732666667,0.789,0.849,0.906,0.963,1.023333333,1.076666667,1.131666667,1.183333333,1.233666667,1.280666667,1.325,1.361666667,1.394666667,1.417666667,1.434666667,1.450333333,1.463333333,1.478
