experiment,Line-Treatment,DT inflection,StDev_inf,DT interval,StDev_int,Lab strain,Strain,Treatment,Strain*Treatment,Time_0,Time_0.5,Time_1,Time_1.5,Time_2,Time_2.5,Time_3,Time_3.5,Time_4,Time_4.5,Time_5,Time_5.5,Time_6,Time_6.5,Time_7,Time_7.5,Time_8,Time_8.5,Time_9,Time_9.5,Time_10,Time_10.5,Time_11,Time_11.5,Time_12,Time_12.5,Time_13,Time_13.5,Time_14,Time_14.5,Time_15,Time_15.5,Time_16,Time_16.5,Time_17,Time_17.5,Time_18,Time_18.5,Time_19,Time_19.5,Time_20
SGRP_mTOR_inhibitsSCREEN_SET1_highTORIN_KGPUMBL_052817.xls,NCYC 3347-25uM Torin 1,80.62894231,1.812266438,88.28747306,1.237811097,NCYC 3447,DBVPG 1106,25 uM Torin 1,DBVPG 1106*25 uM Torin 1,0,0.058666667,0.059666667,0.060666667,0.060666667,0.063666667,0.065666667,0.069333333,0.073666667,0.080333333,0.091,0.103,0.113333333,0.128333333,0.150333333,0.182,0.227666667,0.290333333,0.372666667,0.481666667,0.613666667,0.758333333,0.909,1.057333333,1.178333333,1.237666667,1.255333333,1.276666667,1.305,1.339,1.363,1.387666667,1.416666667,1.448,1.481,1.505,1.527333333,1.549,1.568,1.587,1.604666667
