experiment,Line-Treatment,DT inflection,StDev_inf,DT interval,StDev_int,Lab strain,Strain,Treatment,Strain*Treatment,Time_0,Time_0.5,Time_1,Time_1.5,Time_2,Time_2.5,Time_3,Time_3.5,Time_4,Time_4.5,Time_5,Time_5.5,Time_6,Time_6.5,Time_7,Time_7.5,Time_8,Time_8.5,Time_9,Time_9.5,Time_10,Time_10.5,Time_11,Time_11.5,Time_12,Time_12.5,Time_13,Time_13.5,Time_14,Time_14.5,Time_15,Time_15.5,Time_16,Time_16.5,Time_17,Time_17.5,Time_18,Time_18.5,Time_19,Time_19.5,Time_20
SGRP_mTORinhibitsSCREEN_SET1_LOWRAPA_highRAPA_lowTORIN_MGK_12022,NCYC 3315-20 ng/ml RAPA,111.0377289,5.905325168,151.234108,0.729625992,NCYC 3315,YPS606,20 ng/mL RAPA,YPS606*20 ng/mL RAPA,0,0.052333333,0.064666667,0.077333333,0.086333333,0.099,0.112333333,0.137333333,0.159333333,0.179333333,0.216333333,0.248666667,0.282333333,0.322666667,0.367333333,0.416333333,0.463333333,0.530666667,0.601,0.667,0.732,0.798,0.865666667,0.933,0.995333333,1.057,1.116666667,1.173,1.229333333,1.282666667,1.332666667,1.382333333,1.427333333,1.471,1.504,1.519333333,1.537333333,1.556666667,1.576,1.593333333,1.607333333
SGRP_mTORinhibitsSCREEN_SET1_LOWRAPA_highRAPA_lowTORIN_MGK_12022,NCYC 3315-20 ng/ml RAPA,87.35213968,11.32028194,141.1880076,2.986208322,NCYC 3315,YPS606,20 ng/mL RAPA,YPS606*20 ng/mL RAPA,0,0.060666667,0.072333333,0.085333333,0.094666667,0.104333333,0.121,0.148,0.168,0.192666667,0.245,0.283333333,0.321666667,0.372333333,0.421666667,0.489,0.549333333,0.621666667,0.693,0.761666667,0.827333333,0.893,0.959333333,1.022,1.08,1.137333333,1.192333333,1.246,1.295666667,1.344333333,1.390666667,1.435,1.475333333,1.508666667,1.525,1.539666667,1.557333333,1.575333333,1.592,1.607,1.620666667
