experiment,Line-Treatment,DT inflection,StDev_inf,DT interval,StDev_int,Lab strain,Strain,Treatment,Strain*Treatment,Time_0,Time_0.5,Time_1,Time_1.5,Time_2,Time_2.5,Time_3,Time_3.5,Time_4,Time_4.5,Time_5,Time_5.5,Time_6,Time_6.5,Time_7,Time_7.5,Time_8,Time_8.5,Time_9,Time_9.5,Time_10,Time_10.5,Time_11,Time_11.5,Time_12,Time_12.5,Time_13,Time_13.5,Time_14,Time_14.5,Time_15,Time_15.5,Time_16,Time_16.5,Time_17,Time_17.5,Time_18,Time_18.5,Time_19,Time_19.5,Time_20
SGRP_mTORinhibitsSCREEN_SET3_LOWRAPA_JEMBL_12012017_F,yML 674-1% DMSO,82.10048791,9.763417474,83.72482525,2.649509772,yML 674,Q32.3,1% DMSO,Q32.3*1% DMSO,0,0.012666667,0.014333333,0.007333333,0.011666667,0.015,0.172666667,0.217333333,0.276333333,0.361,0.449333333,0.549666667,0.675333333,0.802666667,0.875333333,0.930333333,0.977333333,1.034666667,1.090333333,1.117666667,1.138,1.159333333,1.181,1.219666667,1.211,1.246333333,1.295666667,1.304,1.331,1.344333333,1.382,1.400333333,1.406333333,1.441,1.442,1.48,1.517,1.533333333,1.519666667,1.546333333,1.587333333
