experiment,Line-Treatment,DT inflection,StDev_inf,DT interval,StDev_int,Lab strain,Strain,Treatment,Strain*Treatment,Time_0,Time_0.5,Time_1,Time_1.5,Time_2,Time_2.5,Time_3,Time_3.5,Time_4,Time_4.5,Time_5,Time_5.5,Time_6,Time_6.5,Time_7,Time_7.5,Time_8,Time_8.5,Time_9,Time_9.5,Time_10,Time_10.5,Time_11,Time_11.5,Time_12,Time_12.5,Time_13,Time_13.5,Time_14,Time_14.5,Time_15,Time_15.5,Time_16,Time_16.5,Time_17,Time_17.5,Time_18,Time_18.5,Time_19,Time_19.5,Time_20
SGRP_mTORinhibitsSCREEN_SET4_Caff_MGK_10252017_D.xls,YML 686-1000 ug/ml Caffeine,77.85007939,7.719428444,117.4189548,5.574197859,yML 686,KPN3828,1 mg/mL Caffeine,KPN3828*1 mg/mL Caffeine,0,0.041333333,0.049333333,0.058666667,0.072666667,0.084,0.099333333,0.122,0.153333333,0.159,0.196333333,0.235333333,0.291333333,0.338,0.413333333,0.493,0.554,0.640666667,0.730333333,0.812666667,0.874666667,0.898,0.929333333,0.873,0.88,0.883,0.884666667,0.890333333,0.908,0.977666667,0.948666667,0.987333333,1.032,1.042666667,1.075,1.11,1.153333333,1.159,1.186333333,1.226,1.272
SGRP_mTORinhibitsSCREEN_SET4_Caffeine_MGK_09202017.xls,YML 686-1000 ug/ml Caffeine,52.78114907,4.730838552,92.0283662,25.13433334,yML 686,KPN3828,1 mg/mL Caffeine,KPN3828*1 mg/mL Caffeine,0,0.061333333,0.04,0.08,0.074,0.108666667,0.129666667,0.181333333,0.213333333,0.264,0.332,0.401333333,0.487666667,0.548666667,0.636333333,0.709333333,0.789,0.842,0.892333333,0.922666667,0.949666667,0.967666667,0.997,1.023333333,1.067666667,1.072666667,1.096666667,1.122333333,1.144333333,1.159333333,1.176666667,1.207666667,1.183,1.203666667,1.226666667,1.25,1.253333333,1.270333333,1.305666667,1.319666667,1.35
