experiment,Line-Treatment,DT inflection,StDev_inf,DT interval,StDev_int,Lab strain,Strain,Treatment,Strain*Treatment,Time_0,Time_0.5,Time_1,Time_1.5,Time_2,Time_2.5,Time_3,Time_3.5,Time_4,Time_4.5,Time_5,Time_5.5,Time_6,Time_6.5,Time_7,Time_7.5,Time_8,Time_8.5,Time_9,Time_9.5,Time_10,Time_10.5,Time_11,Time_11.5,Time_12,Time_12.5,Time_13,Time_13.5,Time_14,Time_14.5,Time_15,Time_15.5,Time_16,Time_16.5,Time_17,Time_17.5,Time_18,Time_18.5,Time_19,Time_19.5,Time_20
SET4_highTORIN_REDO_NBMBL_080717.xls,yML 687-2.5% DMSO,41.17476652,11.80756026,34.10073371,0.897194799,yML 687,Y9.6,2.5% DMSO,Y9.6*2.5% DMSO,0,0.034,0.033666667,0.032,0.029333333,0.027,0.026,0.033666667,0.035333333,0.069333333,0.129,0.241333333,0.373333333,0.565333333,0.698666667,0.829,0.958,1.072,1.177333333,1.254,1.272666667,1.303666667,1.334666667,1.369666667,1.403333333,1.439666667,1.468666667,1.493,1.515333333,1.537666667,1.558333333,1.573333333,1.607666667,1.604333333,1.619,1.631666667,1.644666667,1.657,1.668,1.677666667,1.683666667
