experiment,Line-Treatment,DT inflection,StDev_inf,DT interval,StDev_int,Lab strain,Strain,Treatment,Strain*Treatment,Time_0,Time_0.5,Time_1,Time_1.5,Time_2,Time_2.5,Time_3,Time_3.5,Time_4,Time_4.5,Time_5,Time_5.5,Time_6,Time_6.5,Time_7,Time_7.5,Time_8,Time_8.5,Time_9,Time_9.5,Time_10,Time_10.5,Time_11,Time_11.5,Time_12,Time_12.5,Time_13,Time_13.5,Time_14,Time_14.5,Time_15,Time_15.5,Time_16,Time_16.5,Time_17,Time_17.5,Time_18,Time_18.5,Time_19,Time_19.5,Time_20
SGRP_mTORinhibitsSCREEN_SET1_LOWRAPA_highRAPA_lowTORIN_MGK_12022,NCYC 3314-20 ng/ml RAPA,162.1645072,4.500403834,179.6982495,1.275108973,NCYC 3314,BC187,20 ng/mL RAPA,BC187*20 ng/mL RAPA,0,0.050666667,0.064,0.079333333,0.090333333,0.101333333,0.114,0.125,0.139666667,0.155666667,0.173,0.194333333,0.218333333,0.247666667,0.279333333,0.311666667,0.349333333,0.390666667,0.434666667,0.484666667,0.545666667,0.604666667,0.664333333,0.721333333,0.783333333,0.847333333,0.907666667,0.971,1.031,1.09,1.144666667,1.199666667,1.250666667,1.299,1.341666667,1.365,1.379,1.397333333,1.415666667,1.431333333,1.447
SGRP_mTORinhibitsSCREEN_SET1_LOWRAPA_highRAPA_lowTORIN_MGK_12022,NCYC 3314-20 ng/ml RAPA,165.5341244,2.217552488,181.9187038,2.567357462,NCYC 3314,BC187,20 ng/mL RAPA,BC187*20 ng/mL RAPA,0,0.043666667,0.056,0.067,0.077333333,0.086,0.095,0.105333333,0.116,0.127666667,0.143333333,0.161333333,0.181,0.203333333,0.229,0.257,0.288333333,0.325,0.362666667,0.405,0.449,0.503333333,0.563,0.617,0.675,0.733666667,0.796,0.857666667,0.919,0.981666667,1.04,1.098333333,1.154333333,1.205666667,1.257,1.305333333,1.348666667,1.370333333,1.385666667,1.402333333,1.422
