experiment,Line-Treatment,DT inflection,StDev_inf,DT interval,StDev_int,Lab strain,Strain,Treatment,Strain*Treatment,Time_0,Time_0.5,Time_1,Time_1.5,Time_2,Time_2.5,Time_3,Time_3.5,Time_4,Time_4.5,Time_5,Time_5.5,Time_6,Time_6.5,Time_7,Time_7.5,Time_8,Time_8.5,Time_9,Time_9.5,Time_10,Time_10.5,Time_11,Time_11.5,Time_12,Time_12.5,Time_13,Time_13.5,Time_14,Time_14.5,Time_15,Time_15.5,Time_16,Time_16.5,Time_17,Time_17.5,Time_18,Time_18.5,Time_19,Time_19.5,Time_20
SGRP_mTOR_inhibitsSCREEN_SET3_round3_lowTORIN_KG_091517_F.xls,YML 618-1 uM Torin 1,95.6956974,0.569827587,98.88240395,0.477727286,yML 618,NCYC361,1 uM Torin 1,NCYC361*1 uM Torin 1,0,0.037,0.038333333,0.043333333,0.050333333,0.060333333,0.073666667,0.086,0.104,0.124666667,0.152333333,0.186,0.228666667,0.282,0.348666667,0.431333333,0.528,0.632666667,0.739666667,0.843,0.938666667,1.035,1.104666667,1.149666667,1.149666667,1.150666667,1.154666667,1.159,1.165333333,1.171333333,1.178,1.187666667,1.195333333,1.205666667,1.215,1.225333333,1.237666667,1.247666667,1.256666667,1.267333333,1.278333333
SGRP_mTORinhibitsSCREEN_SET3_LOWTORIN_MGK_09112017F.xls,YML 618-1 uM Torin 1,51.74700151,9.499020248,78.70584319,13.3348683,yML 618,NCYC361,1 uM Torin 1,NCYC361*1 uM Torin 1,0,0.049666667,0.053,0.048666667,0.045666667,0.040333333,0.038,0.039666667,0.103,0.162333333,0.229666667,0.306666667,0.354333333,0.470333333,0.577,0.678333333,0.791666667,0.898,1.001333333,1.103333333,1.146666667,1.167,1.189333333,1.219333333,1.259666667,1.297666667,1.335666667,1.368333333,1.396333333,1.422666667,1.448333333,1.468333333,1.489666667,1.509333333,1.527333333,1.541666667,1.557666667,1.574666667,1.588,1.599,1.601333333
SGRP_mTORinhibitsSCREEN_SET3_LOWTORIN_PUMT_062817.xls,YML 618-1 uM Torin 1,149.2350128,2.054437629,212.1946065,0.696576443,yML 618,NCYC361,1 uM Torin 1,NCYC361*1 uM Torin 1,0,0.021333333,0.025333333,0.030666667,0.034666667,0.040666667,0.046333333,0.053,0.062,0.071666667,0.080333333,0.089333333,0.099333333,0.110666667,0.122333333,0.133333333,0.146,0.158,0.172333333,0.188,0.203666667,0.223,0.241333333,0.265,0.294666667,0.327333333,0.368,0.418,0.474666667,0.544666667,0.621,0.702333333,0.782666667,0.867666667,0.930666667,0.948333333,0.953666667,0.962333333,0.970666667,0.981,0.99
