experiment,Line-Treatment,DT inflection,StDev_inf,DT interval,StDev_int,Lab strain,Strain,Treatment,Strain*Treatment,Time_0,Time_0.5,Time_1,Time_1.5,Time_2,Time_2.5,Time_3,Time_3.5,Time_4,Time_4.5,Time_5,Time_5.5,Time_6,Time_6.5,Time_7,Time_7.5,Time_8,Time_8.5,Time_9,Time_9.5,Time_10,Time_10.5,Time_11,Time_11.5,Time_12,Time_12.5,Time_13,Time_13.5,Time_14,Time_14.5,Time_15,Time_15.5,Time_16,Time_16.5,Time_17,Time_17.5,Time_18,Time_18.5,Time_19,Time_19.5,Time_20
SGRP_mTORinhibsSCREEN_SET1_lowRAPA_KGPUMBL_05062017.xls,NCYC 3311-2.5ng/ml RAPA,60.09198785,4.70788873,83.05889741,1.526498603,NCYC 3311,DBVPG 1788,2.5 ng/mL RAPA,DBVPG 1788*2.5 ng/mL RAPA,0,0.041666667,0.046333333,0.056666667,4.63e-18,0.091333333,0.119666667,0.158666667,0.209333333,0.27,0.347666667,0.431333333,0.462666667,0.653666667,0.775666667,0.833,1.019666667,1.130333333,1.213,1.243333333,1.272666667,1.287333333,1.302333333,1.339,1.364333333,1.402,1.417,1.446666667,1.477333333,1.504,1.515,1.542,1.564666667,1.591666667,1.608333333,1.625,1.642,1.66,1.671,1.685,1.7
