experiment,Line-Treatment,DT inflection,StDev_inf,DT interval,StDev_int,Lab strain,Strain,Treatment,Strain*Treatment,Time_0,Time_0.5,Time_1,Time_1.5,Time_2,Time_2.5,Time_3,Time_3.5,Time_4,Time_4.5,Time_5,Time_5.5,Time_6,Time_6.5,Time_7,Time_7.5,Time_8,Time_8.5,Time_9,Time_9.5,Time_10,Time_10.5,Time_11,Time_11.5,Time_12,Time_12.5,Time_13,Time_13.5,Time_14,Time_14.5,Time_15,Time_15.5,Time_16,Time_16.5,Time_17,Time_17.5,Time_18,Time_18.5,Time_19,Time_19.5,Time_20
SET2_caffeine_KGPU_080517.xls,yML560-1000 ug/ml Caffeine,119.5048718,10.78412766,130.4824331,2.132065657,yML 560,UC5,1 mg/mL Caffeine,UC5*1 mg/mL Caffeine,0,0.035333333,0.035,0.038666667,0.044,0.055,0.064333333,0.075333333,0.088,0.100333333,0.117,0.135,0.158,0.184,0.215,0.251333333,0.297666667,0.345666667,0.406,0.472,0.544333333,0.620333333,0.701666667,0.779666667,0.862666667,0.933666667,0.992,1.047,1.091,1.124333333,1.146,1.161333333,1.182666667,1.206,1.230666667,1.256,1.284,1.310666667,1.336666667,1.364333333,1.389333333
SGRP_mTORinhibits_SET2_Caffeine_JE_092817.xls,yML560-1000 ug/ml Caffeine,116.2918221,6.123701616,124.5478213,2.443387187,yML 560,UC5,1 mg/mL Caffeine,UC5*1 mg/mL Caffeine,0,0.037,0.039,0.041333333,0.043333333,0.049666667,0.058,0.079333333,0.091666667,0.107666667,0.125333333,0.144333333,0.167,0.198333333,0.236,0.278,0.328,0.386,0.455333333,0.532333333,0.614,0.701333333,0.787666667,0.874666667,0.964,1.044,1.105333333,1.139666667,1.148333333,1.162666667,1.180333333,1.201,1.226333333,1.251666667,1.279666667,1.306,1.334333333,1.359666667,1.386,1.409666667,1.434333333
SGRP_mTORinhibitsSCREEN_SET2_Caffeine_JE_092717.xls,yML560-1000 ug/ml Caffeine,127.6695022,5.497433447,142.6006121,3.318323982,yML 560,UC5,1 mg/mL Caffeine,UC5*1 mg/mL Caffeine,0,0.039333333,0.043333333,0.048,0.056666667,0.066333333,0.073,0.088,0.104333333,0.122666667,0.141666667,0.160333333,0.185333333,0.215,0.248,0.290333333,0.330333333,0.387,0.447666667,0.521,0.592666667,0.671,0.75,0.835666667,0.916666667,1.001,1.073333333,1.121,1.129,1.141666667,1.160666667,1.181666667,1.205,1.227,1.252666667,1.284333333,1.310333333,1.338666667,1.367,1.390333333,1.419666667
