experiment,Line-Treatment,DT inflection,StDev_inf,DT interval,StDev_int,Lab strain,Strain,Treatment,Strain*Treatment,Time_0,Time_0.5,Time_1,Time_1.5,Time_2,Time_2.5,Time_3,Time_3.5,Time_4,Time_4.5,Time_5,Time_5.5,Time_6,Time_6.5,Time_7,Time_7.5,Time_8,Time_8.5,Time_9,Time_9.5,Time_10,Time_10.5,Time_11,Time_11.5,Time_12,Time_12.5,Time_13,Time_13.5,Time_14,Time_14.5,Time_15,Time_15.5,Time_16,Time_16.5,Time_17,Time_17.5,Time_18,Time_18.5,Time_19,Time_19.5,Time_20
SET4_highTORIN_REDO_NBMBL_080717.xls,yML 707-2.5% DMSO,60.54882687,3.064834448,58.91328765,6.199800336,yML 707,CLIB324,2.5% DMSO,CLIB324*2.5% DMSO,0,0.018,0.019,0.027333333,0.044333333,0.088,0.134666667,0.200666667,0.283,0.385,0.510666667,0.651,0.793666667,0.943333333,1.071333333,1.174666667,1.209333333,1.223666667,1.240666667,1.263666667,1.289333333,1.319666667,1.352333333,1.383,1.413333333,1.444,1.471666667,1.498,1.522,1.545,1.567666667,1.584666667,1.602333333,1.619666667,1.634666667,1.648666667,1.662,1.677666667,1.688,1.701333333,1.710333333
