experiment,Line-Treatment,DT inflection,StDev_inf,DT interval,StDev_int,Lab strain,Strain,Treatment,Strain*Treatment,Time_0,Time_0.5,Time_1,Time_1.5,Time_2,Time_2.5,Time_3,Time_3.5,Time_4,Time_4.5,Time_5,Time_5.5,Time_6,Time_6.5,Time_7,Time_7.5,Time_8,Time_8.5,Time_9,Time_9.5,Time_10,Time_10.5,Time_11,Time_11.5,Time_12,Time_12.5,Time_13,Time_13.5,Time_14,Time_14.5,Time_15,Time_15.5,Time_16,Time_16.5,Time_17,Time_17.5,Time_18,Time_18.5,Time_19,Time_19.5,Time_20
SGRP_mTORinhibitsSCREEN_SET1HIGHrapaANDhighTORIN_PU_03162018_D.x,NCYC3449A-1%DMSO,24.51097851,5.044770131,98.18749023,24.90007167,NCYC 3449,UWOPS87-2421,1% DMSO,UWOPS87-2421*1% DMSO,0,0.196,0.239,0.197333333,0.272,0.150666667,0.112333333,0.107666667,0.145333333,0.208333333,0.496,0.711666667,0.741666667,0.917,0.979666667,1.021333333,1.007666667,1.013666667,1.007,1.055666667,1.111666667,1.151666667,1.239666667,1.189333333,1.294,1.278,1.364333333,1.325,1.355,1.384333333,1.445,1.384333333,1.415333333,1.417333333,1.415333333,1.429333333,1.45,1.450333333,1.473,1.457333333,1.474
