experiment,Line-Treatment,DT inflection,StDev_inf,DT interval,StDev_int,Lab strain,Strain,Treatment,Strain*Treatment,Time_0,Time_0.5,Time_1,Time_1.5,Time_2,Time_2.5,Time_3,Time_3.5,Time_4,Time_4.5,Time_5,Time_5.5,Time_6,Time_6.5,Time_7,Time_7.5,Time_8,Time_8.5,Time_9,Time_9.5,Time_10,Time_10.5,Time_11,Time_11.5,Time_12,Time_12.5,Time_13,Time_13.5,Time_14,Time_14.5,Time_15,Time_15.5,Time_16,Time_16.5,Time_17,Time_17.5,Time_18,Time_18.5,Time_19,Time_19.5,Time_20
SGRP_mTORinhibitsSCREEN_SET2_CAFFEINE AND lowTORIN_MGK_AR_120320,yML 742-6.67% H20,74.57309463,2.396308353,83.99854092,3.382958129,BY4743,BY4743,6.67% H2O,BY4743*6.67% H2O,0,0.053,0.064666667,0.085666667,0.111333333,0.141333333,0.185666667,0.242,0.304,0.4,0.501333333,0.623,0.743,0.866,0.967333333,1.037,1.047,1.048666667,1.052,1.060666667,1.066,1.070333333,1.082666667,1.088666667,1.098333333,1.112333333,1.123333333,1.135,1.146,1.152666667,1.17,1.181666667,1.19,1.206666667,1.219333333,1.231666667,1.244666667,1.255666667,1.268333333,1.282,1.288
