experiment,Line-Treatment,DT inflection,StDev_inf,DT interval,StDev_int,Lab strain,Strain,Treatment,Strain*Treatment,Time_0,Time_0.5,Time_1,Time_1.5,Time_2,Time_2.5,Time_3,Time_3.5,Time_4,Time_4.5,Time_5,Time_5.5,Time_6,Time_6.5,Time_7,Time_7.5,Time_8,Time_8.5,Time_9,Time_9.5,Time_10,Time_10.5,Time_11,Time_11.5,Time_12,Time_12.5,Time_13,Time_13.5,Time_14,Time_14.5,Time_15,Time_15.5,Time_16,Time_16.5,Time_17,Time_17.5,Time_18,Time_18.5,Time_19,Time_19.5,Time_20
SGRP_mTORinhibitsSCREEN_SET3_round3_highRAPA_KG_091517_D.xls,YML665-20 ng/ml RAPA,79.26253046,22.9980696,148.5205272,13.92808246,yML 665,N-45,20 ng/mL RAPA,N-45*20 ng/mL RAPA,0,0.055,0.056666667,0.060666667,0.059333333,0.064333333,0.064333333,0.071333333,0.104666667,0.135666667,0.161,0.183333333,0.226,0.261,0.3,0.337,0.394,0.451666667,0.516333333,0.558666667,0.618,0.691666667,0.766,0.824,0.891333333,0.962,1.017333333,1.077666667,1.147333333,1.189666667,1.251333333,1.301,1.353666667,1.403333333,1.447,1.485333333,1.516,1.535,1.552,1.567333333,1.583
