experiment,Line-Treatment,DT inflection,StDev_inf,DT interval,StDev_int,Lab strain,Strain,Treatment,Strain*Treatment,Time_0,Time_0.5,Time_1,Time_1.5,Time_2,Time_2.5,Time_3,Time_3.5,Time_4,Time_4.5,Time_5,Time_5.5,Time_6,Time_6.5,Time_7,Time_7.5,Time_8,Time_8.5,Time_9,Time_9.5,Time_10,Time_10.5,Time_11,Time_11.5,Time_12,Time_12.5,Time_13,Time_13.5,Time_14,Time_14.5,Time_15,Time_15.5,Time_16,Time_16.5,Time_17,Time_17.5,Time_18,Time_18.5,Time_19,Time_19.5,Time_20
SET3_Low Rapa_REDO_MGK_081117.xls,YML672-2.5 ng/ml RAPA,58.51599769,38.83847445,73.89216125,37.67966417,yML 672,S36.7,2.5 ng/mL RAPA,S36.7*2.5 ng/mL RAPA,0,0.047666667,0.047,0.05,0.069666667,0.098333333,0.137333333,0.124333333,0.205666667,0.271333333,0.344333333,0.441,0.554,0.668,0.794,0.917,1.034666667,1.15,1.213333333,1.234666667,1.256666667,1.283666667,1.318333333,1.346333333,1.377333333,1.404,1.432666667,1.456666667,1.48,1.503,1.518333333,1.539,1.552333333,1.572666667,1.588333333,1.603,1.615333333,1.627333333,1.639666667,1.652333333,1.662666667
