experiment,Line-Treatment,DT inflection,StDev_inf,DT interval,StDev_int,Lab strain,Strain,Treatment,Strain*Treatment,Time_0,Time_0.5,Time_1,Time_1.5,Time_2,Time_2.5,Time_3,Time_3.5,Time_4,Time_4.5,Time_5,Time_5.5,Time_6,Time_6.5,Time_7,Time_7.5,Time_8,Time_8.5,Time_9,Time_9.5,Time_10,Time_10.5,Time_11,Time_11.5,Time_12,Time_12.5,Time_13,Time_13.5,Time_14,Time_14.5,Time_15,Time_15.5,Time_16,Time_16.5,Time_17,Time_17.5,Time_18,Time_18.5,Time_19,Time_19.5,Time_20
SGRP_mTORinhibitsSCREEN_SET1_CAFF_MGK_11012017_F.xls,NCYC 3290-1000 ug/ml Caffeine,77.16682049,2.266644711,92.78399795,1.049634172,NCYC 3290,DBVPG 6044,1 mg/mL Caffeine,DBVPG 6044*1 mg/mL Caffeine,0,0.016333333,0.037333333,0.032333333,0.015333333,0.050333333,0.054333333,0.072,0.113333333,0.148666667,0.194666667,0.244666667,0.313333333,0.383333333,0.463,0.571333333,0.684,0.798666667,0.916666667,1.029333333,1.141666667,1.238333333,1.272,1.3,1.321666667,1.348,1.371333333,1.395666667,1.420333333,1.448,1.477666667,1.505,1.526333333,1.552666667,1.576333333,1.597666667,1.618,1.636666667,1.650333333,1.672,1.686666667
SGRP_mTORinhibitsSCREEN_SET1_CAFFEINE AND lowTORIN_MGK_12022017_,NCYC 3290-1000 ug/ml Caffeine,73.93106434,0.872034748,87.56206283,0.996758412,NCYC 3290,DBVPG 6044,1 mg/mL Caffeine,DBVPG 6044*1 mg/mL Caffeine,0,0.035333333,0.038333333,0.044333333,0.052,0.064,0.114,0.142666667,0.187666667,0.248666667,0.320333333,0.389333333,0.474,0.564666667,0.668,0.775,0.885333333,0.993333333,1.104,1.195333333,1.228666667,1.253333333,1.28,1.308333333,1.335,1.360333333,1.390333333,1.420666667,1.453666667,1.482333333,1.51,1.536,1.559,1.583,1.601666667,1.622333333,1.640666667,1.657333333,1.676,1.696666667,1.705
