experiment,Line-Treatment,DT inflection,StDev_inf,DT interval,StDev_int,Lab strain,Strain,Treatment,Strain*Treatment,Time_0,Time_0.5,Time_1,Time_1.5,Time_2,Time_2.5,Time_3,Time_3.5,Time_4,Time_4.5,Time_5,Time_5.5,Time_6,Time_6.5,Time_7,Time_7.5,Time_8,Time_8.5,Time_9,Time_9.5,Time_10,Time_10.5,Time_11,Time_11.5,Time_12,Time_12.5,Time_13,Time_13.5,Time_14,Time_14.5,Time_15,Time_15.5,Time_16,Time_16.5,Time_17,Time_17.5,Time_18,Time_18.5,Time_19,Time_19.5,Time_20
SGRP_mTORinhibitsSCREEN_SET3_round3_highRAPA_KG_091517_D.xls,YML675-20 ng/ml RAPA,110.0212455,9.663480922,174.4978077,3.284947158,yML 675,Z1.1,20 ng/mL RAPA,Z1.1*20 ng/mL RAPA,0,0.056666667,0.057,0.054666667,0.056666667,0.065666667,0.086,0.083,0.107,0.116333333,0.134,0.160666667,0.167666667,0.193666667,0.214666667,0.245333333,0.283666667,0.317,0.355,0.403666667,0.442666667,0.502,0.563333333,0.606333333,0.674,0.731,0.791333333,0.85,0.930333333,0.974666667,1.034666667,1.085,1.141333333,1.188666667,1.235,1.283333333,1.323333333,1.36,1.395666667,1.430666667,1.464333333
