experiment,Line-Treatment,DT inflection,StDev_inf,DT interval,StDev_int,Lab strain,Strain,Treatment,Strain*Treatment,Time_0,Time_0.5,Time_1,Time_1.5,Time_2,Time_2.5,Time_3,Time_3.5,Time_4,Time_4.5,Time_5,Time_5.5,Time_6,Time_6.5,Time_7,Time_7.5,Time_8,Time_8.5,Time_9,Time_9.5,Time_10,Time_10.5,Time_11,Time_11.5,Time_12,Time_12.5,Time_13,Time_13.5,Time_14,Time_14.5,Time_15,Time_15.5,Time_16,Time_16.5,Time_17,Time_17.5,Time_18,Time_18.5,Time_19,Time_19.5,Time_20
SGRP_mTORinhibitsSCREEN_SET3_LOWRAPA_JEMBL_12012017_F,yML 667-2.5 ng/ml RAPA,35.23682641,11.04778978,55.06529625,23.97584371,yML 667,N-44,2.5 ng/mL RAPA,N-44*2.5 ng/mL RAPA,0,0.037333333,0.027666667,0.016333333,0.020333333,0.008666667,0.117666667,0.14,0.152,0.150333333,0.284,0.382666667,0.501,0.775,1.063666667,1.250666667,1.284666667,1.321333333,1.319333333,1.298,1.352,1.388666667,1.406666667,1.404333333,1.422,1.439,1.467,1.492333333,1.51,1.529333333,1.548333333,1.552333333,1.585333333,1.596666667,1.620666667,1.638,1.647333333,1.680333333,1.674666667,1.691666667,1.707333333
SGRP_mTORinhibitsSCREEN_SET3_LOWRAPA_JEMBL_12012017_F,yML 667-2.5 ng/ml RAPA,30.99640386,3.121699609,213.8689456,185.4950285,yML 667,N-44,2.5 ng/mL RAPA,N-44*2.5 ng/mL RAPA,0,0.052,0.025666667,0.019333333,0.021,0.011666667,0.134666667,0.136,0.139666667,0.165666667,0.227666667,0.223666667,0.400333333,0.524,0.825333333,0.932,0.967333333,1.021666667,1.001,1.003,1.062333333,1.076666667,1.131333333,1.153333333,1.179666667,1.228,1.274333333,1.304666667,1.355,1.373666667,1.398333333,1.423333333,1.459333333,1.476666667,1.493666667,1.528,1.564,1.564,1.574333333,1.606333333,1.612666667
