experiment,Line-Treatment,DT inflection,StDev_inf,DT interval,StDev_int,Lab strain,Strain,Treatment,Strain*Treatment,Time_0,Time_0.5,Time_1,Time_1.5,Time_2,Time_2.5,Time_3,Time_3.5,Time_4,Time_4.5,Time_5,Time_5.5,Time_6,Time_6.5,Time_7,Time_7.5,Time_8,Time_8.5,Time_9,Time_9.5,Time_10,Time_10.5,Time_11,Time_11.5,Time_12,Time_12.5,Time_13,Time_13.5,Time_14,Time_14.5,Time_15,Time_15.5,Time_16,Time_16.5,Time_17,Time_17.5,Time_18,Time_18.5,Time_19,Time_19.5,Time_20
SET1GDC_ARMBL_080217.xls,NCYC 3313-100 uM GDC0941,71.74071661,3.809301426,76.45191492,2.506801182,NCYC 3313,DBVPG 1853,100 uM GDC0941,DBVPG 1853*100 uM GDC0941,0,0.023333333,0.024666667,0.028333333,0.036333333,0.043666667,0.059333333,0.075333333,0.099333333,0.132,0.177,0.236666667,0.308666667,0.395,0.502666667,0.615,0.741666667,0.869333333,1.003,1.121333333,1.195,1.199333333,1.213333333,1.227333333,1.247,1.272,1.295,1.322333333,1.351333333,1.373,1.398666667,1.420333333,1.444666667,1.465,1.486,1.505666667,1.522333333,1.540333333,1.557666667,1.571,1.587
SGRP_mTOR_inhibitsSCREEN_SET1_GDC_redo_JE_092617.xls,NCYC 3313-100 uM GDC0941,78.25519144,0.989991696,82.26670948,1.559122789,NCYC 3313,DBVPG 1853,100 uM GDC0941,DBVPG 1853*100 uM GDC0941,0,0.081,0.084333333,0.096666667,0.115666667,0.142,0.183,0.235666667,0.304333333,0.388666667,0.491333333,0.608666667,0.729333333,0.855666667,0.985,1.106,1.206666667,1.266333333,1.278,1.29,1.306,1.322666667,1.343333333,1.368,1.388333333,1.411666667,1.436,1.455333333,1.477666667,1.5,1.523666667,1.542333333,1.561333333,1.577,1.593666667,1.607333333,1.621333333,1.645,1.631333333,1.657,1.669666667
