experiment,Line-Treatment,DT inflection,StDev_inf,DT interval,StDev_int,Lab strain,Strain,Treatment,Strain*Treatment,Time_0,Time_0.5,Time_1,Time_1.5,Time_2,Time_2.5,Time_3,Time_3.5,Time_4,Time_4.5,Time_5,Time_5.5,Time_6,Time_6.5,Time_7,Time_7.5,Time_8,Time_8.5,Time_9,Time_9.5,Time_10,Time_10.5,Time_11,Time_11.5,Time_12,Time_12.5,Time_13,Time_13.5,Time_14,Time_14.5,Time_15,Time_15.5,Time_16,Time_16.5,Time_17,Time_17.5,Time_18,Time_18.5,Time_19,Time_19.5,Time_20
SGRP_mTORinhibitsSCREEN_SET4_Caff_MGK_10252017_D.xls,YML698-1000 ug/ml Caffeine,99.23533939,5.36893233,124.0665491,6.648226042,yML 698,IFO1804,1 mg/mL Caffeine,IFO1804*1 mg/mL Caffeine,0,0.035333333,0.040333333,0.042,0.041666667,0.050666667,0.055666667,0.064666667,0.073,0.083333333,0.095333333,0.112666667,0.132666667,0.161,0.188333333,0.223,0.258666667,0.319,0.375666667,0.442666667,0.516333333,0.602,0.694,0.787666667,0.884333333,0.978666667,1.030666667,1.026333333,1.021333333,1.019,1.016666667,1.014333333,1.013666667,1.009666667,1.008666667,1.011,1.009666667,1.009333333,1.009666667,1.006,1.009666667
SGRP_mTORinhibitsSCREEN_SET4_Caffeine_MGK_09202017.xls,YML698-1000 ug/ml Caffeine,94.25902469,6.979210783,132.5917802,9.104968177,yML 698,IFO1804,1 mg/mL Caffeine,IFO1804*1 mg/mL Caffeine,0,0.069,0.063333333,0.066666667,0.074,0.079666667,0.084,0.087,0.101333333,0.115666667,0.121666667,0.137,0.162333333,0.192333333,0.222,0.273333333,0.308,0.361,0.438666667,0.523666667,0.616333333,0.695,0.804333333,0.912,1.022666667,1.073,1.077333333,1.077666667,1.080333333,1.080666667,1.079333333,1.085,1.086,1.093,1.090333333,1.105666667,1.102333333,1.108333333,1.109333333,1.115333333,1.131666667
