experiment,Line-Treatment,DT inflection,StDev_inf,DT interval,StDev_int,Lab strain,Strain,Treatment,Strain*Treatment,Time_0,Time_0.5,Time_1,Time_1.5,Time_2,Time_2.5,Time_3,Time_3.5,Time_4,Time_4.5,Time_5,Time_5.5,Time_6,Time_6.5,Time_7,Time_7.5,Time_8,Time_8.5,Time_9,Time_9.5,Time_10,Time_10.5,Time_11,Time_11.5,Time_12,Time_12.5,Time_13,Time_13.5,Time_14,Time_14.5,Time_15,Time_15.5,Time_16,Time_16.5,Time_17,Time_17.5,Time_18,Time_18.5,Time_19,Time_19.5,Time_20
SGRP_mTORinhibitsSCREEN_SET2_GDC_AR_062617.xls,yML561-100uM GDC0941,73.6041946,2.002758287,77.40871245,2.329668849,yML 561,T73,100 uM GDC0941,T73*100 uM GDC0941,0,0.022333333,0.023666667,0.035666667,0.05,0.064666667,0.083333333,0.115333333,0.155,0.202,0.268,0.347333333,0.445666667,0.556333333,0.692,0.804333333,0.933666667,1.062666667,1.180333333,1.248,1.281,1.296,1.306666667,1.337666667,1.354666667,1.388,1.420333333,1.444,1.470333333,1.506,1.524333333,1.548666667,1.568666667,1.581,1.6,1.613333333,1.631666667,1.649666667,1.668666667,1.677333333,1.685
