experiment,Line-Treatment,DT inflection,StDev_inf,DT interval,StDev_int,Lab strain,Strain,Treatment,Strain*Treatment,Time_0,Time_0.5,Time_1,Time_1.5,Time_2,Time_2.5,Time_3,Time_3.5,Time_4,Time_4.5,Time_5,Time_5.5,Time_6,Time_6.5,Time_7,Time_7.5,Time_8,Time_8.5,Time_9,Time_9.5,Time_10,Time_10.5,Time_11,Time_11.5,Time_12,Time_12.5,Time_13,Time_13.5,Time_14,Time_14.5,Time_15,Time_15.5,Time_16,Time_16.5,Time_17,Time_17.5,Time_18,Time_18.5,Time_19,Time_19.5,Time_20
SET4_highTORIN_REDO_NBMBL_080717.xls,yML 685-25 uM Torin 1,70.44315931,6.102106715,119.9277207,18.1604178,yML 685,Q89.8,25 uM Torin 1,Q89.8*25 uM Torin 1,0,0.040666667,0.041333333,0.04,0.037,0.034,0.028666667,0.028,0.037333333,0.049666667,0.053666667,0.074666667,0.097,0.135333333,0.165333333,0.174666667,0.234666667,0.270666667,0.319,0.385666667,0.464,0.559666667,0.665666667,0.793,0.925333333,1.027333333,1.113666667,1.17,1.190333333,1.215333333,1.24,1.285,1.323666667,1.358333333,1.387666667,1.417666667,1.445333333,1.469333333,1.491333333,1.511,1.531333333
