experiment,Line-Treatment,DT inflection,StDev_inf,DT interval,StDev_int,Lab strain,Strain,Treatment,Strain*Treatment,Time_0,Time_0.5,Time_1,Time_1.5,Time_2,Time_2.5,Time_3,Time_3.5,Time_4,Time_4.5,Time_5,Time_5.5,Time_6,Time_6.5,Time_7,Time_7.5,Time_8,Time_8.5,Time_9,Time_9.5,Time_10,Time_10.5,Time_11,Time_11.5,Time_12,Time_12.5,Time_13,Time_13.5,Time_14,Time_14.5,Time_15,Time_15.5,Time_16,Time_16.5,Time_17,Time_17.5,Time_18,Time_18.5,Time_19,Time_19.5,Time_20
original data.xls SET 4 HIGH RAPA,YML 686-20 ng/ml RAPA,75.60942107,15.66855005,401.1442063,297.2713354,yML 686,KPN3828,20 ng/mL RAPA,KPN3828*20 ng/mL RAPA,0,0.003666667,0.003,0.028333333,0.029666667,0.037333333,0.044666667,0.044666667,0.056333333,0.065333333,0.083,0.092,0.105666667,0.121333333,0.143666667,0.156,0.177,0.189,0.214333333,0.25,0.254333333,0.277,0.341333333,0.398333333,0.404,0.441666667,0.515333333,0.547333333,0.618333333,0.630333333,0.643666667,0.701333333,0.747,0.783333333,0.787666667,0.851333333,0.872,0.914333333,0.904,0.916666667,1.049333333
