experiment,Line-Treatment,DT inflection,StDev_inf,DT interval,StDev_int,Lab strain,Strain,Treatment,Strain*Treatment,Time_0,Time_0.5,Time_1,Time_1.5,Time_2,Time_2.5,Time_3,Time_3.5,Time_4,Time_4.5,Time_5,Time_5.5,Time_6,Time_6.5,Time_7,Time_7.5,Time_8,Time_8.5,Time_9,Time_9.5,Time_10,Time_10.5,Time_11,Time_11.5,Time_12,Time_12.5,Time_13,Time_13.5,Time_14,Time_14.5,Time_15,Time_15.5,Time_16,Time_16.5,Time_17,Time_17.5,Time_18,Time_18.5,Time_19,Time_19.5,Time_20
SGRP_mTORinhibitsSCREEN_SET1_LOWRAPA_highRAPA_lowTORIN_MGK_12022,NCYC 3264-1% DMSO,64.41055251,0.487128467,65.76069308,0.175732566,NCYC 3264,DBVPG 6765,1% DMSO,DBVPG 6765*1% DMSO,0,0.064666667,0.083,0.111666667,0.150666667,0.206666667,0.283666667,0.388333333,0.513,0.656666667,0.804,0.95,1.077,1.183666667,1.194666667,1.217333333,1.237,1.262333333,1.291666667,1.319666667,1.344666667,1.372,1.401,1.429666667,1.458,1.484,1.507,1.526333333,1.546666667,1.565,1.582333333,1.598,1.614,1.627333333,1.642,1.654666667,1.668,1.678,1.691,1.699,1.709666667
SGRP_mTORinhibitsSCREEN_SET1_LOWRAPA_highRAPA_lowTORIN_MGK_12022,NCYC 3264-1% DMSO,62.70558895,0.727361167,63.25568871,0.69866637,NCYC 3264,DBVPG 6765,1% DMSO,DBVPG 6765*1% DMSO,0,0.049,0.064333333,0.085666667,0.115333333,0.158,0.219666667,0.305,0.416,0.545666667,0.687,0.834,0.972666667,1.101333333,1.184333333,1.195666667,1.212666667,1.23,1.256,1.285666667,1.312333333,1.337,1.364,1.394333333,1.420666667,1.449333333,1.472666667,1.496,1.516666667,1.536333333,1.553666667,1.566,1.602333333,1.601666667,1.617,1.630666667,1.645,1.656,1.669,1.678333333,1.688333333
