experiment,Line-Treatment,DT inflection,StDev_inf,DT interval,StDev_int,Lab strain,Strain,Treatment,Strain*Treatment,Time_0,Time_0.5,Time_1,Time_1.5,Time_2,Time_2.5,Time_3,Time_3.5,Time_4,Time_4.5,Time_5,Time_5.5,Time_6,Time_6.5,Time_7,Time_7.5,Time_8,Time_8.5,Time_9,Time_9.5,Time_10,Time_10.5,Time_11,Time_11.5,Time_12,Time_12.5,Time_13,Time_13.5,Time_14,Time_14.5,Time_15,Time_15.5,Time_16,Time_16.5,Time_17,Time_17.5,Time_18,Time_18.5,Time_19,Time_19.5,Time_20
SET1GDC_ARMBL_080217.xls,NCYC 3445-100 uM GDC0941,64.4694564,2.477626795,67.44374788,1.252052831,NCYC 3445,Y12,100 uM GDC0941,Y12*100 uM GDC0941,0,0.032,0.033666667,0.044333333,0.047666667,0.061666667,0.085,0.126333333,0.179,0.242,0.332333333,0.442,0.566666667,0.698666667,0.838,0.984666667,1.132,1.247333333,1.270666667,1.296666667,1.326666667,1.357333333,1.400333333,1.431666667,1.469,1.517,1.539666667,1.58,1.607666667,1.613333333,1.652666667,1.639,1.651333333,1.628333333,1.621333333,1.657666667,1.644,1.650666667,1.632333333,1.608,1.551
SGRP_mTOR_inhibitsSCREEN_SET1_GDC_redo_JE_092617.xls,NCYC 3445-100 uM GDC0941,67.659541,7.848154614,72.10039389,5.013740955,NCYC 3445,Y12,100 uM GDC0941,Y12*100 uM GDC0941,0,0.050666667,0.058,0.064333333,0.095666667,0.136,0.189333333,0.250666667,0.333666667,0.437,0.562333333,0.698666667,0.836,0.981333333,1.120333333,1.257666667,1.305666667,1.337,1.359666667,1.408333333,1.453666667,1.473666667,1.493666667,1.539,1.540333333,1.593,1.601333333,1.616,1.641,1.671333333,1.691333333,1.698333333,1.699666667,1.685333333,1.712666667,1.720666667,1.682666667,1.725333333,1.700666667,1.689,1.687333333
