experiment,Line-Treatment,DT inflection,StDev_inf,DT interval,StDev_int,Lab strain,Strain,Treatment,Strain*Treatment,Time_0,Time_0.5,Time_1,Time_1.5,Time_2,Time_2.5,Time_3,Time_3.5,Time_4,Time_4.5,Time_5,Time_5.5,Time_6,Time_6.5,Time_7,Time_7.5,Time_8,Time_8.5,Time_9,Time_9.5,Time_10,Time_10.5,Time_11,Time_11.5,Time_12,Time_12.5,Time_13,Time_13.5,Time_14,Time_14.5,Time_15,Time_15.5,Time_16,Time_16.5,Time_17,Time_17.5,Time_18,Time_18.5,Time_19,Time_19.5,Time_20
SGRP_mTORinhibitsSCREEN_SET2_LOWRAPA_highTORIN_MGK_12032017_F,yML 561-2.5 ng/ml RAPA,69.77809536,1.144041693,71.14909617,1.553039019,yML 561,T73,2.5 ng/mL RAPA,T73*2.5 ng/mL RAPA,0,0.03,0.042666667,0.058333333,0.085333333,0.128,0.184,0.246,0.330333333,0.441,0.559666667,0.708333333,0.846333333,0.986666667,1.120333333,1.231333333,1.290333333,1.312,1.323333333,1.340333333,1.361666667,1.388333333,1.416333333,1.446333333,1.476,1.505333333,1.533333333,1.557333333,1.580333333,1.598,1.616333333,1.632666667,1.649,1.663666667,1.680333333,1.691333333,1.703666667,1.715,1.726,1.736333333,1.745666667
