experiment,Line-Treatment,DT inflection,StDev_inf,DT interval,StDev_int,Lab strain,Strain,Treatment,Strain*Treatment,Time_0,Time_0.5,Time_1,Time_1.5,Time_2,Time_2.5,Time_3,Time_3.5,Time_4,Time_4.5,Time_5,Time_5.5,Time_6,Time_6.5,Time_7,Time_7.5,Time_8,Time_8.5,Time_9,Time_9.5,Time_10,Time_10.5,Time_11,Time_11.5,Time_12,Time_12.5,Time_13,Time_13.5,Time_14,Time_14.5,Time_15,Time_15.5,Time_16,Time_16.5,Time_17,Time_17.5,Time_18,Time_18.5,Time_19,Time_19.5,Time_20
SGRP_mTOR_inhibitsSCREEN_SET1_lowRAPA_redo2_KG_092317.xls,NCYC 3265-2.5 ng/ml RAPA,92.13400533,4.464426191,102.2262312,5.669459454,NCYC 3265,SK1,2.5 ng/mL RAPA,SK1*2.5 ng/mL RAPA,0,0.027666667,0.034333333,0.037,0.044666667,0.053,0.066,0.084333333,0.106,0.135333333,0.170333333,0.212,0.260666667,0.319,0.384666667,0.462,0.545666667,0.626333333,0.692,0.739666667,0.772333333,0.795666667,0.819,0.842666667,0.866333333,0.887333333,0.909,0.930333333,0.952,0.970666667,0.99,1.009333333,1.026,1.042333333,1.058333333,1.073666667,1.087666667,1.099666667,1.112,1.124333333,1.137
SGRP_mTORinhibitsSCREEN_SET1_lowRAPA_round4_KG_092417.xls,NCYC 3265-2.5 ng/ml RAPA,69.86473082,4.359347242,76.92506084,2.621204827,NCYC 3265,SK1,2.5 ng/mL RAPA,SK1*2.5 ng/mL RAPA,0,0.055666667,0.076333333,0.097666667,0.132333333,0.172666667,0.230333333,0.301,0.386,0.485,0.601666667,0.724333333,0.83,0.916,0.979,1.002333333,1.025666667,1.042333333,1.056333333,1.069666667,1.082333333,1.097,1.109333333,1.123,1.135,1.147,1.159666667,1.169666667,1.180333333,1.189,1.192333333,1.204666667,1.212666667,1.22,1.226333333,1.233,1.234333333,1.245666667,1.252,1.258666667,1.261333333
SGRP_mTORinhibsSCREEN_SET1_lowRAPA_JEMBL_08152017.xls,NCYC 3265-2.5 ng/ml RAPA,78.17584744,2.806602629,82.61510027,0.588260438,NCYC 3265,SK1,2.5 ng/mL RAPA,SK1*2.5 ng/mL RAPA,0,0.025333333,0.029,0.037333333,0.049333333,0.066333333,0.086,0.113666667,0.149666667,0.196666667,0.250333333,0.324,0.408666667,0.504666667,0.602666667,0.680333333,0.727,0.765666667,0.788666667,0.805333333,0.825,0.844666667,0.863333333,0.874333333,0.897666667,0.915666667,0.936666667,0.954333333,0.971333333,0.989333333,0.999,1.016,1.038333333,1.046333333,1.069333333,1.083666667,1.091333333,1.110333333,1.12,1.131,1.145333333
