experiment,Line-Treatment,DT inflection,StDev_inf,DT interval,StDev_int,Lab strain,Strain,Treatment,Strain*Treatment,Time_0,Time_0.5,Time_1,Time_1.5,Time_2,Time_2.5,Time_3,Time_3.5,Time_4,Time_4.5,Time_5,Time_5.5,Time_6,Time_6.5,Time_7,Time_7.5,Time_8,Time_8.5,Time_9,Time_9.5,Time_10,Time_10.5,Time_11,Time_11.5,Time_12,Time_12.5,Time_13,Time_13.5,Time_14,Time_14.5,Time_15,Time_15.5,Time_16,Time_16.5,Time_17,Time_17.5,Time_18,Time_18.5,Time_19,Time_19.5,Time_20
SGRP_mTORinhibitsSCREEN_SET1HIGHrapaANDhighTORIN_PU_03162018_D.x,NCYC3452B-20 ng/mL Rapamycin,55.9177401,9.908078926,175.0494805,15.00440889,NCYC 3452,K11,20 ng/mL RAPA,K11*20 ng/mL RAPA,0,0.051,0.059666667,0.068,0.075666667,0.084333333,0.101333333,0.113666667,0.120666667,0.141333333,0.160666667,0.232,0.208333333,0.237333333,0.268333333,0.308333333,0.337666667,0.373,0.421666667,0.458333333,0.502,0.554666667,0.6,0.649,0.697666667,0.741,0.825,0.825333333,0.853,0.882333333,0.904,0.912,0.918333333,0.92,0.919333333,0.917,0.922,0.925333333,0.957666667,0.922,0.924333333
