experiment,Line-Treatment,DT inflection,StDev_inf,DT interval,StDev_int,Lab strain,Strain,Treatment,Strain*Treatment,Time_0,Time_0.5,Time_1,Time_1.5,Time_2,Time_2.5,Time_3,Time_3.5,Time_4,Time_4.5,Time_5,Time_5.5,Time_6,Time_6.5,Time_7,Time_7.5,Time_8,Time_8.5,Time_9,Time_9.5,Time_10,Time_10.5,Time_11,Time_11.5,Time_12,Time_12.5,Time_13,Time_13.5,Time_14,Time_14.5,Time_15,Time_15.5,Time_16,Time_16.5,Time_17,Time_17.5,Time_18,Time_18.5,Time_19,Time_19.5,Time_20
SGRP_mTORinhibitsSCREEN_SET2_CAFFEINE AND lowTORIN_MGK_AR_120320,NCYC 3469-2.5% DMSO,73.00804498,2.993491392,80.78354705,1.356750806,NCYC 3469,DBVPG 6040 ,2.5% DMSO,DBVPG 6040 *2.5% DMSO,0,0.097333333,0.119666667,0.147,0.181,0.234333333,0.296333333,0.394,0.484666667,0.609666667,0.748,0.898666667,1.04,1.176,1.25,1.272,1.297333333,1.323333333,1.351333333,1.380666667,1.408,1.433666667,1.462666667,1.485666667,1.511,1.535,1.555,1.576,1.59,1.602666667,1.628666667,1.639333333,1.65,1.668,1.681333333,1.693,1.706,1.720666667,1.726,1.74,1.743
