experiment,Line-Treatment,DT inflection,StDev_inf,DT interval,StDev_int,Lab strain,Strain,Treatment,Strain*Treatment,Time_0,Time_0.5,Time_1,Time_1.5,Time_2,Time_2.5,Time_3,Time_3.5,Time_4,Time_4.5,Time_5,Time_5.5,Time_6,Time_6.5,Time_7,Time_7.5,Time_8,Time_8.5,Time_9,Time_9.5,Time_10,Time_10.5,Time_11,Time_11.5,Time_12,Time_12.5,Time_13,Time_13.5,Time_14,Time_14.5,Time_15,Time_15.5,Time_16,Time_16.5,Time_17,Time_17.5,Time_18,Time_18.5,Time_19,Time_19.5,Time_20
SGRP_mTOR_inhibitsSCREEN_SET3_round3_lowTORIN_KG_091517_F.xls,YML681-1 uM Torin 1,67.26698891,6.443385088,85.7136297,5.531091185,yML 681,A4,1 uM Torin 1,A4*1 uM Torin 1,0,0.042,0.054666667,0.06,0.075,0.094333333,0.145333333,0.193333333,0.248,0.306333333,0.411,0.511666667,0.616,0.731666667,0.902333333,1.028,1.159333333,1.232333333,1.235333333,1.247666667,1.256666667,1.272333333,1.283333333,1.294333333,1.309,1.326333333,1.339,1.361,1.379,1.397,1.419,1.444333333,1.467333333,1.491666667,1.506666667,1.525,1.555,1.574666667,1.591,1.607,1.624333333
SGRP_mTORinhibitsSCREEN_SET3_LOWTORIN_PUMT_062817.xls,YML681-1 uM Torin 1,61.36957249,4.996306856,81.30175883,9.344520908,yML 681,A4,1 uM Torin 1,A4*1 uM Torin 1,0,0.013,0.011333333,0.013333333,0.020333333,0.097333333,0.147333333,0.205,0.272333333,0.34,0.456,0.554333333,0.706333333,0.866,0.990333333,1.117666667,1.155666667,1.161,1.184666667,1.198,1.223,1.243,1.267666667,1.293,1.32,1.342666667,1.365666667,1.392,1.419333333,1.448333333,1.476333333,1.498666667,1.521666667,1.544,1.565666667,1.584333333,1.606666667,1.618666667,1.634666667,1.647333333,1.66
