experiment,Line-Treatment,DT inflection,StDev_inf,DT interval,StDev_int,Lab strain,Strain,Treatment,Strain*Treatment,Time_0,Time_0.5,Time_1,Time_1.5,Time_2,Time_2.5,Time_3,Time_3.5,Time_4,Time_4.5,Time_5,Time_5.5,Time_6,Time_6.5,Time_7,Time_7.5,Time_8,Time_8.5,Time_9,Time_9.5,Time_10,Time_10.5,Time_11,Time_11.5,Time_12,Time_12.5,Time_13,Time_13.5,Time_14,Time_14.5,Time_15,Time_15.5,Time_16,Time_16.5,Time_17,Time_17.5,Time_18,Time_18.5,Time_19,Time_19.5,Time_20
SGRP_mTORinhibitsSCREEN_SET4_lowRAPA_MGK_10242017_D.xls,YML691-2.5 ng/ml RAPA,72.47233326,3.9876824,97.75450882,17.4279488,yML 691,Q31.4,2.5 ng/mL RAPA,Q31.4*2.5 ng/mL RAPA,0,0.060666667,0.064,0.067,0.088666667,0.108,0.141666667,0.172666667,0.222,0.268,0.352,0.426,0.532,0.643333333,0.775333333,0.907666667,1.024333333,1.145333333,1.223333333,1.239333333,1.264333333,1.295,1.333,1.367333333,1.404666667,1.427333333,1.457,1.488333333,1.514,1.531,1.554333333,1.564666667,1.589666667,1.603666667,,,,,,,
SGRP_mTORinhibitsSCREEN_SET4_lowrapa_JEMBL_10262017_F.xls,YML691-2.5 ng/ml RAPA,74.25560696,6.196636572,84.64925739,7.592684103,yML 691,Q31.4,2.5 ng/mL RAPA,Q31.4*2.5 ng/mL RAPA,0,0.038,0.04,0.046666667,0.068,0.090666667,0.117666667,0.144,0.181,0.238666667,0.299666667,0.384,0.468666667,0.578333333,0.697666667,0.820666667,0.945,1.063666667,1.157333333,1.214666667,1.234333333,1.26,1.298,1.325,1.357666667,1.386666667,1.418,1.445666667,1.476,1.494333333,1.522333333,1.537,1.558333333,,,,,,,,
