experiment,Line-Treatment,DT inflection,StDev_inf,DT interval,StDev_int,Lab strain,Strain,Treatment,Strain*Treatment,Time_0,Time_0.5,Time_1,Time_1.5,Time_2,Time_2.5,Time_3,Time_3.5,Time_4,Time_4.5,Time_5,Time_5.5,Time_6,Time_6.5,Time_7,Time_7.5,Time_8,Time_8.5,Time_9,Time_9.5,Time_10,Time_10.5,Time_11,Time_11.5,Time_12,Time_12.5,Time_13,Time_13.5,Time_14,Time_14.5,Time_15,Time_15.5,Time_16,Time_16.5,Time_17,Time_17.5,Time_18,Time_18.5,Time_19,Time_19.5,Time_20
SGRP_mTORinhibitsSCREEN_SET2_LOWRAPA_highTORIN_MGK_12032017_F,yML 564-2.5 ng/ml RAPA,57.2597534,0.28170489,60.2387029,0.429088944,yML 564,CLIB382,2.5 ng/mL RAPA,CLIB382*2.5 ng/mL RAPA,0,0.044666667,0.047333333,0.055333333,0.071,0.095666667,0.127,0.174333333,0.250666667,0.348333333,0.475333333,0.607333333,0.768,0.925666667,1.076,1.197333333,1.235666667,1.267666667,1.296666667,1.329666667,1.364333333,1.398666667,1.427666667,1.46,1.493,1.524,1.554,1.579,1.602333333,1.623333333,1.641666667,1.661333333,1.677,1.692,1.708666667,1.720666667,1.733,1.743333333,1.754,1.766,1.774333333
