experiment,Line-Treatment,DT inflection,StDev_inf,DT interval,StDev_int,Lab strain,Strain,Treatment,Strain*Treatment,Time_0,Time_0.5,Time_1,Time_1.5,Time_2,Time_2.5,Time_3,Time_3.5,Time_4,Time_4.5,Time_5,Time_5.5,Time_6,Time_6.5,Time_7,Time_7.5,Time_8,Time_8.5,Time_9,Time_9.5,Time_10,Time_10.5,Time_11,Time_11.5,Time_12,Time_12.5,Time_13,Time_13.5,Time_14,Time_14.5,Time_15,Time_15.5,Time_16,Time_16.5,Time_17,Time_17.5,Time_18,Time_18.5,Time_19,Time_19.5,Time_20
SGRP_mTORinhibsSCREEN_SET1_lowRAPA_KGPUMBL_05062017.xls,NCYC 3456-2.5ng/ml RAPA,44.63547671,33.70389682,74.5790419,1.528166645,NCYC 3456,378604 X,2.5 ng/mL RAPA,378604 X*2.5 ng/mL RAPA,0,0.058666667,0.057666667,0.066,0.004333333,0.09,0.111,0.140666667,0.182,0.232333333,0.327,0.396666667,0.407666667,0.776,0.834,0.837666667,0.951,0.98,1.023,0.976666667,1.388,1.331666667,1.267,1.443333333,1.341666667,1.473666667,1.314666667,1.333333333,1.527333333,1.570333333,1.458,1.465333333,1.622666667,1.57,1.513333333,1.5,1.464666667,1.657666667,1.439333333,1.478666667,1.708666667
