experiment,Line-Treatment,DT inflection,StDev_inf,DT interval,StDev_int,Lab strain,Strain,Treatment,Strain*Treatment,Time_0,Time_0.5,Time_1,Time_1.5,Time_2,Time_2.5,Time_3,Time_3.5,Time_4,Time_4.5,Time_5,Time_5.5,Time_6,Time_6.5,Time_7,Time_7.5,Time_8,Time_8.5,Time_9,Time_9.5,Time_10,Time_10.5,Time_11,Time_11.5,Time_12,Time_12.5,Time_13,Time_13.5,Time_14,Time_14.5,Time_15,Time_15.5,Time_16,Time_16.5,Time_17,Time_17.5,Time_18,Time_18.5,Time_19,Time_19.5,Time_20
SGRP_mTORinhibitsSCREEN_SET2_CAFFEINE AND lowTORIN_MGK_AR_120320,yML 563-1 uM Torin 1,78.4675197,0.468782869,88.42225898,2.857604996,yML 563,YJM269,1 uM Torin 1,YJM269*1 uM Torin 1,0,0.053666667,0.061333333,0.068,0.077333333,0.091,0.108,0.131333333,0.162666667,0.212,0.266333333,0.34,0.422666667,0.519666667,0.629333333,0.739333333,0.859333333,0.975666667,1.089333333,1.200333333,1.285666667,1.311333333,1.339,1.360666667,1.386,1.414666667,1.442666667,1.468333333,1.489666667,1.506333333,1.537666667,1.555,1.571333333,1.592666667,1.612333333,1.63,1.646333333,1.662333333,1.68,1.69,1.699
