experiment,Line-Treatment,DT inflection,StDev_inf,DT interval,StDev_int,Lab strain,Strain,Treatment,Strain*Treatment,Time_0,Time_0.5,Time_1,Time_1.5,Time_2,Time_2.5,Time_3,Time_3.5,Time_4,Time_4.5,Time_5,Time_5.5,Time_6,Time_6.5,Time_7,Time_7.5,Time_8,Time_8.5,Time_9,Time_9.5,Time_10,Time_10.5,Time_11,Time_11.5,Time_12,Time_12.5,Time_13,Time_13.5,Time_14,Time_14.5,Time_15,Time_15.5,Time_16,Time_16.5,Time_17,Time_17.5,Time_18,Time_18.5,Time_19,Time_19.5,Time_20
SGRP_mTOR_inhibitsSCREEN_SET1_highgdc-0941_AR_053117.xls,NCYC 3445-100uM GDC0941,60.12992987,1.271839616,50.81299558,5.57235512,NCYC 3445,Y12,100 uM GDC0941,Y12*100 uM GDC0941,0,0.086,0.081666667,0.069333333,0.091333333,0.097666667,0.191666667,0.280666667,0.395,0.513333333,0.644,0.780666667,0.925666667,1.071333333,1.211,1.295,1.319333333,1.343,1.390666667,1.433333333,1.477333333,1.512333333,1.559,1.583,1.611,1.641,1.671666667,1.675666667,1.672333333,1.656666667,1.659666667,1.631,1.711333333,1.672333333,1.648666667,1.659666667,1.539,1.612,1.547,1.539333333,1.602
