experiment,Line-Treatment,DT inflection,StDev_inf,DT interval,StDev_int,Lab strain,Strain,Treatment,Strain*Treatment,Time_0,Time_0.5,Time_1,Time_1.5,Time_2,Time_2.5,Time_3,Time_3.5,Time_4,Time_4.5,Time_5,Time_5.5,Time_6,Time_6.5,Time_7,Time_7.5,Time_8,Time_8.5,Time_9,Time_9.5,Time_10,Time_10.5,Time_11,Time_11.5,Time_12,Time_12.5,Time_13,Time_13.5,Time_14,Time_14.5,Time_15,Time_15.5,Time_16,Time_16.5,Time_17,Time_17.5,Time_18,Time_18.5,Time_19,Time_19.5,Time_20
SGRP_mTORinhibitsSCREEN_SET 1 2 3 4 High-Low Rapa High-Low Torin,yML 570-1% DMSO,126.3462675,7.35524753,143.8015864,1.223343452,yML 570,FM677,1% DMSO,FM677*1% DMSO,0,0.006333333,0.006666667,0.006666667,0.008,0.009,0.010333333,0.011666667,0.014,0.015333333,0.018666667,0.022,0.025666667,0.031,0.036,0.043333333,0.051,0.059666667,0.069666667,0.081333333,0.094666667,0.11,0.126,0.146666667,0.170666667,0.198333333,0.228333333,0.265333333,0.302666667,0.347333333,0.396,0.447333333,0.502333333,0.561666667,0.623666667,0.685333333,0.725333333,0.766,0.810666667,0.853,0.873
SGRP_mTORinhibitsSCREEN_SET3_LOWRAPA_JEMBL_12012017_F,yML 570-1% DMSO,136.3260805,1.957787252,156.7552925,1.8542114,yML 570,FM677,1% DMSO,FM677*1% DMSO,0,0.014666667,0.016333333,0.018,0.019666667,0.022,0.032666667,0.037666667,0.043666667,0.049333333,0.057666667,0.067333333,0.078,0.088666667,0.104333333,0.120333333,0.138,0.158333333,0.183666667,0.208666667,0.240333333,0.273666667,0.312666667,0.356333333,0.406333333,0.461666667,0.520333333,0.589333333,0.657,0.728666667,0.802333333,0.876,0.948666667,0.993666667,1.006333333,1.0,0.998,0.997,0.994,0.995333333,0.994
