experiment,Line-Treatment,DT inflection,StDev_inf,DT interval,StDev_int,Lab strain,Strain,Treatment,Strain*Treatment,Time_0,Time_0.5,Time_1,Time_1.5,Time_2,Time_2.5,Time_3,Time_3.5,Time_4,Time_4.5,Time_5,Time_5.5,Time_6,Time_6.5,Time_7,Time_7.5,Time_8,Time_8.5,Time_9,Time_9.5,Time_10,Time_10.5,Time_11,Time_11.5,Time_12,Time_12.5,Time_13,Time_13.5,Time_14,Time_14.5,Time_15,Time_15.5,Time_16,Time_16.5,Time_17,Time_17.5,Time_18,Time_18.5,Time_19,Time_19.5,Time_20
SGRP_mTORinhibitsSCREEN_SET4_Caff_MGK_10252017_D.xls,YML688-1000 ug/ml Caffeine,70.93180107,5.436424131,122.5062867,13.73164691,yML 688,Q74.4,1 mg/mL Caffeine,Q74.4*1 mg/mL Caffeine,0,0.057666667,0.062333333,0.064333333,0.070666667,0.088,0.106333333,0.127333333,0.16,0.17,0.221333333,0.247666667,0.316333333,0.377333333,0.450333333,0.579666667,0.670333333,0.798,0.932333333,1.054,1.156333333,1.207,1.213666667,1.238,1.266333333,1.301333333,1.329,1.364,1.388,1.426666667,1.453,1.478,1.501,1.523666667,1.537666667,1.564,1.579333333,1.598,1.614,1.625,1.644333333
SGRP_mTORinhibitsSCREEN_SET4_Caffeine_MGK_09202017.xls,YML688-1000 ug/ml Caffeine,77.8643493,12.12890563,108.9732258,5.663052454,yML 688,Q74.4,1 mg/mL Caffeine,Q74.4*1 mg/mL Caffeine,0,0.047,0.045,0.047333333,0.047333333,0.046666667,0.041,0.045666667,0.073,0.092666667,0.102333333,0.124,0.153666667,0.188666667,0.235333333,0.286,0.344,0.402333333,0.499333333,0.603666667,0.737,0.858666667,0.972,1.105666667,1.192,1.181666667,1.212666667,1.227666667,1.262333333,1.292,1.321666667,1.357333333,1.391333333,1.42,1.443333333,1.473333333,1.488333333,1.511,1.537666667,1.555333333,1.583666667
