experiment,Line-Treatment,DT inflection,StDev_inf,DT interval,StDev_int,Lab strain,Strain,Treatment,Strain*Treatment,Time_0,Time_0.5,Time_1,Time_1.5,Time_2,Time_2.5,Time_3,Time_3.5,Time_4,Time_4.5,Time_5,Time_5.5,Time_6,Time_6.5,Time_7,Time_7.5,Time_8,Time_8.5,Time_9,Time_9.5,Time_10,Time_10.5,Time_11,Time_11.5,Time_12,Time_12.5,Time_13,Time_13.5,Time_14,Time_14.5,Time_15,Time_15.5,Time_16,Time_16.5,Time_17,Time_17.5,Time_18,Time_18.5,Time_19,Time_19.5,Time_20
SET3_Low Rapa_REDO_MGK_081117.xls,YML678-2.5 ng/ml RAPA,26.14364814,11.94368481,30.64680552,,yML 678,N-43,2.5 ng/mL RAPA,N-43*2.5 ng/mL RAPA,0,0.052,0.059666667,0.065,0.067666667,0.063333333,0.062333333,0.042666667,0.043333333,0.058,0.073666667,0.099,0.135333333,0.226,0.655,0.861333333,0.975666667,1.066666667,1.183333333,1.241666667,1.247333333,1.255,1.273666667,1.298,1.294333333,1.349666667,1.374,1.389333333,1.421666667,1.441666667,1.457666667,1.489,1.506666667,1.528,1.556,1.571,1.585666667,1.603,1.612,1.624333333,1.644666667
