experiment,Line-Treatment,DT inflection,StDev_inf,DT interval,StDev_int,Lab strain,Strain,Treatment,Strain*Treatment,Time_0,Time_0.5,Time_1,Time_1.5,Time_2,Time_2.5,Time_3,Time_3.5,Time_4,Time_4.5,Time_5,Time_5.5,Time_6,Time_6.5,Time_7,Time_7.5,Time_8,Time_8.5,Time_9,Time_9.5,Time_10,Time_10.5,Time_11,Time_11.5,Time_12,Time_12.5,Time_13,Time_13.5,Time_14,Time_14.5,Time_15,Time_15.5,Time_16,Time_16.5,Time_17,Time_17.5,Time_18,Time_18.5,Time_19,Time_19.5,Time_20
original data.xls SET 4 HIGH RAPA,YML 684-20 ng/ml RAPA,79.32521822,22.90892573,244.8064985,58.22319901,yML 684,Q62.5,20 ng/mL RAPA,Q62.5*20 ng/mL RAPA,0,0.046,0.041,0.046666667,0.044666667,0.052333333,0.067666667,0.087333333,0.103666667,0.119,0.150333333,0.174666667,0.186666667,0.233666667,0.252,0.353,0.378666667,0.441333333,0.493,0.55,0.615,0.674,0.737666667,0.792333333,0.845666667,0.902,0.964333333,1.095,1.162,1.219333333,1.279333333,1.333333333,1.385,1.422,1.450333333,1.471666667,1.492333333,1.512,1.526666667,1.545,1.56
