experiment,Line-Treatment,DT inflection,StDev_inf,DT interval,StDev_int,Lab strain,Strain,Treatment,Strain*Treatment,Time_0,Time_0.5,Time_1,Time_1.5,Time_2,Time_2.5,Time_3,Time_3.5,Time_4,Time_4.5,Time_5,Time_5.5,Time_6,Time_6.5,Time_7,Time_7.5,Time_8,Time_8.5,Time_9,Time_9.5,Time_10,Time_10.5,Time_11,Time_11.5,Time_12,Time_12.5,Time_13,Time_13.5,Time_14,Time_14.5,Time_15,Time_15.5,Time_16,Time_16.5,Time_17,Time_17.5,Time_18,Time_18.5,Time_19,Time_19.5,Time_20
SGRP_mTOR_inhibitsSCREEN_SET2_HighRAPA+LowTorin_Repeat_JEMBL_073,NCYC 3460-1% DMSO,51.70382612,3.87633242,49.16206319,2.259179128,NCYC 3460,Y9,1% DMSO,Y9*1% DMSO,0,0.014666667,0.015666667,0.015333333,0.019333333,0.022333333,0.082,0.155666667,0.242666667,0.360333333,0.493666667,0.634333333,0.762,0.885,0.964333333,1.02,1.06,1.083666667,1.015666667,1.000666667,0.836333333,0.901333333,0.687333333,0.765333333,0.625333333,0.577666667,0.572666667,0.636,0.685,0.716666667,0.774,0.831333333,0.886333333,0.911,0.949333333,0.997333333,1.030333333,1.047333333,1.083333333,1.142333333,1.201666667
