experiment,Line-Treatment,DT inflection,StDev_inf,DT interval,StDev_int,Lab strain,Strain,Treatment,Strain*Treatment,Time_0,Time_0.5,Time_1,Time_1.5,Time_2,Time_2.5,Time_3,Time_3.5,Time_4,Time_4.5,Time_5,Time_5.5,Time_6,Time_6.5,Time_7,Time_7.5,Time_8,Time_8.5,Time_9,Time_9.5,Time_10,Time_10.5,Time_11,Time_11.5,Time_12,Time_12.5,Time_13,Time_13.5,Time_14,Time_14.5,Time_15,Time_15.5,Time_16,Time_16.5,Time_17,Time_17.5,Time_18,Time_18.5,Time_19,Time_19.5,Time_20
SGRP_mTOR_inhibitsSCREEN_SET1_highgdc-0941_AR_053117.xls,NCYC 3284-100uM GDC0941,25.97329913,6.900769349,40.93264723,6.158797391,NCYC 3284,YPS128,100 uM GDC0941,YPS128*100 uM GDC0941,0,0.121,0.117333333,0.102,0.101333333,0.132666667,0.294,0.382,0.450333333,0.578666667,0.715666667,0.872333333,1.026,1.167,1.282333333,1.336333333,1.368,1.397333333,1.433333333,1.46,1.491,1.522333333,1.549666667,1.571666667,1.593,1.618666667,1.634666667,1.645666667,1.664666667,1.676,1.69,1.696666667,1.718666667,1.727333333,1.736,1.743333333,1.752,1.768333333,1.775666667,1.781333333,1.793333333
