experiment,Line-Treatment,DT inflection,StDev_inf,DT interval,StDev_int,Lab strain,Strain,Treatment,Strain*Treatment,Time_0,Time_0.5,Time_1,Time_1.5,Time_2,Time_2.5,Time_3,Time_3.5,Time_4,Time_4.5,Time_5,Time_5.5,Time_6,Time_6.5,Time_7,Time_7.5,Time_8,Time_8.5,Time_9,Time_9.5,Time_10,Time_10.5,Time_11,Time_11.5,Time_12,Time_12.5,Time_13,Time_13.5,Time_14,Time_14.5,Time_15,Time_15.5,Time_16,Time_16.5,Time_17,Time_17.5,Time_18,Time_18.5,Time_19,Time_19.5,Time_20
SGRP_mTORinhibsSCREEN_SET1_lowRAPA_KGPUMBL_05062017.xls,NCYC 3454-2.5ng/ml RAPA,66.0845457,1.658234432,67.87052982,1.699759179,NCYC 3454,YS9,2.5 ng/mL RAPA,YS9*2.5 ng/mL RAPA,0,0.050666667,0.055333333,0.071,0.017,0.114,0.147,0.196,0.268333333,0.361666667,0.486666667,0.624,0.702,0.932666667,1.078666667,1.133,1.252,1.273333333,1.294333333,1.32,1.361333333,1.383333333,1.404666667,1.446,1.469666667,1.497333333,1.508666667,1.535,1.561,1.582666667,1.592,1.612,1.635333333,1.652666667,1.659333333,1.670666667,1.685333333,1.698333333,1.705333333,1.713333333,1.727
