experiment,Line-Treatment,DT inflection,StDev_inf,DT interval,StDev_int,Lab strain,Strain,Treatment,Strain*Treatment,Time_0,Time_0.5,Time_1,Time_1.5,Time_2,Time_2.5,Time_3,Time_3.5,Time_4,Time_4.5,Time_5,Time_5.5,Time_6,Time_6.5,Time_7,Time_7.5,Time_8,Time_8.5,Time_9,Time_9.5,Time_10,Time_10.5,Time_11,Time_11.5,Time_12,Time_12.5,Time_13,Time_13.5,Time_14,Time_14.5,Time_15,Time_15.5,Time_16,Time_16.5,Time_17,Time_17.5,Time_18,Time_18.5,Time_19,Time_19.5,Time_20
SET2AZDredo+highTORINMBL_07302017.xls,NCYC 3466-100 uM AZD8055,81.52083762,2.134711096,91.09090297,1.859138954,NCYC 3466,S288c ,100 uM AZD8055,S288c *100 uM AZD8055,0,0.058666667,0.066666667,0.074,0.084333333,0.103333333,0.131,0.16,0.206666667,0.260666667,0.323666667,0.406,0.495,0.599666667,0.71,0.826333333,0.941,1.056,1.138,1.176,1.189666667,1.200666667,1.216333333,1.235,1.255333333,1.275666667,1.303666667,1.324333333,1.349,1.374333333,1.401666667,1.426,1.447666667,1.475,1.497,1.520333333,1.544,1.565,1.582333333,1.602666667,1.620666667
