experiment,Line-Treatment,DT inflection,StDev_inf,DT interval,StDev_int,Lab strain,Strain,Treatment,Strain*Treatment,Time_0,Time_0.5,Time_1,Time_1.5,Time_2,Time_2.5,Time_3,Time_3.5,Time_4,Time_4.5,Time_5,Time_5.5,Time_6,Time_6.5,Time_7,Time_7.5,Time_8,Time_8.5,Time_9,Time_9.5,Time_10,Time_10.5,Time_11,Time_11.5,Time_12,Time_12.5,Time_13,Time_13.5,Time_14,Time_14.5,Time_15,Time_15.5,Time_16,Time_16.5,Time_17,Time_17.5,Time_18,Time_18.5,Time_19,Time_19.5,Time_20
SGRP_mTORinhibitsSCREEN_SET2_LOWTORIN_ARMBL_09192017.xls,yML562-1 uM Torin 1,66.12436012,2.269573662,68.28193555,2.3729091,yML 562,CLIB215,1 uM Torin 1,CLIB215*1 uM Torin 1,0,0.022666667,0.022666667,0.022,0.022333333,0.022666667,0.023333333,0.027,0.030666667,0.034333333,0.037333333,0.040666667,0.043333333,0.049,0.057,0.067,0.081333333,0.103,0.134333333,0.177333333,0.239333333,0.321333333,0.431333333,0.555,0.687666667,0.799,0.889,0.938666667,0.976,1.02,1.067333333,1.114333333,1.162333333,1.207,1.249666667,1.287,1.321333333,1.355666667,1.388,1.415,1.442333333
SGRP_mTORinhibitsSCREEN_SET2_lowTORIN_JEMBL_100117.xls,yML562-1 uM Torin 1,86.20436121,5.265417977,100.7863235,1.571422333,yML 562,CLIB215,1 uM Torin 1,CLIB215*1 uM Torin 1,0,0.027,0.032666667,0.040333333,0.049,0.063,0.073,0.088,0.111666667,0.135333333,0.172,0.214666667,0.258,0.320333333,0.395333333,0.474,0.566,0.668,0.777666667,0.891,1.001666667,1.078666667,1.080666667,1.089,1.096,1.102666667,1.113,1.132333333,1.161666667,1.187,1.217333333,1.250333333,1.283,1.312666667,1.340666667,1.377,1.402333333,1.424,1.444333333,1.466,1.484666667
