experiment,Line-Treatment,DT inflection,StDev_inf,DT interval,StDev_int,Lab strain,Strain,Treatment,Strain*Treatment,Time_0,Time_0.5,Time_1,Time_1.5,Time_2,Time_2.5,Time_3,Time_3.5,Time_4,Time_4.5,Time_5,Time_5.5,Time_6,Time_6.5,Time_7,Time_7.5,Time_8,Time_8.5,Time_9,Time_9.5,Time_10,Time_10.5,Time_11,Time_11.5,Time_12,Time_12.5,Time_13,Time_13.5,Time_14,Time_14.5,Time_15,Time_15.5,Time_16,Time_16.5,Time_17,Time_17.5,Time_18,Time_18.5,Time_19,Time_19.5,Time_20
SGRP_mTORinhibitsSCREEN_SET3_CAFFEINE AND lowTORIN_JEMBL_1201201,yML 567-1 uM Torin 11,115.1663597,3.151120434,124.4588435,1.763449706,yML 567,FM476,1 uM Torin 1,FM476*1 uM Torin 1,0,0.021333333,0.026,0.025,0.025,0.026666667,0.029333333,0.032666667,0.044,0.051,0.067,0.073666667,0.083333333,0.095666667,0.108333333,0.123,0.141666667,0.165333333,0.193,0.227333333,0.270333333,0.321666667,0.376333333,0.446,0.516666667,0.604666667,0.693333333,0.779,0.839333333,0.874333333,0.896,0.898333333,0.901333333,0.9,0.902,0.905333333,0.909333333,0.914666667,0.914,0.917333333,0.915666667
