experiment,Line-Treatment,DT inflection,StDev_inf,DT interval,StDev_int,Lab strain,Strain,Treatment,Strain*Treatment,Time_0,Time_0.5,Time_1,Time_1.5,Time_2,Time_2.5,Time_3,Time_3.5,Time_4,Time_4.5,Time_5,Time_5.5,Time_6,Time_6.5,Time_7,Time_7.5,Time_8,Time_8.5,Time_9,Time_9.5,Time_10,Time_10.5,Time_11,Time_11.5,Time_12,Time_12.5,Time_13,Time_13.5,Time_14,Time_14.5,Time_15,Time_15.5,Time_16,Time_16.5,Time_17,Time_17.5,Time_18,Time_18.5,Time_19,Time_19.5,Time_20
SGRP_mTORinhibitsSCREEN_SET 1 2 3 4 High-Low Rapa High-Low Torin,yML672-1% DMSO,55.14788761,8.673125823,139.5526869,120.5159854,yML 672,S36.7,1% DMSO,S36.7*1% DMSO,0,0.044,0.042333333,0.042,0.034333333,0.035666667,0.047666667,0.075,0.12,0.172,0.222,0.366333333,0.438333333,0.572333333,0.692,0.82,0.952333333,1.059333333,1.141333333,1.197333333,1.224333333,1.253666667,1.286,1.318666667,1.354,1.385,1.415,1.441,1.465666667,1.487333333,1.509333333,1.529333333,1.545,1.562666667,1.58,1.596333333,1.608333333,1.620333333,1.634,1.645666667,1.655333333
