experiment,Line-Treatment,DT inflection,StDev_inf,DT interval,StDev_int,Lab strain,Strain,Treatment,Strain*Treatment,Time_0,Time_0.5,Time_1,Time_1.5,Time_2,Time_2.5,Time_3,Time_3.5,Time_4,Time_4.5,Time_5,Time_5.5,Time_6,Time_6.5,Time_7,Time_7.5,Time_8,Time_8.5,Time_9,Time_9.5,Time_10,Time_10.5,Time_11,Time_11.5,Time_12,Time_12.5,Time_13,Time_13.5,Time_14,Time_14.5,Time_15,Time_15.5,Time_16,Time_16.5,Time_17,Time_17.5,Time_18,Time_18.5,Time_19,Time_19.5,Time_20
SET4_highTORIN_REDO_NBMBL_080717.xls,yML 694-2.5% DMSO,48.2167504,18.79645956,45.59733708,8.835965471,yML 694,CBS432,2.5% DMSO,CBS432*2.5% DMSO,0,0.042,0.04,0.037,0.03,0.026333333,0.023,0.033666667,0.057,0.126333333,0.196333333,0.300333333,0.430333333,0.574666667,0.706333333,0.842666667,0.97,1.089666667,1.141666667,1.151666667,1.167,1.185,1.209,1.239333333,1.275,1.316,1.349333333,1.380666667,1.407666667,1.434,1.461333333,1.483,1.501333333,1.521333333,1.54,1.558666667,1.575333333,1.593333333,1.604,1.618666667,1.628666667
