experiment,Line-Treatment,DT inflection,StDev_inf,DT interval,StDev_int,Lab strain,Strain,Treatment,Strain*Treatment,Time_0,Time_0.5,Time_1,Time_1.5,Time_2,Time_2.5,Time_3,Time_3.5,Time_4,Time_4.5,Time_5,Time_5.5,Time_6,Time_6.5,Time_7,Time_7.5,Time_8,Time_8.5,Time_9,Time_9.5,Time_10,Time_10.5,Time_11,Time_11.5,Time_12,Time_12.5,Time_13,Time_13.5,Time_14,Time_14.5,Time_15,Time_15.5,Time_16,Time_16.5,Time_17,Time_17.5,Time_18,Time_18.5,Time_19,Time_19.5,Time_20
SGRP_mTORinhibitsSCREEN_SET3_round3_highRAPA_KG_091517_D.xls,YML 618-20 ng/ml RAPA,201.1538056,16.44630479,289.7024871,4.069849262,yML 618,NCYC361,20 ng/mL RAPA,NCYC361*20 ng/mL RAPA,0,0.037333333,0.04,0.044666667,0.051666667,0.055,0.061,0.068,0.073,0.079333333,0.085666667,0.091,0.097666667,0.105333333,0.112,0.119,0.127333333,0.137333333,0.146,0.156666667,0.169333333,0.178333333,0.197666667,0.211666667,0.229333333,0.247,0.264666667,0.286333333,0.309666667,0.332333333,0.361333333,0.383,0.407333333,0.435,0.465666667,0.500333333,0.530666667,0.563333333,0.598,0.632333333,0.669
