experiment,Line-Treatment,DT inflection,StDev_inf,DT interval,StDev_int,Lab strain,Strain,Treatment,Strain*Treatment,Time_0,Time_0.5,Time_1,Time_1.5,Time_2,Time_2.5,Time_3,Time_3.5,Time_4,Time_4.5,Time_5,Time_5.5,Time_6,Time_6.5,Time_7,Time_7.5,Time_8,Time_8.5,Time_9,Time_9.5,Time_10,Time_10.5,Time_11,Time_11.5,Time_12,Time_12.5,Time_13,Time_13.5,Time_14,Time_14.5,Time_15,Time_15.5,Time_16,Time_16.5,Time_17,Time_17.5,Time_18,Time_18.5,Time_19,Time_19.5,Time_20
RB_RUN1_F_SGRPmTORscreen_KGA_11082018.xls,NCYC3448-6.67%H2O,13.74356846,2.742559169,19.70143013,12.83431013,NCYC 3448,UWOPS83-787.3,6.67% H2O,UWOPS83-787.3*6.67% H2O,0,0.088,0.104333333,0.125,0.127666667,0.062666667,0.296666667,0.390333333,0.495,0.633,0.78,0.922333333,1.050333333,1.146,1.202666667,1.222666667,1.256,1.285333333,1.316,1.347666667,1.386,1.413666667,1.436,1.461,1.479333333,1.496333333,1.517666667,1.531666667,1.549,1.555666667,1.568666667,1.585666667,1.587333333,1.605666667,1.612,1.616666667,1.629,1.635666667,1.643333333,1.652333333,1.657666667
