experiment,Line-Treatment,DT inflection,StDev_inf,DT interval,StDev_int,Lab strain,Strain,Treatment,Strain*Treatment,Time_0,Time_0.5,Time_1,Time_1.5,Time_2,Time_2.5,Time_3,Time_3.5,Time_4,Time_4.5,Time_5,Time_5.5,Time_6,Time_6.5,Time_7,Time_7.5,Time_8,Time_8.5,Time_9,Time_9.5,Time_10,Time_10.5,Time_11,Time_11.5,Time_12,Time_12.5,Time_13,Time_13.5,Time_14,Time_14.5,Time_15,Time_15.5,Time_16,Time_16.5,Time_17,Time_17.5,Time_18,Time_18.5,Time_19,Time_19.5,Time_20
SGRP_mTOR_inhibitsSCREEN_SET1_highTORIN_KGPUMBL_052817.xls,NCYC 3266-25uM Torin 1,84.18532378,17.80114776,221.1012273,245.7007703,NCYC 3266,Y55,25 uM Torin 1,Y55*25 uM Torin 1,0,0.094,0.092666667,0.094,0.097333333,0.1,0.106666667,0.119,0.127,0.148333333,0.166666667,0.186666667,0.222333333,0.274,0.338,0.430333333,0.547666667,0.680333333,0.828333333,0.972333333,1.106666667,1.196666667,1.223666667,1.235666667,1.251666667,1.276333333,1.299,1.327666667,1.355333333,1.385666667,1.412,1.438333333,1.463,1.488,1.513333333,1.534333333,1.556333333,1.574666667,1.591333333,1.611,1.627666667
