experiment,Line-Treatment,DT inflection,StDev_inf,DT interval,StDev_int,Lab strain,Strain,Treatment,Strain*Treatment,Time_0,Time_0.5,Time_1,Time_1.5,Time_2,Time_2.5,Time_3,Time_3.5,Time_4,Time_4.5,Time_5,Time_5.5,Time_6,Time_6.5,Time_7,Time_7.5,Time_8,Time_8.5,Time_9,Time_9.5,Time_10,Time_10.5,Time_11,Time_11.5,Time_12,Time_12.5,Time_13,Time_13.5,Time_14,Time_14.5,Time_15,Time_15.5,Time_16,Time_16.5,Time_17,Time_17.5,Time_18,Time_18.5,Time_19,Time_19.5,Time_20
SGRP_mTOR_inhibitsSCREEN_SET1_highgdc-0941_AR_053117.xls,yML742-100uM GDC0941,91.80085992,0.086432505,93.87794095,0.670168801,BY4743,BY4743,100 uM GDC0941,BY4743*100 uM GDC0941,0,0.072,0.075333333,0.078,0.085666667,0.096,0.113,0.133666667,0.162,0.201333333,0.250333333,0.313,0.391333333,0.486,0.594333333,0.710666667,0.820333333,0.929666667,1.021666667,1.077,1.085333333,1.089666667,1.099333333,1.105,1.116333333,1.127,1.136666667,1.146,1.157333333,1.168333333,1.18,1.191666667,1.202333333,1.213,1.223333333,1.233666667,1.245,1.255666667,1.265333333,1.275,1.287333333
SGRP_mTORinhibitsSCREEN_SET2_GDC_AR_062617.xls,yML742-100uM GDC0941,65.67767911,0.467549273,66.57676751,0.419946868,BY4743,BY4743,100 uM GDC0941,BY4743*100 uM GDC0941,0,0.036,0.037,0.048,0.056333333,0.064,0.078666667,0.094333333,0.124,0.159333333,0.218666667,0.297666667,0.403666667,0.534,0.691,0.832666667,0.950666667,1.061,1.151,1.207,1.256,1.272,1.269333333,1.274666667,1.274,1.278,1.283333333,1.281666667,1.284666667,1.295666667,1.301,1.312,1.318333333,1.319333333,1.326666667,1.331,1.336333333,1.343666667,1.348333333,1.348,1.348333333
