experiment,Line-Treatment,DT inflection,StDev_inf,DT interval,StDev_int,Lab strain,Strain,Treatment,Strain*Treatment,Time_0,Time_0.5,Time_1,Time_1.5,Time_2,Time_2.5,Time_3,Time_3.5,Time_4,Time_4.5,Time_5,Time_5.5,Time_6,Time_6.5,Time_7,Time_7.5,Time_8,Time_8.5,Time_9,Time_9.5,Time_10,Time_10.5,Time_11,Time_11.5,Time_12,Time_12.5,Time_13,Time_13.5,Time_14,Time_14.5,Time_15,Time_15.5,Time_16,Time_16.5,Time_17,Time_17.5,Time_18,Time_18.5,Time_19,Time_19.5,Time_20
SGRP_mTORinhibitsSCREEN_SET1_LOWRAPA_highRAPA_lowTORIN_MGK_12022,NCYC 3290-1% DMSO,68.87050527,1.757920864,71.4787313,1.4898222,NCYC 3290,DBVPG 6044,1% DMSO,DBVPG 6044*1% DMSO,0,0.006333333,0.012,0.048666667,0.075333333,0.119333333,0.167333333,0.226333333,0.299666667,0.392333333,0.512666667,0.635,0.763,0.904666667,1.039666667,1.173,1.243,1.262666667,1.283,1.304333333,1.330666667,1.356333333,1.386,1.411,1.439333333,1.470333333,1.493,1.518666667,1.543,1.564666667,1.585666667,1.606333333,1.622333333,1.641666667,1.656666667,1.672666667,1.688666667,1.701666667,1.717666667,1.731,1.741666667
SGRP_mTORinhibitsSCREEN_SET1_LOWRAPA_highRAPA_lowTORIN_MGK_12022,NCYC 3290-1% DMSO,70.14377513,2.067141428,74.84113121,3.792605492,NCYC 3290,DBVPG 6044,1% DMSO,DBVPG 6044*1% DMSO,0,0.029,0.035333333,0.051,0.078,0.127666667,0.184333333,0.248,0.322666667,0.421333333,0.548,0.674333333,0.801666667,0.945,1.077,1.204,1.244,1.265666667,1.282,1.304333333,1.329333333,1.353333333,1.383333333,1.404,1.429333333,1.459,1.483666667,1.509333333,1.531666667,1.552666667,1.573,1.592666667,1.61,1.626666667,1.643,1.658333333,1.674666667,1.687666667,1.704,1.718,1.727333333
