experiment,Line-Treatment,DT inflection,StDev_inf,DT interval,StDev_int,Lab strain,Strain,Treatment,Strain*Treatment,Time_0,Time_0.5,Time_1,Time_1.5,Time_2,Time_2.5,Time_3,Time_3.5,Time_4,Time_4.5,Time_5,Time_5.5,Time_6,Time_6.5,Time_7,Time_7.5,Time_8,Time_8.5,Time_9,Time_9.5,Time_10,Time_10.5,Time_11,Time_11.5,Time_12,Time_12.5,Time_13,Time_13.5,Time_14,Time_14.5,Time_15,Time_15.5,Time_16,Time_16.5,Time_17,Time_17.5,Time_18,Time_18.5,Time_19,Time_19.5,Time_20
SGRP_mTORinhibitsSCREEN_SET 1 2 3 4 High-Low Rapa High-Low Torin,yML665-2.5% DMSO,83.9630735,54.95122261,,,yML 665,N-45,2.5% DMSO,N-45*2.5% DMSO,0,0.074,0.080666667,0.078,0.072666667,0.044666667,0.052333333,0.052666667,0.044,0.058,0.06,0.092666667,0.187333333,0.609333333,0.808666667,0.918333333,1.056333333,1.102333333,1.161,1.204666667,1.245333333,1.272,1.301333333,1.341333333,1.36,1.403666667,1.432333333,1.471333333,1.491,1.524333333,1.546666667,1.566,1.579666667,1.6,1.629333333,1.635666667,1.655333333,1.658333333,1.674666667,1.685,1.688666667
SGRP_mTORinhibitsSCREEN_SET3_CAFFEINE AND lowTORIN_JEMBL_1201201,yML665-2.5% DMSO,96.44773663,5.787018833,,,yML 665,N-45,2.5% DMSO,N-45*2.5% DMSO,0,0.059666667,0.065333333,0.066,0.061,0.044333333,0.033,0.028666667,0.026333333,0.027666667,0.340333333,0.425,0.525,0.645666667,0.761333333,0.880333333,0.994,1.087,1.130333333,1.137333333,1.165666667,1.21,1.223666667,1.251,1.275333333,1.308666667,1.332666667,1.362666667,1.393333333,1.417,1.445,1.462666667,1.484333333,1.502,1.518,1.540333333,1.554333333,1.572333333,1.585666667,1.604333333,1.617333333
SGRP_mTORinhibitsSCREEN_SET3_CAFFEINE AND lowTORIN_JEMBL_1201201,yML665-2.5% DMSO,78.72766125,19.1150567,64.479979,,yML 665,N-45,2.5% DMSO,N-45*2.5% DMSO,0,0.062333333,0.070333333,0.068333333,0.055666667,0.047666667,0.035666667,0.028,0.037,0.024666667,0.316,0.414666667,0.514,0.670333333,0.796333333,0.923333333,1.041666667,1.142,1.186,1.199666667,1.218,1.237333333,1.271,1.298666667,1.330333333,1.361666667,1.396333333,1.415333333,1.441,1.468666667,1.490666667,1.509333333,1.526333333,1.549,1.565,1.582333333,1.594,1.607,1.625,1.635333333,1.652666667
