experiment,Line-Treatment,DT inflection,StDev_inf,DT interval,StDev_int,Lab strain,Strain,Treatment,Strain*Treatment,Time_0,Time_0.5,Time_1,Time_1.5,Time_2,Time_2.5,Time_3,Time_3.5,Time_4,Time_4.5,Time_5,Time_5.5,Time_6,Time_6.5,Time_7,Time_7.5,Time_8,Time_8.5,Time_9,Time_9.5,Time_10,Time_10.5,Time_11,Time_11.5,Time_12,Time_12.5,Time_13,Time_13.5,Time_14,Time_14.5,Time_15,Time_15.5,Time_16,Time_16.5,Time_17,Time_17.5,Time_18,Time_18.5,Time_19,Time_19.5,Time_20
SGRP_mTORinhibsSCREEN_SET1_lowRAPA_KGPUMBL_05062017.xls,NCYC 3314-2.5ng/ml RAPA,67.76355288,2.03525874,69.36415272,2.244691118,NCYC 3314,BC187,2.5 ng/mL RAPA,BC187*2.5 ng/mL RAPA,0,0.051666667,0.057666667,0.073666667,0.021,0.123,0.163,0.219666667,0.298,0.397333333,0.522333333,0.657666667,0.740333333,0.964,1.092666667,1.125333333,1.243333333,1.260666667,1.281,1.302,1.334666667,1.356333333,1.374666667,1.413333333,1.433666667,1.464666667,1.476,1.506,1.536,1.558666667,1.567,1.588666667,1.607,1.627666667,1.642333333,1.654666667,1.668666667,1.684333333,1.695,1.701666667,1.717333333
