experiment,Line-Treatment,DT inflection,StDev_inf,DT interval,StDev_int,Lab strain,Strain,Treatment,Strain*Treatment,Time_0,Time_0.5,Time_1,Time_1.5,Time_2,Time_2.5,Time_3,Time_3.5,Time_4,Time_4.5,Time_5,Time_5.5,Time_6,Time_6.5,Time_7,Time_7.5,Time_8,Time_8.5,Time_9,Time_9.5,Time_10,Time_10.5,Time_11,Time_11.5,Time_12,Time_12.5,Time_13,Time_13.5,Time_14,Time_14.5,Time_15,Time_15.5,Time_16,Time_16.5,Time_17,Time_17.5,Time_18,Time_18.5,Time_19,Time_19.5,Time_20
SGRP_mTORinhibitsSCREEN_SET1HIGHrapaANDhighTORIN_PU_03162018_D.x,NCYC3453A-1%DMSO,71.88206189,7.935330728,87.81971004,12.31679866,NCYC 3453,YS4,1% DMSO,YS4*1% DMSO,0,0.069,0.088666667,0.119333333,0.154,0.187333333,0.239,0.32,0.409666667,0.529333333,0.670666667,0.820666667,0.949333333,1.046666667,1.096333333,1.114333333,1.121333333,1.135,1.151333333,1.163333333,1.183,1.203,1.223,1.241,1.259666667,1.277666667,1.334666667,1.315,1.329,1.347666667,1.363333333,1.376333333,1.394333333,1.409666667,1.422666667,1.437333333,1.451333333,1.466333333,1.477666667,1.488666667,1.502
