experiment,Line-Treatment,DT inflection,StDev_inf,DT interval,StDev_int,Lab strain,Strain,Treatment,Strain*Treatment,Time_0,Time_0.5,Time_1,Time_1.5,Time_2,Time_2.5,Time_3,Time_3.5,Time_4,Time_4.5,Time_5,Time_5.5,Time_6,Time_6.5,Time_7,Time_7.5,Time_8,Time_8.5,Time_9,Time_9.5,Time_10,Time_10.5,Time_11,Time_11.5,Time_12,Time_12.5,Time_13,Time_13.5,Time_14,Time_14.5,Time_15,Time_15.5,Time_16,Time_16.5,Time_17,Time_17.5,Time_18,Time_18.5,Time_19,Time_19.5,Time_20
SGRP_mTORinhibitsSCREEN_SET 1 2 3 4 High-Low Rapa High-Low Torin,yML666-20 ng/ml RAPA,162.5131417,20.20067241,500.0228887,114.1408894,yML 666,UFRJ50816,20 ng/mL RAPA,UFRJ50816*20 ng/mL RAPA,0,0.027333333,0.027333333,0.029666667,0.023666667,0.037666667,0.009666667,0.013666667,0.005,0.000666667,0.001666667,0.105666667,0.108,0.152,0.159333333,0.165,0.179,0.190333333,0.202666667,0.226666667,0.235,0.261333333,0.282,0.302333333,0.321666667,0.351333333,0.369333333,0.392666667,0.402666667,0.428,0.453,0.488333333,0.524666667,0.547,0.569,0.590666667,0.618,0.648,0.680666667,0.694666667,0.718666667
