experiment,Line-Treatment,DT inflection,StDev_inf,DT interval,StDev_int,Lab strain,Strain,Treatment,Strain*Treatment,Time_0,Time_0.5,Time_1,Time_1.5,Time_2,Time_2.5,Time_3,Time_3.5,Time_4,Time_4.5,Time_5,Time_5.5,Time_6,Time_6.5,Time_7,Time_7.5,Time_8,Time_8.5,Time_9,Time_9.5,Time_10,Time_10.5,Time_11,Time_11.5,Time_12,Time_12.5,Time_13,Time_13.5,Time_14,Time_14.5,Time_15,Time_15.5,Time_16,Time_16.5,Time_17,Time_17.5,Time_18,Time_18.5,Time_19,Time_19.5,Time_20
SGRP_mTORinhibitsSCREEN_SET1_CAFFEINE AND lowTORIN_MGK_12022017_,NCYC 3315-6.67% H2O,66.13909317,4.840034507,65.21461895,9.75863571,NCYC 3315,YPS606,6.67% H2O,YPS606*6.67% H2O,0,0.070666667,0.073666667,0.072666667,0.060666667,0.030333333,0.204666667,0.283,0.387,0.520333333,0.664666667,0.821,0.974333333,1.103,1.235333333,1.280333333,1.309333333,1.340666667,1.369333333,1.398,1.428,1.458333333,1.487666667,1.515,1.54,1.563,1.584333333,1.600666667,1.616,1.633,1.646666667,1.663333333,1.672,1.687333333,1.696666667,1.71,1.717666667,1.730333333,1.740333333,1.749,1.756333333
