experiment,Line-Treatment,DT inflection,StDev_inf,DT interval,StDev_int,Lab strain,Strain,Treatment,Strain*Treatment,Time_0,Time_0.5,Time_1,Time_1.5,Time_2,Time_2.5,Time_3,Time_3.5,Time_4,Time_4.5,Time_5,Time_5.5,Time_6,Time_6.5,Time_7,Time_7.5,Time_8,Time_8.5,Time_9,Time_9.5,Time_10,Time_10.5,Time_11,Time_11.5,Time_12,Time_12.5,Time_13,Time_13.5,Time_14,Time_14.5,Time_15,Time_15.5,Time_16,Time_16.5,Time_17,Time_17.5,Time_18,Time_18.5,Time_19,Time_19.5,Time_20
SGRP_mTORinhibits_SET3_highTORIN_MGK_101617_F.xls,YML 570-25 uM Torin 1,142.0609551,11.28276109,173.1347956,0.928552306,yML 570,FM677,25 uM Torin 1,FM677*25 uM Torin 1,0,0.015,0.016,0.016666667,0.017333333,0.018,0.017333333,0.017666667,0.017,0.016666667,0.017,0.016666667,0.016333333,0.016333333,0.017333333,0.021,0.023666667,0.025666667,0.028333333,0.028666667,0.030333333,0.032666667,0.035,0.038333333,0.042,0.047,0.051666667,0.057,0.064,0.071,0.081,0.09,0.100666667,0.113666667,0.128,0.146333333,0.165333333,0.190666667,0.216,0.244,0.276333333
SGRP_mTORinhibitsSCREEN_SET3highTORIN_MGK_101617_D.xls,YML 570-25 uM Torin 1,146.6208119,11.02972012,196.3884494,7.29955942,yML 570,FM677,25 uM Torin 1,FM677*25 uM Torin 1,0,0.023666667,0.026,0.028333333,0.029333333,0.028333333,0.027666667,0.028333333,0.028,0.027666667,0.029333333,0.031,0.031333333,0.031666667,0.032,0.032,0.035666667,0.037333333,0.040333333,0.044,0.047666667,0.051,0.054666667,0.059666667,0.060333333,0.07,0.078666667,0.086,0.092333333,0.107333333,0.119,0.132333333,0.147,0.166,0.185666667,0.201666667,0.232,0.256333333,0.287,0.321,0.357
