experiment,Line-Treatment,DT inflection,StDev_inf,DT interval,StDev_int,Lab strain,Strain,Treatment,Strain*Treatment,Time_0,Time_0.5,Time_1,Time_1.5,Time_2,Time_2.5,Time_3,Time_3.5,Time_4,Time_4.5,Time_5,Time_5.5,Time_6,Time_6.5,Time_7,Time_7.5,Time_8,Time_8.5,Time_9,Time_9.5,Time_10,Time_10.5,Time_11,Time_11.5,Time_12,Time_12.5,Time_13,Time_13.5,Time_14,Time_14.5,Time_15,Time_15.5,Time_16,Time_16.5,Time_17,Time_17.5,Time_18,Time_18.5,Time_19,Time_19.5,Time_20
SGRP_mTOR_inhibitsSCREEN_SET2_HighRAPA+LowTorin_Repeat_JEMBL_073,NCYC 3486-1% DMSO,63.02511959,0.824208947,65.05046387,0.934919447,NCYC 3486,NCYC110 ,1% DMSO,NCYC110 *1% DMSO,0,0.022666667,0.031666667,0.042333333,0.057,0.076333333,0.106,0.145333333,0.201,0.277666667,0.376666667,0.489333333,0.627666667,0.782333333,0.945,1.084,1.094333333,1.114333333,1.131666667,1.150666667,1.174333333,1.201666667,1.227333333,1.257,1.280666667,1.311333333,1.34,1.368,1.391,1.413666667,1.435,1.452666667,1.474333333,1.491666667,1.507333333,1.528333333,1.543,1.562,1.575333333,1.595666667,1.614333333
SGRP_mTORinhibitsSCREEN_SET2_LOWRAPA_highTORIN_MGK_12032017_F,NCYC 3486-1% DMSO,63.24182332,3.79104768,65.95034358,2.391103872,NCYC 3486,NCYC110 ,1% DMSO,NCYC110 *1% DMSO,0,0.015666667,0.023,0.029,0.039333333,0.055333333,0.081666667,0.106666667,0.147666667,0.205333333,0.280666667,0.377666667,0.490666667,0.629333333,0.777666667,0.938333333,1.080666667,1.105666667,1.122666667,1.139666667,1.155,1.177333333,1.201333333,1.228333333,1.254666667,1.277666667,1.305333333,1.331666667,1.357,1.382,1.404333333,1.425666667,1.444666667,1.463333333,1.483333333,1.498666667,1.514,1.529333333,1.543,1.561333333,1.573
