experiment,Line-Treatment,DT inflection,StDev_inf,DT interval,StDev_int,Lab strain,Strain,Treatment,Strain*Treatment,Time_0,Time_0.5,Time_1,Time_1.5,Time_2,Time_2.5,Time_3,Time_3.5,Time_4,Time_4.5,Time_5,Time_5.5,Time_6,Time_6.5,Time_7,Time_7.5,Time_8,Time_8.5,Time_9,Time_9.5,Time_10,Time_10.5,Time_11,Time_11.5,Time_12,Time_12.5,Time_13,Time_13.5,Time_14,Time_14.5,Time_15,Time_15.5,Time_16,Time_16.5,Time_17,Time_17.5,Time_18,Time_18.5,Time_19,Time_19.5,Time_20
SGRP_mTORinhibits_SET4_GDC_MGK_09202017.xls,YML 685-100 uM GDC0941,47.97194763,10.66273136,64.52118229,14.14616575,yML 685,Q89.8,100 uM GDC0941,Q89.8*100 uM GDC0941,0,0.057333333,0.093,0.074333333,0.070666667,0.075333333,0.078,0.089333333,0.141,0.211333333,0.285666667,0.381333333,0.507666667,0.642,0.788333333,0.913666667,1.032,1.135666667,1.223,1.291,1.292,1.301333333,1.307333333,1.319333333,1.332,1.351666667,1.371,1.396,1.42,1.443,1.463,1.481666667,1.502,1.519,1.541666667,1.557666667,1.573666667,1.594333333,1.606666667,1.621666667,1.633333333
