experiment,Line-Treatment,DT inflection,StDev_inf,DT interval,StDev_int,Lab strain,Strain,Treatment,Strain*Treatment,Time_0,Time_0.5,Time_1,Time_1.5,Time_2,Time_2.5,Time_3,Time_3.5,Time_4,Time_4.5,Time_5,Time_5.5,Time_6,Time_6.5,Time_7,Time_7.5,Time_8,Time_8.5,Time_9,Time_9.5,Time_10,Time_10.5,Time_11,Time_11.5,Time_12,Time_12.5,Time_13,Time_13.5,Time_14,Time_14.5,Time_15,Time_15.5,Time_16,Time_16.5,Time_17,Time_17.5,Time_18,Time_18.5,Time_19,Time_19.5,Time_20
SGRP_mTORinhibsSCREEN_SET1_lowRAPA_KGPUMBL_05062017.xls,NCYC 3319-2.5ng/ml RAPA,64.22692092,2.766991214,64.60934343,3.049588579,NCYC 3319,L-1528,2.5 ng/mL RAPA,L-1528*2.5 ng/mL RAPA,0,0.055,0.061333333,0.073666667,0.019666667,0.119333333,0.159,0.215666667,0.297333333,0.399666667,0.529666667,0.670666667,0.758666667,0.979333333,1.124333333,1.161,1.254666667,1.271666667,1.292666667,1.312,1.343666667,1.362,1.377,1.413,1.437666667,1.469333333,1.485,1.518,1.543333333,1.562666667,1.570666667,1.589333333,1.605,1.627,1.637,1.647333333,1.665,1.677666667,1.686333333,1.727,1.707666667
