experiment,Line-Treatment,DT inflection,StDev_inf,DT interval,StDev_int,Lab strain,Strain,Treatment,Strain*Treatment,Time_0,Time_0.5,Time_1,Time_1.5,Time_2,Time_2.5,Time_3,Time_3.5,Time_4,Time_4.5,Time_5,Time_5.5,Time_6,Time_6.5,Time_7,Time_7.5,Time_8,Time_8.5,Time_9,Time_9.5,Time_10,Time_10.5,Time_11,Time_11.5,Time_12,Time_12.5,Time_13,Time_13.5,Time_14,Time_14.5,Time_15,Time_15.5,Time_16,Time_16.5,Time_17,Time_17.5,Time_18,Time_18.5,Time_19,Time_19.5,Time_20
SGRP_mTOR_inhibitsSCREEN_SET2_HighRAPA+LowTorin_Repeat_JEMBL_073,yML 557-1% DMSO,60.39774023,4.867320934,61.07530643,4.193251247,yML 557,T7,1% DMSO,T7*1% DMSO,0,0.047666667,0.056666667,0.06,0.096666667,0.140333333,0.202333333,0.281,0.379333333,0.511,0.676666667,0.855333333,1.033333333,1.187666667,1.283,1.318666667,1.350333333,1.389333333,1.421666667,1.458666667,1.491,1.524666667,1.549666667,1.577666667,1.602,1.627,1.646666667,1.664666667,1.678666667,1.690333333,1.704,1.716333333,1.746,1.742666667,1.762666667,1.783333333,1.795666667,1.810333333,1.824,1.843333333,1.857666667
SGRP_mTORinhibitsSCREEN_SET2_LOWRAPA_highTORIN_MGK_12032017_F,yML 557-1% DMSO,55.19909809,8.694367112,67.80999134,0.722806912,yML 557,T7,1% DMSO,T7*1% DMSO,0,0.049,0.053333333,0.051666667,0.086333333,0.113666667,0.154,0.225666667,0.293,0.392333333,0.531666667,0.71,0.882666667,1.038333333,1.179333333,1.278666667,1.312,1.344333333,1.375666667,1.407,1.437666667,1.473,1.503666667,1.532666667,1.555666667,1.577333333,1.603333333,1.622333333,1.638666667,1.655666667,1.668666667,1.685,1.695666667,1.711,1.726333333,1.734,1.746,1.755333333,1.762333333,1.773666667,1.78
