experiment,Line-Treatment,DT inflection,StDev_inf,DT interval,StDev_int,Lab strain,Strain,Treatment,Strain*Treatment,Time_0,Time_0.5,Time_1,Time_1.5,Time_2,Time_2.5,Time_3,Time_3.5,Time_4,Time_4.5,Time_5,Time_5.5,Time_6,Time_6.5,Time_7,Time_7.5,Time_8,Time_8.5,Time_9,Time_9.5,Time_10,Time_10.5,Time_11,Time_11.5,Time_12,Time_12.5,Time_13,Time_13.5,Time_14,Time_14.5,Time_15,Time_15.5,Time_16,Time_16.5,Time_17,Time_17.5,Time_18,Time_18.5,Time_19,Time_19.5,Time_20
SGRP_mTORinhibitsSCREEN_SET1_CAFFEINE AND lowTORIN_MGK_12022017_,NCYC 3290-6.67% H2O,60.08683747,4.487890996,65.52918695,3.159489186,NCYC 3290,DBVPG 6044,6.67% H2O,DBVPG 6044*6.67% H2O,0,0.031333333,0.037666667,0.048666667,0.058666667,0.077,0.135333333,0.178333333,0.252333333,0.338333333,0.464666667,0.581666667,0.709666667,0.863,1.001666667,1.138333333,1.219,1.239666667,1.258666667,1.285333333,1.310333333,1.337,1.362333333,1.390333333,1.42,1.453666667,1.480666667,1.507666667,1.533333333,1.557333333,1.578333333,1.603333333,1.622,1.640333333,1.655333333,1.673,1.687,1.704,1.718666667,1.731,1.741
