experiment,Line-Treatment,DT inflection,StDev_inf,DT interval,StDev_int,Lab strain,Strain,Treatment,Strain*Treatment,Time_0,Time_0.5,Time_1,Time_1.5,Time_2,Time_2.5,Time_3,Time_3.5,Time_4,Time_4.5,Time_5,Time_5.5,Time_6,Time_6.5,Time_7,Time_7.5,Time_8,Time_8.5,Time_9,Time_9.5,Time_10,Time_10.5,Time_11,Time_11.5,Time_12,Time_12.5,Time_13,Time_13.5,Time_14,Time_14.5,Time_15,Time_15.5,Time_16,Time_16.5,Time_17,Time_17.5,Time_18,Time_18.5,Time_19,Time_19.5,Time_20
SGRP_mTORinhibitsSCREEN_SET3_round3_highRAPA_KG_091517_D.xls,YML676-20 ng/ml RAPA,95.36388796,6.527256909,174.6042131,3.717212306,yML 676,DBVPG 4650,20 ng/mL RAPA,DBVPG 4650*20 ng/mL RAPA,0,0.030333333,0.035666667,0.043666667,0.049666667,0.055666667,0.07,0.076666667,0.092666667,0.102333333,0.121333333,0.136666667,0.154333333,0.176,0.205,0.226,0.270333333,0.301333333,0.355,0.399666667,0.441,0.524,0.571333333,0.636666667,0.719333333,0.791,0.837333333,0.895333333,1.002333333,1.075,1.156666667,1.236666667,1.311,1.37,1.417,1.437,1.454,1.463666667,1.485,1.499333333,1.533333333
