experiment,Line-Treatment,DT inflection,StDev_inf,DT interval,StDev_int,Lab strain,Strain,Treatment,Strain*Treatment,Time_0,Time_0.5,Time_1,Time_1.5,Time_2,Time_2.5,Time_3,Time_3.5,Time_4,Time_4.5,Time_5,Time_5.5,Time_6,Time_6.5,Time_7,Time_7.5,Time_8,Time_8.5,Time_9,Time_9.5,Time_10,Time_10.5,Time_11,Time_11.5,Time_12,Time_12.5,Time_13,Time_13.5,Time_14,Time_14.5,Time_15,Time_15.5,Time_16,Time_16.5,Time_17,Time_17.5,Time_18,Time_18.5,Time_19,Time_19.5,Time_20
RB_RUN1_F_SGRPmTORscreen_KGA_11082018.xls,yML708-2.5%DMSO,56.93174551,10.53998952,61.47450855,4.998536224,yML 708,PW5,2.5% DMSO,PW5*2.5% DMSO,0,0.050333333,0.054333333,0.067666667,0.093,0.119666667,0.193333333,0.268,0.359,0.467666667,0.590333333,0.727666667,0.863,0.974666667,1.055333333,1.083,1.106666667,1.131333333,1.157,1.182333333,1.218333333,1.246,1.273333333,1.300666667,1.324,1.35,1.371,1.392666667,1.413333333,1.428666667,1.451,1.468666667,1.483333333,1.499666667,1.506,1.522,1.536333333,1.547666667,1.556,1.566333333,1.575666667
