experiment,Line-Treatment,DT inflection,StDev_inf,DT interval,StDev_int,Lab strain,Strain,Treatment,Strain*Treatment,Time_0,Time_0.5,Time_1,Time_1.5,Time_2,Time_2.5,Time_3,Time_3.5,Time_4,Time_4.5,Time_5,Time_5.5,Time_6,Time_6.5,Time_7,Time_7.5,Time_8,Time_8.5,Time_9,Time_9.5,Time_10,Time_10.5,Time_11,Time_11.5,Time_12,Time_12.5,Time_13,Time_13.5,Time_14,Time_14.5,Time_15,Time_15.5,Time_16,Time_16.5,Time_17,Time_17.5,Time_18,Time_18.5,Time_19,Time_19.5,Time_20
SGRP_mTORinhibits_SET3_CAFFEINE_MGK_100817_F.xls,YML681-1000 ug/ml Caffeine,60.68633253,28.63382709,,,yML 681,A4,1 mg/mL Caffeine,A4*1 mg/mL Caffeine,0,0.043666667,0.047,0.055,0.062,0.134333333,0.238333333,0.453666667,0.558,0.694,0.779666667,0.928,1.073666667,1.193,1.265666667,1.302,1.310666667,1.337333333,1.340333333,1.368333333,1.401,1.43,1.459,1.483333333,1.510666667,1.535666667,1.548,1.590333333,1.604,1.620333333,1.635,1.658,1.682666667,1.693666667,1.703,1.714333333,1.723666667,1.731333333,1.753666667,1.765,1.763
SGRP_mTORinhibitsSCREEN_SET3_CAFFEINE_MGK_10082017_D.xls,YML681-1000 ug/ml Caffeine,67.95112663,16.11609451,64.35820997,25.40200211,yML 681,A4,1 mg/mL Caffeine,A4*1 mg/mL Caffeine,0,0.047,0.044,0.051666667,0.060333333,0.062666667,0.147666667,0.283333333,0.382666667,0.488666667,0.592,0.706666667,0.829666667,0.973666667,1.085666667,1.194666667,1.218666667,1.239666667,1.263,1.283666667,1.3,1.326,1.356,1.394333333,1.428,1.456666667,1.488,1.515666667,1.545333333,1.557333333,1.579666667,1.590666667,1.619666667,1.639333333,1.649,1.671666667,1.689,1.707,1.718666667,1.734666667,1.744333333
SGRP_mTORinhibitsSCREEN_SET3_Caffeine_NBMBL_07112017.xls,YML681-1000 ug/ml Caffeine,69.81150764,3.021871028,65.49963745,7.006965225,yML 681,A4,1 mg/mL Caffeine,A4*1 mg/mL Caffeine,0,0.014666667,0.019666667,0.02,0.033333333,0.042333333,0.131333333,0.208,0.277,0.361666667,0.474333333,0.588,0.731666667,0.882,1.016,1.104666667,1.129,1.139,1.149,1.161,1.184666667,1.211333333,1.228,1.241,1.269333333,1.274333333,1.287666667,1.317333333,1.360333333,1.429666667,1.445,1.463666667,1.494333333,1.521666667,1.531333333,1.556333333,1.578,1.598333333,1.61,1.631666667,1.649
