experiment,Line-Treatment,DT inflection,StDev_inf,DT interval,StDev_int,Lab strain,Strain,Treatment,Strain*Treatment,Time_0,Time_0.5,Time_1,Time_1.5,Time_2,Time_2.5,Time_3,Time_3.5,Time_4,Time_4.5,Time_5,Time_5.5,Time_6,Time_6.5,Time_7,Time_7.5,Time_8,Time_8.5,Time_9,Time_9.5,Time_10,Time_10.5,Time_11,Time_11.5,Time_12,Time_12.5,Time_13,Time_13.5,Time_14,Time_14.5,Time_15,Time_15.5,Time_16,Time_16.5,Time_17,Time_17.5,Time_18,Time_18.5,Time_19,Time_19.5,Time_20
SGRP_mTOR_inhibitsSCREEN_SET3_round3_lowTORIN_KG_091517_F.xls,YML679-1 uM Torin 1,88.12636083,1.634454201,112.9350903,8.624576642,yML 679,CBS5829,1 uM Torin 1,CBS5829*1 uM Torin 1,0,0.043333333,0.052333333,0.067333333,0.079,0.096333333,0.119666667,0.145666667,0.174666667,0.207666667,0.257666667,0.299333333,0.373,0.443333333,0.532333333,0.627,0.729666667,0.839666667,0.945333333,1.059666667,1.137,1.199,1.222666667,1.23,1.241333333,1.263,1.273333333,1.292333333,1.304,1.324333333,1.348,1.367333333,1.389333333,1.410666667,1.423666667,1.443,1.458,1.480666667,1.497333333,1.512333333,1.525
SGRP_mTORinhibitsSCREEN_SET3_LOWTORIN_PUMT_062817.xls,YML679-1 uM Torin 1,90.67286659,1.512011038,113.2469464,4.375577824,yML 679,CBS5829,1 uM Torin 1,CBS5829*1 uM Torin 1,0,0.016,0.023,0.037666667,0.042666667,0.054666667,0.07,0.09,0.105,0.128333333,0.158,0.198666667,0.239666667,0.293666667,0.342666667,0.409333333,0.478333333,0.558,0.649333333,0.726333333,0.810666667,0.885666667,0.952,0.989666667,1.004333333,1.022333333,1.039666667,1.062666667,1.093666667,1.118666667,1.149333333,1.174666667,1.209333333,1.237333333,1.263333333,1.289333333,1.319333333,1.337333333,1.361,1.377666667,1.395666667
