experiment,Line-Treatment,DT inflection,StDev_inf,DT interval,StDev_int,Lab strain,Strain,Treatment,Strain*Treatment,Time_0,Time_0.5,Time_1,Time_1.5,Time_2,Time_2.5,Time_3,Time_3.5,Time_4,Time_4.5,Time_5,Time_5.5,Time_6,Time_6.5,Time_7,Time_7.5,Time_8,Time_8.5,Time_9,Time_9.5,Time_10,Time_10.5,Time_11,Time_11.5,Time_12,Time_12.5,Time_13,Time_13.5,Time_14,Time_14.5,Time_15,Time_15.5,Time_16,Time_16.5,Time_17,Time_17.5,Time_18,Time_18.5,Time_19,Time_19.5,Time_20
SGRP_mTORinhibitsSCREEN_SET1HIGHrapaANDhighTORIN_PU_03162018_D.x,NCYC3452B-1%DMSO,98.8680842,1.16589309,113.929497,5.438268122,NCYC 3452,K11,1% DMSO,K11*1% DMSO,0,0.056333333,0.064333333,0.077666667,0.09,0.102333333,0.128333333,0.151,0.178,0.215666667,0.259333333,0.313666667,0.367,0.443666667,0.511666667,0.594333333,0.670666667,0.752,0.823333333,0.88,0.938,0.966333333,0.975333333,0.979,0.985333333,0.987333333,1.028666667,0.995,0.994,0.998333333,0.998,0.998666667,1.001,1.005,1.003666667,1.005333333,1.010333333,1.012,1.014,1.011333333,1.016666667
