experiment,Line-Treatment,DT inflection,StDev_inf,DT interval,StDev_int,Lab strain,Strain,Treatment,Strain*Treatment,Time_0,Time_0.5,Time_1,Time_1.5,Time_2,Time_2.5,Time_3,Time_3.5,Time_4,Time_4.5,Time_5,Time_5.5,Time_6,Time_6.5,Time_7,Time_7.5,Time_8,Time_8.5,Time_9,Time_9.5,Time_10,Time_10.5,Time_11,Time_11.5,Time_12,Time_12.5,Time_13,Time_13.5,Time_14,Time_14.5,Time_15,Time_15.5,Time_16,Time_16.5,Time_17,Time_17.5,Time_18,Time_18.5,Time_19,Time_19.5,Time_20
SGRP_mTORinhibitsSCREEN_SET1HIGHrapaANDhighTORIN_PU_03162018_D.x,NCYC3448A-1%DMSO,32.85932894,18.8816503,94.78176129,48.4094663,NCYC 3448,UWOPS83-787.3,1% DMSO,UWOPS83-787.3*1% DMSO,0,0.053333333,0.063,0.073,0.090666667,0.108,0.084333333,0.192,0.182,0.222333333,0.475,0.623333333,0.778,0.934,1.085,1.223,1.287333333,1.319666667,1.354333333,1.386,1.426666667,1.462,1.497333333,1.522333333,1.556,1.582666667,1.639666667,1.623,1.645333333,1.662666667,1.678333333,1.688666667,1.702666667,1.714333333,1.725333333,1.735333333,1.746,1.752666667,1.757333333,1.763666667,1.770333333
