experiment,Line-Treatment,DT inflection,StDev_inf,DT interval,StDev_int,Lab strain,Strain,Treatment,Strain*Treatment,Time_0,Time_0.5,Time_1,Time_1.5,Time_2,Time_2.5,Time_3,Time_3.5,Time_4,Time_4.5,Time_5,Time_5.5,Time_6,Time_6.5,Time_7,Time_7.5,Time_8,Time_8.5,Time_9,Time_9.5,Time_10,Time_10.5,Time_11,Time_11.5,Time_12,Time_12.5,Time_13,Time_13.5,Time_14,Time_14.5,Time_15,Time_15.5,Time_16,Time_16.5,Time_17,Time_17.5,Time_18,Time_18.5,Time_19,Time_19.5,Time_20
SGRP_mTORinhibits_SET4_GDC_MGK_09202017.xls,YML 684-100 uM GDC0941,72.87899128,14.63533646,92.60073634,14.78777983,yML 684,Q62.5,100 uM GDC0941,Q62.5*100 uM GDC0941,0,0.033333333,0.079666667,0.036,0.034666667,0.041666667,0.037666667,0.034666667,0.038333333,0.052666667,0.058666667,0.071666667,0.129666667,0.165333333,0.209333333,0.264333333,0.327333333,0.416333333,0.515,0.626333333,0.752,0.876666667,0.995333333,1.102333333,1.141,1.155,1.181333333,1.209333333,1.244,1.280666667,1.314333333,1.343,1.369333333,1.395666667,1.423,1.446666667,1.468666667,1.487666667,1.506666667,1.524,1.538333333
