experiment,Line-Treatment,DT inflection,StDev_inf,DT interval,StDev_int,Lab strain,Strain,Treatment,Strain*Treatment,Time_0,Time_0.5,Time_1,Time_1.5,Time_2,Time_2.5,Time_3,Time_3.5,Time_4,Time_4.5,Time_5,Time_5.5,Time_6,Time_6.5,Time_7,Time_7.5,Time_8,Time_8.5,Time_9,Time_9.5,Time_10,Time_10.5,Time_11,Time_11.5,Time_12,Time_12.5,Time_13,Time_13.5,Time_14,Time_14.5,Time_15,Time_15.5,Time_16,Time_16.5,Time_17,Time_17.5,Time_18,Time_18.5,Time_19,Time_19.5,Time_20
SGRP_mTORinhibits_SET3_CAFFEINE_MGK_100817_F.xls,YML676-1000 ug/ml Caffeine,61.38223746,8.32864183,191.2545526,162.4154225,yML 676,DBVPG 4650,1 mg/mL Caffeine,DBVPG 4650*1 mg/mL Caffeine,0,0.017333333,0.076,0.112,0.131666667,0.161,0.224,0.249333333,0.296,0.359,0.450666667,0.519,0.707666667,0.801666667,0.931,1.041666667,1.154333333,1.182333333,1.193666667,1.216666667,1.236,1.269666667,1.293666667,1.325333333,1.358666667,1.387666667,1.429,1.455333333,1.474333333,1.497666667,1.528333333,1.547666667,1.561,1.59,1.599666667,1.623666667,1.634666667,1.664,1.657,1.687666667,1.69
SGRP_mTORinhibitsSCREEN_SET3_CAFFEINE_MGK_10082017_D.xls,YML676-1000 ug/ml Caffeine,78.61319546,2.102450218,131.2047136,19.33790714,yML 676,DBVPG 4650,1 mg/mL Caffeine,DBVPG 4650*1 mg/mL Caffeine,0,0.01,0.077,0.097,0.108666667,0.150333333,0.18,0.217333333,0.268,0.299,0.383,0.466666667,0.559,0.648666667,0.765333333,0.894666667,0.996333333,1.094333333,1.149333333,1.160333333,1.167,1.172666667,1.206333333,1.238333333,1.272666667,1.307333333,1.335,1.372,1.407333333,1.432666667,1.455333333,1.479,1.492666667,1.524333333,1.541333333,1.565,1.581333333,1.606,1.633666667,1.644666667,1.665333333
SGRP_mTORinhibitsSCREEN_SET3_Caffeine_NBMBL_07112017.xls,YML676-1000 ug/ml Caffeine,37.4703578,28.38722744,70.33496017,1.411612717,yML 676,DBVPG 4650,1 mg/mL Caffeine,DBVPG 4650*1 mg/mL Caffeine,0,0.015333333,0.063,0.003666667,0.062,0.011333333,0.096,0.144,0.222,0.317,0.387666667,0.484,0.568333333,0.64,0.779333333,0.888,0.977,1.064666667,1.127666667,1.159666667,1.166333333,1.179,1.21,1.241333333,1.271,1.299,1.338,1.357333333,1.382333333,1.411333333,1.433,1.452,1.461666667,1.51,1.544333333,1.559666667,1.592666667,1.623,1.636666667,1.659,1.674333333
