experiment,Line-Treatment,DT inflection,StDev_inf,DT interval,StDev_int,Lab strain,Strain,Treatment,Strain*Treatment,Time_0,Time_0.5,Time_1,Time_1.5,Time_2,Time_2.5,Time_3,Time_3.5,Time_4,Time_4.5,Time_5,Time_5.5,Time_6,Time_6.5,Time_7,Time_7.5,Time_8,Time_8.5,Time_9,Time_9.5,Time_10,Time_10.5,Time_11,Time_11.5,Time_12,Time_12.5,Time_13,Time_13.5,Time_14,Time_14.5,Time_15,Time_15.5,Time_16,Time_16.5,Time_17,Time_17.5,Time_18,Time_18.5,Time_19,Time_19.5,Time_20
SGRP_mTORinhibitsSCREEN_SET3_CAFFEINE AND lowTORIN_JEMBL_1201201,yML677-1 uM Torin 11,60.39412162,33.7064309,51.88053872,27.98386416,yML 677,Q95.3,1 uM Torin 1,Q95.3*1 uM Torin 1,0,0.081666667,0.082333333,0.077333333,0.075333333,0.080333333,0.087,0.1,0.112666667,0.122,0.292,0.376,0.486666667,0.604666667,0.72,0.824,0.938333333,1.043,1.129,1.199666667,1.237,1.259666667,1.288666667,1.313333333,1.343333333,1.369333333,1.403,1.422,1.445,1.469666667,1.495,1.514666667,1.527,1.551333333,1.557666667,1.582666667,1.595333333,1.609,1.624666667,1.633333333,1.645333333
