experiment,Line-Treatment,DT inflection,StDev_inf,DT interval,StDev_int,Lab strain,Strain,Treatment,Strain*Treatment,Time_0,Time_0.5,Time_1,Time_1.5,Time_2,Time_2.5,Time_3,Time_3.5,Time_4,Time_4.5,Time_5,Time_5.5,Time_6,Time_6.5,Time_7,Time_7.5,Time_8,Time_8.5,Time_9,Time_9.5,Time_10,Time_10.5,Time_11,Time_11.5,Time_12,Time_12.5,Time_13,Time_13.5,Time_14,Time_14.5,Time_15,Time_15.5,Time_16,Time_16.5,Time_17,Time_17.5,Time_18,Time_18.5,Time_19,Time_19.5,Time_20
SGRP_mTORinhibitsSCREEN_SET3_round3_highRAPA_KG_091517_D.xls,YML 567-20 ng/ml RAPA,350.2128859,54.13542205,653.7575518,114.654906,yML 567,FM476,20 ng/mL RAPA,FM476*20 ng/mL RAPA,0,0.021333333,0.025666667,0.028666667,0.031333333,0.034666667,0.038,0.042,0.045666667,0.050333333,0.055333333,0.059333333,0.064,0.069333333,0.073666667,0.077333333,0.082333333,0.087333333,0.092333333,0.099,0.103666667,0.109,0.115666667,0.120333333,0.127,0.133333333,0.139,0.146333333,0.152333333,0.159333333,0.166,0.173333333,0.179333333,0.186,0.194666667,0.202333333,0.21,0.218,0.225333333,0.233666667,0.242666667
