experiment,Line-Treatment,DT inflection,StDev_inf,DT interval,StDev_int,Lab strain,Strain,Treatment,Strain*Treatment,Time_0,Time_0.5,Time_1,Time_1.5,Time_2,Time_2.5,Time_3,Time_3.5,Time_4,Time_4.5,Time_5,Time_5.5,Time_6,Time_6.5,Time_7,Time_7.5,Time_8,Time_8.5,Time_9,Time_9.5,Time_10,Time_10.5,Time_11,Time_11.5,Time_12,Time_12.5,Time_13,Time_13.5,Time_14,Time_14.5,Time_15,Time_15.5,Time_16,Time_16.5,Time_17,Time_17.5,Time_18,Time_18.5,Time_19,Time_19.5,Time_20
SGRP_mTOR_inhibitsSCREEN_SET2_HighRAPA+LowTorin_Repeat_JEMBL_073,yML 565-1% DMSO,67.60176342,1.86378402,69.88155845,0.307404572,yML 565,CBS7960,1% DMSO,CBS7960*1% DMSO,0,0.006666667,0.010333333,0.023666667,0.053333333,0.080666667,0.122333333,0.169666667,0.230666667,0.308333333,0.405666667,0.517666667,0.640333333,0.771,0.897,1.020333333,1.125333333,1.188666667,1.208666667,1.224333333,1.247,1.274,1.304,1.336333333,1.366333333,1.396666667,1.425,1.452,1.477,1.499333333,1.520333333,1.539333333,1.558333333,1.576666667,1.592333333,1.608666667,1.622,1.636666667,1.648,1.663333333,1.675666667
SGRP_mTORinhibitsSCREEN_SET2_LOWRAPA_highTORIN_MGK_12032017_F,yML 565-1% DMSO,72.92836778,1.283543096,78.15267614,1.10676587,yML 565,CBS7960,1% DMSO,CBS7960*1% DMSO,0,0.015,0.025,0.038666667,0.052333333,0.066666667,0.085666667,0.106333333,0.137666667,0.179,0.233,0.305,0.402666667,0.514333333,0.641,0.773333333,0.904,1.016,1.092666667,1.117,1.129333333,1.148333333,1.169,1.192,1.219666667,1.248,1.281,1.308,1.337666667,1.367,1.389666667,1.416666667,1.439333333,1.460666667,1.483666667,1.501666667,1.520333333,1.536666667,1.553333333,1.571333333,1.585333333
