experiment,Line-Treatment,DT inflection,StDev_inf,DT interval,StDev_int,Lab strain,Strain,Treatment,Strain*Treatment,Time_0,Time_0.5,Time_1,Time_1.5,Time_2,Time_2.5,Time_3,Time_3.5,Time_4,Time_4.5,Time_5,Time_5.5,Time_6,Time_6.5,Time_7,Time_7.5,Time_8,Time_8.5,Time_9,Time_9.5,Time_10,Time_10.5,Time_11,Time_11.5,Time_12,Time_12.5,Time_13,Time_13.5,Time_14,Time_14.5,Time_15,Time_15.5,Time_16,Time_16.5,Time_17,Time_17.5,Time_18,Time_18.5,Time_19,Time_19.5,Time_20
SGRP_mTORinhibits_SET3_CAFFEINE_MGK_100817_F.xls,YML667-1000 ug/ml Caffeine,94.75050336,6.932857772,,,yML 667,N-44,1 mg/mL Caffeine,N-44*1 mg/mL Caffeine,0,0.06,0.063,0.056333333,0.069666667,0.029,0.03,0.024666667,0.024666667,0.025666667,0.024333333,0.026333333,0.429,0.540666667,0.655666667,0.79,0.899333333,1.022666667,1.125,1.204333333,1.261,1.274,1.280333333,1.294,1.326333333,1.362,1.381666667,1.411333333,1.448666667,1.479,1.5,1.528333333,1.549,1.577333333,1.598,1.613,1.632333333,1.650666667,1.671333333,1.689333333,1.699
SGRP_mTORinhibitsSCREEN_SET3_CAFFEINE_MGK_10082017_D.xls,YML667-1000 ug/ml Caffeine,63.94809379,6.993403918,101.4093495,21.42398592,yML 667,N-44,1 mg/mL Caffeine,N-44*1 mg/mL Caffeine,0,0.056,0.062666667,0.067,0.076333333,0.093666667,0.112333333,0.144666667,0.179,0.220666667,0.283,0.345333333,0.443,0.548666667,0.668,0.787,0.903666667,1.012,1.124,1.178333333,1.197333333,1.174666667,1.205666667,1.216666667,1.242666667,1.276333333,1.303333333,1.345,1.378,1.421333333,1.451666667,1.478,1.493666667,1.533333333,1.55,1.579,1.592333333,1.614666667,1.634666667,1.648666667,1.669
SGRP_mTORinhibitsSCREEN_SET3_Caffeine_NBMBL_07112017.xls,YML667-1000 ug/ml Caffeine,39.36273332,21.92491873,,,yML 667,N-44,1 mg/mL Caffeine,N-44*1 mg/mL Caffeine,0,0.053333333,0.053,0.037666667,0.069333333,0.020666667,0.016,0.012666667,0.012666667,0.049,0.022666667,0.025666667,0.034,0.490666667,0.418,0.481,0.886333333,1.003666667,1.156,1.247,1.242333333,1.262666667,1.29,1.298,1.35,1.393,1.414,1.451333333,1.482,1.512,1.54,1.564333333,1.587,1.605,1.625,1.643,1.663,1.676666667,1.692333333,1.702333333,1.719666667
