experiment,Line-Treatment,DT inflection,StDev_inf,DT interval,StDev_int,Lab strain,Strain,Treatment,Strain*Treatment,Time_0,Time_0.5,Time_1,Time_1.5,Time_2,Time_2.5,Time_3,Time_3.5,Time_4,Time_4.5,Time_5,Time_5.5,Time_6,Time_6.5,Time_7,Time_7.5,Time_8,Time_8.5,Time_9,Time_9.5,Time_10,Time_10.5,Time_11,Time_11.5,Time_12,Time_12.5,Time_13,Time_13.5,Time_14,Time_14.5,Time_15,Time_15.5,Time_16,Time_16.5,Time_17,Time_17.5,Time_18,Time_18.5,Time_19,Time_19.5,Time_20
SGRP_mTORinhibitsSCREEN_SET1HIGHrapaANDhighTORIN_PU_03162018_D.x,NCYC3455A-20 ng/mL Rapamycin,,,,,NCYC 3455,322134 S ,20 ng/mL RAPA,322134 S *20 ng/mL RAPA,0,0.002,0.002333333,0.003333333,0.003,0.003,0.004666667,0.003666667,0.003333333,0.003666667,0.002666667,0.048,0.002666667,0.003,0.003666667,0.003666667,0.002666667,0.002666667,0.003666667,0.002666667,0.002666667,0.003,0.002666667,0.002666667,0.002666667,0.002333333,0.045666667,0.003,0.001666667,0.002666667,0.003666667,0.002666667,0.002666667,0.035333333,0.002666667,0.002666667,0.003333333,0.003666667,0.017666667,0.002666667,0.002666667
