experiment,Line-Treatment,DT inflection,StDev_inf,DT interval,StDev_int,Lab strain,Strain,Treatment,Strain*Treatment,Time_0,Time_0.5,Time_1,Time_1.5,Time_2,Time_2.5,Time_3,Time_3.5,Time_4,Time_4.5,Time_5,Time_5.5,Time_6,Time_6.5,Time_7,Time_7.5,Time_8,Time_8.5,Time_9,Time_9.5,Time_10,Time_10.5,Time_11,Time_11.5,Time_12,Time_12.5,Time_13,Time_13.5,Time_14,Time_14.5,Time_15,Time_15.5,Time_16,Time_16.5,Time_17,Time_17.5,Time_18,Time_18.5,Time_19,Time_19.5,Time_20
SGRP_mTORinhibits_SET3_highTORIN_MGK_101617_F.xls,YML668-25 uM Torin 1,160.5449224,9.670514301,454.6956859,16.53310656,yML 668,N-17,25 uM Torin 1,N-17*25 uM Torin 1,0,0.031,0.032666667,0.033666667,0.033,0.034,0.034,0.036333333,0.038333333,0.042,0.05,0.058666667,0.061,0.071,0.085,0.092333333,0.105333333,0.119333333,0.136,0.152,0.169333333,0.183666667,0.193333333,0.212666667,0.226,0.245,0.259666667,0.276666667,0.289,0.302333333,0.327333333,0.338666667,0.353666667,0.372333333,0.384666667,0.407666667,0.419,0.445,0.465,0.482666667,0.496333333
SGRP_mTORinhibitsSCREEN_SET3highTORIN_MGK_101617_D.xls,YML668-25 uM Torin 1,148.7531585,13.81803954,448.5431739,84.61833382,yML 668,N-17,25 uM Torin 1,N-17*25 uM Torin 1,0,0.045,0.049333333,0.051,0.049666667,0.05,0.053333333,0.054666667,0.057333333,0.065,0.073333333,0.079333333,0.090333333,0.104333333,0.116,0.121333333,0.138,0.153333333,0.173333333,0.196333333,0.211,0.229333333,0.244666667,0.256666667,0.266,0.286666667,0.307666667,0.32,0.334,0.355333333,0.371333333,0.397,0.407333333,0.431,0.449,0.464666667,0.495333333,0.512,0.524333333,0.545333333,0.577
