experiment,Line-Treatment,DT inflection,StDev_inf,DT interval,StDev_int,Lab strain,Strain,Treatment,Strain*Treatment,Time_0,Time_0.5,Time_1,Time_1.5,Time_2,Time_2.5,Time_3,Time_3.5,Time_4,Time_4.5,Time_5,Time_5.5,Time_6,Time_6.5,Time_7,Time_7.5,Time_8,Time_8.5,Time_9,Time_9.5,Time_10,Time_10.5,Time_11,Time_11.5,Time_12,Time_12.5,Time_13,Time_13.5,Time_14,Time_14.5,Time_15,Time_15.5,Time_16,Time_16.5,Time_17,Time_17.5,Time_18,Time_18.5,Time_19,Time_19.5,Time_20
_lowTORIN_KGPUMBL_052817.xls,NCYC 3445-2.5% DMSO,39.99550056,17.27193379,130.6804722,117.4451493,NCYC 3445,Y12,2.5% DMSO,Y12*2.5% DMSO,0,0.061333333,0.078,0.091,0.076666667,0.218333333,0.299333333,0.354333333,0.523666667,0.658,0.803,0.939333333,1.086666667,1.201,1.253333333,1.284333333,1.317666667,1.344333333,1.365666667,1.393666667,1.429666667,1.475666667,1.479666667,1.492333333,1.515333333,1.494666667,1.514666667,1.49,1.474,1.622666667,1.631,1.422,1.599333333,1.560666667,1.615,1.475666667,1.314333333,1.149333333,1.263,1.682666667,1.559666667
SGRP_mTORinhibits_SET1_lowTORINredo_JEMBL_08032017.xls,NCYC 3445-2.5% DMSO,50.76430315,2.181888803,29.91486561,0.347048013,NCYC 3445,Y12,2.5% DMSO,Y12*2.5% DMSO,0,0.01,0.012333333,0.015333333,0.016666667,0.017,0.024,0.052333333,0.145,0.293333333,0.441333333,0.594666667,0.731,0.876,1.017333333,1.140666667,1.205333333,1.233,1.261666667,1.305333333,1.349333333,1.385666667,1.422333333,1.437666667,1.474333333,1.494333333,1.488,1.487666667,1.501333333,1.546333333,1.466666667,1.491333333,1.366666667,1.452,1.472333333,1.46,1.367333333,1.124666667,1.309333333,1.147333333,1.207333333
SGRP_mTORinhibitsSCREEN_SET1_LOW_TORIN_MGK_081617.xls,NCYC 3445-2.5% DMSO,73.72144892,7.81878324,72.03852571,0.317510064,NCYC 3445,Y12,2.5% DMSO,Y12*2.5% DMSO,0,0.021,0.021666667,0.022333333,0.025333333,0.035666667,0.08,0.233666667,0.322,0.414333333,0.548666667,0.677666667,0.819,0.958333333,1.09,1.187333333,1.227,1.258,1.294666667,1.334333333,1.376,1.418333333,1.445666667,1.468333333,1.491666667,1.516,1.542333333,1.534666667,1.575,1.525666667,1.499,1.503333333,1.476,1.556666667,1.506666667,1.496333333,1.482666667,1.367,1.241666667,1.12,1.163333333
