experiment,Line-Treatment,DT inflection,StDev_inf,DT interval,StDev_int,Lab strain,Strain,Treatment,Strain*Treatment,Time_0,Time_0.5,Time_1,Time_1.5,Time_2,Time_2.5,Time_3,Time_3.5,Time_4,Time_4.5,Time_5,Time_5.5,Time_6,Time_6.5,Time_7,Time_7.5,Time_8,Time_8.5,Time_9,Time_9.5,Time_10,Time_10.5,Time_11,Time_11.5,Time_12,Time_12.5,Time_13,Time_13.5,Time_14,Time_14.5,Time_15,Time_15.5,Time_16,Time_16.5,Time_17,Time_17.5,Time_18,Time_18.5,Time_19,Time_19.5,Time_20
SGRP_mTORinhibitsSCREEN_SET3_CAFFEINE AND lowTORIN_JEMBL_1201201,yML682-2.5% DMSO,70.6672221,2.226851074,75.98403755,0.693082467,yML 682,A12,2.5% DMSO,A12*2.5% DMSO,0,0.059,0.068333333,0.078,0.101333333,0.125333333,0.167333333,0.222666667,0.293333333,0.377666667,0.493,0.610333333,0.737666667,0.878,1.017,1.149666667,1.227,1.249666667,1.272,1.293333333,1.326333333,1.359333333,1.379333333,1.412,1.43,1.458666667,1.483,1.507,1.528333333,1.546666667,1.565333333,1.579666667,1.599,1.608,1.615333333,1.630666667,1.65,1.661666667,1.67,1.682333333,1.687666667
