experiment,Line-Treatment,DT inflection,StDev_inf,DT interval,StDev_int,Lab strain,Strain,Treatment,Strain*Treatment,Time_0,Time_0.5,Time_1,Time_1.5,Time_2,Time_2.5,Time_3,Time_3.5,Time_4,Time_4.5,Time_5,Time_5.5,Time_6,Time_6.5,Time_7,Time_7.5,Time_8,Time_8.5,Time_9,Time_9.5,Time_10,Time_10.5,Time_11,Time_11.5,Time_12,Time_12.5,Time_13,Time_13.5,Time_14,Time_14.5,Time_15,Time_15.5,Time_16,Time_16.5,Time_17,Time_17.5,Time_18,Time_18.5,Time_19,Time_19.5,Time_20
RB_RUN1_F_SGRPmTORscreen_KGA_11082018.xls,NCYC3284-B-2.5 ng/mL Rapa,39.49524279,6.943741207,59.52550902,12.33320184,NCYC 3284,YPS128,2.5 ng/mL RAPA,YPS128*2.5 ng/mL RAPA,0,0.128666667,0.143666667,0.144333333,0.248,0.329666667,0.421333333,0.547,0.677333333,0.829,0.953333333,1.083,1.200333333,1.272333333,1.303,1.324666667,1.354333333,1.374,1.408666667,1.434666667,1.466333333,1.486,1.505666667,1.521,1.536,1.550666667,1.568,1.576666667,1.59,1.601333333,1.612333333,1.620333333,1.623333333,1.57,1.641,1.640333333,1.646333333,1.649333333,1.653,1.660333333,1.652
