experiment,Line-Treatment,DT inflection,StDev_inf,DT interval,StDev_int,Lab strain,Strain,Treatment,Strain*Treatment,Time_0,Time_0.5,Time_1,Time_1.5,Time_2,Time_2.5,Time_3,Time_3.5,Time_4,Time_4.5,Time_5,Time_5.5,Time_6,Time_6.5,Time_7,Time_7.5,Time_8,Time_8.5,Time_9,Time_9.5,Time_10,Time_10.5,Time_11,Time_11.5,Time_12,Time_12.5,Time_13,Time_13.5,Time_14,Time_14.5,Time_15,Time_15.5,Time_16,Time_16.5,Time_17,Time_17.5,Time_18,Time_18.5,Time_19,Time_19.5,Time_20
SGRP_mTORinhibitsSCREEN_SET1_AZD8055_KGPUARMBL_061817.xls,NCYC 3455-100uM AZD08055,66.4428162,2.687211,73.15231031,3.436242095,NCYC 3455,322134 S ,100 uM AZD8055,322134 S *100 uM AZD8055,0,0.073333333,0.080666667,0.099333333,0.125666667,0.16,0.206,0.275,0.376,0.509,0.660666667,0.820333333,0.986666667,1.138333333,1.227333333,1.255333333,1.281333333,1.306666667,1.341,1.371666667,1.402333333,1.433,1.464333333,1.492666667,1.519,1.54,1.561333333,1.584,1.603333333,1.620333333,1.636,1.654666667,1.667333333,1.681,1.694,1.707333333,1.720333333,1.73,1.740666667,1.749333333,1.761333333
