experiment,Line-Treatment,DT inflection,StDev_inf,DT interval,StDev_int,Lab strain,Strain,Treatment,Strain*Treatment,Time_0,Time_0.5,Time_1,Time_1.5,Time_2,Time_2.5,Time_3,Time_3.5,Time_4,Time_4.5,Time_5,Time_5.5,Time_6,Time_6.5,Time_7,Time_7.5,Time_8,Time_8.5,Time_9,Time_9.5,Time_10,Time_10.5,Time_11,Time_11.5,Time_12,Time_12.5,Time_13,Time_13.5,Time_14,Time_14.5,Time_15,Time_15.5,Time_16,Time_16.5,Time_17,Time_17.5,Time_18,Time_18.5,Time_19,Time_19.5,Time_20
SGRP_mTOR_inhibitsSCREEN_SET2_HighRAPA+LowTorin_Repeat_JEMBL_073,NCYC 3472-1% DMSO,59.35320071,0.403548262,61.08672005,0.780669275,NCYC 3472,YJM975 ,1% DMSO,YJM975 *1% DMSO,0,0.049333333,0.065,0.092,0.123666667,0.174,0.247,0.344,0.477,0.618666667,0.791,0.960666667,1.112666667,1.204333333,1.228666667,1.245333333,1.275,1.307,1.334,1.365666667,1.392333333,1.427,1.458666667,1.490333333,1.514,1.539333333,1.559333333,1.583666667,1.602333333,1.620666667,1.639,1.653666667,1.67,1.684666667,1.702333333,1.721333333,1.734333333,1.751,1.762333333,1.781333333,1.796666667
SGRP_mTORinhibitsSCREEN_SET2_LOWRAPA_highTORIN_MGK_12032017_F,NCYC 3472-1% DMSO,58.28215826,1.84069201,60.07582805,1.806849508,NCYC 3472,YJM975 ,1% DMSO,YJM975 *1% DMSO,0,0.041666667,0.048333333,0.063,0.083333333,0.118,0.163,0.231333333,0.326,0.455666667,0.591333333,0.758333333,0.920666667,1.070333333,1.190333333,1.214333333,1.232333333,1.254,1.281666667,1.309333333,1.335333333,1.362333333,1.392,1.422666667,1.453666667,1.480666667,1.505,1.526666667,1.547666667,1.568,1.586333333,1.605,1.621333333,1.637333333,1.654333333,1.667333333,1.678666667,1.690333333,1.701,1.714,1.723333333
