experiment,Line-Treatment,DT inflection,StDev_inf,DT interval,StDev_int,Lab strain,Strain,Treatment,Strain*Treatment,Time_0,Time_0.5,Time_1,Time_1.5,Time_2,Time_2.5,Time_3,Time_3.5,Time_4,Time_4.5,Time_5,Time_5.5,Time_6,Time_6.5,Time_7,Time_7.5,Time_8,Time_8.5,Time_9,Time_9.5,Time_10,Time_10.5,Time_11,Time_11.5,Time_12,Time_12.5,Time_13,Time_13.5,Time_14,Time_14.5,Time_15,Time_15.5,Time_16,Time_16.5,Time_17,Time_17.5,Time_18,Time_18.5,Time_19,Time_19.5,Time_20
SGRP_mTORinhibits_SET1_CAFF_REDO_NBMBL_08032017.xls,NCYC 3447-Drug,78.51302053,3.496763141,85.11992025,2.039142868,NCYC 3447,DBVPG 1106,1 mg/mL Caffeine,DBVPG 1106*1 mg/mL Caffeine,0,0.037333333,0.041333333,0.05,0.060666667,0.076666667,0.098666667,0.126333333,0.162,0.211,0.269333333,0.342,0.429333333,0.526,0.644,0.762,0.881,0.993333333,1.052,1.075333333,1.093666667,1.121333333,1.149,1.180666667,1.212,1.250666667,1.286666667,1.318666667,1.348333333,1.376,1.406,1.430333333,1.453,1.473666667,1.492666667,1.509,1.526666667,1.542,1.555666667,1.57,1.583
