experiment,Line-Treatment,DT inflection,StDev_inf,DT interval,StDev_int,Lab strain,Strain,Treatment,Strain*Treatment,Time_0,Time_0.5,Time_1,Time_1.5,Time_2,Time_2.5,Time_3,Time_3.5,Time_4,Time_4.5,Time_5,Time_5.5,Time_6,Time_6.5,Time_7,Time_7.5,Time_8,Time_8.5,Time_9,Time_9.5,Time_10,Time_10.5,Time_11,Time_11.5,Time_12,Time_12.5,Time_13,Time_13.5,Time_14,Time_14.5,Time_15,Time_15.5,Time_16,Time_16.5,Time_17,Time_17.5,Time_18,Time_18.5,Time_19,Time_19.5,Time_20
SGRP_mTORinhibitsSCREEN_SET4_Caff_MGK_10252017_D.xls,YML692-1000 ug/ml Caffeine,86.78130421,9.029045726,111.8335455,6.094063496,yML 692,Y8.5,1 mg/mL Caffeine,Y8.5*1 mg/mL Caffeine,0,0.052333333,0.058,0.061333333,0.069,0.084,0.107,0.122666667,0.152333333,0.173333333,0.217666667,0.257666667,0.306,0.372666667,0.440666667,0.543333333,0.628333333,0.746666667,0.868333333,0.971666667,1.079,1.168333333,1.198,1.219333333,1.237666667,1.27,1.301666667,1.336,1.367,1.404666667,1.429333333,1.462666667,1.482,1.506333333,1.52,1.544333333,1.561666667,1.583,1.599333333,1.612666667,1.632333333
SGRP_mTORinhibitsSCREEN_SET4_Caffeine_MGK_09202017.xls,YML692-1000 ug/ml Caffeine,69.65966687,4.882804653,122.692321,1.839124798,yML 692,Y8.5,1 mg/mL Caffeine,Y8.5*1 mg/mL Caffeine,0,0.057666667,0.053666667,0.055,0.056,0.056666667,0.059333333,0.075666667,0.114333333,0.131333333,0.146,0.194666667,0.219333333,0.290666667,0.327333333,0.422666667,0.494666667,0.577666667,0.693333333,0.828333333,0.948,1.073,1.166,1.219666667,1.247666667,1.235333333,1.277,1.306333333,1.343333333,1.371666667,1.402333333,1.437333333,1.463333333,1.486666667,1.512,1.538,1.554,1.57,1.597666667,1.610666667,1.636666667
