experiment,Line-Treatment,DT inflection,StDev_inf,DT interval,StDev_int,Lab strain,Strain,Treatment,Strain*Treatment,Time_0,Time_0.5,Time_1,Time_1.5,Time_2,Time_2.5,Time_3,Time_3.5,Time_4,Time_4.5,Time_5,Time_5.5,Time_6,Time_6.5,Time_7,Time_7.5,Time_8,Time_8.5,Time_9,Time_9.5,Time_10,Time_10.5,Time_11,Time_11.5,Time_12,Time_12.5,Time_13,Time_13.5,Time_14,Time_14.5,Time_15,Time_15.5,Time_16,Time_16.5,Time_17,Time_17.5,Time_18,Time_18.5,Time_19,Time_19.5,Time_20
SGRP_mTORinhibitsSCREEN_SET4_Caff_MGK_10252017_D.xls,YML707-1000 ug/ml Caffeine,72.28536828,1.473675727,77.08683782,2.490811355,yML 707,CLIB324,1 mg/mL Caffeine,CLIB324*1 mg/mL Caffeine,0,0.035,0.036666667,0.041,0.044666667,0.051666667,0.064333333,0.088,0.125,0.182666667,0.243,0.320333333,0.406,0.502,0.609666667,0.724666667,0.84,0.958,1.071,1.168,1.221333333,1.244333333,1.267,1.293666667,1.324666667,1.357666667,1.395,1.429666667,1.458,1.49,1.511666667,1.538666667,1.561666667,1.579333333,1.597666667,1.618333333,1.634333333,1.651,1.668,1.679333333,1.694666667
SGRP_mTORinhibitsSCREEN_SET4_Caffeine_MGK_09202017.xls,YML707-1000 ug/ml Caffeine,76.10157256,5.264357031,83.12891435,2.457739299,yML 707,CLIB324,1 mg/mL Caffeine,CLIB324*1 mg/mL Caffeine,0,0.064,0.051333333,0.052333333,0.060666667,0.064666667,0.067666667,0.075,0.125,0.167666667,0.214,0.281333333,0.357,0.447333333,0.547666667,0.665333333,0.778,0.896333333,1.012,1.120333333,1.201,1.222,1.244666667,1.271333333,1.298666667,1.331333333,1.362,1.396666667,1.426666667,1.456,1.486666667,1.513333333,1.535666667,1.557333333,1.574666667,1.590666667,1.605,1.629666667,1.647,1.666,1.676333333
