experiment,Line-Treatment,DT inflection,StDev_inf,DT interval,StDev_int,Lab strain,Strain,Treatment,Strain*Treatment,Time_0,Time_0.5,Time_1,Time_1.5,Time_2,Time_2.5,Time_3,Time_3.5,Time_4,Time_4.5,Time_5,Time_5.5,Time_6,Time_6.5,Time_7,Time_7.5,Time_8,Time_8.5,Time_9,Time_9.5,Time_10,Time_10.5,Time_11,Time_11.5,Time_12,Time_12.5,Time_13,Time_13.5,Time_14,Time_14.5,Time_15,Time_15.5,Time_16,Time_16.5,Time_17,Time_17.5,Time_18,Time_18.5,Time_19,Time_19.5,Time_20
SGRP_mTORinhibsSCREEN_SET1_lowRAPA_KGPUMBL_05062017.xls,NCYC 3312-2.5ng/ml RAPA,54.51698396,4.524099323,82.52819112,7.170024415,NCYC 3312,DBVPG 1373,2.5 ng/mL RAPA,DBVPG 1373*2.5 ng/mL RAPA,0,0.035,0.038666667,0.05,-0.01,0.078,0.099333333,0.128666667,0.165,0.213333333,0.28,0.354666667,0.370333333,0.541666667,0.629666667,0.663,0.841666667,0.947333333,1.047666667,1.121666667,1.181,1.223,1.238,1.300333333,1.323666667,1.365,1.365333333,1.412333333,1.450333333,1.478666667,1.475666667,1.513333333,1.532666667,1.559,1.561333333,1.578666667,1.593666667,1.616,1.63,1.633666667,1.654333333
