experiment,Line-Treatment,DT inflection,StDev_inf,DT interval,StDev_int,Lab strain,Strain,Treatment,Strain*Treatment,Time_0,Time_0.5,Time_1,Time_1.5,Time_2,Time_2.5,Time_3,Time_3.5,Time_4,Time_4.5,Time_5,Time_5.5,Time_6,Time_6.5,Time_7,Time_7.5,Time_8,Time_8.5,Time_9,Time_9.5,Time_10,Time_10.5,Time_11,Time_11.5,Time_12,Time_12.5,Time_13,Time_13.5,Time_14,Time_14.5,Time_15,Time_15.5,Time_16,Time_16.5,Time_17,Time_17.5,Time_18,Time_18.5,Time_19,Time_19.5,Time_20
SGRP_mTOR_inhibitsSCREEN_SET2_HighRAPA+LowTorin_Repeat_JEMBL_073,yML 564-20 ng/ml RAPA,139.9485782,2.921157789,180.2185703,2.955364782,yML 564,CLIB382,20 ng/mL RAPA,CLIB382*20 ng/mL RAPA,0,0.052333333,0.060333333,0.069666667,0.078333333,0.088666667,0.103,0.118333333,0.135666667,0.154,0.178666667,0.204,0.233666667,0.262333333,0.294333333,0.333666667,0.372,0.412666667,0.456666667,0.503,0.549666667,0.596666667,0.647333333,0.697666667,0.752666667,0.807,0.863666667,0.918666667,0.973333333,1.028,1.081333333,1.135666667,1.189333333,1.243,1.294333333,1.348,1.395,1.438,1.466666667,1.491666667,1.510333333
