experiment,Line-Treatment,DT inflection,StDev_inf,DT interval,StDev_int,Lab strain,Strain,Treatment,Strain*Treatment,Time_0,Time_0.5,Time_1,Time_1.5,Time_2,Time_2.5,Time_3,Time_3.5,Time_4,Time_4.5,Time_5,Time_5.5,Time_6,Time_6.5,Time_7,Time_7.5,Time_8,Time_8.5,Time_9,Time_9.5,Time_10,Time_10.5,Time_11,Time_11.5,Time_12,Time_12.5,Time_13,Time_13.5,Time_14,Time_14.5,Time_15,Time_15.5,Time_16,Time_16.5,Time_17,Time_17.5,Time_18,Time_18.5,Time_19,Time_19.5,Time_20
SGRP_mTORinhibitsSCREEN_SET4_Caff_MGK_10252017_D.xls,YML 683-1000 ug/ml Caffeine,91.00071155,7.161607124,107.5522425,3.74619263,yML 683,Y6.5,1 mg/mL Caffeine,Y6.5*1 mg/mL Caffeine,0,0.053666667,0.058666667,0.062666667,0.068666667,0.079,0.093666667,0.112666667,0.137,0.161666667,0.199,0.248666667,0.296333333,0.360333333,0.43,0.534,0.631333333,0.758,0.882666667,0.994333333,1.111333333,1.160666667,1.211666667,1.235,1.262333333,1.291,1.32,1.354,1.379,1.412333333,1.435333333,1.463,1.483666667,1.503666667,1.518666667,1.540666667,1.558,1.575,1.589333333,1.603,1.62
SGRP_mTORinhibitsSCREEN_SET4_Caffeine_MGK_09202017.xls,YML 683-1000 ug/ml Caffeine,72.71363863,15.68194827,108.5431841,18.3636472,yML 683,Y6.5,1 mg/mL Caffeine,Y6.5*1 mg/mL Caffeine,0,0.042666667,0.042333333,0.043666667,0.044666667,0.045333333,0.048666667,0.058333333,0.087,0.103333333,0.115333333,0.151666667,0.180666667,0.237333333,0.278,0.343,0.411333333,0.507,0.602666667,0.721333333,0.842,0.962333333,1.069333333,1.151,1.197,1.197,1.228333333,1.255,1.289666667,1.321333333,1.350333333,1.382666667,1.409,1.434666667,1.459666667,1.483666667,1.503,1.522333333,1.550333333,1.563333333,1.588666667
