experiment,Line-Treatment,DT inflection,StDev_inf,DT interval,StDev_int,Lab strain,Strain,Treatment,Strain*Treatment,Time_0,Time_0.5,Time_1,Time_1.5,Time_2,Time_2.5,Time_3,Time_3.5,Time_4,Time_4.5,Time_5,Time_5.5,Time_6,Time_6.5,Time_7,Time_7.5,Time_8,Time_8.5,Time_9,Time_9.5,Time_10,Time_10.5,Time_11,Time_11.5,Time_12,Time_12.5,Time_13,Time_13.5,Time_14,Time_14.5,Time_15,Time_15.5,Time_16,Time_16.5,Time_17,Time_17.5,Time_18,Time_18.5,Time_19,Time_19.5,Time_20
SGRP_mTOR_inhibitsSCREEN_SET2_HighRAPA+LowTorin_Repeat_JEMBL_073,NCYC 3468-20 ng/ml RAPA,51.38633709,18.8263096,73.59473303,1.421451829,NCYC 3468,UWOPS05-227.2 ,20 ng/mL RAPA,UWOPS05-227.2 *20 ng/mL RAPA,0,0.052,0.051333333,0.051333333,0.070666667,0.073333333,0.059,0.094333333,0.067,0.105666667,0.170333333,0.235666667,0.320666667,0.419,0.491333333,0.557333333,0.616,0.689333333,0.755666667,0.814333333,0.887666667,0.951333333,1.026,1.078,1.136,1.201666667,1.262666667,1.312333333,1.369333333,1.403333333,1.435,1.463333333,1.484,1.509666667,1.523333333,1.546,1.562666667,1.586,1.597333333,1.618666667,1.631333333
