experiment,Line-Treatment,DT inflection,StDev_inf,DT interval,StDev_int,Lab strain,Strain,Treatment,Strain*Treatment,Time_0,Time_0.5,Time_1,Time_1.5,Time_2,Time_2.5,Time_3,Time_3.5,Time_4,Time_4.5,Time_5,Time_5.5,Time_6,Time_6.5,Time_7,Time_7.5,Time_8,Time_8.5,Time_9,Time_9.5,Time_10,Time_10.5,Time_11,Time_11.5,Time_12,Time_12.5,Time_13,Time_13.5,Time_14,Time_14.5,Time_15,Time_15.5,Time_16,Time_16.5,Time_17,Time_17.5,Time_18,Time_18.5,Time_19,Time_19.5,Time_20
SGRP_mTORinhibitsSCREEN_SET1_AZD8055_KGPUARMBL_061817.xls,NCYC 3447-100uM AZD08055,58.66823997,13.69182865,65.49747396,4.963033357,NCYC 3447,DBVPG 1106,100 uM AZD8055,DBVPG 1106*100 uM AZD8055,0,0.080333333,0.097666667,0.107,0.155,0.203,0.269666667,0.361333333,0.478,0.615,0.762666667,0.914666667,1.061,1.173333333,1.252666667,1.28,1.299666667,1.325666667,1.353333333,1.380666667,1.409333333,1.441333333,1.472666667,1.502333333,1.529333333,1.548,1.568,1.590333333,1.609,1.626333333,1.641,1.658333333,1.672,1.684666667,1.697666667,1.711333333,1.722333333,1.733333333,1.743666667,1.753333333,1.766
