experiment,Line-Treatment,DT inflection,StDev_inf,DT interval,StDev_int,Lab strain,Strain,Treatment,Strain*Treatment,Time_0,Time_0.5,Time_1,Time_1.5,Time_2,Time_2.5,Time_3,Time_3.5,Time_4,Time_4.5,Time_5,Time_5.5,Time_6,Time_6.5,Time_7,Time_7.5,Time_8,Time_8.5,Time_9,Time_9.5,Time_10,Time_10.5,Time_11,Time_11.5,Time_12,Time_12.5,Time_13,Time_13.5,Time_14,Time_14.5,Time_15,Time_15.5,Time_16,Time_16.5,Time_17,Time_17.5,Time_18,Time_18.5,Time_19,Time_19.5,Time_20
SET3_Low Rapa_REDO_MGK_081117.xls,YML673-2.5 ng/ml RAPA,50.09564643,34.64834367,62.26690956,44.82138749,yML 673,Y7,2.5 ng/mL RAPA,Y7*2.5 ng/mL RAPA,0,0.053666667,0.056,0.060333333,0.081,0.113666667,0.156333333,0.118666667,0.164333333,0.297666667,0.377,0.473666667,0.591666667,0.707,0.833666667,0.958333333,1.077666667,1.185,1.246333333,1.268,1.293666667,1.321666667,1.353666667,1.385333333,1.416333333,1.443666667,1.471666667,1.495666667,1.513666667,1.539333333,1.554,1.574,1.586666667,1.604333333,1.619666667,1.633666667,1.646333333,1.658333333,1.668666667,1.678,1.688333333
