experiment,Line-Treatment,DT inflection,StDev_inf,DT interval,StDev_int,Lab strain,Strain,Treatment,Strain*Treatment,Time_0,Time_0.5,Time_1,Time_1.5,Time_2,Time_2.5,Time_3,Time_3.5,Time_4,Time_4.5,Time_5,Time_5.5,Time_6,Time_6.5,Time_7,Time_7.5,Time_8,Time_8.5,Time_9,Time_9.5,Time_10,Time_10.5,Time_11,Time_11.5,Time_12,Time_12.5,Time_13,Time_13.5,Time_14,Time_14.5,Time_15,Time_15.5,Time_16,Time_16.5,Time_17,Time_17.5,Time_18,Time_18.5,Time_19,Time_19.5,Time_20
SGRP_mTORinhibitsSCREEN_SET1_lowRAPA_round4_KG_092417.xls,NCYC 3315-2.5 ng/ml RAPA,7.444205145,0.657104723,9.560371532,1.701080819,NCYC 3315,YPS606,2.5 ng/mL RAPA,YPS606*2.5 ng/mL RAPA,0,0.085333333,0.126,0.027333333,0.257333333,0.026,0.422333333,0.558,0.701,0.858,1.013666667,1.162,1.280333333,1.345,1.370333333,1.394666667,1.428,1.455666667,1.482333333,1.513666667,1.537,1.566,1.587,1.606333333,1.626666667,1.638333333,1.654666667,1.671666667,1.684666667,1.696333333,1.706666667,1.715,1.723666667,1.739666667,1.747666667,1.754666667,1.760333333,1.767,1.777666667,1.771,1.788333333
SGRP_mTORinhibsSCREEN_SET1_lowRAPA_JEMBL_08152017.xls,NCYC 3315-2.5 ng/ml RAPA,10.9043167,1.250334629,26.65403298,4.066182274,NCYC 3315,YPS606,2.5 ng/mL RAPA,YPS606*2.5 ng/mL RAPA,0,0.076,0.073333333,0.065,0.042666667,0.208,0.018666667,0.130666667,0.140666667,0.303666667,0.330333333,0.655,1.011666667,1.162333333,1.268333333,1.295333333,1.326,1.362333333,1.394333333,1.388666667,1.361333333,1.467666667,1.494,1.517,1.546333333,1.571666667,1.593,1.615,1.632666667,1.647333333,1.662,1.677,1.694,1.698666667,1.720333333,1.732333333,1.74,1.753333333,1.759333333,1.772333333,1.779666667
