experiment,Line-Treatment,DT inflection,StDev_inf,DT interval,StDev_int,Lab strain,Strain,Treatment,Strain*Treatment,Time_0,Time_0.5,Time_1,Time_1.5,Time_2,Time_2.5,Time_3,Time_3.5,Time_4,Time_4.5,Time_5,Time_5.5,Time_6,Time_6.5,Time_7,Time_7.5,Time_8,Time_8.5,Time_9,Time_9.5,Time_10,Time_10.5,Time_11,Time_11.5,Time_12,Time_12.5,Time_13,Time_13.5,Time_14,Time_14.5,Time_15,Time_15.5,Time_16,Time_16.5,Time_17,Time_17.5,Time_18,Time_18.5,Time_19,Time_19.5,Time_20
SGRP_mTOR_inhibitsSCREEN_SET2_HighRAPA+LowTorin_Repeat_JEMBL_073,NCYC 3469-1% DMSO,62.23270523,1.769894281,63.47515827,0.506803539,NCYC 3469,DBVPG 6040 ,1% DMSO,DBVPG 6040 *1% DMSO,0,0.043,0.051666667,0.066333333,0.087,0.118,0.162333333,0.226666667,0.312666667,0.425333333,0.550333333,0.702,0.859,1.015333333,1.151,1.192666667,1.212666667,1.242,1.271,1.305333333,1.333333333,1.366333333,1.396666667,1.430666667,1.455,1.481333333,1.502333333,1.527666667,1.545333333,1.565333333,1.582333333,1.597666667,1.612333333,1.628333333,1.643333333,1.663,1.677,1.692,1.707666667,1.722,1.739
SGRP_mTORinhibitsSCREEN_SET2_LOWRAPA_highTORIN_MGK_12032017_F,NCYC 3469-1% DMSO,62.73435099,1.553413244,64.88720935,2.76122921,NCYC 3469,DBVPG 6040 ,1% DMSO,DBVPG 6040 *1% DMSO,0,0.04,0.042666667,0.054333333,0.070333333,0.091666667,0.124,0.169666667,0.233,0.322666667,0.430666667,0.560333333,0.705,0.862,1.017333333,1.157666667,1.221666667,1.243333333,1.268666667,1.298,1.325666667,1.355,1.381333333,1.409,1.436,1.461,1.484666667,1.506,1.528,1.547,1.564,1.581,1.597,1.612,1.627333333,1.64,1.652333333,1.663666667,1.675333333,1.687333333,1.697666667
