experiment,Line-Treatment,DT inflection,StDev_inf,DT interval,StDev_int,Lab strain,Strain,Treatment,Strain*Treatment,Time_0,Time_0.5,Time_1,Time_1.5,Time_2,Time_2.5,Time_3,Time_3.5,Time_4,Time_4.5,Time_5,Time_5.5,Time_6,Time_6.5,Time_7,Time_7.5,Time_8,Time_8.5,Time_9,Time_9.5,Time_10,Time_10.5,Time_11,Time_11.5,Time_12,Time_12.5,Time_13,Time_13.5,Time_14,Time_14.5,Time_15,Time_15.5,Time_16,Time_16.5,Time_17,Time_17.5,Time_18,Time_18.5,Time_19,Time_19.5,Time_20
SGRP_mTORinhibsSCREEN_SET1_lowRAPA_KGPUMBL_05062017.xls,NCYC 3449-2.5ng/ml RAPA,35.37176687,24.76031922,51.8007096,24.59462205,NCYC 3449,UWOPS87-2421,2.5 ng/mL RAPA,UWOPS87-2421*2.5 ng/mL RAPA,0,0.067666667,0.065666667,0.074333333,0.014333333,0.105333333,0.138333333,0.192,0.229,0.303666667,0.413,0.449333333,0.562333333,0.687333333,0.852333333,0.821666667,0.953,0.965666667,0.967333333,0.902666667,1.047666667,1.0,0.936666667,1.365666667,1.216333333,1.49,1.082666667,1.105,1.502666667,1.681333333,1.167666667,1.235666667,1.743666667,1.507666667,1.244666667,1.225333333,1.201333333,1.348666667,1.176,1.153333333,1.551333333
