experiment,Line-Treatment,DT inflection,StDev_inf,DT interval,StDev_int,Lab strain,Strain,Treatment,Strain*Treatment,Time_0,Time_0.5,Time_1,Time_1.5,Time_2,Time_2.5,Time_3,Time_3.5,Time_4,Time_4.5,Time_5,Time_5.5,Time_6,Time_6.5,Time_7,Time_7.5,Time_8,Time_8.5,Time_9,Time_9.5,Time_10,Time_10.5,Time_11,Time_11.5,Time_12,Time_12.5,Time_13,Time_13.5,Time_14,Time_14.5,Time_15,Time_15.5,Time_16,Time_16.5,Time_17,Time_17.5,Time_18,Time_18.5,Time_19,Time_19.5,Time_20
SET3_Low Rapa_REDO_MGK_081117.xls,YML 570-2.5 ng/ml RAPA,108.5890208,5.123419572,153.1018114,6.446077466,yML 570,FM677,2.5 ng/mL RAPA,FM677*2.5 ng/mL RAPA,0,0.024666667,0.026666667,0.025333333,0.026,0.029666667,0.031666667,0.031,0.036333333,0.042,0.044,0.052,0.063666667,0.074666667,0.089666667,0.101666667,0.117666667,0.142666667,0.165,0.196666667,0.223666667,0.257,0.297333333,0.335,0.384333333,0.439333333,0.500333333,0.572333333,0.637,0.709333333,0.779333333,0.858333333,0.93,0.992333333,1.032333333,1.028333333,1.017333333,1.012666667,1.014333333,1.013666667,1.013666667
