experiment,Line-Treatment,DT inflection,StDev_inf,DT interval,StDev_int,Lab strain,Strain,Treatment,Strain*Treatment,Time_0,Time_0.5,Time_1,Time_1.5,Time_2,Time_2.5,Time_3,Time_3.5,Time_4,Time_4.5,Time_5,Time_5.5,Time_6,Time_6.5,Time_7,Time_7.5,Time_8,Time_8.5,Time_9,Time_9.5,Time_10,Time_10.5,Time_11,Time_11.5,Time_12,Time_12.5,Time_13,Time_13.5,Time_14,Time_14.5,Time_15,Time_15.5,Time_16,Time_16.5,Time_17,Time_17.5,Time_18,Time_18.5,Time_19,Time_19.5,Time_20
SGRP_mTORinhibits_SET4_GDC_MGK_09202017.xls,YML698-100 uM GDC0941,48.68953146,25.19412627,107.3757296,3.600521315,yML 698,IFO1804,100 uM GDC0941,IFO1804*100 uM GDC0941,0,0.066,0.075333333,0.072333333,0.087333333,0.091333333,0.066666667,0.072,0.084666667,0.100666667,0.116666667,0.132333333,0.173333333,0.205,0.261666667,0.311333333,0.376333333,0.465,0.553,0.662666667,0.760333333,0.878333333,0.990333333,1.088,1.101666667,1.100333333,1.097333333,1.097333333,1.093333333,1.093333333,1.093,1.093666667,1.094,1.095666667,1.098333333,1.099333333,1.101666667,1.099666667,1.100666667,1.103333333,1.103333333
