experiment,Line-Treatment,DT inflection,StDev_inf,DT interval,StDev_int,Lab strain,Strain,Treatment,Strain*Treatment,Time_0,Time_0.5,Time_1,Time_1.5,Time_2,Time_2.5,Time_3,Time_3.5,Time_4,Time_4.5,Time_5,Time_5.5,Time_6,Time_6.5,Time_7,Time_7.5,Time_8,Time_8.5,Time_9,Time_9.5,Time_10,Time_10.5,Time_11,Time_11.5,Time_12,Time_12.5,Time_13,Time_13.5,Time_14,Time_14.5,Time_15,Time_15.5,Time_16,Time_16.5,Time_17,Time_17.5,Time_18,Time_18.5,Time_19,Time_19.5,Time_20
SGRP_mTORinhibitsSCREEN_SET2_GDC_MGK_081917(fixed with adding wr,NCYC 3462-100 uM GDC0941,69.90817249,7.062634847,104.0211428,8.297910175,NCYC 3462,UWOPS05-217.3 ,100 uM GDC0941,UWOPS05-217.3 *100 uM GDC0941,0,0.050333333,0.073666667,0.086666667,0.102,0.148666667,0.187,0.224666667,0.273,0.359333333,0.455,0.570333333,0.705,0.838333333,0.980333333,1.106666667,1.190666667,1.224,1.238666667,1.265,1.295333333,1.324,1.36,1.395,1.429666667,1.463333333,1.495666667,1.520666667,1.543666667,1.565,1.586333333,1.605333333,1.624333333,1.642666667,1.659666667,1.673,1.684666667,1.702666667,1.714666667,1.722666667,1.738666667
