experiment,Line-Treatment,DT inflection,StDev_inf,DT interval,StDev_int,Lab strain,Strain,Treatment,Strain*Treatment,Time_0,Time_0.5,Time_1,Time_1.5,Time_2,Time_2.5,Time_3,Time_3.5,Time_4,Time_4.5,Time_5,Time_5.5,Time_6,Time_6.5,Time_7,Time_7.5,Time_8,Time_8.5,Time_9,Time_9.5,Time_10,Time_10.5,Time_11,Time_11.5,Time_12,Time_12.5,Time_13,Time_13.5,Time_14,Time_14.5,Time_15,Time_15.5,Time_16,Time_16.5,Time_17,Time_17.5,Time_18,Time_18.5,Time_19,Time_19.5,Time_20
SGRP_mTOR_inhibitsSCREEN_SET1_lowRAPA_redo2_KG_092317.xls,NCYC 3457-2.5 ng/ml RAPA,79.84008099,2.11050339,82.0717341,1.630617837,NCYC 3457,273614 N,2.5 ng/mL RAPA,273614 N*2.5 ng/mL RAPA,0,0.060333333,0.062333333,0.075,0.093666667,0.121333333,0.158666667,0.206333333,0.264666667,0.337,0.426333333,0.522333333,0.627333333,0.735666667,0.849666667,0.962666667,1.077,1.180666667,1.261333333,1.334666667,1.367666667,1.394333333,1.426,1.456,1.484,1.516,1.542333333,1.568,1.590333333,1.609666667,1.63,1.646666667,1.662333333,1.677,1.690666667,1.705,1.716333333,1.726333333,1.740666667,1.750666667,1.762
SGRP_mTORinhibitsSCREEN_SET1_lowRAPA_round4_KG_092417.xls,NCYC 3457-2.5 ng/ml RAPA,72.76275669,1.795848066,81.56390351,1.667318106,NCYC 3457,273614 N,2.5 ng/mL RAPA,273614 N*2.5 ng/mL RAPA,0,0.089,0.123333333,0.15,0.199,0.251333333,0.328,0.413,0.526666667,0.652,0.783,0.919666667,1.057,1.177,1.263,1.304,1.338,1.370666667,1.404333333,1.434,1.459,1.496,1.521333333,1.546333333,1.57,1.587666667,1.607333333,1.623333333,1.642666667,1.659666667,1.672,1.688333333,1.700666667,1.716333333,1.726666667,1.737,1.746666667,1.758,1.767666667,1.774333333,1.785666667
SGRP_mTORinhibsSCREEN_SET1_lowRAPA_JEMBL_08152017.xls,NCYC 3457-2.5 ng/ml RAPA,78.39784398,5.672290784,91.71986466,6.536893163,NCYC 3457,273614 N,2.5 ng/mL RAPA,273614 N*2.5 ng/mL RAPA,0,0.064333333,0.072,0.087666667,0.116666667,0.146666667,0.178,0.220333333,0.277666667,0.347666667,0.43,0.539333333,0.653666667,0.780666667,0.912333333,1.04,1.135333333,1.222666667,1.285333333,1.32,1.350666667,1.383333333,1.413666667,1.440333333,1.471666667,1.499,1.524666667,1.547,1.572,1.590333333,1.604,1.622333333,1.642666667,1.653,1.671333333,1.688333333,1.697333333,1.713333333,1.725333333,1.735333333,1.743666667
