experiment,Line-Treatment,DT inflection,StDev_inf,DT interval,StDev_int,Lab strain,Strain,Treatment,Strain*Treatment,Time_0,Time_0.5,Time_1,Time_1.5,Time_2,Time_2.5,Time_3,Time_3.5,Time_4,Time_4.5,Time_5,Time_5.5,Time_6,Time_6.5,Time_7,Time_7.5,Time_8,Time_8.5,Time_9,Time_9.5,Time_10,Time_10.5,Time_11,Time_11.5,Time_12,Time_12.5,Time_13,Time_13.5,Time_14,Time_14.5,Time_15,Time_15.5,Time_16,Time_16.5,Time_17,Time_17.5,Time_18,Time_18.5,Time_19,Time_19.5,Time_20
SGRP_mTORinhibits_SET3_CAFFEINE_MGK_100817_F.xls,YML678-1000 ug/ml Caffeine,74.71024383,58.60310016,,,yML 678,N-43,1 mg/mL Caffeine,N-43*1 mg/mL Caffeine,0,0.071,0.068,0.064666667,0.063666667,0.039333333,0.038666667,0.025,0.023333333,0.057666667,0.038666667,0.023666667,0.480333333,0.590333333,0.67,0.800333333,0.883666667,0.972,1.061666667,1.149333333,1.222,1.235333333,1.244,1.241,1.280333333,1.312666667,1.313666667,1.355333333,1.386666667,1.412666667,1.425,1.467,1.489666667,1.515333333,1.541333333,1.563333333,1.581333333,1.596,1.618333333,1.641,1.652666667
SGRP_mTORinhibitsSCREEN_SET3_CAFFEINE_MGK_10082017_D.xls,YML678-1000 ug/ml Caffeine,69.49930397,5.80114944,115.5732543,24.94485901,yML 678,N-43,1 mg/mL Caffeine,N-43*1 mg/mL Caffeine,0,0.067,0.072333333,0.074,0.075333333,0.111333333,0.129333333,0.155333333,0.191333333,0.220666667,0.298,0.359333333,0.447666667,0.526,0.641333333,0.736,0.849,0.950666667,1.054,1.130666667,1.182333333,1.185666667,1.181666667,1.200333333,1.215666667,1.236333333,1.263333333,1.292666667,1.322333333,1.359333333,1.388666667,1.418,1.445666667,1.479333333,1.498666667,1.526,1.549333333,1.572,1.596,1.61,1.633333333
SGRP_mTORinhibitsSCREEN_SET3_Caffeine_NBMBL_07112017.xls,YML678-1000 ug/ml Caffeine,19.88611586,3.677881008,,,yML 678,N-43,1 mg/mL Caffeine,N-43*1 mg/mL Caffeine,0,0.051333333,0.057,0.054333333,0.057666667,0.049666667,0.063666667,0.039,0.035,0.103,0.087333333,0.081333333,0.225666667,0.550666667,0.679,0.798333333,0.920333333,1.033333333,1.139,1.197,1.231666667,1.236666667,1.252333333,1.262666667,1.276666667,1.294666667,1.316666667,1.339,1.364,1.384333333,1.405333333,1.426666667,1.443666667,1.471666667,1.494333333,1.511333333,1.534,1.551333333,1.568,1.581666667,1.600666667
