experiment,Line-Treatment,DT inflection,StDev_inf,DT interval,StDev_int,Lab strain,Strain,Treatment,Strain*Treatment,Time_0,Time_0.5,Time_1,Time_1.5,Time_2,Time_2.5,Time_3,Time_3.5,Time_4,Time_4.5,Time_5,Time_5.5,Time_6,Time_6.5,Time_7,Time_7.5,Time_8,Time_8.5,Time_9,Time_9.5,Time_10,Time_10.5,Time_11,Time_11.5,Time_12,Time_12.5,Time_13,Time_13.5,Time_14,Time_14.5,Time_15,Time_15.5,Time_16,Time_16.5,Time_17,Time_17.5,Time_18,Time_18.5,Time_19,Time_19.5,Time_20
SGRP_mTORinhibitsSCREEN_SET4_lowRAPA_MGK_10242017_D.xls,YML694-2.5 ng/ml RAPA,70.38861274,4.757774647,87.05052838,11.86976996,yML 694,CBS432,2.5 ng/mL RAPA,CBS432*2.5 ng/mL RAPA,0,0.047333333,0.053333333,0.055666667,0.063666667,0.081333333,0.094666667,0.121333333,0.152333333,0.199333333,0.256666667,0.322666667,0.413333333,0.514666667,0.637,0.765333333,0.889333333,1.014666667,1.108333333,1.151,1.162333333,1.177666667,1.198,1.224,1.26,1.292333333,1.327,1.362333333,1.396,1.423666667,1.452666667,1.47,1.497666667,1.517333333,,,,,,,
SGRP_mTORinhibitsSCREEN_SET4_lowrapa_JEMBL_10262017_F.xls,YML694-2.5 ng/ml RAPA,71.02088897,12.21475578,87.66216608,7.484276599,yML 694,CBS432,2.5 ng/mL RAPA,CBS432*2.5 ng/mL RAPA,0,0.047333333,0.052,0.055333333,0.071333333,0.092666667,0.134,0.176,0.203666667,0.261666667,0.351666667,0.442666667,0.544666667,0.671,0.802,0.936,1.068,1.151333333,1.168333333,1.181333333,1.193666667,1.210666667,1.239333333,1.268666667,1.301666667,1.335,1.369333333,1.402666667,1.428,1.456666667,1.485,1.506666667,1.531,,,,,,,,
