experiment,Line-Treatment,DT inflection,StDev_inf,DT interval,StDev_int,Lab strain,Strain,Treatment,Strain*Treatment,Time_0,Time_0.5,Time_1,Time_1.5,Time_2,Time_2.5,Time_3,Time_3.5,Time_4,Time_4.5,Time_5,Time_5.5,Time_6,Time_6.5,Time_7,Time_7.5,Time_8,Time_8.5,Time_9,Time_9.5,Time_10,Time_10.5,Time_11,Time_11.5,Time_12,Time_12.5,Time_13,Time_13.5,Time_14,Time_14.5,Time_15,Time_15.5,Time_16,Time_16.5,Time_17,Time_17.5,Time_18,Time_18.5,Time_19,Time_19.5,Time_20
SGRP_mTORinhibits_SET4_GDC_MGK_09202017.xls,YML695-100 uM GDC0941,63.64086328,30.74267715,88.18825781,1.825326837,yML 695,Y8.1,100 uM GDC0941,Y8.1*100 uM GDC0941,0,0.043333333,0.074,0.052,0.050666667,0.045,0.048333333,0.047333333,0.049,0.059666667,0.060333333,0.060333333,0.114,0.153333333,0.198333333,0.250666667,0.309,0.382666667,0.480333333,0.601333333,0.719333333,0.831333333,0.958333333,1.080333333,1.116333333,1.120666667,1.130666667,1.148666667,1.166,1.197,1.235333333,1.274,1.311,1.345,1.376666667,1.408666667,1.434,1.469333333,1.481333333,1.503333333,1.522
