experiment,Line-Treatment,DT inflection,StDev_inf,DT interval,StDev_int,Lab strain,Strain,Treatment,Strain*Treatment,Time_0,Time_0.5,Time_1,Time_1.5,Time_2,Time_2.5,Time_3,Time_3.5,Time_4,Time_4.5,Time_5,Time_5.5,Time_6,Time_6.5,Time_7,Time_7.5,Time_8,Time_8.5,Time_9,Time_9.5,Time_10,Time_10.5,Time_11,Time_11.5,Time_12,Time_12.5,Time_13,Time_13.5,Time_14,Time_14.5,Time_15,Time_15.5,Time_16,Time_16.5,Time_17,Time_17.5,Time_18,Time_18.5,Time_19,Time_19.5,Time_20
SGRP_mTORinhibits_SET3_CAFFEINE_MGK_100817_F.xls,YML 567-1000 ug/ml Caffeine,112.3974579,3.121602573,118.5151441,1.999929735,yML 567,FM476,1 mg/mL Caffeine,FM476*1 mg/mL Caffeine,0,0.022666667,0.027666667,0.032333333,0.040333333,0.046666667,0.056,0.066333333,0.075666667,0.088333333,0.101666667,0.115333333,0.137,0.16,0.19,0.223333333,0.264666667,0.314666667,0.375,0.440333333,0.509333333,0.586,0.659333333,0.714333333,0.769333333,0.824333333,0.857,0.873666667,0.874666667,0.880333333,0.879666667,0.882,0.885666667,0.891,0.888333333,0.892,0.893666667,0.895,0.899,0.899666667,0.903
SGRP_mTORinhibitsSCREEN_SET3_CAFFEINE_MGK_10082017_D.xls,YML 567-1000 ug/ml Caffeine,113.0278604,0.239682147,120.3202147,3.650222328,yML 567,FM476,1 mg/mL Caffeine,FM476*1 mg/mL Caffeine,0,0.021666667,0.028,0.034666667,0.041333333,0.050666667,0.059,0.068333333,0.079333333,0.090333333,0.102333333,0.117666667,0.134666667,0.154666667,0.180333333,0.212666667,0.252333333,0.301,0.361333333,0.424666667,0.496,0.566,0.641,0.72,0.779,0.828666667,0.851666667,0.857,0.859,0.859,0.861666667,0.862,0.863666667,0.868,0.867333333,0.870666667,0.875666667,0.877333333,0.878,0.88,0.883333333
SGRP_mTORinhibitsSCREEN_SET3_Caffeine_NBMBL_07112017.xls,YML 567-1000 ug/ml Caffeine,128.5977285,3.915730997,142.2038763,1.473939829,yML 567,FM476,1 mg/mL Caffeine,FM476*1 mg/mL Caffeine,0,0.02,0.021666667,0.024,0.027,0.030666667,0.036333333,0.042666667,0.050666667,0.061666667,0.071666667,0.084333333,0.1,0.114333333,0.130666667,0.146666667,0.167333333,0.190333333,0.219,0.253666667,0.293333333,0.343666667,0.401333333,0.468,0.543666667,0.624666667,0.713666667,0.81,0.901666667,0.945666667,0.949,0.953333333,0.95,0.953666667,0.954,0.957333333,0.961,0.963666667,0.968,0.968,0.971333333
