experiment,Line-Treatment,DT inflection,StDev_inf,DT interval,StDev_int,Lab strain,Strain,Treatment,Strain*Treatment,Time_0,Time_0.5,Time_1,Time_1.5,Time_2,Time_2.5,Time_3,Time_3.5,Time_4,Time_4.5,Time_5,Time_5.5,Time_6,Time_6.5,Time_7,Time_7.5,Time_8,Time_8.5,Time_9,Time_9.5,Time_10,Time_10.5,Time_11,Time_11.5,Time_12,Time_12.5,Time_13,Time_13.5,Time_14,Time_14.5,Time_15,Time_15.5,Time_16,Time_16.5,Time_17,Time_17.5,Time_18,Time_18.5,Time_19,Time_19.5,Time_20
SET3_Low Rapa_REDO_MGK_081117.xls,YML 618-2.5 ng/ml RAPA,98.84577673,3.390644615,115.3717546,0.97567646,yML 618,NCYC361,2.5 ng/mL RAPA,NCYC361*2.5 ng/mL RAPA,0,0.030666667,0.036333333,0.04,0.048333333,0.062666667,0.078333333,0.091666667,0.116666667,0.139,0.162,0.192,0.237,0.283666667,0.34,0.398,0.463333333,0.552666667,0.646,0.745333333,0.842333333,0.942666667,1.025,1.016,1.013666667,1.013666667,1.016,1.023,1.023666667,1.026,1.024333333,1.03,1.029,1.036,1.039333333,1.042,1.041666667,1.044666667,1.049666667,1.055,1.057333333
