experiment,Line-Treatment,DT inflection,StDev_inf,DT interval,StDev_int,Lab strain,Strain,Treatment,Strain*Treatment,Time_0,Time_0.5,Time_1,Time_1.5,Time_2,Time_2.5,Time_3,Time_3.5,Time_4,Time_4.5,Time_5,Time_5.5,Time_6,Time_6.5,Time_7,Time_7.5,Time_8,Time_8.5,Time_9,Time_9.5,Time_10,Time_10.5,Time_11,Time_11.5,Time_12,Time_12.5,Time_13,Time_13.5,Time_14,Time_14.5,Time_15,Time_15.5,Time_16,Time_16.5,Time_17,Time_17.5,Time_18,Time_18.5,Time_19,Time_19.5,Time_20
SGRP_mTORinhibitsSCREEN_SET3_LOWRAPA_JEMBL_12012017_F,yML 682-2.5 ng/ml RAPA,62.69647059,2.895419734,65.31969572,1.342672564,yML 682,A12,2.5 ng/mL RAPA,A12*2.5 ng/mL RAPA,0,0.067,0.081,0.105666667,0.142333333,0.196666667,0.273333333,0.371666667,0.493333333,0.631,0.774333333,0.927,1.077333333,1.218333333,1.304666667,1.325333333,1.344333333,1.372666667,1.399666667,1.428666667,1.458333333,1.486,1.511666667,1.532666667,1.555666667,1.577666667,1.596,1.614,1.631333333,1.643,1.658333333,1.668666667,1.680666667,1.690666667,1.7,1.708666667,1.717,1.725,1.732666667,1.739333333,1.743666667
