experiment,Line-Treatment,DT inflection,StDev_inf,DT interval,StDev_int,Lab strain,Strain,Treatment,Strain*Treatment,Time_0,Time_0.5,Time_1,Time_1.5,Time_2,Time_2.5,Time_3,Time_3.5,Time_4,Time_4.5,Time_5,Time_5.5,Time_6,Time_6.5,Time_7,Time_7.5,Time_8,Time_8.5,Time_9,Time_9.5,Time_10,Time_10.5,Time_11,Time_11.5,Time_12,Time_12.5,Time_13,Time_13.5,Time_14,Time_14.5,Time_15,Time_15.5,Time_16,Time_16.5,Time_17,Time_17.5,Time_18,Time_18.5,Time_19,Time_19.5,Time_20
SGRP_mTORinhibits_SET1_CAFF_REDO_NBMBL_08032017.xls,WT- 1 mg/mL Caffeine ,108.3710509,0.822383274,113.6692607,1.836822717,BY4743,BY4743,1 mg/mL Caffeine,BY4743*1 mg/mL Caffeine,0,0.040333333,0.042,0.044333333,0.047666667,0.052333333,0.058,0.066666667,0.078,0.091,0.108666667,0.128,0.154333333,0.184666667,0.220333333,0.267,0.320333333,0.384,0.456666667,0.537666667,0.624666667,0.713,0.799666667,0.887,0.96,1.012,1.036,1.05,1.063333333,1.075,1.085333333,1.099333333,1.114,1.128666667,1.146333333,1.164666667,1.184,1.202,1.221666667,1.242666667,1.259666667
