experiment,Line-Treatment,DT inflection,StDev_inf,DT interval,StDev_int,Lab strain,Strain,Treatment,Strain*Treatment,Time_0,Time_0.5,Time_1,Time_1.5,Time_2,Time_2.5,Time_3,Time_3.5,Time_4,Time_4.5,Time_5,Time_5.5,Time_6,Time_6.5,Time_7,Time_7.5,Time_8,Time_8.5,Time_9,Time_9.5,Time_10,Time_10.5,Time_11,Time_11.5,Time_12,Time_12.5,Time_13,Time_13.5,Time_14,Time_14.5,Time_15,Time_15.5,Time_16,Time_16.5,Time_17,Time_17.5,Time_18,Time_18.5,Time_19,Time_19.5,Time_20
SGRP_mTORinhibitsSCREEN_SET1_CAFFEINE AND lowTORIN_MGK_12022017_,NCYC 3264-6.67% H2O,68.35373698,1.316075212,72.59888839,3.01975843,NCYC 3264,DBVPG 6765,6.67% H2O,DBVPG 6765*6.67% H2O,0,0.075,0.093666667,0.126666667,0.158333333,0.213333333,0.279333333,0.375666667,0.494333333,0.625333333,0.761666667,0.894,1.017333333,1.106333333,1.123333333,1.143,1.166,1.192,1.217333333,1.248,1.273,1.299333333,1.329333333,1.359666667,1.388333333,1.418666667,1.442666667,1.465,1.488,1.505666667,1.526333333,1.546,1.558666667,1.576666667,1.588,1.602666667,1.616666667,1.627333333,1.634333333,1.645,1.655333333
SGRP_mTORinhibitsSCREEN_SET1_CAFFEINE AND lowTORIN_MGK_12022017_,NCYC 3264-6.67% H2O,63.6626686,4.066988964,71.8587347,8.310074974,NCYC 3264,DBVPG 6765,6.67% H2O,DBVPG 6765*6.67% H2O,0,0.057666667,0.070333333,0.091666667,0.108333333,0.142333333,0.176,0.232,0.319333333,0.419,0.556666667,0.686666667,0.818,0.946333333,1.072666667,1.148333333,1.163,1.177,1.194333333,1.223,1.248,1.274333333,1.302,1.328666667,1.358333333,1.390666667,1.418666667,1.442333333,1.469333333,1.489,1.509666667,1.535,1.548,1.569666667,1.585,1.600333333,1.615,1.630666667,1.640666667,1.656666667,1.664
