experiment,Line-Treatment,DT inflection,StDev_inf,DT interval,StDev_int,Lab strain,Strain,Treatment,Strain*Treatment,Time_0,Time_0.5,Time_1,Time_1.5,Time_2,Time_2.5,Time_3,Time_3.5,Time_4,Time_4.5,Time_5,Time_5.5,Time_6,Time_6.5,Time_7,Time_7.5,Time_8,Time_8.5,Time_9,Time_9.5,Time_10,Time_10.5,Time_11,Time_11.5,Time_12,Time_12.5,Time_13,Time_13.5,Time_14,Time_14.5,Time_15,Time_15.5,Time_16,Time_16.5,Time_17,Time_17.5,Time_18,Time_18.5,Time_19,Time_19.5,Time_20
SGRP_mTORinhibitsSCREEN_SET2_CAFFEINE AND lowTORIN_MGK_AR_120320,yML 565-1 uM Torin 1,85.59735544,9.059104774,112.7917356,6.205526712,yML 565,CBS7960,1 uM Torin 1,CBS7960*1 uM Torin 1,0,0.114666667,0.117666667,0.145,0.172666667,0.202333333,0.241333333,0.292666667,0.346,0.439,0.524666667,0.643,0.752666667,0.869,0.980333333,1.063,1.124,1.166666667,1.191333333,1.208666667,1.223666667,1.237666667,1.268,1.289333333,1.316,1.348333333,1.376,1.402,1.425,1.442666667,1.477333333,1.496333333,1.512333333,1.538333333,1.559333333,1.573666667,1.589333333,1.605,1.618,1.633333333,1.640666667
SGRP_mTORinhibitsSCREEN_SET2_CAFFEINE AND lowTORIN_MGK_AR_120320,yML 565-1 uM Torin 1,86.21779682,5.206179522,107.7192734,18.66830778,yML 565,CBS7960,1 uM Torin 1,CBS7960*1 uM Torin 1,0,0.113666667,0.129,0.158,0.197333333,0.228333333,0.271,0.327,0.391333333,0.489666667,0.583333333,0.703333333,0.815,0.925333333,1.021333333,1.076,1.126333333,1.167666667,1.198,1.216333333,1.237666667,1.253333333,1.285666667,1.305666667,1.331,1.364,1.392,1.42,1.443666667,1.463,1.494,1.513,1.528,1.554333333,1.573333333,1.589333333,1.605333333,1.621666667,1.631,1.646333333,1.653333333
