experiment,Line-Treatment,DT inflection,StDev_inf,DT interval,StDev_int,Lab strain,Strain,Treatment,Strain*Treatment,Time_0,Time_0.5,Time_1,Time_1.5,Time_2,Time_2.5,Time_3,Time_3.5,Time_4,Time_4.5,Time_5,Time_5.5,Time_6,Time_6.5,Time_7,Time_7.5,Time_8,Time_8.5,Time_9,Time_9.5,Time_10,Time_10.5,Time_11,Time_11.5,Time_12,Time_12.5,Time_13,Time_13.5,Time_14,Time_14.5,Time_15,Time_15.5,Time_16,Time_16.5,Time_17,Time_17.5,Time_18,Time_18.5,Time_19,Time_19.5,Time_20
SGRP_mTORinhibitsSCREEN_SET1_AZD8055_KGPUARMBL_061817.xls,NCYC 3448-100uM AZD08055,63.08456814,10.41822446,106.363577,31.33377263,NCYC 3448,UWOPS83-787.3,100 uM AZD8055,UWOPS83-787.3*100 uM AZD8055,0,0.077666667,0.088333333,0.104666667,0.153,0.211333333,0.269666667,0.315,0.431333333,0.571666667,0.721,0.874,1.028666667,1.172,1.301333333,1.369333333,1.392333333,1.419,1.443333333,1.471666667,1.504666667,1.537666667,1.564,1.594666667,1.620333333,1.641333333,1.655666667,1.671333333,1.691,1.703,1.716666667,1.728666667,1.740666667,1.751,1.761333333,1.773666667,1.781,1.791333333,1.797,1.806333333,1.814666667
