experiment,Line-Treatment,DT inflection,StDev_inf,DT interval,StDev_int,Lab strain,Strain,Treatment,Strain*Treatment,Time_0,Time_0.5,Time_1,Time_1.5,Time_2,Time_2.5,Time_3,Time_3.5,Time_4,Time_4.5,Time_5,Time_5.5,Time_6,Time_6.5,Time_7,Time_7.5,Time_8,Time_8.5,Time_9,Time_9.5,Time_10,Time_10.5,Time_11,Time_11.5,Time_12,Time_12.5,Time_13,Time_13.5,Time_14,Time_14.5,Time_15,Time_15.5,Time_16,Time_16.5,Time_17,Time_17.5,Time_18,Time_18.5,Time_19,Time_19.5,Time_20
SGRP_mTORinhibitsSCREEN_SET2_GDC_AR_062617.xls,yML559-100uM GDC0941,77.61826741,5.070411572,93.09498344,2.156756433,yML 559,Y10,100 uM GDC0941,Y10*100 uM GDC0941,0,0.027,0.033666667,0.045666667,0.049666667,0.055,0.059333333,0.067,0.079,0.091666667,0.113,0.141333333,0.171333333,0.217666667,0.285,0.341666667,0.426,0.536,0.658666667,0.751666667,0.875666667,0.990333333,1.094333333,1.211333333,1.231666667,1.264,1.298333333,1.319666667,1.345333333,1.387666667,1.407333333,1.436,1.460333333,1.477,1.505333333,1.522666667,1.547333333,1.572,1.596,1.605666667,1.616666667
