experiment,Line-Treatment,DT inflection,StDev_inf,DT interval,StDev_int,Lab strain,Strain,Treatment,Strain*Treatment,Time_0,Time_0.5,Time_1,Time_1.5,Time_2,Time_2.5,Time_3,Time_3.5,Time_4,Time_4.5,Time_5,Time_5.5,Time_6,Time_6.5,Time_7,Time_7.5,Time_8,Time_8.5,Time_9,Time_9.5,Time_10,Time_10.5,Time_11,Time_11.5,Time_12,Time_12.5,Time_13,Time_13.5,Time_14,Time_14.5,Time_15,Time_15.5,Time_16,Time_16.5,Time_17,Time_17.5,Time_18,Time_18.5,Time_19,Time_19.5,Time_20
SGRP_mTORinhibits_SET3_highTORIN_MGK_101617_F.xls,YML671-25 uM Torin 1,93.06142178,11.44995901,106.6930352,12.24404699,yML 671,YPS138,25 uM Torin 1,YPS138*25 uM Torin 1,0,0.045333333,0.046666667,0.047333333,0.048666667,0.050333333,0.050666667,0.055,0.059333333,0.066666667,0.075,0.083666667,0.092333333,0.106333333,0.125,0.148,0.175333333,0.21,0.259333333,0.314333333,0.391333333,0.484,0.591,0.716333333,0.841,0.973,1.096,1.199333333,1.253,1.291666667,1.317666667,1.341333333,1.369333333,1.394333333,1.421333333,1.448,1.471666667,1.502333333,1.525333333,1.545333333,1.563666667
SGRP_mTORinhibitsSCREEN_SET3highTORIN_MGK_101617_D.xls,YML671-25 uM Torin 1,100.5295644,5.013807527,118.9606428,11.14434379,yML 671,YPS138,25 uM Torin 1,YPS138*25 uM Torin 1,0,0.059333333,0.063,0.066,0.064666667,0.066333333,0.069666667,0.074,0.079333333,0.090666667,0.097333333,0.105666667,0.119333333,0.136666667,0.158333333,0.173,0.208666667,0.24,0.293,0.351666667,0.431,0.518666667,0.634666667,0.753666667,0.863,0.996666667,1.121,1.224666667,1.263,1.292333333,1.315333333,1.350666667,1.375666667,1.404,1.434,1.46,1.497,1.517333333,1.537333333,1.56,1.582666667
