experiment,Line-Treatment,DT inflection,StDev_inf,DT interval,StDev_int,Lab strain,Strain,Treatment,Strain*Treatment,Time_0,Time_0.5,Time_1,Time_1.5,Time_2,Time_2.5,Time_3,Time_3.5,Time_4,Time_4.5,Time_5,Time_5.5,Time_6,Time_6.5,Time_7,Time_7.5,Time_8,Time_8.5,Time_9,Time_9.5,Time_10,Time_10.5,Time_11,Time_11.5,Time_12,Time_12.5,Time_13,Time_13.5,Time_14,Time_14.5,Time_15,Time_15.5,Time_16,Time_16.5,Time_17,Time_17.5,Time_18,Time_18.5,Time_19,Time_19.5,Time_20
SET3_Low Rapa_REDO_MGK_081117.xls,YML670-2.5 ng/ml RAPA,65.22631923,21.20282401,70.01882589,24.4944443,yML 670,Q59.1,2.5 ng/mL RAPA,Q59.1*2.5 ng/mL RAPA,0,0.062666667,0.066,0.068666667,0.073333333,0.083666667,0.095666667,0.118333333,0.184666667,0.266,0.329,0.413333333,0.521666667,0.636,0.755,0.872333333,0.984333333,1.091666667,1.167666667,1.191,1.203333333,1.221333333,1.245333333,1.269,1.306,1.339,1.371,1.405666667,1.427666667,1.454666667,1.474333333,1.497666667,1.512666667,1.535666667,1.552,1.568666667,1.579666667,1.595333333,1.608333333,1.621666667,1.632333333
