experiment,Line-Treatment,DT inflection,StDev_inf,DT interval,StDev_int,Lab strain,Strain,Treatment,Strain*Treatment,Time_0,Time_0.5,Time_1,Time_1.5,Time_2,Time_2.5,Time_3,Time_3.5,Time_4,Time_4.5,Time_5,Time_5.5,Time_6,Time_6.5,Time_7,Time_7.5,Time_8,Time_8.5,Time_9,Time_9.5,Time_10,Time_10.5,Time_11,Time_11.5,Time_12,Time_12.5,Time_13,Time_13.5,Time_14,Time_14.5,Time_15,Time_15.5,Time_16,Time_16.5,Time_17,Time_17.5,Time_18,Time_18.5,Time_19,Time_19.5,Time_20
SGRP_mTORinhibits_SET2_lowRAPA_KGPUMBL_080417.xls.xls,NCYC 3470-2.5 ng/ml RAPA,64.6939587,2.925327557,66.61513746,0.397336062,NCYC 3470,YIIc17_E5 ,2.5 ng/mL RAPA,YIIc17_E5 *2.5 ng/mL RAPA,0,0.046666667,0.054,0.063333333,0.081,0.104333333,0.14,0.187,0.258,0.347666667,0.461333333,0.590333333,0.735333333,0.885,1.036333333,1.167666667,1.204333333,1.202333333,1.203333333,1.203,1.205,1.206333333,1.208333333,1.212,1.215666667,1.219666667,1.223333333,1.228333333,1.233666667,1.239,1.245333333,1.250333333,1.257,1.262333333,1.268666667,1.275333333,1.280666667,1.288,1.296333333,1.300333333,1.306666667
SGRP_mTORinhibitsSCREEN_SET2_LOWRAPA_highTORIN_MGK_12032017_F,NCYC 3470-2.5 ng/ml RAPA,68.1903734,1.125222984,71.05627483,1.019343915,NCYC 3470,YIIc17_E5 ,2.5 ng/mL RAPA,YIIc17_E5 *2.5 ng/mL RAPA,0,0.037,0.041333333,0.049666667,0.065,0.083666667,0.110666667,0.146,0.202666667,0.273333333,0.362333333,0.468666667,0.587333333,0.718666667,0.855,0.991666667,1.122666667,1.219,1.222333333,1.221666667,1.223333333,1.226666667,1.229,1.232,1.235666667,1.239333333,1.243333333,1.247,1.252,1.256,1.260333333,1.266,1.272,1.277,1.282666667,1.288333333,1.293333333,1.298666667,1.305,1.311,1.316333333
SGRP_mTORinhibitsSCREEN_SET2_lowRAPA_KGPUMBL_100117.xls,NCYC 3470-2.5 ng/ml RAPA,62.53599054,1.635573941,62.9234911,1.769973095,NCYC 3470,YIIc17_E5 ,2.5 ng/mL RAPA,YIIc17_E5 *2.5 ng/mL RAPA,0,0.033,0.041333333,0.048666667,0.066,0.089,0.123,0.168,0.234,0.325333333,0.434333333,0.571333333,0.717333333,0.877333333,1.034666667,1.181666667,1.218,1.218,1.22,1.220333333,1.222666667,1.224333333,1.225666667,1.231333333,1.232,1.235333333,1.239333333,1.242,1.245333333,1.249333333,1.254,1.258333333,1.263,1.268,1.272333333,1.276333333,1.282,1.288,1.292333333,1.298,1.302
