experiment,Line-Treatment,DT inflection,StDev_inf,DT interval,StDev_int,Lab strain,Strain,Treatment,Strain*Treatment,Time_0,Time_0.5,Time_1,Time_1.5,Time_2,Time_2.5,Time_3,Time_3.5,Time_4,Time_4.5,Time_5,Time_5.5,Time_6,Time_6.5,Time_7,Time_7.5,Time_8,Time_8.5,Time_9,Time_9.5,Time_10,Time_10.5,Time_11,Time_11.5,Time_12,Time_12.5,Time_13,Time_13.5,Time_14,Time_14.5,Time_15,Time_15.5,Time_16,Time_16.5,Time_17,Time_17.5,Time_18,Time_18.5,Time_19,Time_19.5,Time_20
SGRP_mTORinhibitsSCREEN_SET3_CAFFEINE AND lowTORIN_JEMBL_1201201,yML678-1 uM Torin 11,67.60361742,14.60375282,102.2435419,28.77468695,yML 678,N-43,1 uM Torin 1,N-43*1 uM Torin 1,0,0.074666667,0.080333333,0.082333333,0.075666667,0.075,0.069666667,0.072,0.063333333,0.058333333,0.284333333,0.354,0.453333333,0.606,0.699666667,0.818333333,0.939666667,1.056,1.155,1.169,1.176666667,1.193333333,1.204666667,1.219333333,1.250333333,1.273,1.308333333,1.326666667,1.355333333,1.381,1.408,1.425333333,1.448333333,1.477333333,1.489,1.513666667,1.532333333,1.552666667,1.567333333,1.587,1.597
