experiment,Line-Treatment,DT inflection,StDev_inf,DT interval,StDev_int,Lab strain,Strain,Treatment,Strain*Treatment,Time_0,Time_0.5,Time_1,Time_1.5,Time_2,Time_2.5,Time_3,Time_3.5,Time_4,Time_4.5,Time_5,Time_5.5,Time_6,Time_6.5,Time_7,Time_7.5,Time_8,Time_8.5,Time_9,Time_9.5,Time_10,Time_10.5,Time_11,Time_11.5,Time_12,Time_12.5,Time_13,Time_13.5,Time_14,Time_14.5,Time_15,Time_15.5,Time_16,Time_16.5,Time_17,Time_17.5,Time_18,Time_18.5,Time_19,Time_19.5,Time_20
SGRP_mTOR_inhibitsSCREEN_SET2_HighRAPA+LowTorin_Repeat_JEMBL_073,yML 559-1% DMSO,77.97917673,0.952498336,83.6786955,2.171303802,yML 559,Y10,1% DMSO,Y10*1% DMSO,0,0.044,0.052666667,0.063666667,0.075333333,0.089666667,0.11,0.135666667,0.172333333,0.217,0.283,0.364333333,0.47,0.590666667,0.711666667,0.846333333,0.982,1.106333333,1.199,1.228666667,1.256,1.291666667,1.320333333,1.356666667,1.385666667,1.420666667,1.446666667,1.478666667,1.502,1.523666667,1.545333333,1.565333333,1.586666667,1.606666667,1.633,1.664333333,1.684,1.708333333,1.727,1.748666667,1.767333333
SGRP_mTORinhibitsSCREEN_SET 1 2 3 4 High-Low Rapa High-Low Torin,yML 559-1% DMSO,62.63287337,10.48739011,91.20572554,14.4118208,yML 559,Y10,1% DMSO,Y10*1% DMSO,0,0.049333333,0.056666667,0.065,0.072333333,0.078666667,0.098666667,0.127,0.139666667,0.192333333,0.222,0.315666667,0.377666667,0.490666667,0.584333333,0.683,0.789666667,0.872666667,0.952,1.036666667,1.092333333,1.151,1.213333333,1.270333333,1.329333333,1.372,1.400666667,1.428,1.452333333,1.478333333,1.503333333,1.530333333,1.548333333,1.571333333,1.593333333,1.613333333,1.632333333,1.647333333,1.664333333,1.68,1.694333333
SGRP_mTORinhibitsSCREEN_SET 1 2 3 4 High-Low Rapa High-Low Torin,yML 559-1% DMSO,45.92726516,4.252084947,76.41312292,17.56282638,yML 559,Y10,1% DMSO,Y10*1% DMSO,0,0.046,0.056666667,0.061333333,0.068666667,0.072,0.082333333,0.1,0.120333333,0.144,0.172333333,0.245,0.326333333,0.510333333,0.629333333,0.737333333,0.879666667,1.012,1.118333333,1.206,1.253,1.28,1.312666667,1.341333333,1.373666667,1.402666667,1.433666667,1.461666667,1.488,1.513666667,1.536333333,1.560333333,1.579,1.599666667,1.618,1.637666667,1.642,1.673333333,1.685333333,1.703333333,1.712666667
