experiment,Line-Treatment,DT inflection,StDev_inf,DT interval,StDev_int,Lab strain,Strain,Treatment,Strain*Treatment,Time_0,Time_0.5,Time_1,Time_1.5,Time_2,Time_2.5,Time_3,Time_3.5,Time_4,Time_4.5,Time_5,Time_5.5,Time_6,Time_6.5,Time_7,Time_7.5,Time_8,Time_8.5,Time_9,Time_9.5,Time_10,Time_10.5,Time_11,Time_11.5,Time_12,Time_12.5,Time_13,Time_13.5,Time_14,Time_14.5,Time_15,Time_15.5,Time_16,Time_16.5,Time_17,Time_17.5,Time_18,Time_18.5,Time_19,Time_19.5,Time_20
SET2AZDredo+highTORINMBL_07302017.xls,NCYC 3461-100 uM AZD8055,54.43960731,9.794017705,50.01209202,9.243418286,NCYC 3461,UWOPS03-461.4 ,100 uM AZD8055,UWOPS03-461.4 *100 uM AZD8055,0,0.06,0.06,0.069,0.059,0.077,0.105333333,0.127333333,0.199666667,0.294333333,0.397333333,0.52,0.664666667,0.824,0.977333333,1.111666667,1.208333333,1.217,1.257333333,1.280666667,1.308666667,1.35,1.384333333,1.430333333,1.461,1.493,1.530333333,1.552666667,1.574666667,1.602666667,1.620666667,1.647,1.663333333,1.677,1.700333333,1.714666667,1.727666667,1.739333333,1.756666667,1.773333333,1.782666667
