experiment,Line-Treatment,DT inflection,StDev_inf,DT interval,StDev_int,Lab strain,Strain,Treatment,Strain*Treatment,Time_0,Time_0.5,Time_1,Time_1.5,Time_2,Time_2.5,Time_3,Time_3.5,Time_4,Time_4.5,Time_5,Time_5.5,Time_6,Time_6.5,Time_7,Time_7.5,Time_8,Time_8.5,Time_9,Time_9.5,Time_10,Time_10.5,Time_11,Time_11.5,Time_12,Time_12.5,Time_13,Time_13.5,Time_14,Time_14.5,Time_15,Time_15.5,Time_16,Time_16.5,Time_17,Time_17.5,Time_18,Time_18.5,Time_19,Time_19.5,Time_20
SGRP_mTORinhibitsSCREEN_SET3_LOWRAPA_JEMBL_12012017_F,yML 672-2.5 ng/ml RAPA,84.49236948,2.031213418,90.38424638,3.600648371,yML 672,S36.7,2.5 ng/mL RAPA,S36.7*2.5 ng/mL RAPA,0,0.011333333,0.010333333,0.009333333,0.009666667,0.103666667,0.199666667,0.235333333,0.287666667,0.367,0.465666667,0.568333333,0.691666667,0.821666667,0.947,1.069,1.178,1.235,1.265333333,1.286666667,1.315666667,1.350333333,1.383333333,1.409,1.435666667,1.462666667,1.486333333,1.509666667,1.531,1.547333333,1.567,1.582666667,1.599666667,1.614666667,1.628,1.643333333,1.657333333,1.673666667,1.683333333,1.693666667,1.703333333
