experiment,Line-Treatment,DT inflection,StDev_inf,DT interval,StDev_int,Lab strain,Strain,Treatment,Strain*Treatment,Time_0,Time_0.5,Time_1,Time_1.5,Time_2,Time_2.5,Time_3,Time_3.5,Time_4,Time_4.5,Time_5,Time_5.5,Time_6,Time_6.5,Time_7,Time_7.5,Time_8,Time_8.5,Time_9,Time_9.5,Time_10,Time_10.5,Time_11,Time_11.5,Time_12,Time_12.5,Time_13,Time_13.5,Time_14,Time_14.5,Time_15,Time_15.5,Time_16,Time_16.5,Time_17,Time_17.5,Time_18,Time_18.5,Time_19,Time_19.5,Time_20
RB_RUN1_F_SGRPmTORscreen_KGA_11082018.xls,NCYC3457-1%DMSO,64.0043507,17.15511585,86.59743985,10.8513914,NCYC 3457,273614 N,1% DMSO,273614 N*1% DMSO,0,0.128,0.152666667,0.186666667,0.213666667,0.281666667,0.374333333,0.465333333,0.578,0.707,0.828666667,0.959666667,1.079,1.124666667,1.153666667,1.188666667,1.216333333,1.242666667,1.271333333,1.3,1.334666667,1.357666667,1.383333333,1.404,1.416333333,1.436,1.453,1.471666667,1.484,1.499666667,1.510666667,1.526,1.533,1.545666667,1.560333333,1.572333333,1.576,1.582666667,1.591666667,1.596666667,1.599333333
