experiment,Line-Treatment,DT inflection,StDev_inf,DT interval,StDev_int,Lab strain,Strain,Treatment,Strain*Treatment,Time_0,Time_0.5,Time_1,Time_1.5,Time_2,Time_2.5,Time_3,Time_3.5,Time_4,Time_4.5,Time_5,Time_5.5,Time_6,Time_6.5,Time_7,Time_7.5,Time_8,Time_8.5,Time_9,Time_9.5,Time_10,Time_10.5,Time_11,Time_11.5,Time_12,Time_12.5,Time_13,Time_13.5,Time_14,Time_14.5,Time_15,Time_15.5,Time_16,Time_16.5,Time_17,Time_17.5,Time_18,Time_18.5,Time_19,Time_19.5,Time_20
SGRP_mTOR_inhibitsSCREEN_SET1_highgdc-0941_AR_053117.xls,NCYC 3451-100uM GDC0941,,,,,NCYC 3451,NCYC361,100 uM GDC0941,NCYC361*100 uM GDC0941,0,0.041333333,0.041666667,0.040333333,0.040666667,0.041333333,0.039333333,0.039666667,0.038666667,0.041,0.04,0.045,0.040666667,0.040333333,0.041333333,0.041333333,0.040666667,0.040666667,0.041,0.040333333,0.039333333,0.041,0.040666667,0.04,0.04,0.04,0.040333333,0.039666667,0.041,0.041666667,0.042,0.038666667,0.04,0.039333333,0.039333333,0.038333333,0.038666667,0.039333333,0.038333333,0.037666667,0.038
