experiment,Line-Treatment,DT inflection,StDev_inf,DT interval,StDev_int,Lab strain,Strain,Treatment,Strain*Treatment,Time_0,Time_0.5,Time_1,Time_1.5,Time_2,Time_2.5,Time_3,Time_3.5,Time_4,Time_4.5,Time_5,Time_5.5,Time_6,Time_6.5,Time_7,Time_7.5,Time_8,Time_8.5,Time_9,Time_9.5,Time_10,Time_10.5,Time_11,Time_11.5,Time_12,Time_12.5,Time_13,Time_13.5,Time_14,Time_14.5,Time_15,Time_15.5,Time_16,Time_16.5,Time_17,Time_17.5,Time_18,Time_18.5,Time_19,Time_19.5,Time_20
SET3_Low Rapa_REDO_MGK_081117.xls,YML 567-2.5 ng/ml RAPA,102.7180433,1.155976178,112.4118723,2.686782139,yML 567,FM476,2.5 ng/mL RAPA,FM476*2.5 ng/mL RAPA,0,0.019666667,0.023666667,0.027333333,0.033333333,0.041,0.050333333,0.060333333,0.072333333,0.087,0.101333333,0.118333333,0.139,0.162333333,0.193,0.228333333,0.275666667,0.334333333,0.409333333,0.496666667,0.588333333,0.691,0.802333333,0.887666667,0.938,0.945,0.947333333,0.950666667,0.95,0.952666667,0.955,0.959333333,0.960333333,0.962,0.965333333,0.968,0.967666667,0.969333333,0.970666667,0.972333333,0.973666667
