experiment,Line-Treatment,DT inflection,StDev_inf,DT interval,StDev_int,Lab strain,Strain,Treatment,Strain*Treatment,Time_0,Time_0.5,Time_1,Time_1.5,Time_2,Time_2.5,Time_3,Time_3.5,Time_4,Time_4.5,Time_5,Time_5.5,Time_6,Time_6.5,Time_7,Time_7.5,Time_8,Time_8.5,Time_9,Time_9.5,Time_10,Time_10.5,Time_11,Time_11.5,Time_12,Time_12.5,Time_13,Time_13.5,Time_14,Time_14.5,Time_15,Time_15.5,Time_16,Time_16.5,Time_17,Time_17.5,Time_18,Time_18.5,Time_19,Time_19.5,Time_20
RB_RUN1_F_SGRPmTORscreen_KGA_11082018.xls,NCYC3284-A-2.5 ng/mL Rapa,30.26861049,10.47423854,66.37551883,16.36027368,NCYC 3284,YPS128,2.5 ng/mL RAPA,YPS128*2.5 ng/mL RAPA,0,0.105666667,0.113666667,0.109333333,0.136333333,0.278,0.342333333,0.453666667,0.585,0.731666667,0.856,0.989333333,1.112666667,1.225666667,1.268333333,1.296,1.319333333,1.346333333,1.376666667,1.405,1.436333333,1.458,1.483,1.499,1.511333333,1.532333333,1.546333333,1.556333333,1.569666667,1.581666667,1.575666667,1.603333333,1.614666667,1.619666667,1.635333333,1.647,1.647666667,1.649,1.653666667,1.657,1.660333333
