experiment,Line-Treatment,DT inflection,StDev_inf,DT interval,StDev_int,Lab strain,Strain,Treatment,Strain*Treatment,Time_0,Time_0.5,Time_1,Time_1.5,Time_2,Time_2.5,Time_3,Time_3.5,Time_4,Time_4.5,Time_5,Time_5.5,Time_6,Time_6.5,Time_7,Time_7.5,Time_8,Time_8.5,Time_9,Time_9.5,Time_10,Time_10.5,Time_11,Time_11.5,Time_12,Time_12.5,Time_13,Time_13.5,Time_14,Time_14.5,Time_15,Time_15.5,Time_16,Time_16.5,Time_17,Time_17.5,Time_18,Time_18.5,Time_19,Time_19.5,Time_20
SGRP_mTORinhibitsSCREEN_SET1HIGHrapaANDhighTORIN_PU_03162018_D.x,NCYC3448-2.5%DMSO,47.15607873,1.721919809,68.74135815,5.652031367,NCYC 3448,UWOPS83-787.3,2.5% DMSO,UWOPS83-787.3*2.5% DMSO,0,0.049666667,0.056333333,0.065333333,0.085,0.102666667,0.118333333,0.159,0.202,0.292666667,0.411666667,0.574333333,0.668,0.809333333,0.952333333,1.093,1.215333333,1.29,1.32,1.348,1.378333333,1.409,1.446666667,1.474666667,1.513,1.539666667,1.609,1.589333333,1.612333333,1.633,1.65,1.662,1.678,1.689666667,1.700333333,1.712,1.724666667,1.733,1.744,1.753,1.761
