experiment,Line-Treatment,DT inflection,StDev_inf,DT interval,StDev_int,Lab strain,Strain,Treatment,Strain*Treatment,Time_0,Time_0.5,Time_1,Time_1.5,Time_2,Time_2.5,Time_3,Time_3.5,Time_4,Time_4.5,Time_5,Time_5.5,Time_6,Time_6.5,Time_7,Time_7.5,Time_8,Time_8.5,Time_9,Time_9.5,Time_10,Time_10.5,Time_11,Time_11.5,Time_12,Time_12.5,Time_13,Time_13.5,Time_14,Time_14.5,Time_15,Time_15.5,Time_16,Time_16.5,Time_17,Time_17.5,Time_18,Time_18.5,Time_19,Time_19.5,Time_20
SGRP_mTORinhibitsSCREEN_SET2_LOWRAPA_highTORIN_MGK_12032017_F,yML 563-2.5 ng/ml RAPA,82.43878577,0.740707318,84.91435544,1.396670973,yML 563,YJM269,2.5 ng/mL RAPA,YJM269*2.5 ng/mL RAPA,0,0.045,0.047333333,0.050666667,0.057333333,0.065666667,0.076666667,0.092333333,0.113666667,0.143,0.182,0.232333333,0.298333333,0.379666667,0.478333333,0.589666667,0.709333333,0.83,0.955666667,1.075,1.194666667,1.300333333,1.332666667,1.357,1.383,1.408666667,1.436666667,1.465,1.493,1.517666667,1.540666667,1.563333333,1.583666667,1.603666667,1.624333333,1.640666667,1.658,1.674,1.688,1.704333333,1.719333333
