experiment,Line-Treatment,DT inflection,StDev_inf,DT interval,StDev_int,Lab strain,Strain,Treatment,Strain*Treatment,Time_0,Time_0.5,Time_1,Time_1.5,Time_2,Time_2.5,Time_3,Time_3.5,Time_4,Time_4.5,Time_5,Time_5.5,Time_6,Time_6.5,Time_7,Time_7.5,Time_8,Time_8.5,Time_9,Time_9.5,Time_10,Time_10.5,Time_11,Time_11.5,Time_12,Time_12.5,Time_13,Time_13.5,Time_14,Time_14.5,Time_15,Time_15.5,Time_16,Time_16.5,Time_17,Time_17.5,Time_18,Time_18.5,Time_19,Time_19.5,Time_20
SGRP_mTORinhibitsSCREEN_SET2_GDC_AR_062617.xls,NCYC 3467-100uM GDC0941,80.14856913,5.152276729,106.7370993,2.5977659,NCYC 3467,W303,100 uM GDC0941,W303*100 uM GDC0941,0,0.011333333,0.014333333,0.021333333,0.023333333,0.023666667,0.025,0.026666667,0.031,0.033666667,0.04,0.046333333,0.057333333,0.068333333,0.088666667,0.102666667,0.122666667,0.16,0.202,0.239333333,0.300666667,0.361,0.43,0.515666667,0.594,0.671666667,0.718333333,0.756666667,0.806,0.856333333,0.897666667,0.944333333,0.984333333,1.017333333,1.056333333,1.088333333,1.120333333,1.136333333,1.144,1.142333333,1.144666667
