experiment,Line-Treatment,DT inflection,StDev_inf,DT interval,StDev_int,Lab strain,Strain,Treatment,Strain*Treatment,Time_0,Time_0.5,Time_1,Time_1.5,Time_2,Time_2.5,Time_3,Time_3.5,Time_4,Time_4.5,Time_5,Time_5.5,Time_6,Time_6.5,Time_7,Time_7.5,Time_8,Time_8.5,Time_9,Time_9.5,Time_10,Time_10.5,Time_11,Time_11.5,Time_12,Time_12.5,Time_13,Time_13.5,Time_14,Time_14.5,Time_15,Time_15.5,Time_16,Time_16.5,Time_17,Time_17.5,Time_18,Time_18.5,Time_19,Time_19.5,Time_20
SGRP_mTOR_inhibitsSCREEN_SET1_lowRAPA_redo2_KG_092317.xls,NCYC 3445-2.5 ng/ml RAPA,62.69050074,8.318642996,46.39625594,18.73642103,NCYC 3445,Y12,2.5 ng/mL RAPA,Y12*2.5 ng/mL RAPA,0,0.040666667,0.038,0.032,0.033666667,0.046666667,0.121666667,0.249666667,0.335333333,0.460666667,0.601666667,0.743,0.897333333,1.043333333,1.175666667,1.268333333,1.333333333,1.361333333,1.382666667,1.408666667,1.444333333,1.480333333,1.513,1.542333333,1.571666667,1.595666667,1.622,1.647,1.672333333,1.692333333,1.714333333,1.728,1.744666667,1.762,1.772,1.784,1.795,1.807,1.811666667,1.822,1.837666667
SGRP_mTORinhibsSCREEN_SET1_lowRAPA_JEMBL_08152017.xls,NCYC 3445-2.5 ng/ml RAPA,45.08269428,8.549510295,110.1617007,16.52850526,NCYC 3445,Y12,2.5 ng/mL RAPA,Y12*2.5 ng/mL RAPA,0,0.025666667,0.025666667,0.028333333,0.036333333,0.060666667,0.122333333,0.241,0.383666667,0.447666667,0.479333333,0.500333333,0.511666667,0.517,0.525666667,0.528666667,0.537666667,0.543333333,0.547666667,0.551333333,0.558333333,0.569,0.575,0.582333333,0.597333333,0.608333333,0.627333333,0.645,0.658,0.671333333,0.677,0.676,0.686333333,0.679666667,0.689666667,0.684666667,0.684333333,0.686,0.685,0.684,0.683333333
