experiment,Line-Treatment,DT inflection,StDev_inf,DT interval,StDev_int,Lab strain,Strain,Treatment,Strain*Treatment,Time_0,Time_0.5,Time_1,Time_1.5,Time_2,Time_2.5,Time_3,Time_3.5,Time_4,Time_4.5,Time_5,Time_5.5,Time_6,Time_6.5,Time_7,Time_7.5,Time_8,Time_8.5,Time_9,Time_9.5,Time_10,Time_10.5,Time_11,Time_11.5,Time_12,Time_12.5,Time_13,Time_13.5,Time_14,Time_14.5,Time_15,Time_15.5,Time_16,Time_16.5,Time_17,Time_17.5,Time_18,Time_18.5,Time_19,Time_19.5,Time_20
SGRP_mTORinhibitsSCREEN_SET4_lowRAPA_MGK_10242017_D.xls,YML 683-2.5 ng/ml RAPA,77.40362063,5.047704621,85.87163292,1.39303504,yML 683,Y6.5,2.5 ng/mL RAPA,Y6.5*2.5 ng/mL RAPA,0,0.054333333,0.061666667,0.068333333,0.077666667,0.095,0.122666667,0.155666667,0.201333333,0.259,0.329666667,0.421666667,0.527666667,0.641666667,0.767666667,0.894,1.011,1.124666667,1.232666667,1.253333333,1.280333333,1.308333333,1.343333333,1.379,1.414333333,1.440333333,1.465666667,1.491666667,1.516,1.535333333,1.553333333,1.566,1.584333333,1.600333333,,,,,,,
SGRP_mTORinhibitsSCREEN_SET4_lowrapa_JEMBL_10262017_F.xls,YML 683-2.5 ng/ml RAPA,77.61848535,4.092326668,83.95283871,1.396919529,yML 683,Y6.5,2.5 ng/mL RAPA,Y6.5*2.5 ng/mL RAPA,0,0.047333333,0.054666667,0.059666667,0.069333333,0.090666667,0.123666667,0.158666667,0.204,0.258333333,0.335,0.43,0.533666667,0.647,0.769,0.889333333,1.009333333,1.123,1.208666667,1.257333333,1.280333333,1.31,1.345,1.377333333,1.409,1.439,1.467,1.490666667,1.513666667,1.532666667,1.558666667,1.572,1.588333333,,,,,,,,
