experiment,Line-Treatment,DT inflection,StDev_inf,DT interval,StDev_int,Lab strain,Strain,Treatment,Strain*Treatment,Time_0,Time_0.5,Time_1,Time_1.5,Time_2,Time_2.5,Time_3,Time_3.5,Time_4,Time_4.5,Time_5,Time_5.5,Time_6,Time_6.5,Time_7,Time_7.5,Time_8,Time_8.5,Time_9,Time_9.5,Time_10,Time_10.5,Time_11,Time_11.5,Time_12,Time_12.5,Time_13,Time_13.5,Time_14,Time_14.5,Time_15,Time_15.5,Time_16,Time_16.5,Time_17,Time_17.5,Time_18,Time_18.5,Time_19,Time_19.5,Time_20
SGRP_mTORinhibitsSCREEN_SET3_LOWRAPA_JEMBL_12012017_F,yML 569-1% DMSO,120.1184802,11.23296838,367.0267503,61.07229882,yML 569,FM527,1% DMSO,FM527*1% DMSO,0,0.015333333,0.017666667,0.019,0.020666667,0.022,0.026,0.029666667,0.032,0.034666667,0.038666667,0.041,0.046333333,0.051,0.057666667,0.061666667,0.068,0.072333333,0.079666667,0.088333333,0.097666667,0.103,0.110666667,0.115,0.125333333,0.131666667,0.151,0.158666667,0.173666667,0.179,0.185,0.207,0.233333333,0.249666667,0.262333333,0.276666667,0.297333333,0.329333333,0.359,0.368333333,0.388
