experiment,Line-Treatment,DT inflection,StDev_inf,DT interval,StDev_int,Lab strain,Strain,Treatment,Strain*Treatment,Time_0,Time_0.5,Time_1,Time_1.5,Time_2,Time_2.5,Time_3,Time_3.5,Time_4,Time_4.5,Time_5,Time_5.5,Time_6,Time_6.5,Time_7,Time_7.5,Time_8,Time_8.5,Time_9,Time_9.5,Time_10,Time_10.5,Time_11,Time_11.5,Time_12,Time_12.5,Time_13,Time_13.5,Time_14,Time_14.5,Time_15,Time_15.5,Time_16,Time_16.5,Time_17,Time_17.5,Time_18,Time_18.5,Time_19,Time_19.5,Time_20
SGRP_mTORinhibitsSCREEN_SET3_CAFFEINE AND lowTORIN_JEMBL_1201201,yML 568-2.5% DMSO,79.03964642,3.505666919,84.82563964,0.858479855,yML 568,FM356,2.5% DMSO,FM356*2.5% DMSO,0,0.057666667,0.072,0.082666667,0.098333333,0.125666667,0.160666667,0.209,0.262333333,0.337,0.431333333,0.533666667,0.643333333,0.761,0.901333333,1.006333333,1.112666667,1.164666667,1.186333333,1.200333333,1.225,1.254333333,1.280333333,1.313,1.34,1.374333333,1.401666667,1.429333333,1.455333333,1.479666667,1.502333333,1.517666667,1.540666667,1.554,1.568333333,1.583,1.599666667,1.615,1.626666667,1.636,1.646
