experiment,Line-Treatment,DT inflection,StDev_inf,DT interval,StDev_int,Lab strain,Strain,Treatment,Strain*Treatment,Time_0,Time_0.5,Time_1,Time_1.5,Time_2,Time_2.5,Time_3,Time_3.5,Time_4,Time_4.5,Time_5,Time_5.5,Time_6,Time_6.5,Time_7,Time_7.5,Time_8,Time_8.5,Time_9,Time_9.5,Time_10,Time_10.5,Time_11,Time_11.5,Time_12,Time_12.5,Time_13,Time_13.5,Time_14,Time_14.5,Time_15,Time_15.5,Time_16,Time_16.5,Time_17,Time_17.5,Time_18,Time_18.5,Time_19,Time_19.5,Time_20
SGRP_mTORinhibitsSCREEN_SET1_CAFF_MGK_11012017_F.xls,NCYC 3313-1000 ug/ml Caffeine,76.94988418,6.517442217,87.39203436,3.024669939,NCYC 3313,DBVPG 1853,1 mg/mL Caffeine,DBVPG 1853*1 mg/mL Caffeine,0,0.037333333,0.061333333,0.054666667,0.038,0.075666667,0.082333333,0.103333333,0.150666667,0.189333333,0.248333333,0.307666667,0.390666667,0.481,0.577666667,0.694333333,0.810333333,0.946,1.039333333,1.133666667,1.22,1.232666667,1.241,1.258,1.277,1.300333333,1.320666667,1.346666667,1.369333333,1.390333333,1.413,1.435666667,1.455333333,1.478,1.499,1.521,1.538333333,1.553,1.568333333,1.588,1.601
SGRP_mTORinhibitsSCREEN_SET1_CAFFEINE AND lowTORIN_MGK_12022017_,NCYC 3313-1000 ug/ml Caffeine,83.35665978,1.157469847,92.74591705,0.607634862,NCYC 3313,DBVPG 1853,1 mg/mL Caffeine,DBVPG 1853*1 mg/mL Caffeine,0,0.031,0.042333333,0.053333333,0.063,0.076,0.093333333,0.119,0.148666667,0.190666667,0.243,0.301666667,0.374333333,0.459333333,0.557333333,0.660333333,0.768333333,0.887,0.995333333,1.081333333,1.170333333,1.185,1.199,1.214666667,1.239,1.266,1.291333333,1.319333333,1.345666667,1.366,1.392333333,1.416,1.437,1.461,1.481666667,1.498333333,1.519333333,1.537,1.551666667,1.569,1.584
