experiment,Line-Treatment,DT inflection,StDev_inf,DT interval,StDev_int,Lab strain,Strain,Treatment,Strain*Treatment,Time_0,Time_0.5,Time_1,Time_1.5,Time_2,Time_2.5,Time_3,Time_3.5,Time_4,Time_4.5,Time_5,Time_5.5,Time_6,Time_6.5,Time_7,Time_7.5,Time_8,Time_8.5,Time_9,Time_9.5,Time_10,Time_10.5,Time_11,Time_11.5,Time_12,Time_12.5,Time_13,Time_13.5,Time_14,Time_14.5,Time_15,Time_15.5,Time_16,Time_16.5,Time_17,Time_17.5,Time_18,Time_18.5,Time_19,Time_19.5,Time_20
SGRP_mTORinhibitsSCREEN_SET1HIGHrapaANDhighTORIN_PU_03162018_D.x,NCYC3449-25 uM Torin,26.98620768,10.14722418,80.99571132,35.69532322,NCYC 3449,UWOPS87-2421,25 uM Torin 1,UWOPS87-2421*25 uM Torin 1,0,0.077666667,0.081,0.094,0.108,0.123333333,0.162333333,0.196,0.204,0.219666667,0.246666667,0.329333333,0.124333333,0.143333333,0.178666667,0.295,0.565,0.530666667,0.740666667,1.2,1.192666667,1.300333333,1.246333333,1.157666667,1.247666667,1.258666667,1.397,1.290666667,1.264,1.313333333,1.424333333,1.293666667,1.350666667,1.353333333,1.463,1.467666667,1.463666667,1.501666667,1.49,1.466,1.493666667
