experiment,Line-Treatment,DT inflection,StDev_inf,DT interval,StDev_int,Lab strain,Strain,Treatment,Strain*Treatment,Time_0,Time_0.5,Time_1,Time_1.5,Time_2,Time_2.5,Time_3,Time_3.5,Time_4,Time_4.5,Time_5,Time_5.5,Time_6,Time_6.5,Time_7,Time_7.5,Time_8,Time_8.5,Time_9,Time_9.5,Time_10,Time_10.5,Time_11,Time_11.5,Time_12,Time_12.5,Time_13,Time_13.5,Time_14,Time_14.5,Time_15,Time_15.5,Time_16,Time_16.5,Time_17,Time_17.5,Time_18,Time_18.5,Time_19,Time_19.5,Time_20
SGRP_mTORinhibitsSCREEN_SET2_CAFFEINE AND lowTORIN_MGK_AR_120320,NCYC 3461-1 uM Torin 1,63.8101024,5.179252641,77.77970434,3.000349229,NCYC 3461,UWOPS03-461.4 ,1 uM Torin 1,UWOPS03-461.4 *1 uM Torin 1,0,0.061,0.064666667,0.097,0.114666667,0.139666667,0.162666667,0.214333333,0.273,0.362666667,0.473,0.607,0.754666667,0.913,1.078,1.190333333,1.237333333,1.264666667,1.282333333,1.321,1.348333333,1.382333333,1.427,1.455666667,1.491,1.527666667,1.555,1.585666667,1.608333333,1.625666667,1.65,1.669,1.689333333,1.703333333,1.721333333,1.737333333,1.752333333,1.762666667,1.783333333,1.788666667,1.800666667
SGRP_mTORinhibitsSCREEN_SET2_LOWTORIN_ARMBL_09192017.xls,NCYC 3461-1 uM Torin 1,74.41807169,3.783730802,79.81240019,1.698787103,NCYC 3461,UWOPS03-461.4 ,1 uM Torin 1,UWOPS03-461.4 *1 uM Torin 1,0,0.032333333,0.033333333,0.031666667,0.031666667,0.031666667,0.032666667,0.034,0.038,0.040333333,0.044333333,0.05,0.056,0.081,0.101333333,0.127333333,0.16,0.204666667,0.265333333,0.347333333,0.447333333,0.572,0.716666667,0.867666667,1.005333333,1.086666667,1.114666667,1.146333333,1.178666667,1.220666667,1.259666667,1.306666667,1.347,1.384666667,1.419666667,1.446,1.479333333,1.507666667,1.547,1.567,1.585
SGRP_mTORinhibitsSCREEN_SET2_lowTORIN_JEMBL_100117.xls,NCYC 3461-1 uM Torin 1,46.32886273,36.76091932,55.67188427,8.418915746,NCYC 3461,UWOPS03-461.4 ,1 uM Torin 1,UWOPS03-461.4 *1 uM Torin 1,0,0.039666667,0.041333333,0.057,0.065,0.091666667,0.032666667,0.087333333,0.071666667,0.271,0.368666667,0.475333333,0.607,0.762,0.911,1.060666667,1.167,1.209333333,1.228333333,1.257333333,1.286,1.328333333,1.36,1.397,1.434333333,1.467,1.499666667,1.53,1.561666667,1.582666667,1.606333333,1.628333333,1.644666667,1.666,1.682666667,1.701,1.713333333,1.731,1.743,1.759,1.767666667
