experiment,Line-Treatment,DT inflection,StDev_inf,DT interval,StDev_int,Lab strain,Strain,Treatment,Strain*Treatment,Time_0,Time_0.5,Time_1,Time_1.5,Time_2,Time_2.5,Time_3,Time_3.5,Time_4,Time_4.5,Time_5,Time_5.5,Time_6,Time_6.5,Time_7,Time_7.5,Time_8,Time_8.5,Time_9,Time_9.5,Time_10,Time_10.5,Time_11,Time_11.5,Time_12,Time_12.5,Time_13,Time_13.5,Time_14,Time_14.5,Time_15,Time_15.5,Time_16,Time_16.5,Time_17,Time_17.5,Time_18,Time_18.5,Time_19,Time_19.5,Time_20
SGRP_mTORinhibits_SET2_lowRAPA_KGPUMBL_080417.xls.xls,NCYC 3466-2.5 ng/ml RAPA,74.17455647,1.949395844,86.07803362,3.183033064,NCYC 3466,S288c ,2.5 ng/mL RAPA,S288c *2.5 ng/mL RAPA,0,0.056,0.061666667,0.065,0.076333333,0.092,0.115666667,0.147,0.194666667,0.246333333,0.315666667,0.395666667,0.491666667,0.588,0.720666667,0.839,0.960333333,1.083333333,1.191,1.222333333,1.236333333,1.250666667,1.265666667,1.284,1.307333333,1.334,1.358666667,1.385333333,1.412333333,1.44,1.469,1.493666667,1.519333333,1.541666667,1.563,1.583,1.601666667,1.619666667,1.639,1.652666667,1.669666667
SGRP_mTORinhibitsSCREEN_SET2_LOWRAPA_highTORIN_MGK_12032017_F,NCYC 3466-2.5 ng/ml RAPA,68.78414942,1.862996847,74.50118212,1.899642638,NCYC 3466,S288c ,2.5 ng/mL RAPA,S288c *2.5 ng/mL RAPA,0,0.038,0.040666667,0.047,0.06,0.073333333,0.096,0.127333333,0.171666667,0.232333333,0.304,0.393333333,0.491333333,0.613333333,0.737333333,0.862,0.987666667,1.110666667,1.2,1.22,1.234333333,1.247666667,1.263666667,1.283333333,1.304666667,1.33,1.356333333,1.381666667,1.407,1.431333333,1.456333333,1.480666667,1.504333333,1.525666667,1.549,1.568333333,1.588333333,1.605666667,1.621666667,1.640333333,1.653
SGRP_mTORinhibitsSCREEN_SET2_lowRAPA_KGPUMBL_100117.xls,NCYC 3466-2.5 ng/ml RAPA,74.75472422,1.494070465,79.46132907,0.876749107,NCYC 3466,S288c ,2.5 ng/mL RAPA,S288c *2.5 ng/mL RAPA,0,0.029333333,0.036,0.040333333,0.049666667,0.064333333,0.082,0.106,0.14,0.185333333,0.240333333,0.312333333,0.398333333,0.500333333,0.614666667,0.737666667,0.861,0.989,1.11,1.192666667,1.235666667,1.250666667,1.265,1.281,1.299333333,1.321333333,1.346666667,1.372666667,1.399333333,1.425,1.453,1.479,1.504333333,1.528333333,1.553666667,1.574333333,1.596333333,1.614,1.632666667,1.653666667,1.667666667
