experiment,Line-Treatment,DT inflection,StDev_inf,DT interval,StDev_int,Lab strain,Strain,Treatment,Strain*Treatment,Time_0,Time_0.5,Time_1,Time_1.5,Time_2,Time_2.5,Time_3,Time_3.5,Time_4,Time_4.5,Time_5,Time_5.5,Time_6,Time_6.5,Time_7,Time_7.5,Time_8,Time_8.5,Time_9,Time_9.5,Time_10,Time_10.5,Time_11,Time_11.5,Time_12,Time_12.5,Time_13,Time_13.5,Time_14,Time_14.5,Time_15,Time_15.5,Time_16,Time_16.5,Time_17,Time_17.5,Time_18,Time_18.5,Time_19,Time_19.5,Time_20
SGRP_mTORinhibitsSCREEN_SET1_LOWRAPA_highRAPA_lowTORIN_MGK_12022,NCYC 3311-1% DMSO,67.42570113,0.217886109,68.50348821,0.803398919,NCYC 3311,DBVPG 1788,1% DMSO,DBVPG 1788*1% DMSO,0,0.048,0.062,0.082666667,0.108,0.145333333,0.194666667,0.264666667,0.357333333,0.475666667,0.606666667,0.754333333,0.908666667,1.054333333,1.168666667,1.191333333,1.202666667,1.221666667,1.245,1.269666667,1.294,1.320666667,1.352333333,1.381666667,1.407,1.433666667,1.456,1.481,1.505333333,1.528,1.546333333,1.567666667,1.585,1.599,1.616333333,1.628666667,1.645333333,1.658666667,1.672333333,1.684,1.694333333
SGRP_mTORinhibitsSCREEN_SET1_LOWRAPA_highRAPA_lowTORIN_MGK_12022,NCYC 3311-1% DMSO,66.305814,1.531226073,68.74951575,0.888059215,NCYC 3311,DBVPG 1788,1% DMSO,DBVPG 1788*1% DMSO,0,0.046333333,0.058666667,0.077666667,0.102666667,0.136333333,0.183,0.249333333,0.335333333,0.447333333,0.579,0.724,0.879333333,1.025666667,1.152,1.189333333,1.202666667,1.219333333,1.241666667,1.264666667,1.289333333,1.314,1.343333333,1.371666667,1.396666667,1.423,1.443666667,1.468666667,1.492666667,1.514,1.536333333,1.554333333,1.572333333,1.587333333,1.604333333,1.618333333,1.634666667,1.647333333,1.663,1.674666667,1.684333333
