experiment,Line-Treatment,DT inflection,StDev_inf,DT interval,StDev_int,Lab strain,Strain,Treatment,Strain*Treatment,Time_0,Time_0.5,Time_1,Time_1.5,Time_2,Time_2.5,Time_3,Time_3.5,Time_4,Time_4.5,Time_5,Time_5.5,Time_6,Time_6.5,Time_7,Time_7.5,Time_8,Time_8.5,Time_9,Time_9.5,Time_10,Time_10.5,Time_11,Time_11.5,Time_12,Time_12.5,Time_13,Time_13.5,Time_14,Time_14.5,Time_15,Time_15.5,Time_16,Time_16.5,Time_17,Time_17.5,Time_18,Time_18.5,Time_19,Time_19.5,Time_20
SGRP_mTORinhibitsSCREEN_SET1_CAFFEINE AND lowTORIN_MGK_12022017_,NCYC 3312-6.67% H2O,68.46294971,2.279764654,72.22730094,1.284802545,NCYC 3312,DBVPG 1373,6.67% H2O,DBVPG 1373*6.67% H2O,0,0.034,0.042666667,0.053333333,0.068666667,0.087666667,0.113666667,0.147333333,0.192333333,0.260666667,0.343,0.442666667,0.537333333,0.618,0.703333333,0.788666667,0.882666667,0.975333333,1.065333333,1.118666667,1.142666667,1.177666667,1.211666667,1.253,1.292,1.332333333,1.367,1.396666667,1.429666667,1.456333333,1.479,1.505333333,1.525666667,1.548,1.562333333,1.581666667,1.597666667,1.616666667,1.630333333,1.642666667,1.653666667
