experiment,Line-Treatment,DT inflection,StDev_inf,DT interval,StDev_int,Lab strain,Strain,Treatment,Strain*Treatment,Time_0,Time_0.5,Time_1,Time_1.5,Time_2,Time_2.5,Time_3,Time_3.5,Time_4,Time_4.5,Time_5,Time_5.5,Time_6,Time_6.5,Time_7,Time_7.5,Time_8,Time_8.5,Time_9,Time_9.5,Time_10,Time_10.5,Time_11,Time_11.5,Time_12,Time_12.5,Time_13,Time_13.5,Time_14,Time_14.5,Time_15,Time_15.5,Time_16,Time_16.5,Time_17,Time_17.5,Time_18,Time_18.5,Time_19,Time_19.5,Time_20
SGRP_mTORinhibitsSCREEN_SET3_CAFFEINE AND lowTORIN_JEMBL_1201201,yML681-2.5% DMSO,66.67399079,16.743692,71.11556649,5.437135274,yML 681,A4,2.5% DMSO,A4*2.5% DMSO,0,0.053,0.032666667,0.055,0.118333333,0.149333333,0.202666667,0.253666667,0.357,0.452666667,0.562333333,0.684333333,0.833333333,0.953,1.034666667,1.075666667,1.13,1.140333333,1.161333333,1.183,1.213666667,1.242,1.259666667,1.293333333,1.308666667,1.336333333,1.355,1.387,1.409666667,1.435,1.456333333,1.468,1.508666667,1.505,1.522333333,1.538666667,1.574,1.594666667,1.583333333,1.618666667,1.616333333
