experiment,Line-Treatment,DT inflection,StDev_inf,DT interval,StDev_int,Lab strain,Strain,Treatment,Strain*Treatment,Time_0,Time_0.5,Time_1,Time_1.5,Time_2,Time_2.5,Time_3,Time_3.5,Time_4,Time_4.5,Time_5,Time_5.5,Time_6,Time_6.5,Time_7,Time_7.5,Time_8,Time_8.5,Time_9,Time_9.5,Time_10,Time_10.5,Time_11,Time_11.5,Time_12,Time_12.5,Time_13,Time_13.5,Time_14,Time_14.5,Time_15,Time_15.5,Time_16,Time_16.5,Time_17,Time_17.5,Time_18,Time_18.5,Time_19,Time_19.5,Time_20
SGRP_mTORinhibitsSCREEN_SET3_LOWRAPA_JEMBL_12012017_F,yML 568-1% DMSO,71.67930222,0.718541746,75.48194353,0.389409196,yML 568,FM356,1% DMSO,FM356*1% DMSO,0,0.080666667,0.101666667,0.124666667,0.158,0.206333333,0.275666667,0.356333333,0.455333333,0.566,0.685666667,0.82,0.959333333,1.073,1.176333333,1.216333333,1.234666667,1.253,1.274,1.3,1.329,1.358666667,1.39,1.42,1.448333333,1.472,1.495666667,1.517666667,1.536333333,1.554666667,1.572666667,1.586333333,1.599666667,1.611333333,1.622666667,1.633666667,1.645333333,1.654333333,1.663,1.669333333,1.673666667
