experiment,Line-Treatment,DT inflection,StDev_inf,DT interval,StDev_int,Lab strain,Strain,Treatment,Strain*Treatment,Time_0,Time_0.5,Time_1,Time_1.5,Time_2,Time_2.5,Time_3,Time_3.5,Time_4,Time_4.5,Time_5,Time_5.5,Time_6,Time_6.5,Time_7,Time_7.5,Time_8,Time_8.5,Time_9,Time_9.5,Time_10,Time_10.5,Time_11,Time_11.5,Time_12,Time_12.5,Time_13,Time_13.5,Time_14,Time_14.5,Time_15,Time_15.5,Time_16,Time_16.5,Time_17,Time_17.5,Time_18,Time_18.5,Time_19,Time_19.5,Time_20
SGRP_mTORinhibitsSCREEN_SET2_CAFFEINE AND lowTORIN_MGK_AR_120320,yML 564-1 uM Torin 1,70.73969482,1.14573979,77.99045951,0.611181337,yML 564,CLIB382,1 uM Torin 1,CLIB382*1 uM Torin 1,0,0.054333333,0.062,0.074666667,0.093,0.117,0.147,0.185666667,0.237,0.318,0.412,0.523666667,0.643666667,0.783333333,0.926666667,1.047666667,1.168,1.212333333,1.238666667,1.267333333,1.300666667,1.330333333,1.366,1.394,1.422,1.453666667,1.483666667,1.510333333,1.534,1.551,1.574,1.593333333,1.605,1.623333333,1.640333333,1.656,1.668666667,1.681,1.692666667,1.704333333,1.714666667
SGRP_mTORinhibitsSCREEN_SET2_CAFFEINE AND lowTORIN_MGK_AR_120320,yML 564-1 uM Torin 1,72.39496453,2.166942461,79.50138577,2.382043389,yML 564,CLIB382,1 uM Torin 1,CLIB382*1 uM Torin 1,0,0.059333333,0.067666667,0.08,0.100333333,0.124666667,0.156333333,0.197,0.252333333,0.336333333,0.434666667,0.548333333,0.672,0.81,0.95,1.069,1.186333333,1.216333333,1.243,1.272333333,1.304666667,1.332,1.366333333,1.391,1.419,1.454,1.480333333,1.505333333,1.529666667,1.546666667,1.57,1.588,1.602333333,1.617666667,1.635333333,1.651333333,1.665333333,1.677,1.689666667,1.696666667,1.703666667
