experiment,Line-Treatment,DT inflection,StDev_inf,DT interval,StDev_int,Lab strain,Strain,Treatment,Strain*Treatment,Time_0,Time_0.5,Time_1,Time_1.5,Time_2,Time_2.5,Time_3,Time_3.5,Time_4,Time_4.5,Time_5,Time_5.5,Time_6,Time_6.5,Time_7,Time_7.5,Time_8,Time_8.5,Time_9,Time_9.5,Time_10,Time_10.5,Time_11,Time_11.5,Time_12,Time_12.5,Time_13,Time_13.5,Time_14,Time_14.5,Time_15,Time_15.5,Time_16,Time_16.5,Time_17,Time_17.5,Time_18,Time_18.5,Time_19,Time_19.5,Time_20
SGRP_mTORinhibits_SET2_lowRAPA_KGPUMBL_080417.xls.xls,yML559-2.5 ng/ml RAPA,84.89782294,5.40473062,98.24780232,6.236857242,yML 559,Y10,2.5 ng/mL RAPA,Y10*2.5 ng/mL RAPA,0,0.054666667,0.057333333,0.063333333,0.069666667,0.082,0.089333333,0.114333333,0.142333333,0.168,0.214,0.257666667,0.319666667,0.402333333,0.493333333,0.594333333,0.705666667,0.824,0.941,1.051,1.140333333,1.218666667,1.285666667,1.317666667,1.347,1.378,1.406666667,1.436,1.465666667,1.493666667,1.522,1.548666667,1.575,1.596,1.617666667,1.635,1.656,1.674333333,1.692,1.705333333,1.721666667
SGRP_mTORinhibitsSCREEN_SET2_lowRAPA_KGPUMBL_100117.xls,yML559-2.5 ng/ml RAPA,81.80302592,0.522803041,88.17798218,1.332687059,yML 559,Y10,2.5 ng/mL RAPA,Y10*2.5 ng/mL RAPA,0,0.032666667,0.037333333,0.042666667,0.051333333,0.064,0.079,0.094333333,0.115,0.153333333,0.194666667,0.243,0.313333333,0.395666667,0.497333333,0.608333333,0.733333333,0.859,0.988666667,1.103666667,1.22,1.304,1.332333333,1.358,1.385,1.417333333,1.442666667,1.474333333,1.502333333,1.53,1.556,1.584333333,1.606333333,1.629,1.651,1.641666667,1.685333333,1.702,1.718333333,1.736,1.745333333
