experiment,Line-Treatment,DT inflection,StDev_inf,DT interval,StDev_int,Lab strain,Strain,Treatment,Strain*Treatment,Time_0,Time_0.5,Time_1,Time_1.5,Time_2,Time_2.5,Time_3,Time_3.5,Time_4,Time_4.5,Time_5,Time_5.5,Time_6,Time_6.5,Time_7,Time_7.5,Time_8,Time_8.5,Time_9,Time_9.5,Time_10,Time_10.5,Time_11,Time_11.5,Time_12,Time_12.5,Time_13,Time_13.5,Time_14,Time_14.5,Time_15,Time_15.5,Time_16,Time_16.5,Time_17,Time_17.5,Time_18,Time_18.5,Time_19,Time_19.5,Time_20
SGRP_mTORinhibitsSCREEN_SET2_lowRAPA_KGPUMBL_100117.xls,NCYC 3468-2.5 ng/ml RAPA,17.61666364,13.69551315,17.61666364,13.69551315,NCYC 3468,UWOPS05-227.2 ,2.5 ng/mL RAPA,UWOPS05-227.2 *2.5 ng/mL RAPA,0,0.047333333,0.055666667,0.063333333,0.086,0.112666667,0.144333333,0.106666667,0.179333333,0.386333333,0.508666667,0.669,0.823333333,0.983666667,1.137,1.254666667,1.292333333,1.316,1.342,1.374333333,1.408666667,1.429666667,1.466,1.494333333,1.517333333,1.552333333,1.576666667,1.605333333,1.629,1.648333333,1.671,1.686,1.702,1.717333333,1.734666667,1.746,1.755333333,1.771666667,1.781333333,1.795,1.798666667
