experiment,Line-Treatment,DT inflection,StDev_inf,DT interval,StDev_int,Lab strain,Strain,Treatment,Strain*Treatment,Time_0,Time_0.5,Time_1,Time_1.5,Time_2,Time_2.5,Time_3,Time_3.5,Time_4,Time_4.5,Time_5,Time_5.5,Time_6,Time_6.5,Time_7,Time_7.5,Time_8,Time_8.5,Time_9,Time_9.5,Time_10,Time_10.5,Time_11,Time_11.5,Time_12,Time_12.5,Time_13,Time_13.5,Time_14,Time_14.5,Time_15,Time_15.5,Time_16,Time_16.5,Time_17,Time_17.5,Time_18,Time_18.5,Time_19,Time_19.5,Time_20
SGRP_mTORinhibitsSCREEN_SET2_GDC_MGK_081917(fixed with adding wr,yML562-100 uM GDC0941,93.54178075,2.442469487,104.9873891,1.151659451,yML 562,CLIB215,100 uM GDC0941,CLIB215*100 uM GDC0941,0,0.05,0.065,0.065333333,0.069333333,0.077333333,0.091,0.108666667,0.133666667,0.161333333,0.198666667,0.242,0.297333333,0.36,0.436,0.519666667,0.609333333,0.717,0.823666667,0.927,1.009,1.06,1.090333333,1.101333333,1.112,1.124,1.146333333,1.169333333,1.199,1.227333333,1.260333333,1.290666667,1.324333333,1.351333333,1.380666667,1.405666667,1.426666667,1.456333333,1.474666667,1.494,1.513
