experiment,Line-Treatment,DT inflection,StDev_inf,DT interval,StDev_int,Lab strain,Strain,Treatment,Strain*Treatment,Time_0,Time_0.5,Time_1,Time_1.5,Time_2,Time_2.5,Time_3,Time_3.5,Time_4,Time_4.5,Time_5,Time_5.5,Time_6,Time_6.5,Time_7,Time_7.5,Time_8,Time_8.5,Time_9,Time_9.5,Time_10,Time_10.5,Time_11,Time_11.5,Time_12,Time_12.5,Time_13,Time_13.5,Time_14,Time_14.5,Time_15,Time_15.5,Time_16,Time_16.5,Time_17,Time_17.5,Time_18,Time_18.5,Time_19,Time_19.5,Time_20
SGRP_mTORinhibsSCREEN_SET1_lowRAPA_KGPUMBL_05062017.xls,NCYC 3448-2.5ng/ml RAPA,60.8782039,5.802979121,74.48566085,8.441722262,NCYC 3448,UWOPS83-787.3,2.5 ng/mL RAPA,UWOPS83-787.3*2.5 ng/mL RAPA,0,0.057666667,0.062666667,0.076333333,0.022,0.120333333,0.158333333,0.209,0.281,0.362,0.499666667,0.631,0.725666667,0.939666667,1.084,1.150666667,1.327,1.384,1.408666667,1.432,1.462333333,1.491333333,1.455333333,1.543666667,1.576333333,1.596333333,1.584333333,1.612333333,1.656,1.670666667,1.656333333,1.681333333,1.714333333,1.733666667,1.712666667,1.716,1.733666667,1.761333333,1.736,1.742333333,1.773333333
