experiment,Line-Treatment,DT inflection,StDev_inf,DT interval,StDev_int,Lab strain,Strain,Treatment,Strain*Treatment,Time_0,Time_0.5,Time_1,Time_1.5,Time_2,Time_2.5,Time_3,Time_3.5,Time_4,Time_4.5,Time_5,Time_5.5,Time_6,Time_6.5,Time_7,Time_7.5,Time_8,Time_8.5,Time_9,Time_9.5,Time_10,Time_10.5,Time_11,Time_11.5,Time_12,Time_12.5,Time_13,Time_13.5,Time_14,Time_14.5,Time_15,Time_15.5,Time_16,Time_16.5,Time_17,Time_17.5,Time_18,Time_18.5,Time_19,Time_19.5,Time_20
SGRP_mTOR_inhibitsSCREEN_SET1_highTORIN_KGPUMBL_052817.xls,NCYC 3311-25uM Torin 1,92.42118406,5.961318002,102.9264486,10.36160202,NCYC 3311,DBVPG 1788,25 uM Torin 1,DBVPG 1788*25 uM Torin 1,0,0.040333333,0.043,0.045,0.045333333,0.048666667,0.050666667,0.056,0.058666667,0.063,0.066333333,0.072333333,0.077333333,0.084666667,0.092666667,0.104333333,0.118333333,0.136333333,0.159666667,0.190333333,0.230666667,0.284,0.353,0.439,0.545,0.666333333,0.791333333,0.921666667,1.034333333,1.125666667,1.180333333,1.203666667,1.228,1.252,1.281666667,1.313666667,1.347333333,1.377,1.405666667,1.433333333,1.458
