experiment,Line-Treatment,DT inflection,StDev_inf,DT interval,StDev_int,Lab strain,Strain,Treatment,Strain*Treatment,Time_0,Time_0.5,Time_1,Time_1.5,Time_2,Time_2.5,Time_3,Time_3.5,Time_4,Time_4.5,Time_5,Time_5.5,Time_6,Time_6.5,Time_7,Time_7.5,Time_8,Time_8.5,Time_9,Time_9.5,Time_10,Time_10.5,Time_11,Time_11.5,Time_12,Time_12.5,Time_13,Time_13.5,Time_14,Time_14.5,Time_15,Time_15.5,Time_16,Time_16.5,Time_17,Time_17.5,Time_18,Time_18.5,Time_19,Time_19.5,Time_20
SGRP_mTORinhibitsSCREEN_Set2_highRAPA_KGPU_11202017_F.xls,yML562-20 ng/ml RAPA,382.5102744,64.18395255,681.5711053,124.0987141,yML 562,CLIB215,20 ng/mL RAPA,CLIB215*20 ng/mL RAPA,0,0.043333333,0.050666667,0.054333333,0.056,0.055666667,0.056666667,0.058333333,0.059666667,0.061666667,0.062666667,0.065666667,0.069333333,0.071,0.074333333,0.078666667,0.081333333,0.084666667,0.089666667,0.093333333,0.097333333,0.102666667,0.107333333,0.111,0.116,0.120333333,0.124,0.129,0.134666667,0.138333333,0.143333333,0.147,0.153333333,0.155666667,0.163,0.166333333,0.172,0.177,0.183333333,0.187,0.191666667
