experiment,Line-Treatment,DT inflection,StDev_inf,DT interval,StDev_int,Lab strain,Strain,Treatment,Strain*Treatment,Time_0,Time_0.5,Time_1,Time_1.5,Time_2,Time_2.5,Time_3,Time_3.5,Time_4,Time_4.5,Time_5,Time_5.5,Time_6,Time_6.5,Time_7,Time_7.5,Time_8,Time_8.5,Time_9,Time_9.5,Time_10,Time_10.5,Time_11,Time_11.5,Time_12,Time_12.5,Time_13,Time_13.5,Time_14,Time_14.5,Time_15,Time_15.5,Time_16,Time_16.5,Time_17,Time_17.5,Time_18,Time_18.5,Time_19,Time_19.5,Time_20
SET3_Low Rapa_REDO_MGK_081117.xls,YML680-2.5 ng/ml RAPA,65.63665612,1.303189218,71.98739293,2.617957403,yML 680,DBVPG 6304,2.5 ng/mL RAPA,DBVPG 6304*2.5 ng/mL RAPA,0,0.03,0.036333333,0.062333333,0.080333333,0.109,0.143666667,0.185666667,0.254666667,0.339,0.439666667,0.555666667,0.703666667,0.854,0.994,1.119,1.191666667,1.214,1.238,1.250333333,1.270333333,1.283,1.304666667,1.317666667,1.345,1.371666667,1.398333333,1.430333333,1.454,1.473333333,1.498,1.520333333,1.533,1.557,1.573666667,1.592333333,1.605666667,1.622,1.635666667,1.654333333,1.668333333
