experiment,Line-Treatment,DT inflection,StDev_inf,DT interval,StDev_int,Lab strain,Strain,Treatment,Strain*Treatment,Time_0,Time_0.5,Time_1,Time_1.5,Time_2,Time_2.5,Time_3,Time_3.5,Time_4,Time_4.5,Time_5,Time_5.5,Time_6,Time_6.5,Time_7,Time_7.5,Time_8,Time_8.5,Time_9,Time_9.5,Time_10,Time_10.5,Time_11,Time_11.5,Time_12,Time_12.5,Time_13,Time_13.5,Time_14,Time_14.5,Time_15,Time_15.5,Time_16,Time_16.5,Time_17,Time_17.5,Time_18,Time_18.5,Time_19,Time_19.5,Time_20
SET2_caffeine_KGPU_080517.xls,yML559-1000 ug/ml Caffeine,174.4183888,8.353868111,211.1660353,8.341305517,yML 559,Y10,1 mg/mL Caffeine,Y10*1 mg/mL Caffeine,0,0.048333333,0.043,0.042333333,0.043333333,0.049333333,0.051,0.052333333,0.053666667,0.054333333,0.056,0.058333333,0.061,0.063,0.065666667,0.068666667,0.074,0.075333333,0.081,0.088333333,0.092666667,0.101666667,0.11,0.118333333,0.127333333,0.140333333,0.154,0.167333333,0.184333333,0.203666667,0.224,0.246666667,0.271666667,0.304,0.330333333,0.368,0.411333333,0.453333333,0.503666667,0.560666667,0.621
SGRP_mTORinhibits_SET2_Caffeine_JE_092817.xls,yML559-1000 ug/ml Caffeine,161.3915491,12.08609617,191.0114993,0.525891711,yML 559,Y10,1 mg/mL Caffeine,Y10*1 mg/mL Caffeine,0,0.055333333,0.053333333,0.046,0.040333333,0.040666667,0.046666667,0.055666667,0.057,0.059333333,0.061333333,0.062333333,0.065333333,0.069,0.072,0.074333333,0.079,0.084,0.091,0.100666667,0.107666667,0.118333333,0.131666667,0.143333333,0.161333333,0.178666667,0.197666667,0.220333333,0.243,0.273666667,0.304,0.34,0.381333333,0.428,0.481333333,0.535,0.599,0.664,0.737666667,0.809666667,0.889666667
SGRP_mTORinhibitsSCREEN_SET2_Caffeine_JE_092717.xls,yML559-1000 ug/ml Caffeine,148.0665581,17.98948852,200.7121421,5.075177932,yML 559,Y10,1 mg/mL Caffeine,Y10*1 mg/mL Caffeine,0,0.059666667,0.06,0.058,0.062,0.064666667,0.062333333,0.065666667,0.068333333,0.071,0.075,0.075666667,0.079666667,0.082666667,0.085666667,0.089666667,0.094333333,0.102333333,0.108333333,0.117333333,0.126,0.137,0.145,0.166666667,0.174,0.196333333,0.218,0.244,0.264,0.295333333,0.331,0.371,0.413,0.458,0.506,0.571,0.635,0.707666667,0.782,0.857,0.940666667
