experiment,Line-Treatment,DT inflection,StDev_inf,DT interval,StDev_int,Lab strain,Strain,Treatment,Strain*Treatment,Time_0,Time_0.5,Time_1,Time_1.5,Time_2,Time_2.5,Time_3,Time_3.5,Time_4,Time_4.5,Time_5,Time_5.5,Time_6,Time_6.5,Time_7,Time_7.5,Time_8,Time_8.5,Time_9,Time_9.5,Time_10,Time_10.5,Time_11,Time_11.5,Time_12,Time_12.5,Time_13,Time_13.5,Time_14,Time_14.5,Time_15,Time_15.5,Time_16,Time_16.5,Time_17,Time_17.5,Time_18,Time_18.5,Time_19,Time_19.5,Time_20
SET1GDC_ARMBL_080217.xls,NCYC 3457-100 uM GDC0941,77.10311772,1.664780871,78.97393404,2.554288848,NCYC 3457,273614 N,100 uM GDC0941,273614 N*100 uM GDC0941,0,0.003333333,0.004333333,0.004666667,0.006333333,0.005666667,0.006666667,0.007333333,0.009333333,0.011333333,0.013,0.016,0.020333333,0.025333333,0.033,0.042,0.055,0.072666667,0.096,0.127333333,0.165333333,0.215666667,0.280333333,0.363,0.467,0.587333333,0.719333333,0.860333333,1.000666667,1.128333333,1.185,1.212,1.248333333,1.283666667,1.317,1.35,1.377666667,1.41,1.436666667,1.463333333,1.487333333
SGRP_mTOR_inhibitsSCREEN_SET1_GDC_redo_JE_092617.xls,NCYC 3457-100 uM GDC0941,98.3216471,3.12475551,110.3242256,10.21730703,NCYC 3457,273614 N,100 uM GDC0941,273614 N*100 uM GDC0941,0,0.072,0.081666667,0.094333333,0.113,0.134,0.16,0.187,0.217333333,0.261333333,0.32,0.394,0.48,0.578,0.692333333,0.814333333,0.938666667,1.064,1.167666667,1.243333333,1.269333333,1.300666667,1.334666667,1.373666667,1.401,1.431333333,1.462333333,1.489666667,1.514,1.54,1.561666667,1.581666667,1.600666667,1.617333333,1.634333333,1.648333333,1.663666667,1.678666667,1.689666667,1.702,1.713333333
