experiment,Line-Treatment,DT inflection,StDev_inf,DT interval,StDev_int,Lab strain,Strain,Treatment,Strain*Treatment,Time_0,Time_0.5,Time_1,Time_1.5,Time_2,Time_2.5,Time_3,Time_3.5,Time_4,Time_4.5,Time_5,Time_5.5,Time_6,Time_6.5,Time_7,Time_7.5,Time_8,Time_8.5,Time_9,Time_9.5,Time_10,Time_10.5,Time_11,Time_11.5,Time_12,Time_12.5,Time_13,Time_13.5,Time_14,Time_14.5,Time_15,Time_15.5,Time_16,Time_16.5,Time_17,Time_17.5,Time_18,Time_18.5,Time_19,Time_19.5,Time_20
SGRP_mTORinhibsSCREEN_SET1_lowRAPA_KGPUMBL_05062017.xls,WT-2.5 ng/mL RAPA,43.12589491,3.842985729,920.4317867,747.4125773,BY4743,BY4743,2.5 ng/mL RAPA,BY4743*2.5 ng/mL RAPA,0,0.030666667,0.034,0.038666667,-0.025666667,0.055333333,0.069333333,0.089666667,0.117,0.152,0.201666667,0.26,0.266666667,0.431333333,0.535333333,0.588,0.777333333,0.898,1.005333333,1.082,1.113333333,1.114333333,1.118,1.132,1.142333333,1.153,1.155,1.173,1.19,1.204333333,1.212666667,1.231666667,1.247333333,1.270333333,1.285666667,1.302666667,1.321666667,1.34,1.352666667,1.369333333,1.388
