experiment,Line-Treatment,DT inflection,StDev_inf,DT interval,StDev_int,Lab strain,Strain,Treatment,Strain*Treatment,Time_0,Time_0.5,Time_1,Time_1.5,Time_2,Time_2.5,Time_3,Time_3.5,Time_4,Time_4.5,Time_5,Time_5.5,Time_6,Time_6.5,Time_7,Time_7.5,Time_8,Time_8.5,Time_9,Time_9.5,Time_10,Time_10.5,Time_11,Time_11.5,Time_12,Time_12.5,Time_13,Time_13.5,Time_14,Time_14.5,Time_15,Time_15.5,Time_16,Time_16.5,Time_17,Time_17.5,Time_18,Time_18.5,Time_19,Time_19.5,Time_20
original data.xls SET 4 HIGH RAPA,YML699-vehicle,57.20705408,1.076508722,59.46623979,2.535723723,yML 699,UWOPS91-917.1,1% DMSO,UWOPS91-917.1*1% DMSO,0,0.046,0.048,0.059333333,0.077666667,0.108,0.153333333,0.219666667,0.306,0.422666667,0.556,0.706,0.868,1.025333333,1.142,1.232,1.278333333,1.307,1.337,1.370333333,1.405666667,1.438666667,1.474666667,1.506333333,1.534666667,1.558333333,1.583333333,1.608333333,1.633,1.655,1.674,1.690666667,1.705333333,1.722,1.733666667,1.746333333,1.757666667,1.76,1.777,1.784666667,1.792
