experiment,Line-Treatment,DT inflection,StDev_inf,DT interval,StDev_int,Lab strain,Strain,Treatment,Strain*Treatment,Time_0,Time_0.5,Time_1,Time_1.5,Time_2,Time_2.5,Time_3,Time_3.5,Time_4,Time_4.5,Time_5,Time_5.5,Time_6,Time_6.5,Time_7,Time_7.5,Time_8,Time_8.5,Time_9,Time_9.5,Time_10,Time_10.5,Time_11,Time_11.5,Time_12,Time_12.5,Time_13,Time_13.5,Time_14,Time_14.5,Time_15,Time_15.5,Time_16,Time_16.5,Time_17,Time_17.5,Time_18,Time_18.5,Time_19,Time_19.5,Time_20
SGRP_mTOR_inhibitsSCREEN_SET2_HighRAPA+LowTorin_Repeat_JEMBL_073,NCYC 3467-1% DMSO,91.1905814,0.571045026,94.91081485,1.678918981,NCYC 3467,W303,1% DMSO,W303*1% DMSO,0,0.018666667,0.019666667,0.022,0.024333333,0.028,0.033666667,0.040333333,0.049,0.061333333,0.077,0.095666667,0.120333333,0.153,0.19,0.237666667,0.298,0.367,0.440333333,0.531666667,0.620666667,0.682,0.725333333,0.777333333,0.823333333,0.873666667,0.914333333,0.957333333,0.996333333,1.033333333,1.063333333,1.082666667,1.090666667,1.096333333,1.100333333,1.112,1.116666667,1.127333333,1.135333333,1.146333333,1.157666667
SGRP_mTORinhibitsSCREEN_SET2_LOWRAPA_highTORIN_MGK_12032017_F,NCYC 3467-1% DMSO,95.43595847,4.142844256,99.76519445,1.613970883,NCYC 3467,W303,1% DMSO,W303*1% DMSO,0,0.058,0.055666667,0.059666667,0.067,0.076333333,0.088333333,0.108,0.131,0.160333333,0.198333333,0.246333333,0.302666667,0.37,0.445,0.528333333,0.603666667,0.665333333,0.719,0.769666667,0.812333333,0.857,0.903,0.949,0.99,1.027666667,1.068333333,1.096333333,1.115666667,1.129333333,1.136333333,1.143333333,1.15,1.156666667,1.166,1.171666667,1.178,1.186666667,1.190666667,1.200333333,1.204333333
