experiment,Line-Treatment,DT inflection,StDev_inf,DT interval,StDev_int,Lab strain,Strain,Treatment,Strain*Treatment,Time_0,Time_0.5,Time_1,Time_1.5,Time_2,Time_2.5,Time_3,Time_3.5,Time_4,Time_4.5,Time_5,Time_5.5,Time_6,Time_6.5,Time_7,Time_7.5,Time_8,Time_8.5,Time_9,Time_9.5,Time_10,Time_10.5,Time_11,Time_11.5,Time_12,Time_12.5,Time_13,Time_13.5,Time_14,Time_14.5,Time_15,Time_15.5,Time_16,Time_16.5,Time_17,Time_17.5,Time_18,Time_18.5,Time_19,Time_19.5,Time_20
SGRP_mTORinhibitsSCREEN_SET1HIGHrapaANDhighTORIN_PU_03162018_D.x,NCYC3318-25 uM Torin,74.37841617,33.38470587,334.1756603,316.1942172,NCYC 3318,L-1374,25 uM Torin 1,L-1374*25 uM Torin 1,0,0.100666667,0.111,0.133666667,0.155333333,0.180666667,0.216666667,0.255666667,0.294,0.348,0.412333333,0.529333333,0.560666667,0.649666667,0.728,0.812,0.900333333,0.989,1.085666667,1.161333333,1.212,1.236333333,1.259,1.280666667,1.309333333,1.336,1.406666667,1.389333333,1.413666667,1.437,1.461666667,1.479666667,1.502333333,1.553,1.540666667,1.555333333,1.576333333,1.592666667,1.609666667,1.621666667,1.636666667
