experiment,Line-Treatment,DT inflection,StDev_inf,DT interval,StDev_int,Lab strain,Strain,Treatment,Strain*Treatment,Time_0,Time_0.5,Time_1,Time_1.5,Time_2,Time_2.5,Time_3,Time_3.5,Time_4,Time_4.5,Time_5,Time_5.5,Time_6,Time_6.5,Time_7,Time_7.5,Time_8,Time_8.5,Time_9,Time_9.5,Time_10,Time_10.5,Time_11,Time_11.5,Time_12,Time_12.5,Time_13,Time_13.5,Time_14,Time_14.5,Time_15,Time_15.5,Time_16,Time_16.5,Time_17,Time_17.5,Time_18,Time_18.5,Time_19,Time_19.5,Time_20
SGRP_mTORinhibitsSCREEN_SET1HIGHrapaANDhighTORIN_PU_03162018_D.x,NCYC3449A-20 ng/mL Rapamycin,38.41268867,3.372811475,69.90389365,18.3495557,NCYC 3449,UWOPS87-2421,20 ng/mL RAPA,UWOPS87-2421*20 ng/mL RAPA,0,0.062,0.074,0.090333333,0.106666667,0.095,0.117,0.136,0.138333333,0.148666667,0.254666667,0.341,0.301,0.405666667,0.442666667,0.543,0.603333333,0.665,0.764666667,0.84,0.899333333,0.967666667,1.052666667,1.109666667,1.165333333,1.229333333,1.326666667,1.353666667,1.4,1.446666667,1.480333333,1.501,1.532333333,1.553,1.552,1.550666667,1.575333333,1.608,1.642333333,1.625,1.630666667
