experiment,Line-Treatment,DT inflection,StDev_inf,DT interval,StDev_int,Lab strain,Strain,Treatment,Strain*Treatment,Time_0,Time_0.5,Time_1,Time_1.5,Time_2,Time_2.5,Time_3,Time_3.5,Time_4,Time_4.5,Time_5,Time_5.5,Time_6,Time_6.5,Time_7,Time_7.5,Time_8,Time_8.5,Time_9,Time_9.5,Time_10,Time_10.5,Time_11,Time_11.5,Time_12,Time_12.5,Time_13,Time_13.5,Time_14,Time_14.5,Time_15,Time_15.5,Time_16,Time_16.5,Time_17,Time_17.5,Time_18,Time_18.5,Time_19,Time_19.5,Time_20
SGRP_mTOR_inhibitsSCREEN_SET1_highgdc-0941_AR_053117.xls,NCYC 3319-100uM GDC0941,69.57516048,10.94812212,83.0291781,1.923558886,NCYC 3319,L-1528,100 uM GDC0941,L-1528*100 uM GDC0941,0,0.106,0.112666667,0.117333333,0.150333333,0.178333333,0.226666667,0.29,0.381666667,0.499666667,0.632666667,0.783333333,0.933,1.073,1.204666667,1.259333333,1.276333333,1.295666667,1.322,1.348666667,1.375666667,1.402333333,1.432333333,1.463,1.493333333,1.521333333,1.544,1.562,1.581666667,1.597666667,1.605666667,1.631,1.649333333,1.665,1.678333333,1.692,1.706666667,1.719333333,1.730333333,1.742,1.751666667
