experiment,Line-Treatment,DT inflection,StDev_inf,DT interval,StDev_int,Lab strain,Strain,Treatment,Strain*Treatment,Time_0,Time_0.5,Time_1,Time_1.5,Time_2,Time_2.5,Time_3,Time_3.5,Time_4,Time_4.5,Time_5,Time_5.5,Time_6,Time_6.5,Time_7,Time_7.5,Time_8,Time_8.5,Time_9,Time_9.5,Time_10,Time_10.5,Time_11,Time_11.5,Time_12,Time_12.5,Time_13,Time_13.5,Time_14,Time_14.5,Time_15,Time_15.5,Time_16,Time_16.5,Time_17,Time_17.5,Time_18,Time_18.5,Time_19,Time_19.5,Time_20
original data.xls SET 4 HIGH RAPA,YML 685-20 ng/ml RAPA,74.63385822,47.11330854,169.1567559,6.199130748,yML 685,Q89.8,20 ng/mL RAPA,Q89.8*20 ng/mL RAPA,0,0.049,0.042666667,0.052,0.052666667,0.053,0.066,0.070666667,0.095,0.107333333,0.128,0.145,0.165666667,0.196666667,0.230666667,0.263333333,0.338333333,0.396333333,0.546666667,0.631,0.738333333,0.807,0.880666667,0.967666667,1.041,1.105666667,1.182,1.231333333,1.305,1.351666667,1.418333333,1.45,1.490666667,1.508333333,1.535,1.551,1.577,1.588,1.598333333,1.616,1.622666667
