experiment,Line-Treatment,DT inflection,StDev_inf,DT interval,StDev_int,Lab strain,Strain,Treatment,Strain*Treatment,Time_0,Time_0.5,Time_1,Time_1.5,Time_2,Time_2.5,Time_3,Time_3.5,Time_4,Time_4.5,Time_5,Time_5.5,Time_6,Time_6.5,Time_7,Time_7.5,Time_8,Time_8.5,Time_9,Time_9.5,Time_10,Time_10.5,Time_11,Time_11.5,Time_12,Time_12.5,Time_13,Time_13.5,Time_14,Time_14.5,Time_15,Time_15.5,Time_16,Time_16.5,Time_17,Time_17.5,Time_18,Time_18.5,Time_19,Time_19.5,Time_20
SGRP_mTORinhibitsSCREEN_SET1_LOWRAPA_highRAPA_lowTORIN_MGK_12022,NCYC 3284-1% DMSO,61.86527417,0.905147079,64.05388556,0.915082152,NCYC 3284,YPS128,1% DMSO,YPS128*1% DMSO,0,0.047666667,0.062333333,0.084,0.113333333,0.159,0.217666667,0.304666667,0.415,0.545666667,0.689666667,0.839333333,0.979333333,1.107333333,1.184,1.200333333,1.218,1.239,1.268,1.296666667,1.332666667,1.350333333,1.38,1.409666667,1.438,1.468,1.491,1.514,1.534666667,1.553666667,1.573,1.589666667,1.604333333,1.62,1.634,1.646666667,1.662333333,1.673333333,1.686666667,1.694666667,1.705
SGRP_mTORinhibitsSCREEN_SET1_LOWRAPA_highRAPA_lowTORIN_MGK_12022,NCYC 3284-1% DMSO,63.23473824,1.091412511,65.6056098,1.089784729,NCYC 3284,YPS128,1% DMSO,YPS128*1% DMSO,0,0.065,0.084333333,0.114333333,0.152,0.21,0.286666667,0.393,0.518,0.663666667,0.811666667,0.957666667,1.085666667,1.188666667,1.200333333,1.222666667,1.242333333,1.269666667,1.300333333,1.327666667,1.353333333,1.381666667,1.413333333,1.442333333,1.47,1.498,1.518333333,1.539666667,1.558666667,1.577333333,1.594666667,1.610333333,1.625666667,1.639333333,1.653333333,1.665666667,1.678666667,1.688,1.701333333,1.708333333,1.718
