experiment,Line-Treatment,DT inflection,StDev_inf,DT interval,StDev_int,Lab strain,Strain,Treatment,Strain*Treatment,Time_0,Time_0.5,Time_1,Time_1.5,Time_2,Time_2.5,Time_3,Time_3.5,Time_4,Time_4.5,Time_5,Time_5.5,Time_6,Time_6.5,Time_7,Time_7.5,Time_8,Time_8.5,Time_9,Time_9.5,Time_10,Time_10.5,Time_11,Time_11.5,Time_12,Time_12.5,Time_13,Time_13.5,Time_14,Time_14.5,Time_15,Time_15.5,Time_16,Time_16.5,Time_17,Time_17.5,Time_18,Time_18.5,Time_19,Time_19.5,Time_20
SET2AZDredo+highTORINMBL_07302017.xls,NCYC 3486-100 uM AZD8055,89.77186083,1.210861845,94.27519845,1.598213364,NCYC 3486,NCYC110 ,100 uM AZD8055,NCYC110 *100 uM AZD8055,0,0.023,0.025333333,0.028666667,0.030666667,0.037333333,0.048333333,0.055,0.069666667,0.086333333,0.104666667,0.131333333,0.160666667,0.201,0.249,0.311333333,0.388666667,0.483,0.582,0.703333333,0.829,0.958666667,1.048333333,1.083666667,1.098666667,1.115,1.135333333,1.152333333,1.174666667,1.196,1.225666667,1.248666667,1.273,1.304666667,1.330333333,1.356333333,1.383333333,1.41,1.429,1.449,1.469333333
