experiment,Line-Treatment,DT inflection,StDev_inf,DT interval,StDev_int,Lab strain,Strain,Treatment,Strain*Treatment,Time_0,Time_0.5,Time_1,Time_1.5,Time_2,Time_2.5,Time_3,Time_3.5,Time_4,Time_4.5,Time_5,Time_5.5,Time_6,Time_6.5,Time_7,Time_7.5,Time_8,Time_8.5,Time_9,Time_9.5,Time_10,Time_10.5,Time_11,Time_11.5,Time_12,Time_12.5,Time_13,Time_13.5,Time_14,Time_14.5,Time_15,Time_15.5,Time_16,Time_16.5,Time_17,Time_17.5,Time_18,Time_18.5,Time_19,Time_19.5,Time_20
SGRP_mTORinhibitsSCREEN_SET3_LOWRAPA_JEMBL_12012017_F,yML 666-2.5 ng/ml RAPA,83.68950945,6.103856124,98.40209239,8.580795688,yML 666,UFRJ50816,2.5 ng/mL RAPA,UFRJ50816*2.5 ng/mL RAPA,0,0.004333333,0.004666667,0.039,0.085,0.173,0.216,0.263666667,0.330333333,0.413333333,0.506,0.62,0.758333333,0.896666667,1.022666667,1.134,1.231,1.247666667,1.269,1.285666667,1.309,1.343666667,1.369666667,1.399666667,1.424,1.453333333,1.482,1.507333333,1.53,1.555333333,1.577,1.596333333,1.619,1.638,1.65,1.67,1.680666667,1.698666667,1.711,1.720666667,1.730666667
