experiment,Line-Treatment,DT inflection,StDev_inf,DT interval,StDev_int,Lab strain,Strain,Treatment,Strain*Treatment,Time_0,Time_0.5,Time_1,Time_1.5,Time_2,Time_2.5,Time_3,Time_3.5,Time_4,Time_4.5,Time_5,Time_5.5,Time_6,Time_6.5,Time_7,Time_7.5,Time_8,Time_8.5,Time_9,Time_9.5,Time_10,Time_10.5,Time_11,Time_11.5,Time_12,Time_12.5,Time_13,Time_13.5,Time_14,Time_14.5,Time_15,Time_15.5,Time_16,Time_16.5,Time_17,Time_17.5,Time_18,Time_18.5,Time_19,Time_19.5,Time_20
SCREEN_SET2_HIGHTORIN#3_MGK_09302017_F.xls,yML559-25 uM Torin 1,107.6413813,7.426553534,119.0088263,12.60143695,yML 559,Y10,25 uM Torin 1,Y10*25 uM Torin 1,0,0.041,0.044333333,0.045,0.049,0.049666667,0.048666667,0.047333333,0.047,0.047333333,0.048,0.047333333,0.048,0.049333333,0.050333333,0.054,0.055333333,0.057333333,0.059,0.062,0.065666667,0.07,0.074666667,0.079333333,0.087333333,0.096333333,0.107333333,0.121333333,0.138333333,0.160666667,0.188333333,0.224,0.265,0.317666667,0.376,0.445,0.513666667,0.593666667,0.675333333,0.762666667,0.843333333
SGRP_mTOR_inhibitsSCREEN_SET2_highTORIN_JEMBL_081717.xls,yML559-25 uM Torin 1,99.46563691,3.284181406,106.4467619,5.117005486,yML 559,Y10,25 uM Torin 1,Y10*25 uM Torin 1,0,0.024,0.028666667,0.031666667,0.034,0.034666667,0.034333333,0.036,0.036,0.036666667,0.036333333,0.036,0.035333333,0.034666667,0.035333333,0.036666667,0.039,0.042333333,0.045,0.047666667,0.049666667,0.051333333,0.054333333,0.058,0.062333333,0.070666667,0.077666667,0.091666667,0.106333333,0.127333333,0.151,0.183333333,0.221,0.270333333,0.331666667,0.401333333,0.484,0.578333333,0.669666667,0.773666667,0.876333333
SGRP_mTORinhibitsSCREEN_SET2_HIGHTORIN#2_MGK_093017_D.xls,yML559-25 uM Torin 1,112.0389325,9.988957484,129.9489737,3.160618515,yML 559,Y10,25 uM Torin 1,Y10*25 uM Torin 1,0,0.049666667,0.055333333,0.060333333,0.059666667,0.055666667,0.061,0.060333333,0.061666667,0.058666667,0.059333333,0.060333333,0.060666667,0.062,0.059,0.063333333,0.069,0.071333333,0.074,0.077333333,0.078666667,0.081333333,0.084,0.090333333,0.097,0.102666667,0.111666667,0.124333333,0.137333333,0.155,0.179333333,0.201666667,0.24,0.282,0.334666667,0.394666667,0.472,0.554666667,0.643666667,0.748,0.845666667
