experiment,Line-Treatment,DT inflection,StDev_inf,DT interval,StDev_int,Lab strain,Strain,Treatment,Strain*Treatment,Time_0,Time_0.5,Time_1,Time_1.5,Time_2,Time_2.5,Time_3,Time_3.5,Time_4,Time_4.5,Time_5,Time_5.5,Time_6,Time_6.5,Time_7,Time_7.5,Time_8,Time_8.5,Time_9,Time_9.5,Time_10,Time_10.5,Time_11,Time_11.5,Time_12,Time_12.5,Time_13,Time_13.5,Time_14,Time_14.5,Time_15,Time_15.5,Time_16,Time_16.5,Time_17,Time_17.5,Time_18,Time_18.5,Time_19,Time_19.5,Time_20
SGRP_mTORinhibitsSCREEN_SET2_CAFFEINE AND lowTORIN_MGK_AR_120320,yML 557-1 uM Torin 1,27.91134178,4.863031347,33.63902513,7.882326668,yML 557,T7,1 uM Torin 1,T7*1 uM Torin 1,0,0.077333333,0.084333333,0.093333333,0.082,0.113,0.096,0.156,0.13,0.244,0.32,0.68,0.792,0.937,1.088333333,1.24,1.285333333,1.301333333,1.330333333,1.355333333,1.378333333,1.395666667,1.442,1.464666667,1.489333333,1.520666667,1.541333333,1.560333333,1.585333333,1.591333333,1.63,1.634666667,1.645666667,1.666333333,1.677,1.689,1.709,1.715,1.728333333,1.740333333,1.745666667
