experiment,Line-Treatment,DT inflection,StDev_inf,DT interval,StDev_int,Lab strain,Strain,Treatment,Strain*Treatment,Time_0,Time_0.5,Time_1,Time_1.5,Time_2,Time_2.5,Time_3,Time_3.5,Time_4,Time_4.5,Time_5,Time_5.5,Time_6,Time_6.5,Time_7,Time_7.5,Time_8,Time_8.5,Time_9,Time_9.5,Time_10,Time_10.5,Time_11,Time_11.5,Time_12,Time_12.5,Time_13,Time_13.5,Time_14,Time_14.5,Time_15,Time_15.5,Time_16,Time_16.5,Time_17,Time_17.5,Time_18,Time_18.5,Time_19,Time_19.5,Time_20
original data.xls SET 4 HIGH RAPA,YML690-20 ng/ml RAPA,94.84442644,12.99763717,192.9159487,23.19740436,yML 690,W7,20 ng/mL RAPA,W7*20 ng/mL RAPA,0,0.043333333,0.034,0.044666667,0.024333333,0.045333333,0.071666667,0.052,0.125666667,0.143,0.176,0.196333333,0.228333333,0.252,0.287333333,0.315666667,0.356666667,0.418,0.457333333,0.507666667,0.573666667,0.619666667,0.691333333,0.743,0.802333333,0.863333333,0.927,0.971,1.042,1.078,1.126333333,1.176666667,1.221,1.262333333,1.305666667,1.342666667,1.383666667,1.419,1.457,1.491666667,1.517333333
