experiment,Line-Treatment,DT inflection,StDev_inf,DT interval,StDev_int,Lab strain,Strain,Treatment,Strain*Treatment,Time_0,Time_0.5,Time_1,Time_1.5,Time_2,Time_2.5,Time_3,Time_3.5,Time_4,Time_4.5,Time_5,Time_5.5,Time_6,Time_6.5,Time_7,Time_7.5,Time_8,Time_8.5,Time_9,Time_9.5,Time_10,Time_10.5,Time_11,Time_11.5,Time_12,Time_12.5,Time_13,Time_13.5,Time_14,Time_14.5,Time_15,Time_15.5,Time_16,Time_16.5,Time_17,Time_17.5,Time_18,Time_18.5,Time_19,Time_19.5,Time_20
SGRP_mTORinhibitsSCREEN_SET3_CAFFEINE AND lowTORIN_JEMBL_1201201,yML 676-1 uM Torin 11,57.71437785,28.05592315,81.15345373,7.867583014,yML 676,DBVPG 4650,1 uM Torin 1,DBVPG 4650*1 uM Torin 1,0,0.013,0.011666667,0.011666667,0.012,0.011666667,0.014333333,0.012333333,0.092,0.130333333,0.324,0.377,0.467,0.559333333,0.650333333,0.747333333,0.861666667,0.961333333,1.014,1.067,1.085333333,1.103666667,1.126666667,1.148,1.179666667,1.21,1.239666667,1.261333333,1.300333333,1.327666667,1.356666667,1.370666667,1.394666667,1.417333333,1.431333333,1.459333333,1.486,1.506,1.523666667,1.541,1.55
