experiment,Line-Treatment,DT inflection,StDev_inf,DT interval,StDev_int,Lab strain,Strain,Treatment,Strain*Treatment,Time_0,Time_0.5,Time_1,Time_1.5,Time_2,Time_2.5,Time_3,Time_3.5,Time_4,Time_4.5,Time_5,Time_5.5,Time_6,Time_6.5,Time_7,Time_7.5,Time_8,Time_8.5,Time_9,Time_9.5,Time_10,Time_10.5,Time_11,Time_11.5,Time_12,Time_12.5,Time_13,Time_13.5,Time_14,Time_14.5,Time_15,Time_15.5,Time_16,Time_16.5,Time_17,Time_17.5,Time_18,Time_18.5,Time_19,Time_19.5,Time_20
SGRP_mTORinhibits_SET3_CAFFEINE_MGK_100817_F.xls,YML675-1000 ug/ml Caffeine,69.48656297,49.25444962,91.86556313,78.33865768,yML 675,Z1.1,1 mg/mL Caffeine,Z1.1*1 mg/mL Caffeine,0,0.055666667,0.049666667,0.042666667,0.038,0.03,0.038333333,0.037333333,0.053,0.197333333,0.304333333,0.267666667,0.422666667,0.498,0.597,0.724666667,0.816666667,0.934333333,1.045,1.162333333,1.257,1.278333333,1.284666667,1.294333333,1.334666667,1.363666667,1.382,1.425666667,1.443,1.468666667,1.492333333,1.516,1.538,1.564,1.578,1.597,1.609333333,1.619,1.636333333,1.655,1.661
SGRP_mTORinhibitsSCREEN_SET3_CAFFEINE_MGK_10082017_D.xls,YML675-1000 ug/ml Caffeine,77.65429559,11.07328296,117.3494471,6.832756613,yML 675,Z1.1,1 mg/mL Caffeine,Z1.1*1 mg/mL Caffeine,0,0.060666667,0.062666667,0.058666667,0.056666667,0.086,0.115,0.142666667,0.186666667,0.219333333,0.273666667,0.321333333,0.391,0.456333333,0.563333333,0.665,0.775,0.898,1.026333333,1.131666667,1.214,1.218333333,1.238333333,1.254666667,1.287,1.318333333,1.345,1.386333333,1.411,1.440666667,1.467333333,1.484333333,1.509,1.533666667,1.548666667,1.573,1.593,1.608666667,1.625666667,1.636333333,1.651
SGRP_mTORinhibitsSCREEN_SET3_Caffeine_NBMBL_07112017.xls,YML675-1000 ug/ml Caffeine,53.0663299,7.395196339,86.43113451,18.26058622,yML 675,Z1.1,1 mg/mL Caffeine,Z1.1*1 mg/mL Caffeine,0,0.056666667,0.060666667,0.053,0.049,0.041,0.049333333,0.054333333,0.113666667,0.210666667,0.259,0.321666667,0.477333333,0.639,0.750333333,0.868333333,0.989333333,1.099666667,1.200666667,1.263,1.274333333,1.297666667,1.325333333,1.355333333,1.390666667,1.419,1.446333333,1.471333333,1.496333333,1.52,1.539666667,1.559666667,1.577,1.596666667,1.607666667,1.623666667,1.639,1.652,1.663666667,1.674666667,1.688
