experiment,Line-Treatment,DT inflection,StDev_inf,DT interval,StDev_int,Lab strain,Strain,Treatment,Strain*Treatment,Time_0,Time_0.5,Time_1,Time_1.5,Time_2,Time_2.5,Time_3,Time_3.5,Time_4,Time_4.5,Time_5,Time_5.5,Time_6,Time_6.5,Time_7,Time_7.5,Time_8,Time_8.5,Time_9,Time_9.5,Time_10,Time_10.5,Time_11,Time_11.5,Time_12,Time_12.5,Time_13,Time_13.5,Time_14,Time_14.5,Time_15,Time_15.5,Time_16,Time_16.5,Time_17,Time_17.5,Time_18,Time_18.5,Time_19,Time_19.5,Time_20
SGRP_mTORinhibitsSCREEN_SET2_CAFFEINE AND lowTORIN_MGK_AR_120320,yML 558-1 uM Torin 1,74.73978304,2.627727001,79.6218271,1.582134191,yML 558,FL100,1 uM Torin 1,FL100*1 uM Torin 1,0,0.074333333,0.089,0.106666667,0.132333333,0.173333333,0.225,0.296666667,0.377333333,0.497,0.618,0.755333333,0.898333333,1.034333333,1.151666667,1.220666667,1.243333333,1.265333333,1.288,1.315666667,1.345,1.364333333,1.396333333,1.420666667,1.444333333,1.477,1.498666667,1.520666667,1.541666667,1.557,1.584333333,1.599,1.616,1.636,1.653,1.669,1.685,1.698666667,1.709333333,1.721666667,1.729333333
