experiment,Line-Treatment,DT inflection,StDev_inf,DT interval,StDev_int,Lab strain,Strain,Treatment,Strain*Treatment,Time_0,Time_0.5,Time_1,Time_1.5,Time_2,Time_2.5,Time_3,Time_3.5,Time_4,Time_4.5,Time_5,Time_5.5,Time_6,Time_6.5,Time_7,Time_7.5,Time_8,Time_8.5,Time_9,Time_9.5,Time_10,Time_10.5,Time_11,Time_11.5,Time_12,Time_12.5,Time_13,Time_13.5,Time_14,Time_14.5,Time_15,Time_15.5,Time_16,Time_16.5,Time_17,Time_17.5,Time_18,Time_18.5,Time_19,Time_19.5,Time_20
SGRP_mTORinhibitsSCREEN_SET3_CAFFEINE AND lowTORIN_JEMBL_1201201,yML 568-1 uM Torin 11,76.66882194,2.588931157,79.96067991,1.175095483,yML 568,FM356,1 uM Torin 1,FM356*1 uM Torin 1,0,0.057333333,0.065666667,0.073666667,0.084,0.106666667,0.133666667,0.171,0.219666667,0.288,0.372,0.467,0.574666667,0.688333333,0.814666667,0.948333333,1.049,1.154666667,1.191,1.209333333,1.228333333,1.251666667,1.275333333,1.308,1.336666667,1.368666667,1.394666667,1.426333333,1.451333333,1.471333333,1.497333333,1.518333333,1.541333333,1.555333333,1.570666667,1.587,1.605333333,1.620333333,1.632333333,1.646,1.654333333
