experiment,Line-Treatment,DT inflection,StDev_inf,DT interval,StDev_int,Lab strain,Strain,Treatment,Strain*Treatment,Time_0,Time_0.5,Time_1,Time_1.5,Time_2,Time_2.5,Time_3,Time_3.5,Time_4,Time_4.5,Time_5,Time_5.5,Time_6,Time_6.5,Time_7,Time_7.5,Time_8,Time_8.5,Time_9,Time_9.5,Time_10,Time_10.5,Time_11,Time_11.5,Time_12,Time_12.5,Time_13,Time_13.5,Time_14,Time_14.5,Time_15,Time_15.5,Time_16,Time_16.5,Time_17,Time_17.5,Time_18,Time_18.5,Time_19,Time_19.5,Time_20
SET4_highTORIN_REDO_NBMBL_080717.xls,yML 693-25 uM Torin 1,58.87075352,10.33803171,117.1000078,34.93617713,yML 693,Z1,25 uM Torin 1,Z1*25 uM Torin 1,0,0.062333333,0.064666667,0.061333333,0.057666667,0.056666667,0.055666667,0.066333333,0.073333333,0.087666667,0.100666667,0.145,0.169666667,0.230666667,0.261333333,0.305333333,0.392666667,0.478333333,0.596,0.724333333,0.862,0.983,1.099666667,1.176,1.228333333,1.242333333,1.272666667,1.306666667,1.341333333,1.376666667,1.405666667,1.436333333,1.462,1.488666667,1.51,1.532666667,1.554,1.574666667,1.591666667,1.607333333,1.621666667
