experiment,Line-Treatment,DT inflection,StDev_inf,DT interval,StDev_int,Lab strain,Strain,Treatment,Strain*Treatment,Time_0,Time_0.5,Time_1,Time_1.5,Time_2,Time_2.5,Time_3,Time_3.5,Time_4,Time_4.5,Time_5,Time_5.5,Time_6,Time_6.5,Time_7,Time_7.5,Time_8,Time_8.5,Time_9,Time_9.5,Time_10,Time_10.5,Time_11,Time_11.5,Time_12,Time_12.5,Time_13,Time_13.5,Time_14,Time_14.5,Time_15,Time_15.5,Time_16,Time_16.5,Time_17,Time_17.5,Time_18,Time_18.5,Time_19,Time_19.5,Time_20
SET2AZDredo+highTORINMBL_07302017.xls,NCYC 3460-100 uM AZD8055,77.97407324,4.9143595,59.33672937,6.306289141,NCYC 3460,Y9,100 uM AZD8055,Y9*100 uM AZD8055,0,0.017333333,0.016,0.015333333,0.014333333,0.019,0.03,0.056666667,0.142333333,0.257666667,0.338333333,0.441,0.560333333,0.698666667,0.820666667,0.947,1.060666667,1.161,1.230666667,1.254333333,1.239666667,1.178333333,1.122,0.997666667,0.825666667,0.663333333,0.592666667,0.584,0.611333333,0.626,0.692333333,0.734,0.783666667,0.835,0.885666667,0.932666667,0.988,1.042333333,1.085,1.119,1.149
