experiment,Line-Treatment,DT inflection,StDev_inf,DT interval,StDev_int,Lab strain,Strain,Treatment,Strain*Treatment,Time_0,Time_0.5,Time_1,Time_1.5,Time_2,Time_2.5,Time_3,Time_3.5,Time_4,Time_4.5,Time_5,Time_5.5,Time_6,Time_6.5,Time_7,Time_7.5,Time_8,Time_8.5,Time_9,Time_9.5,Time_10,Time_10.5,Time_11,Time_11.5,Time_12,Time_12.5,Time_13,Time_13.5,Time_14,Time_14.5,Time_15,Time_15.5,Time_16,Time_16.5,Time_17,Time_17.5,Time_18,Time_18.5,Time_19,Time_19.5,Time_20
SET1GDC_ARMBL_080217.xls,NCYC 3448-100 uM GDC0941,72.29084943,2.493838147,73.38101777,1.443044326,NCYC 3448,UWOPS83-787.3,100 uM GDC0941,UWOPS83-787.3*100 uM GDC0941,0,0.002333333,0.002666667,0.002333333,0.003,0.003333333,0.003666667,0.004333333,0.005,0.006,0.007333333,0.009,0.011666667,0.015,0.020666667,0.026,0.034666667,0.047333333,0.064,0.087333333,0.121,0.16,0.211333333,0.280333333,0.366666667,0.468,0.588333333,0.716,0.853333333,0.989333333,1.103,1.199666667,1.265333333,1.310666667,1.34,1.372666667,1.403333333,1.438333333,1.471,1.497666667,1.525333333
SGRP_mTOR_inhibitsSCREEN_SET1_GDC_redo_JE_092617.xls,NCYC 3448-100 uM GDC0941,72.70873526,1.914482454,76.26850114,0.520587791,NCYC 3448,UWOPS83-787.3,100 uM GDC0941,UWOPS83-787.3*100 uM GDC0941,0,0.068,0.074,0.086333333,0.103666667,0.134666667,0.176666667,0.233,0.304,0.395333333,0.507666667,0.641,0.780666667,0.925333333,1.067,1.206666667,1.313666667,1.341666667,1.365333333,1.394,1.421666667,1.452666667,1.485333333,1.520666667,1.547666667,1.576,1.600333333,1.618,1.638,1.653,1.671,1.685,1.697666667,1.707,1.722666667,1.732,1.743666667,1.754333333,1.762666667,1.772333333,1.780333333
