experiment,Line-Treatment,DT inflection,StDev_inf,DT interval,StDev_int,Lab strain,Strain,Treatment,Strain*Treatment,Time_0,Time_0.5,Time_1,Time_1.5,Time_2,Time_2.5,Time_3,Time_3.5,Time_4,Time_4.5,Time_5,Time_5.5,Time_6,Time_6.5,Time_7,Time_7.5,Time_8,Time_8.5,Time_9,Time_9.5,Time_10,Time_10.5,Time_11,Time_11.5,Time_12,Time_12.5,Time_13,Time_13.5,Time_14,Time_14.5,Time_15,Time_15.5,Time_16,Time_16.5,Time_17,Time_17.5,Time_18,Time_18.5,Time_19,Time_19.5,Time_20
SGRP_mTORinhibitsSCREEN_SET2_GDC_AR_062617.xls,yML564-100uM GDC0941,70.13668845,1.161926418,76.49021046,1.532724505,yML 564,CLIB382,100 uM GDC0941,CLIB382*100 uM GDC0941,0,0.041666667,0.051,0.064333333,0.076666667,0.089,0.109,0.135333333,0.18,0.231333333,0.309333333,0.411,0.518666667,0.646,0.802,0.938333333,1.068333333,1.178,1.215333333,1.236333333,1.274666667,1.309333333,1.336,1.383666667,1.405333333,1.437333333,1.469333333,1.489,1.509333333,1.541666667,1.556,1.576333333,1.592,1.601,1.617,1.629333333,1.643333333,1.659333333,1.675,1.68,1.686
