experiment,Line-Treatment,DT inflection,StDev_inf,DT interval,StDev_int,Lab strain,Strain,Treatment,Strain*Treatment,Time_0,Time_0.5,Time_1,Time_1.5,Time_2,Time_2.5,Time_3,Time_3.5,Time_4,Time_4.5,Time_5,Time_5.5,Time_6,Time_6.5,Time_7,Time_7.5,Time_8,Time_8.5,Time_9,Time_9.5,Time_10,Time_10.5,Time_11,Time_11.5,Time_12,Time_12.5,Time_13,Time_13.5,Time_14,Time_14.5,Time_15,Time_15.5,Time_16,Time_16.5,Time_17,Time_17.5,Time_18,Time_18.5,Time_19,Time_19.5,Time_20
SET1GDC_ARMBL_080217.xls,NCYC 3318-100 uM GDC0941,66.36510379,2.937513181,68.82268792,1.628717679,NCYC 3318,L-1374,100 uM GDC0941,L-1374*100 uM GDC0941,0,0.016666667,0.018,0.022333333,0.028,0.034333333,0.045666667,0.060666667,0.078,0.099666667,0.132,0.177,0.235333333,0.315,0.419333333,0.534,0.670666667,0.814333333,0.944333333,1.037333333,1.101333333,1.142666667,1.166333333,1.193333333,1.223,1.256,1.284666667,1.317666667,1.350666667,1.379,1.412666667,1.434333333,1.460666667,1.481,1.504,1.525,1.546333333,1.567,1.587,1.602666667,1.616666667
SGRP_mTOR_inhibitsSCREEN_SET1_GDC_redo_JE_092617.xls,NCYC 3318-100 uM GDC0941,69.07258254,0.656981262,71.15245991,1.864578236,NCYC 3318,L-1374,100 uM GDC0941,L-1374*100 uM GDC0941,0,0.060666667,0.068333333,0.082,0.103666667,0.132,0.174666667,0.232666667,0.313666667,0.420666667,0.546333333,0.696666667,0.854666667,1.005333333,1.13,1.189666667,1.211666667,1.230666667,1.255333333,1.284666667,1.315666667,1.342666667,1.372333333,1.407,1.432666667,1.461666667,1.486666667,1.507666667,1.529333333,1.551333333,1.573666667,1.593,1.610333333,1.626,1.643333333,1.656,1.67,1.675666667,1.696333333,1.687666667,1.716
