experiment,Line-Treatment,DT inflection,StDev_inf,DT interval,StDev_int,Lab strain,Strain,Treatment,Strain*Treatment,Time_0,Time_0.5,Time_1,Time_1.5,Time_2,Time_2.5,Time_3,Time_3.5,Time_4,Time_4.5,Time_5,Time_5.5,Time_6,Time_6.5,Time_7,Time_7.5,Time_8,Time_8.5,Time_9,Time_9.5,Time_10,Time_10.5,Time_11,Time_11.5,Time_12,Time_12.5,Time_13,Time_13.5,Time_14,Time_14.5,Time_15,Time_15.5,Time_16,Time_16.5,Time_17,Time_17.5,Time_18,Time_18.5,Time_19,Time_19.5,Time_20
SGRP_mTORinhibitsSCREEN_SET1_AZD8055_KGPUARMBL_061817.xls,NCYC 3445 -100uM AZD08055,68.45187582,1.916511347,67.77406494,3.85795078,NCYC 3445 ,Y12,100 uM AZD8055,Y12*100 uM AZD8055,0,0.059,0.051333333,0.044,0.073333333,0.166333333,0.228,0.307333333,0.416333333,0.555333333,0.698333333,0.842333333,1.001333333,1.161,1.301666667,1.33,1.350333333,1.380666667,1.420666667,1.442333333,1.471666667,1.523666667,1.542666667,1.557333333,1.596666667,1.588666667,1.615333333,1.616666667,1.551666667,1.525,1.509666667,1.666666667,1.583666667,1.487666667,1.426,1.421333333,1.399,1.431666667,1.338333333,1.253,1.38
