experiment,Line-Treatment,DT inflection,StDev_inf,DT interval,StDev_int,Lab strain,Strain,Treatment,Strain*Treatment,Time_0,Time_0.5,Time_1,Time_1.5,Time_2,Time_2.5,Time_3,Time_3.5,Time_4,Time_4.5,Time_5,Time_5.5,Time_6,Time_6.5,Time_7,Time_7.5,Time_8,Time_8.5,Time_9,Time_9.5,Time_10,Time_10.5,Time_11,Time_11.5,Time_12,Time_12.5,Time_13,Time_13.5,Time_14,Time_14.5,Time_15,Time_15.5,Time_16,Time_16.5,Time_17,Time_17.5,Time_18,Time_18.5,Time_19,Time_19.5,Time_20
SGRP_mTORinhibitsSCREEN_SET2_CAFFEINE AND lowTORIN_MGK_AR_120320,yML 742-1000 ug/mL Caffeine,107.3318322,6.252929797,124.0664117,8.38381429,BY4743,BY4743,1 mg/mL Caffeine,BY4743*1 mg/mL Caffeine,0,0.044666667,0.047666667,0.049333333,0.052333333,0.057,0.060333333,0.066333333,0.073333333,0.090333333,0.105333333,0.13,0.154,0.183666667,0.220666667,0.263333333,0.317666667,0.365333333,0.431,0.506333333,0.584666667,0.667,0.763666667,0.841333333,0.921333333,0.992333333,1.03,1.034666667,1.043,1.047333333,1.063666667,1.074333333,1.083,1.101,1.114333333,1.13,1.147,1.164,1.179333333,1.195666667,1.209
