experiment,Line-Treatment,DT inflection,StDev_inf,DT interval,StDev_int,Lab strain,Strain,Treatment,Strain*Treatment,Time_0,Time_0.5,Time_1,Time_1.5,Time_2,Time_2.5,Time_3,Time_3.5,Time_4,Time_4.5,Time_5,Time_5.5,Time_6,Time_6.5,Time_7,Time_7.5,Time_8,Time_8.5,Time_9,Time_9.5,Time_10,Time_10.5,Time_11,Time_11.5,Time_12,Time_12.5,Time_13,Time_13.5,Time_14,Time_14.5,Time_15,Time_15.5,Time_16,Time_16.5,Time_17,Time_17.5,Time_18,Time_18.5,Time_19,Time_19.5,Time_20
SET3_Low Rapa_REDO_MGK_081117.xls,YML681-2.5 ng/ml RAPA,72.35079975,2.345610783,76.49594463,0.279242466,yML 681,A4,2.5 ng/mL RAPA,A4*2.5 ng/mL RAPA,0,0.021666667,0.020333333,0.018333333,0.05,0.120333333,0.171,0.221333333,0.293,0.385666667,0.492666667,0.603333333,0.777333333,0.928333333,1.056666667,1.172333333,1.185333333,1.195,1.222,1.241333333,1.266,1.279,1.312333333,1.321,1.353,1.370333333,1.403666667,1.436,1.451,1.468333333,1.507333333,1.531333333,1.546666667,1.570666667,1.589666667,1.607666667,1.625,1.637333333,1.649666667,1.664333333,1.674666667
