experiment,Line-Treatment,DT inflection,StDev_inf,DT interval,StDev_int,Lab strain,Strain,Treatment,Strain*Treatment,Time_0,Time_0.5,Time_1,Time_1.5,Time_2,Time_2.5,Time_3,Time_3.5,Time_4,Time_4.5,Time_5,Time_5.5,Time_6,Time_6.5,Time_7,Time_7.5,Time_8,Time_8.5,Time_9,Time_9.5,Time_10,Time_10.5,Time_11,Time_11.5,Time_12,Time_12.5,Time_13,Time_13.5,Time_14,Time_14.5,Time_15,Time_15.5,Time_16,Time_16.5,Time_17,Time_17.5,Time_18,Time_18.5,Time_19,Time_19.5,Time_20
SGRP_mTOR_inhibitsSCREEN_SET1_highTORIN_KGPUMBL_052817.xls,NCYC 3319-25uM Torin 1,72.69236417,0.932652991,79.11365759,3.046017057,NCYC 3319,L-1528,25 uM Torin 1,L-1528*25 uM Torin 1,0,0.050666667,0.053,0.053,0.053666667,0.056666667,0.06,0.066666667,0.075666667,0.088333333,0.104333333,0.127,0.153666667,0.191666667,0.250333333,0.328666667,0.437,0.564666667,0.710333333,0.859333333,1.010666667,1.143,1.212666667,1.233,1.252333333,1.278333333,1.300666667,1.327,1.352,1.381666667,1.409333333,1.437666667,1.465,1.489666667,1.510333333,1.529666667,1.548666667,1.564666667,1.582,1.598666667,1.614
