experiment,Line-Treatment,DT inflection,StDev_inf,DT interval,StDev_int,Lab strain,Strain,Treatment,Strain*Treatment,Time_0,Time_0.5,Time_1,Time_1.5,Time_2,Time_2.5,Time_3,Time_3.5,Time_4,Time_4.5,Time_5,Time_5.5,Time_6,Time_6.5,Time_7,Time_7.5,Time_8,Time_8.5,Time_9,Time_9.5,Time_10,Time_10.5,Time_11,Time_11.5,Time_12,Time_12.5,Time_13,Time_13.5,Time_14,Time_14.5,Time_15,Time_15.5,Time_16,Time_16.5,Time_17,Time_17.5,Time_18,Time_18.5,Time_19,Time_19.5,Time_20
SGRP_mTORinhibitsSCREEN_SET3_CAFFEINE AND lowTORIN_JEMBL_1201201,yML667-6.67% H2O,71.40045733,9.206641087,63.404405,,yML 667,N-44,6.67% H2O,N-44*6.67% H2O,0,0.051333333,0.044,0.027333333,0.016,0.013333333,0.011,0.008666667,0.007,0.008333333,0.387333333,0.477333333,0.504333333,0.575666667,0.738,0.967,0.967666667,1.014333333,0.966666667,0.887,0.903666667,0.937333333,0.949,1.006,1.051,1.104333333,1.147333333,1.206666667,1.226333333,1.262333333,1.294666667,1.340333333,1.384333333,1.397,1.44,1.435333333,1.488666667,1.492,1.504,1.525,1.537333333
