experiment,Line-Treatment,DT inflection,StDev_inf,DT interval,StDev_int,Lab strain,Strain,Treatment,Strain*Treatment,Time_0,Time_0.5,Time_1,Time_1.5,Time_2,Time_2.5,Time_3,Time_3.5,Time_4,Time_4.5,Time_5,Time_5.5,Time_6,Time_6.5,Time_7,Time_7.5,Time_8,Time_8.5,Time_9,Time_9.5,Time_10,Time_10.5,Time_11,Time_11.5,Time_12,Time_12.5,Time_13,Time_13.5,Time_14,Time_14.5,Time_15,Time_15.5,Time_16,Time_16.5,Time_17,Time_17.5,Time_18,Time_18.5,Time_19,Time_19.5,Time_20
SGRP_mTOR_inhibitsSCREEN_SET1_highTORIN_KGPUMBL_052817.xls,yML045-vehicle,78.64974328,0.913623553,82.33669677,1.073074061,BY4743,BY4743,2.5% DMSO,BY4743*2.5% DMSO,0,0.033333333,0.038333333,0.045,0.053333333,0.067,0.086333333,0.110666667,0.148333333,0.192333333,0.249333333,0.320666667,0.405666667,0.507666667,0.622333333,0.731666667,0.841666667,0.944333333,1.021,1.052666667,1.054333333,1.063666667,1.072,1.082,1.091333333,1.104666667,1.112666667,1.122,1.137333333,1.147666667,1.158666667,1.171,1.182666667,1.194333333,1.204333333,1.215,1.226666667,1.235333333,1.247333333,1.257,1.267
