experiment,Line-Treatment,DT inflection,StDev_inf,DT interval,StDev_int,Lab strain,Strain,Treatment,Strain*Treatment,Time_0,Time_0.5,Time_1,Time_1.5,Time_2,Time_2.5,Time_3,Time_3.5,Time_4,Time_4.5,Time_5,Time_5.5,Time_6,Time_6.5,Time_7,Time_7.5,Time_8,Time_8.5,Time_9,Time_9.5,Time_10,Time_10.5,Time_11,Time_11.5,Time_12,Time_12.5,Time_13,Time_13.5,Time_14,Time_14.5,Time_15,Time_15.5,Time_16,Time_16.5,Time_17,Time_17.5,Time_18,Time_18.5,Time_19,Time_19.5,Time_20
SGRP_mTORinhibits_SET1_CAFF_REDO_NBMBL_08032017.xls,NCYC 3448-Drug,20.19613761,2.592053517,20.84948819,,NCYC 3448,UWOPS83-787.3,1 mg/mL Caffeine,UWOPS83-787.3*1 mg/mL Caffeine,0,0.054666667,0.056666667,0.063666667,0.080666667,0.077,0.095,0.109666667,0.059666667,0.09,0.097666667,0.177333333,0.220333333,0.625,0.854,1.134,1.293333333,1.343333333,1.377333333,1.386,1.406333333,1.414666667,1.443666667,1.492666667,1.509,1.544333333,1.573,1.586333333,1.614,1.627333333,1.646666667,1.663333333,1.683333333,1.695666667,1.703,1.718,1.723,1.723666667,1.726666667,1.741,1.749333333
