experiment,Line-Treatment,DT inflection,StDev_inf,DT interval,StDev_int,Lab strain,Strain,Treatment,Strain*Treatment,Time_0,Time_0.5,Time_1,Time_1.5,Time_2,Time_2.5,Time_3,Time_3.5,Time_4,Time_4.5,Time_5,Time_5.5,Time_6,Time_6.5,Time_7,Time_7.5,Time_8,Time_8.5,Time_9,Time_9.5,Time_10,Time_10.5,Time_11,Time_11.5,Time_12,Time_12.5,Time_13,Time_13.5,Time_14,Time_14.5,Time_15,Time_15.5,Time_16,Time_16.5,Time_17,Time_17.5,Time_18,Time_18.5,Time_19,Time_19.5,Time_20
SGRP_mTORinhibits_SET3_highTORIN_MGK_101617_F.xls,YML676-25 uM Torin 1,88.77325901,4.373709208,129.3658721,11.42415218,yML 676,DBVPG 4650,25 uM Torin 1,DBVPG 4650*25 uM Torin 1,0,0.019,0.023,0.028666667,0.035,0.044,0.046333333,0.054666667,0.059333333,0.069666667,0.086333333,0.104,0.108333333,0.132666667,0.16,0.201333333,0.227333333,0.27,0.334333333,0.389,0.472333333,0.572,0.641333333,0.759666667,0.848333333,0.957,1.071666667,1.093666667,1.102666667,1.130333333,1.156,1.187666667,1.214,1.241666667,1.266,1.300666667,1.323,1.336666667,1.372,1.403,1.416666667
SGRP_mTORinhibitsSCREEN_SET3highTORIN_MGK_101617_D.xls,YML676-25 uM Torin 1,90.94161837,8.185633032,142.5807607,9.038583392,yML 676,DBVPG 4650,25 uM Torin 1,DBVPG 4650*25 uM Torin 1,0,0.033,0.035333333,0.051333333,0.056333333,0.063666667,0.077333333,0.086,0.091666667,0.104666667,0.122333333,0.137,0.161666667,0.179,0.206333333,0.230666667,0.286333333,0.329,0.391,0.451,0.533666667,0.627666667,0.739,0.836,0.939,1.029,1.082,1.097,1.110333333,1.137,1.163666667,1.200333333,1.222666667,1.257666667,1.29,1.318333333,1.350333333,1.379333333,1.405,1.425333333,1.456
