experiment,Line-Treatment,DT inflection,StDev_inf,DT interval,StDev_int,Lab strain,Strain,Treatment,Strain*Treatment,Time_0,Time_0.5,Time_1,Time_1.5,Time_2,Time_2.5,Time_3,Time_3.5,Time_4,Time_4.5,Time_5,Time_5.5,Time_6,Time_6.5,Time_7,Time_7.5,Time_8,Time_8.5,Time_9,Time_9.5,Time_10,Time_10.5,Time_11,Time_11.5,Time_12,Time_12.5,Time_13,Time_13.5,Time_14,Time_14.5,Time_15,Time_15.5,Time_16,Time_16.5,Time_17,Time_17.5,Time_18,Time_18.5,Time_19,Time_19.5,Time_20
SGRP_mTORinhibitsSCREEN_SET3_CAFFEINE AND lowTORIN_JEMBL_1201201,yML 676-2.5% DMSO,84.99891152,27.54345299,116.0798642,4.840051525,yML 676,DBVPG 4650,2.5% DMSO,DBVPG 4650*2.5% DMSO,0,0.019333333,0.012,0.009666667,0.028,0.032,0.045333333,0.057333333,0.096666667,0.116666667,0.263,0.316666667,0.371666667,0.453666667,0.553333333,0.654,0.757666667,0.856333333,0.924,0.973333333,1.01,1.027,1.055333333,1.076,1.100666667,1.134,1.158,1.189666667,1.217333333,1.242333333,1.271666667,1.287666667,1.32,1.334666667,1.352,1.382666667,1.405,1.433,1.445666667,1.464,1.470333333
