experiment,Line-Treatment,DT inflection,StDev_inf,DT interval,StDev_int,Lab strain,Strain,Treatment,Strain*Treatment,Time_0,Time_0.5,Time_1,Time_1.5,Time_2,Time_2.5,Time_3,Time_3.5,Time_4,Time_4.5,Time_5,Time_5.5,Time_6,Time_6.5,Time_7,Time_7.5,Time_8,Time_8.5,Time_9,Time_9.5,Time_10,Time_10.5,Time_11,Time_11.5,Time_12,Time_12.5,Time_13,Time_13.5,Time_14,Time_14.5,Time_15,Time_15.5,Time_16,Time_16.5,Time_17,Time_17.5,Time_18,Time_18.5,Time_19,Time_19.5,Time_20
SGRP_mTORinhibitsSCREEN_SET2_CAFFEINE AND lowTORIN_MGK_AR_120320,NCYC 3486-2.5% DMSO,76.00229856,4.290030369,82.42385993,1.194961602,NCYC 3486,NCYC110 ,2.5% DMSO,NCYC110 *2.5% DMSO,0,0.020333333,0.024333333,0.048666667,0.052333333,0.078,0.098666667,0.121666667,0.148333333,0.193666667,0.251,0.320666667,0.404666667,0.499,0.614,0.741666667,0.878,1.014666667,1.068,1.076666667,1.096,1.107666667,1.124,1.145333333,1.167,1.193,1.218666667,1.244,1.267666667,1.285,1.321333333,1.345333333,1.364333333,1.389333333,1.414,1.434666667,1.454666667,1.477,1.493,1.511666667,1.523
