experiment,Line-Treatment,DT inflection,StDev_inf,DT interval,StDev_int,Lab strain,Strain,Treatment,Strain*Treatment,Time_0,Time_0.5,Time_1,Time_1.5,Time_2,Time_2.5,Time_3,Time_3.5,Time_4,Time_4.5,Time_5,Time_5.5,Time_6,Time_6.5,Time_7,Time_7.5,Time_8,Time_8.5,Time_9,Time_9.5,Time_10,Time_10.5,Time_11,Time_11.5,Time_12,Time_12.5,Time_13,Time_13.5,Time_14,Time_14.5,Time_15,Time_15.5,Time_16,Time_16.5,Time_17,Time_17.5,Time_18,Time_18.5,Time_19,Time_19.5,Time_20
SGRP_mTORinhibitsSCREEN_SET1HIGHrapaANDhighTORIN_PU_03162018_D.x,NCYC3318-2.5%DMSO,66.15840805,2.189148735,75.63275297,0.933989051,NCYC 3318,L-1374,2.5% DMSO,L-1374*2.5% DMSO,0,0.042333333,0.049333333,0.064333333,0.087,0.113666667,0.153333333,0.201333333,0.262666667,0.349666667,0.458333333,0.627666667,0.731666667,0.882333333,1.019,1.126333333,1.154,1.170333333,1.190333333,1.213666667,1.246333333,1.276333333,1.306333333,1.335,1.370333333,1.401,1.473,1.458,1.48,1.506333333,1.530666667,1.548333333,1.570666667,1.590666667,1.607666667,1.622666667,1.640333333,1.651,1.665333333,1.675,1.688
