experiment,Line-Treatment,DT inflection,StDev_inf,DT interval,StDev_int,Lab strain,Strain,Treatment,Strain*Treatment,Time_0,Time_0.5,Time_1,Time_1.5,Time_2,Time_2.5,Time_3,Time_3.5,Time_4,Time_4.5,Time_5,Time_5.5,Time_6,Time_6.5,Time_7,Time_7.5,Time_8,Time_8.5,Time_9,Time_9.5,Time_10,Time_10.5,Time_11,Time_11.5,Time_12,Time_12.5,Time_13,Time_13.5,Time_14,Time_14.5,Time_15,Time_15.5,Time_16,Time_16.5,Time_17,Time_17.5,Time_18,Time_18.5,Time_19,Time_19.5,Time_20
SGRP_mTORinhibits_SET3_GDC_Redo_JEMBL_08102017.xls,YML668-100 uM GDC0941,83.47000533,38.18362341,334.3343662,140.0592093,yML 668,N-17,100 uM GDC0941,N-17*100 uM GDC0941,0,0.064333333,0.076666667,0.079333333,0.070666667,0.058,0.050666667,0.046666667,0.067666667,0.080666667,0.089666667,0.122333333,0.162333333,0.175666667,0.219666667,0.271,0.320333333,0.335333333,0.358,0.382333333,0.412666667,0.458,0.493,0.505333333,0.567666667,0.599666667,0.622666667,0.647666667,0.677333333,0.711333333,0.739666667,0.774666667,0.803666667,0.834,0.863,0.894333333,0.904666667,0.936333333,0.952333333,0.976333333,0.998333333
SGRP_mTORinhibitsSCREEN_SET3_round2_GDC_KG_09142017_D.xls,YML668-100 uM GDC0941,156.9849139,13.09739191,668.6281019,66.28349395,yML 668,N-17,100 uM GDC0941,N-17*100 uM GDC0941,0,0.073,0.078,0.084,0.084333333,0.096666667,0.100666667,0.111666667,0.122666667,0.137,0.149666667,0.161333333,0.183666667,0.194,0.205333333,0.220333333,0.225333333,0.231,0.248,0.264333333,0.282666667,0.286,0.295666667,0.302666667,0.322666667,0.339333333,0.351333333,0.358333333,0.375,0.392333333,0.408,0.420666667,0.438,0.452,0.476,0.489,0.513666667,0.529333333,0.537666667,0.547666667,0.553333333
