experiment,Line-Treatment,DT inflection,StDev_inf,DT interval,StDev_int,Lab strain,Strain,Treatment,Strain*Treatment,Time_0,Time_0.5,Time_1,Time_1.5,Time_2,Time_2.5,Time_3,Time_3.5,Time_4,Time_4.5,Time_5,Time_5.5,Time_6,Time_6.5,Time_7,Time_7.5,Time_8,Time_8.5,Time_9,Time_9.5,Time_10,Time_10.5,Time_11,Time_11.5,Time_12,Time_12.5,Time_13,Time_13.5,Time_14,Time_14.5,Time_15,Time_15.5,Time_16,Time_16.5,Time_17,Time_17.5,Time_18,Time_18.5,Time_19,Time_19.5,Time_20
SGRP_mTORinhibits_SET3_highTORIN_MGK_101617_F.xls,YML674-25 uM Torin 1,72.9426166,22.1351474,416.0515877,446.1188334,yML 674,Q32.3,25 uM Torin 1,Q32.3*25 uM Torin 1,0,0.040666667,0.048666667,0.055333333,0.064666667,0.081666667,0.095666667,0.115666667,0.128333333,0.164333333,0.176666667,0.201333333,0.231333333,0.274,0.330666667,0.394,0.463,0.562666667,0.684333333,0.771,0.892,1.016,1.097333333,1.151333333,1.151333333,1.178333333,1.197,1.226333333,1.236333333,1.276333333,1.297333333,1.326333333,1.353,1.380666667,1.399666667,1.427666667,1.444333333,1.468,1.490333333,1.513,1.524
SGRP_mTORinhibitsSCREEN_SET3highTORIN_MGK_101617_D.xls,YML674-25 uM Torin 1,88.25169699,19.84222498,608.6418271,677.7699685,yML 674,Q32.3,25 uM Torin 1,Q32.3*25 uM Torin 1,0,0.039333333,0.046666667,0.069333333,0.081666667,0.089333333,0.103666667,0.121,0.139,0.156333333,0.17,0.212333333,0.256,0.270333333,0.309,0.348,0.417666667,0.492333333,0.587666667,0.684333333,0.817666667,0.923666667,1.041333333,1.090666667,1.095,1.107,1.132333333,1.155,1.175666667,1.214666667,1.245333333,1.282,1.312666667,1.344333333,1.372333333,1.406,1.427666667,1.451,1.474666667,1.502333333,1.521333333
