experiment,Line-Treatment,DT inflection,StDev_inf,DT interval,StDev_int,Lab strain,Strain,Treatment,Strain*Treatment,Time_0,Time_0.5,Time_1,Time_1.5,Time_2,Time_2.5,Time_3,Time_3.5,Time_4,Time_4.5,Time_5,Time_5.5,Time_6,Time_6.5,Time_7,Time_7.5,Time_8,Time_8.5,Time_9,Time_9.5,Time_10,Time_10.5,Time_11,Time_11.5,Time_12,Time_12.5,Time_13,Time_13.5,Time_14,Time_14.5,Time_15,Time_15.5,Time_16,Time_16.5,Time_17,Time_17.5,Time_18,Time_18.5,Time_19,Time_19.5,Time_20
SGRP_mTORinhibitsSCREEN_SET2_CAFFEINE AND lowTORIN_MGK_AR_120320,NCYC 3470-2.5% DMSO,69.71528942,2.014861657,77.78006734,2.376394349,NCYC 3470,YIIc17_E5 ,2.5% DMSO,YIIc17_E5 *2.5% DMSO,0,0.045,0.054666667,0.071666667,0.088333333,0.115,0.146,0.194333333,0.246666667,0.332333333,0.421666667,0.546666667,0.667333333,0.801,0.942666667,1.082,1.185666667,1.191666667,1.190666667,1.196333333,1.2,1.200666667,1.205333333,1.207666667,1.211333333,1.219333333,1.218333333,1.224666667,1.227666667,1.228666667,1.241333333,1.242333333,1.244333333,1.252666667,1.257333333,1.262333333,1.266666667,1.272333333,1.275333333,1.283666667,1.283
