experiment,Line-Treatment,DT inflection,StDev_inf,DT interval,StDev_int,Lab strain,Strain,Treatment,Strain*Treatment,Time_0,Time_0.5,Time_1,Time_1.5,Time_2,Time_2.5,Time_3,Time_3.5,Time_4,Time_4.5,Time_5,Time_5.5,Time_6,Time_6.5,Time_7,Time_7.5,Time_8,Time_8.5,Time_9,Time_9.5,Time_10,Time_10.5,Time_11,Time_11.5,Time_12,Time_12.5,Time_13,Time_13.5,Time_14,Time_14.5,Time_15,Time_15.5,Time_16,Time_16.5,Time_17,Time_17.5,Time_18,Time_18.5,Time_19,Time_19.5,Time_20
SGRP_mTORinhibitsSCREEN_SET3_CAFFEINE_MGK_10082017_D.xls,YML665-1000 ug/ml Caffeine,74.96050445,9.784636735,104.3977622,4.995469527,yML 665,N-45,1 mg/mL Caffeine,N-45*1 mg/mL Caffeine,0,0.059333333,0.067,0.075666667,0.087666667,0.107666667,0.124333333,0.148,0.194333333,0.228666667,0.284,0.357666667,0.452666667,0.558666667,0.674333333,0.794,0.909,1.024666667,1.137,1.138333333,1.149666667,1.134,1.162666667,1.169666667,1.195,1.217666667,1.251333333,1.284666667,1.306666667,1.349333333,1.381666667,1.409666667,1.427333333,1.476333333,1.492666667,1.523333333,1.541333333,1.566666667,1.587666667,1.599666667,1.621333333
