experiment,Line-Treatment,DT inflection,StDev_inf,DT interval,StDev_int,Lab strain,Strain,Treatment,Strain*Treatment,Time_0,Time_0.5,Time_1,Time_1.5,Time_2,Time_2.5,Time_3,Time_3.5,Time_4,Time_4.5,Time_5,Time_5.5,Time_6,Time_6.5,Time_7,Time_7.5,Time_8,Time_8.5,Time_9,Time_9.5,Time_10,Time_10.5,Time_11,Time_11.5,Time_12,Time_12.5,Time_13,Time_13.5,Time_14,Time_14.5,Time_15,Time_15.5,Time_16,Time_16.5,Time_17,Time_17.5,Time_18,Time_18.5,Time_19,Time_19.5,Time_20
SGRP_mTOR_inhibitsSCREEN_SET2_HighRAPA+LowTorin_Repeat_JEMBL_073,yML 557-20 ng/ml RAPA,147.2009942,18.47449307,200.7084917,6.430307386,yML 557,T7,20 ng/mL RAPA,T7*20 ng/mL RAPA,0,0.059666667,0.063666667,0.069333333,0.082,0.090666667,0.112,0.131666667,0.146333333,0.164666667,0.180666667,0.198666667,0.219,0.244666667,0.268666667,0.296666667,0.327,0.368,0.418333333,0.476333333,0.534666667,0.600666667,0.660666667,0.729666667,0.796666667,0.861333333,0.928,0.992666667,1.053,1.111666667,1.168666667,1.222666667,1.275,1.324,1.369333333,1.413666667,1.449666667,1.469,1.488333333,1.508666667,1.528
