experiment,Line-Treatment,DT inflection,StDev_inf,DT interval,StDev_int,Lab strain,Strain,Treatment,Strain*Treatment,Time_0,Time_0.5,Time_1,Time_1.5,Time_2,Time_2.5,Time_3,Time_3.5,Time_4,Time_4.5,Time_5,Time_5.5,Time_6,Time_6.5,Time_7,Time_7.5,Time_8,Time_8.5,Time_9,Time_9.5,Time_10,Time_10.5,Time_11,Time_11.5,Time_12,Time_12.5,Time_13,Time_13.5,Time_14,Time_14.5,Time_15,Time_15.5,Time_16,Time_16.5,Time_17,Time_17.5,Time_18,Time_18.5,Time_19,Time_19.5,Time_20
SGRP_mTORinhibitsSCREEN_SET1_LOWRAPA_highRAPA_lowTORIN_MGK_12022,NCYC 3311-20 ng/ml RAPA,161.7210193,10.20932072,212.6524161,1.952432797,NCYC 3311,DBVPG 1788,20 ng/mL RAPA,DBVPG 1788*20 ng/mL RAPA,0,0.046,0.055333333,0.064333333,0.073333333,0.080666667,0.088,0.096333333,0.105666667,0.117333333,0.130333333,0.144,0.160333333,0.182333333,0.203333333,0.226,0.251,0.277666667,0.308,0.339333333,0.371666667,0.405666667,0.443333333,0.488666667,0.537333333,0.592,0.646,0.698,0.75,0.804666667,0.856,0.904333333,0.952666667,0.998666667,1.042666667,1.084,1.127,1.163666667,1.201,1.234666667,1.266333333
SGRP_mTORinhibitsSCREEN_SET1_LOWRAPA_highRAPA_lowTORIN_MGK_12022,NCYC 3311-20 ng/ml RAPA,176.6213211,3.317752484,208.4804019,2.060056513,NCYC 3311,DBVPG 1788,20 ng/mL RAPA,DBVPG 1788*20 ng/mL RAPA,0,0.048666667,0.058333333,0.069666667,0.078333333,0.087,0.094666667,0.104666667,0.114,0.125666667,0.139666667,0.156333333,0.173666667,0.193666667,0.216666667,0.242333333,0.267666667,0.297666667,0.327666667,0.362666667,0.395666667,0.433333333,0.472666667,0.525333333,0.579,0.636333333,0.691333333,0.745666667,0.798333333,0.851666667,0.901333333,0.951333333,0.997333333,1.042333333,1.087333333,1.127333333,1.169,1.206666667,1.241,1.275,1.304666667
