experiment,Line-Treatment,DT inflection,StDev_inf,DT interval,StDev_int,Lab strain,Strain,Treatment,Strain*Treatment,Time_0,Time_0.5,Time_1,Time_1.5,Time_2,Time_2.5,Time_3,Time_3.5,Time_4,Time_4.5,Time_5,Time_5.5,Time_6,Time_6.5,Time_7,Time_7.5,Time_8,Time_8.5,Time_9,Time_9.5,Time_10,Time_10.5,Time_11,Time_11.5,Time_12,Time_12.5,Time_13,Time_13.5,Time_14,Time_14.5,Time_15,Time_15.5,Time_16,Time_16.5,Time_17,Time_17.5,Time_18,Time_18.5,Time_19,Time_19.5,Time_20
SGRP_mTORinhibitsSCREEN_SET2_GDC_AR_062617.xls,NCYC 3461-100uM GDC0941,40.46077001,4.487822449,75.06236206,20.22087025,NCYC 3461,UWOPS03-461.4 ,100 uM GDC0941,UWOPS03-461.4 *100 uM GDC0941,0,0.047333333,0.051666667,0.066,0.074,0.053666667,0.084,0.106666667,0.157666667,0.199666667,0.267666667,0.404,0.602333333,0.797333333,0.978333333,1.144,1.255333333,1.309,1.295333333,1.326666667,1.350666667,1.383333333,1.43,1.447666667,1.498666667,1.530333333,1.553,1.585333333,1.611666667,1.615333333,1.653333333,1.68,1.699,1.702,1.717,1.731333333,1.744666667,1.757666667,1.762333333,1.795333333,1.785666667
