experiment,Line-Treatment,DT inflection,StDev_inf,DT interval,StDev_int,Lab strain,Strain,Treatment,Strain*Treatment,Time_0,Time_0.5,Time_1,Time_1.5,Time_2,Time_2.5,Time_3,Time_3.5,Time_4,Time_4.5,Time_5,Time_5.5,Time_6,Time_6.5,Time_7,Time_7.5,Time_8,Time_8.5,Time_9,Time_9.5,Time_10,Time_10.5,Time_11,Time_11.5,Time_12,Time_12.5,Time_13,Time_13.5,Time_14,Time_14.5,Time_15,Time_15.5,Time_16,Time_16.5,Time_17,Time_17.5,Time_18,Time_18.5,Time_19,Time_19.5,Time_20
SGRP_mTOR_inhibitsSCREEN_SET1_lowRAPA_redo2_KG_092317.xls,NCYC 3456-2.5 ng/ml RAPA,66.3967439,0.932907449,71.77853828,2.670734625,NCYC 3456,378604 X,2.5 ng/mL RAPA,378604 X*2.5 ng/mL RAPA,0,0.068,0.069666667,0.074666667,0.089666667,0.116333333,0.153333333,0.209666667,0.279333333,0.367,0.472333333,0.592666667,0.722666667,0.860333333,0.999,1.125333333,1.231,1.253666667,1.257,1.262,1.264,1.268666667,1.274333333,1.278666667,1.285333333,1.293,1.301333333,1.312,1.322333333,1.334333333,1.349666667,1.366333333,1.384333333,1.405,1.427666667,1.451666667,1.475666667,1.502,1.527,1.550666667,1.575
SGRP_mTORinhibitsSCREEN_SET1_lowRAPA_round4_KG_092417.xls,NCYC 3456-2.5 ng/ml RAPA,65.58698112,1.598221367,71.46028298,0.319221854,NCYC 3456,378604 X,2.5 ng/mL RAPA,378604 X*2.5 ng/mL RAPA,0,0.081,0.118,0.151,0.207666667,0.272333333,0.370333333,0.480333333,0.616333333,0.76,0.909333333,1.058666667,1.185,1.268333333,1.288,1.3,1.319,1.335666667,1.356333333,1.376,1.399666667,1.429333333,1.459333333,1.488,1.513333333,1.536,1.559666667,1.578,1.603666667,1.623333333,1.639,1.656,1.673666667,1.691,1.703333333,1.718666667,1.729,1.743333333,1.756666667,1.768,1.779
SGRP_mTORinhibsSCREEN_SET1_lowRAPA_JEMBL_08152017.xls,NCYC 3456-2.5 ng/ml RAPA,73.08392778,1.021855513,74.92154406,1.685144234,NCYC 3456,378604 X,2.5 ng/mL RAPA,378604 X*2.5 ng/mL RAPA,0,0.069,0.074333333,0.087,0.115,0.153333333,0.199333333,0.263,0.347666667,0.456333333,0.573,0.717666667,0.864666667,1.018,1.158,1.245333333,1.263666667,1.282666667,1.297333333,1.316333333,1.334333333,1.358666667,1.382666667,1.405666667,1.44,1.466666667,1.492333333,1.518333333,1.543666667,1.565333333,1.584333333,1.603,1.626333333,1.638666667,1.659,1.674333333,1.687333333,1.707,1.719666667,1.732666667,1.744333333
