experiment,Line-Treatment,DT inflection,StDev_inf,DT interval,StDev_int,Lab strain,Strain,Treatment,Strain*Treatment,Time_0,Time_0.5,Time_1,Time_1.5,Time_2,Time_2.5,Time_3,Time_3.5,Time_4,Time_4.5,Time_5,Time_5.5,Time_6,Time_6.5,Time_7,Time_7.5,Time_8,Time_8.5,Time_9,Time_9.5,Time_10,Time_10.5,Time_11,Time_11.5,Time_12,Time_12.5,Time_13,Time_13.5,Time_14,Time_14.5,Time_15,Time_15.5,Time_16,Time_16.5,Time_17,Time_17.5,Time_18,Time_18.5,Time_19,Time_19.5,Time_20
SET2AZDredo+highTORINMBL_07302017.xls,yML560-100 uM AZD8055,97.1626406,2.131634827,108.7985373,3.528720948,yML 560,UC5,100 uM AZD8055,UC5*100 uM AZD8055,0,0.047666667,0.053333333,0.062666667,0.070333333,0.087333333,0.109666667,0.13,0.161,0.197333333,0.232666667,0.286666667,0.351666667,0.434666667,0.530666667,0.633,0.736666667,0.847,0.952666667,1.052,1.118666667,1.128666667,1.145333333,1.166666667,1.195,1.224,1.258,1.285666667,1.316333333,1.343666667,1.379,1.402,1.426,1.453666667,1.473666667,1.493333333,1.515333333,1.537666667,1.547666667,1.566,1.583666667
