experiment,Line-Treatment,DT inflection,StDev_inf,DT interval,StDev_int,Lab strain,Strain,Treatment,Strain*Treatment,Time_0,Time_0.5,Time_1,Time_1.5,Time_2,Time_2.5,Time_3,Time_3.5,Time_4,Time_4.5,Time_5,Time_5.5,Time_6,Time_6.5,Time_7,Time_7.5,Time_8,Time_8.5,Time_9,Time_9.5,Time_10,Time_10.5,Time_11,Time_11.5,Time_12,Time_12.5,Time_13,Time_13.5,Time_14,Time_14.5,Time_15,Time_15.5,Time_16,Time_16.5,Time_17,Time_17.5,Time_18,Time_18.5,Time_19,Time_19.5,Time_20
_lowTORIN_KGPUMBL_052817.xls,NCYC 3266-2.5% DMSO,72.68317409,1.829391408,79.65042236,2.82298528,NCYC 3266,Y55,2.5% DMSO,Y55*2.5% DMSO,0,0.117666667,0.141666667,0.174666667,0.223333333,0.290333333,0.385666667,0.508333333,0.634333333,0.783666667,0.933,1.082333333,1.188333333,1.213,1.238666667,1.264,1.28,1.298,1.33,1.355,1.386333333,1.418333333,1.449,1.474666667,1.498,1.518,1.54,1.561,1.569333333,1.599666667,1.621666667,1.642,1.656666667,1.672666667,1.691,1.703666667,1.719,1.720333333,1.733333333,1.749333333,1.751666667
SGRP_mTORinhibits_SET1_lowTORINredo_JEMBL_08032017.xls,NCYC 3266-2.5% DMSO,63.36491921,0.739396949,68.9544058,2.810961982,NCYC 3266,Y55,2.5% DMSO,Y55*2.5% DMSO,0,0.030666667,0.052,0.063333333,0.08,0.106666667,0.144,0.193,0.268,0.355666667,0.47,0.612,0.758666667,0.915,1.071666667,1.146666667,1.163333333,1.187333333,1.204666667,1.230666667,1.257333333,1.292666667,1.326,1.355666667,1.39,1.420666667,1.446333333,1.471333333,1.497,1.524333333,1.545333333,1.566666667,1.585666667,1.604666667,1.622666667,1.639666667,1.655666667,1.668,1.683333333,1.696333333,1.706333333
SGRP_mTORinhibitsSCREEN_SET1_LOW_TORIN_MGK_081617.xls,NCYC 3266-2.5% DMSO,64.02560941,3.638967779,67.97927488,1.634805064,NCYC 3266,Y55,2.5% DMSO,Y55*2.5% DMSO,0,0.056,0.067333333,0.084666667,0.11,0.147666667,0.197333333,0.272333333,0.363333333,0.467333333,0.598333333,0.733666667,0.889333333,1.022,1.123666667,1.165666667,1.178333333,1.204,1.227666667,1.255666667,1.283666667,1.319666667,1.348333333,1.382333333,1.414,1.444,1.47,1.493333333,1.525666667,1.545,1.564666667,1.586,1.606333333,1.628333333,1.644333333,1.661333333,1.676333333,1.689666667,1.699666667,1.711,1.725333333
