experiment,Line-Treatment,DT inflection,StDev_inf,DT interval,StDev_int,Lab strain,Strain,Treatment,Strain*Treatment,Time_0,Time_0.5,Time_1,Time_1.5,Time_2,Time_2.5,Time_3,Time_3.5,Time_4,Time_4.5,Time_5,Time_5.5,Time_6,Time_6.5,Time_7,Time_7.5,Time_8,Time_8.5,Time_9,Time_9.5,Time_10,Time_10.5,Time_11,Time_11.5,Time_12,Time_12.5,Time_13,Time_13.5,Time_14,Time_14.5,Time_15,Time_15.5,Time_16,Time_16.5,Time_17,Time_17.5,Time_18,Time_18.5,Time_19,Time_19.5,Time_20
SET2_caffeine_KGPU_080517.xls,NCYC 3462-1000 ug/ml Caffeine,56.25051674,3.313656169,76.08367465,11.32551893,NCYC 3462,UWOPS05-217.3 ,1 mg/mL Caffeine,UWOPS05-217.3 *1 mg/mL Caffeine,0,0.057,0.049666667,0.023333333,0.012666667,0.075333333,0.098666667,0.087,0.087333333,0.133666667,0.174333333,0.228666667,0.304,0.428666667,0.609666667,0.803666667,0.996666667,1.135333333,1.226333333,1.272,1.277666667,1.301333333,1.336666667,1.366,1.403666667,1.432333333,1.470666667,1.489,1.521333333,1.546,1.578,1.594333333,1.619,1.636666667,1.658333333,1.677,1.691333333,1.709666667,1.721666667,1.741333333,1.746
SGRP_mTORinhibits_SET2_Caffeine_JE_092817.xls,NCYC 3462-1000 ug/ml Caffeine,44.21157777,16.87789706,68.45039808,19.03182605,NCYC 3462,UWOPS05-217.3 ,1 mg/mL Caffeine,UWOPS05-217.3 *1 mg/mL Caffeine,0,0.062,0.055666667,0.043333333,0.019333333,0.016,0.013333333,0.055,0.066666667,0.071,0.111333333,0.196333333,0.247333333,0.357333333,0.467,0.621,0.841666667,1.029333333,1.166,1.253333333,1.297333333,1.312666667,1.33,1.363333333,1.393666667,1.423,1.456,1.49,1.509,1.541,1.567333333,1.595333333,1.614333333,1.629333333,1.650666667,1.671333333,1.690666667,1.704333333,1.715666667,1.729666667,1.743333333
