experiment,Line-Treatment,DT inflection,StDev_inf,DT interval,StDev_int,Lab strain,Strain,Treatment,Strain*Treatment,Time_0,Time_0.5,Time_1,Time_1.5,Time_2,Time_2.5,Time_3,Time_3.5,Time_4,Time_4.5,Time_5,Time_5.5,Time_6,Time_6.5,Time_7,Time_7.5,Time_8,Time_8.5,Time_9,Time_9.5,Time_10,Time_10.5,Time_11,Time_11.5,Time_12,Time_12.5,Time_13,Time_13.5,Time_14,Time_14.5,Time_15,Time_15.5,Time_16,Time_16.5,Time_17,Time_17.5,Time_18,Time_18.5,Time_19,Time_19.5,Time_20
SGRP_mTORinhibitsSCREEN_SET3_CAFFEINE AND lowTORIN_JEMBL_1201201,yML 567-2.5% DMSO,116.1822323,4.360553057,125.2661171,2.25876088,yML 567,FM476,2.5% DMSO,FM476*2.5% DMSO,0,0.022666667,0.026,0.026,0.027666667,0.030333333,0.034333333,0.038333333,0.049,0.056,0.076,0.085666667,0.096666667,0.112,0.128,0.148666667,0.173,0.202,0.239333333,0.284333333,0.338333333,0.398,0.461666667,0.540666667,0.620333333,0.712,0.804666667,0.862,0.880666667,0.882666667,0.885666667,0.886,0.892333333,0.893666667,0.897,0.900666667,0.907666667,0.911,0.91,0.915666667,0.912666667
