experiment,Line-Treatment,DT inflection,StDev_inf,DT interval,StDev_int,Lab strain,Strain,Treatment,Strain*Treatment,Time_0,Time_0.5,Time_1,Time_1.5,Time_2,Time_2.5,Time_3,Time_3.5,Time_4,Time_4.5,Time_5,Time_5.5,Time_6,Time_6.5,Time_7,Time_7.5,Time_8,Time_8.5,Time_9,Time_9.5,Time_10,Time_10.5,Time_11,Time_11.5,Time_12,Time_12.5,Time_13,Time_13.5,Time_14,Time_14.5,Time_15,Time_15.5,Time_16,Time_16.5,Time_17,Time_17.5,Time_18,Time_18.5,Time_19,Time_19.5,Time_20
SGRP_mTORinhibsSCREEN_SET1_lowRAPA_KGPUMBL_05062017.xls,NCYC 3284-2.5ng/ml RAPA,65.82296751,3.706129431,78.7833882,3.822263611,NCYC 3284,YPS128,2.5 ng/mL RAPA,YPS128*2.5 ng/mL RAPA,0,0.064333333,0.066666667,0.079,0.022666667,0.126666667,0.183666667,0.24,0.312666667,0.421333333,0.560666667,0.687666667,0.781,1.001666667,1.143333333,1.191666667,1.301666667,1.324,1.356,1.38,1.415333333,1.443333333,1.465666667,1.498,1.521333333,1.542,1.552666667,1.576666667,1.598333333,1.617,1.626,1.64,1.645666667,1.669333333,1.679,1.685666667,1.697,1.705,1.714666667,1.724333333,1.729666667
