experiment,Line-Treatment,DT inflection,StDev_inf,DT interval,StDev_int,Lab strain,Strain,Treatment,Strain*Treatment,Time_0,Time_0.5,Time_1,Time_1.5,Time_2,Time_2.5,Time_3,Time_3.5,Time_4,Time_4.5,Time_5,Time_5.5,Time_6,Time_6.5,Time_7,Time_7.5,Time_8,Time_8.5,Time_9,Time_9.5,Time_10,Time_10.5,Time_11,Time_11.5,Time_12,Time_12.5,Time_13,Time_13.5,Time_14,Time_14.5,Time_15,Time_15.5,Time_16,Time_16.5,Time_17,Time_17.5,Time_18,Time_18.5,Time_19,Time_19.5,Time_20
SGRP_mTORinhibits_SET2_lowRAPA_KGPUMBL_080417.xls.xls,yML562-2.5 ng/ml RAPA,86.71464974,4.23206577,98.5332997,3.369270463,yML 562,CLIB215,2.5 ng/mL RAPA,CLIB215*2.5 ng/mL RAPA,0,0.056,0.06,0.064666667,0.074333333,0.086666667,0.102333333,0.12,0.146,0.173333333,0.213333333,0.260666667,0.328666667,0.41,0.507,0.603,0.722666667,0.849333333,0.967333333,1.050666667,1.062,1.068333333,1.075,1.089,1.112,1.140333333,1.172666667,1.208666667,1.244,1.278333333,1.312333333,1.341,1.37,1.394,1.416333333,1.438333333,1.455333333,1.473,1.494333333,1.509,1.526333333
SGRP_mTORinhibitsSCREEN_SET2_lowRAPA_KGPUMBL_100117.xls,yML562-2.5 ng/ml RAPA,72.024667,1.923627905,78.62125275,2.62152266,yML 562,CLIB215,2.5 ng/mL RAPA,CLIB215*2.5 ng/mL RAPA,0,0.031666667,0.038666667,0.046333333,0.056666667,0.072333333,0.090666667,0.117333333,0.154,0.202666667,0.267,0.343333333,0.442666667,0.547333333,0.666,0.798333333,0.938666667,1.06,1.129333333,1.135666667,1.139,1.144,1.161666667,1.184,1.215333333,1.249,1.278666667,1.316,1.348,1.377666667,1.406,1.436333333,1.459666667,1.482,1.503,1.521,1.539,1.558333333,1.571333333,1.589,1.600333333
