experiment,Line-Treatment,DT inflection,StDev_inf,DT interval,StDev_int,Lab strain,Strain,Treatment,Strain*Treatment,Time_0,Time_0.5,Time_1,Time_1.5,Time_2,Time_2.5,Time_3,Time_3.5,Time_4,Time_4.5,Time_5,Time_5.5,Time_6,Time_6.5,Time_7,Time_7.5,Time_8,Time_8.5,Time_9,Time_9.5,Time_10,Time_10.5,Time_11,Time_11.5,Time_12,Time_12.5,Time_13,Time_13.5,Time_14,Time_14.5,Time_15,Time_15.5,Time_16,Time_16.5,Time_17,Time_17.5,Time_18,Time_18.5,Time_19,Time_19.5,Time_20
SCREEN_SET2_HIGHTORIN#3_MGK_09302017_F.xls,yML564-25 uM Torin 1,100.7118559,4.609428015,116.8062187,6.741016401,yML 564,CLIB382,25 uM Torin 1,CLIB382*25 uM Torin 1,0,0.037666667,0.04,0.040666667,0.041,0.042333333,0.042333333,0.042333333,0.043,0.042333333,0.043,0.043333333,0.044333333,0.044333333,0.045666667,0.047333333,0.048333333,0.051,0.053,0.055666667,0.058666667,0.061,0.064333333,0.067333333,0.071333333,0.075666667,0.081666667,0.087333333,0.097,0.108333333,0.121333333,0.137666667,0.159,0.184,0.217666667,0.260333333,0.313666667,0.379,0.456333333,0.551,0.652333333
SGRP_mTOR_inhibitsSCREEN_SET2_HIGH_TORIN_AR_10092017_F.xls,yML564-25 uM Torin 1,72.84640713,3.83539637,77.40173206,0.234932009,yML 564,CLIB382,25 uM Torin 1,CLIB382*25 uM Torin 1,0,0.015,0.015,0.015,0.013,0.013,0.013333333,0.013,0.014,0.016666667,0.020333333,0.022666667,0.025333333,0.030666667,0.031333333,0.036,0.037333333,0.041666667,0.049333333,0.058333333,0.075333333,0.096,0.122333333,0.163,0.210666667,0.279666667,0.361333333,0.464666667,0.578333333,0.709333333,0.841333333,0.976333333,1.107333333,1.24,1.349,1.409,1.427333333,1.443666667,1.466666667,1.488,1.507666667
SGRP_mTORinhibitsSCREEN_SET2_HIGHTORIN#2_MGK_093017_D.xls,yML564-25 uM Torin 1,110.7170052,3.221142921,132.3373742,5.524229927,yML 564,CLIB382,25 uM Torin 1,CLIB382*25 uM Torin 1,0,0.049666667,0.050666667,0.053666667,0.053333333,0.05,0.053333333,0.054333333,0.055,0.054333333,0.054333333,0.054,0.055333333,0.056,0.052333333,0.057,0.058333333,0.059333333,0.062333333,0.065333333,0.068333333,0.068666667,0.074666667,0.078333333,0.081,0.084,0.090333333,0.096,0.104,0.113,0.123,0.131666667,0.152,0.173,0.196333333,0.223333333,0.265333333,0.314666667,0.374,0.45,0.539
