experiment,Line-Treatment,DT inflection,StDev_inf,DT interval,StDev_int,Lab strain,Strain,Treatment,Strain*Treatment,Time_0,Time_0.5,Time_1,Time_1.5,Time_2,Time_2.5,Time_3,Time_3.5,Time_4,Time_4.5,Time_5,Time_5.5,Time_6,Time_6.5,Time_7,Time_7.5,Time_8,Time_8.5,Time_9,Time_9.5,Time_10,Time_10.5,Time_11,Time_11.5,Time_12,Time_12.5,Time_13,Time_13.5,Time_14,Time_14.5,Time_15,Time_15.5,Time_16,Time_16.5,Time_17,Time_17.5,Time_18,Time_18.5,Time_19,Time_19.5,Time_20
SGRP_mTORinhibitsSCREEN_SET3_CAFFEINE AND lowTORIN_JEMBL_1201201,yML681-1 uM Torin 11,39.82226018,42.29119157,,,yML 681,A4,1 uM Torin 1,A4*1 uM Torin 1,0,0.027333333,0.03,0.032,0.037333333,0.039333333,0.040333333,0.044333333,0.091,0.110666667,0.439666667,0.575666667,0.679666667,0.829666667,0.953666667,1.077,1.097333333,1.143666667,1.152666667,1.174666667,1.193333333,1.231,1.246666667,1.281,1.294666667,1.331666667,1.344666667,1.372666667,1.397666667,1.421,1.443,1.458666667,1.490666667,1.506,1.518333333,1.539,1.581666667,1.601,1.592,1.635,1.633
