experiment,Line-Treatment,DT inflection,StDev_inf,DT interval,StDev_int,Lab strain,Strain,Treatment,Strain*Treatment,Time_0,Time_0.5,Time_1,Time_1.5,Time_2,Time_2.5,Time_3,Time_3.5,Time_4,Time_4.5,Time_5,Time_5.5,Time_6,Time_6.5,Time_7,Time_7.5,Time_8,Time_8.5,Time_9,Time_9.5,Time_10,Time_10.5,Time_11,Time_11.5,Time_12,Time_12.5,Time_13,Time_13.5,Time_14,Time_14.5,Time_15,Time_15.5,Time_16,Time_16.5,Time_17,Time_17.5,Time_18,Time_18.5,Time_19,Time_19.5,Time_20
SET4_highTORIN_REDO_NBMBL_080717.xls,yML 688-25 uM Torin 1,54.56616509,17.23034932,93.04712891,16.59525386,yML 688,Q74.4,25 uM Torin 1,Q74.4*25 uM Torin 1,0,0.044333333,0.046,0.044,0.04,0.037,0.033,0.037333333,0.04,0.046,0.051,0.062,0.078333333,0.124,0.135,0.153666667,0.231,0.272,0.343,0.416,0.525333333,0.649666667,0.772,0.906,1.034333333,1.124333333,1.19,1.218,1.242666667,1.270333333,1.301333333,1.336333333,1.366333333,1.396666667,1.424,1.452666667,1.478333333,1.498333333,1.517,1.532666667,1.552666667
