experiment,Line-Treatment,DT inflection,StDev_inf,DT interval,StDev_int,Lab strain,Strain,Treatment,Strain*Treatment,Time_0,Time_0.5,Time_1,Time_1.5,Time_2,Time_2.5,Time_3,Time_3.5,Time_4,Time_4.5,Time_5,Time_5.5,Time_6,Time_6.5,Time_7,Time_7.5,Time_8,Time_8.5,Time_9,Time_9.5,Time_10,Time_10.5,Time_11,Time_11.5,Time_12,Time_12.5,Time_13,Time_13.5,Time_14,Time_14.5,Time_15,Time_15.5,Time_16,Time_16.5,Time_17,Time_17.5,Time_18,Time_18.5,Time_19,Time_19.5,Time_20
SET1GDC_ARMBL_080217.xls,NCYC 3319-100 uM GDC0941,66.49815061,1.57720956,68.90915009,0.448784162,NCYC 3319,L-1528,100 uM GDC0941,L-1528*100 uM GDC0941,0,0.021,0.022333333,0.026666667,0.033666667,0.043,0.058,0.076333333,0.101333333,0.137,0.188333333,0.253666667,0.343333333,0.452333333,0.582,0.724333333,0.864333333,1.007666667,1.114666667,1.152666667,1.173,1.189333333,1.216,1.245666667,1.273666667,1.307,1.335333333,1.37,1.4,1.424666667,1.454666667,1.472,1.495,1.513,1.53,1.55,1.565666667,1.584,1.601666667,1.615666667,1.629333333
SGRP_mTOR_inhibitsSCREEN_SET1_GDC_redo_JE_092617.xls,NCYC 3319-100 uM GDC0941,69.65079885,0.915454843,70.66603427,0.665440934,NCYC 3319,L-1528,100 uM GDC0941,L-1528*100 uM GDC0941,0,0.064333333,0.073,0.083666667,0.104333333,0.131333333,0.172,0.230333333,0.31,0.414,0.539333333,0.683333333,0.840666667,0.979,1.115333333,1.210666667,1.230333333,1.248333333,1.267,1.293,1.318,1.341333333,1.366666667,1.398,1.423666667,1.450333333,1.471666667,1.499333333,1.512333333,1.540333333,1.559666667,1.575666667,1.589333333,1.606333333,1.620666667,1.634,1.648333333,1.662333333,1.674666667,1.685666667,1.697666667
