experiment,Line-Treatment,DT inflection,StDev_inf,DT interval,StDev_int,Lab strain,Strain,Treatment,Strain*Treatment,Time_0,Time_0.5,Time_1,Time_1.5,Time_2,Time_2.5,Time_3,Time_3.5,Time_4,Time_4.5,Time_5,Time_5.5,Time_6,Time_6.5,Time_7,Time_7.5,Time_8,Time_8.5,Time_9,Time_9.5,Time_10,Time_10.5,Time_11,Time_11.5,Time_12,Time_12.5,Time_13,Time_13.5,Time_14,Time_14.5,Time_15,Time_15.5,Time_16,Time_16.5,Time_17,Time_17.5,Time_18,Time_18.5,Time_19,Time_19.5,Time_20
SET3_Low Rapa_REDO_MGK_081117.xls,YML666-2.5 ng/ml RAPA,73.75767698,5.384327856,99.47557369,1.887714696,yML 666,UFRJ50816,2.5 ng/mL RAPA,UFRJ50816*2.5 ng/mL RAPA,0,0.034333333,0.033666667,0.047,0.073,0.107333333,0.135,0.170333333,0.223,0.262,0.331,0.41,0.497333333,0.606666667,0.735,0.865,0.985666667,1.108,1.193,1.219333333,1.238666667,1.254666667,1.286666667,1.315333333,1.350333333,1.380666667,1.413666667,1.448,1.469666667,1.499666667,1.524666667,1.546,1.562,1.584,1.602333333,1.614666667,1.635333333,1.646,1.661,1.675,1.690333333
