experiment,Line-Treatment,DT inflection,StDev_inf,DT interval,StDev_int,Lab strain,Strain,Treatment,Strain*Treatment,Time_0,Time_0.5,Time_1,Time_1.5,Time_2,Time_2.5,Time_3,Time_3.5,Time_4,Time_4.5,Time_5,Time_5.5,Time_6,Time_6.5,Time_7,Time_7.5,Time_8,Time_8.5,Time_9,Time_9.5,Time_10,Time_10.5,Time_11,Time_11.5,Time_12,Time_12.5,Time_13,Time_13.5,Time_14,Time_14.5,Time_15,Time_15.5,Time_16,Time_16.5,Time_17,Time_17.5,Time_18,Time_18.5,Time_19,Time_19.5,Time_20
SGRP_mTORinhibits_SET3_GDC_Redo_JEMBL_08102017.xls,YML 568-100 uM GDC0941,87.51616329,3.276277496,89.97757568,2.098606359,yML 568,FM356,100 uM GDC0941,FM356*100 uM GDC0941,0,0.0595,0.07375,0.08,0.0915,0.10775,0.13275,0.16675,0.20725,0.2615,0.32375,0.40075,0.4825,0.56875,0.66775,0.7595,0.8355,0.913,0.9335,0.9485,0.95975,0.97675,0.99975,1.02175,1.04725,1.0725,1.098,1.11925,1.13625,1.1535,1.17,1.18475,1.19775,1.211,1.22275,1.2325,1.24375,1.24075,1.2595,1.2685,1.27625
SGRP_mTORinhibitsSCREEN_SET3_round2_GDC_KG_09142017_D.xls,YML 568-100 uM GDC0941,87.29607351,1.312096301,91.95218076,1.176075083,yML 568,FM356,100 uM GDC0941,FM356*100 uM GDC0941,0,0.059,0.06825,0.07325,0.0825,0.10025,0.11975,0.14775,0.18525,0.23175,0.28575,0.35275,0.43025,0.51775,0.6015,0.68725,0.77525,0.873,0.95225,1.01025,1.0215,1.03725,1.04825,1.05925,1.075,1.09175,1.107,1.1215,1.13525,1.148,1.16375,1.17725,1.19375,1.20525,1.21875,1.231,1.2425,1.2535,1.2625,1.271,1.27825
