experiment,Line-Treatment,DT inflection,StDev_inf,DT interval,StDev_int,Lab strain,Strain,Treatment,Strain*Treatment,Time_0,Time_0.5,Time_1,Time_1.5,Time_2,Time_2.5,Time_3,Time_3.5,Time_4,Time_4.5,Time_5,Time_5.5,Time_6,Time_6.5,Time_7,Time_7.5,Time_8,Time_8.5,Time_9,Time_9.5,Time_10,Time_10.5,Time_11,Time_11.5,Time_12,Time_12.5,Time_13,Time_13.5,Time_14,Time_14.5,Time_15,Time_15.5,Time_16,Time_16.5,Time_17,Time_17.5,Time_18,Time_18.5,Time_19,Time_19.5,Time_20
SET2_caffeine_KGPU_080517.xls,yML566-1000 ug/ml Caffeine,67.41031269,3.11180271,75.0294918,3.577158999,yML 566,FM479,1 mg/mL Caffeine,FM479*1 mg/mL Caffeine,0,0.014666667,0.013666667,0.017,0.021333333,0.049,0.053666667,0.072333333,0.090333333,0.117333333,0.165333333,0.218666667,0.292666667,0.377333333,0.480666667,0.592,0.708333333,0.822666667,0.938666667,1.053666667,1.163,1.246666667,1.29,1.305333333,1.321,1.344333333,1.373666667,1.402333333,1.431,1.453333333,1.472,1.489,1.505,1.521,1.534333333,1.55,1.567333333,1.579,1.587666667,1.605,1.614
SGRP_mTORinhibits_SET2_Caffeine_JE_092817.xls,yML566-1000 ug/ml Caffeine,73.22865766,1.276826261,76.66862293,1.36693361,yML 566,FM479,1 mg/mL Caffeine,FM479*1 mg/mL Caffeine,0,0.039,0.035,0.035,0.039666667,0.047666667,0.062666667,0.117,0.149,0.198333333,0.259666667,0.338,0.433666667,0.550666667,0.672,0.798666667,0.924,1.045333333,1.160666667,1.272333333,1.360333333,1.41,1.428333333,1.426333333,1.459,1.474666667,1.494,1.514333333,1.531,1.551,1.568333333,1.581333333,1.593333333,1.604666667,1.617333333,1.628333333,1.641,1.647666667,1.655,1.662666667,1.671
SGRP_mTORinhibitsSCREEN_SET2_Caffeine_JE_092717.xls,yML566-1000 ug/ml Caffeine,79.97599658,3.555590704,86.0301991,3.906545732,yML 566,FM479,1 mg/mL Caffeine,FM479*1 mg/mL Caffeine,0,0.037,0.031333333,0.028333333,0.036,0.057666667,0.065666667,0.082666667,0.110333333,0.148666667,0.190333333,0.243333333,0.314333333,0.39,0.485666667,0.587333333,0.696333333,0.810333333,0.917666667,1.033,1.141,1.243,1.323333333,1.367666667,1.378333333,1.392666667,1.415,1.435333333,1.455666667,1.474,1.498333333,1.521,1.540666667,1.552666667,1.565666667,1.583,1.594666667,1.609,1.62,1.632,1.642
