experiment,Line-Treatment,DT inflection,StDev_inf,DT interval,StDev_int,Lab strain,Strain,Treatment,Strain*Treatment,Time_0,Time_0.5,Time_1,Time_1.5,Time_2,Time_2.5,Time_3,Time_3.5,Time_4,Time_4.5,Time_5,Time_5.5,Time_6,Time_6.5,Time_7,Time_7.5,Time_8,Time_8.5,Time_9,Time_9.5,Time_10,Time_10.5,Time_11,Time_11.5,Time_12,Time_12.5,Time_13,Time_13.5,Time_14,Time_14.5,Time_15,Time_15.5,Time_16,Time_16.5,Time_17,Time_17.5,Time_18,Time_18.5,Time_19,Time_19.5,Time_20
SGRP_mTORinhibitsSCREEN_SET2_GDC_MGK_081917(fixed with adding wr,NCYC 3486-100 uM GDC0941,75.32867055,3.501304514,82.17883508,2.562843295,NCYC 3486,NCYC110 ,100 uM GDC0941,NCYC110 *100 uM GDC0941,0,0.045,0.06,0.075333333,0.080333333,0.091666667,0.118666667,0.143,0.182333333,0.237666667,0.298666667,0.382666667,0.481,0.592333333,0.726,0.871666667,1.004333333,1.086,1.101333333,1.116,1.133333333,1.149666667,1.173,1.199,1.224,1.251,1.277333333,1.300666667,1.326333333,1.350333333,1.375,1.398666667,1.417666667,1.438666667,1.457666667,1.472,1.486,1.502,1.514333333,1.528333333,1.540666667
