experiment,Line-Treatment,DT inflection,StDev_inf,DT interval,StDev_int,Lab strain,Strain,Treatment,Strain*Treatment,Time_0,Time_0.5,Time_1,Time_1.5,Time_2,Time_2.5,Time_3,Time_3.5,Time_4,Time_4.5,Time_5,Time_5.5,Time_6,Time_6.5,Time_7,Time_7.5,Time_8,Time_8.5,Time_9,Time_9.5,Time_10,Time_10.5,Time_11,Time_11.5,Time_12,Time_12.5,Time_13,Time_13.5,Time_14,Time_14.5,Time_15,Time_15.5,Time_16,Time_16.5,Time_17,Time_17.5,Time_18,Time_18.5,Time_19,Time_19.5,Time_20
SGRP_mTORinhibitsSCREEN_SET3_LOWRAPA_JEMBL_12012017_F,yML 569-2.5 ng/ml RAPA,105.9608066,11.20709287,432.8920751,292.6984086,yML 569,FM527,2.5 ng/mL RAPA,FM527*2.5 ng/mL RAPA,0,0.016,0.017333333,0.02,0.021,0.023333333,0.027333333,0.028666667,0.033666667,0.036666667,0.040666667,0.045333333,0.049666667,0.056,0.062666667,0.070666667,0.077,0.086666667,0.094333333,0.104,0.119,0.128333333,0.147333333,0.156333333,0.168,0.187,0.211333333,0.223666667,0.254333333,0.26,0.296333333,0.304,0.364666667,0.386666667,0.412333333,0.463666667,0.522,0.594666667,0.597666667,0.656333333,0.671666667
