experiment,Line-Treatment,DT inflection,StDev_inf,DT interval,StDev_int,Lab strain,Strain,Treatment,Strain*Treatment,Time_0,Time_0.5,Time_1,Time_1.5,Time_2,Time_2.5,Time_3,Time_3.5,Time_4,Time_4.5,Time_5,Time_5.5,Time_6,Time_6.5,Time_7,Time_7.5,Time_8,Time_8.5,Time_9,Time_9.5,Time_10,Time_10.5,Time_11,Time_11.5,Time_12,Time_12.5,Time_13,Time_13.5,Time_14,Time_14.5,Time_15,Time_15.5,Time_16,Time_16.5,Time_17,Time_17.5,Time_18,Time_18.5,Time_19,Time_19.5,Time_20
SGRP_mTORinhibitsSCREEN_SET1HIGHrapaANDhighTORIN_PU_03162018_D.x,NCYC3456B-20 ng/mL Rapamycin,76.58831548,11.93285391,240.479582,8.2715015,NCYC 3456,378604 X,20 ng/mL RAPA,378604 X*20 ng/mL RAPA,0,0.069,0.079,0.097,0.116666667,0.134333333,0.155333333,0.170666667,0.185666667,0.204666667,0.221666667,0.290333333,0.263333333,0.289,0.315,0.346333333,0.368666667,0.394,0.43,0.461333333,0.5,0.540666667,0.583,0.627333333,0.676,0.724666667,0.817333333,0.826,0.871,0.923666667,0.970333333,1.011666667,1.059666667,1.134333333,1.142,1.177,1.218,1.25,1.28,1.302,1.328666667
