experiment,Line-Treatment,DT inflection,StDev_inf,DT interval,StDev_int,Lab strain,Strain,Treatment,Strain*Treatment,Time_0,Time_0.5,Time_1,Time_1.5,Time_2,Time_2.5,Time_3,Time_3.5,Time_4,Time_4.5,Time_5,Time_5.5,Time_6,Time_6.5,Time_7,Time_7.5,Time_8,Time_8.5,Time_9,Time_9.5,Time_10,Time_10.5,Time_11,Time_11.5,Time_12,Time_12.5,Time_13,Time_13.5,Time_14,Time_14.5,Time_15,Time_15.5,Time_16,Time_16.5,Time_17,Time_17.5,Time_18,Time_18.5,Time_19,Time_19.5,Time_20
SGRP_mTORinhibitsSCREEN_SET4_lowRAPA_MGK_10242017_D.xls,YML693-2.5 ng/ml RAPA,76.81856842,1.534191775,86.95217482,7.394753814,yML 693,Z1,2.5 ng/mL RAPA,Z1*2.5 ng/mL RAPA,0,0.061,0.068333333,0.070333333,0.085333333,0.095666667,0.126,0.157,0.208333333,0.257666667,0.335333333,0.413666667,0.524,0.637333333,0.775333333,0.914,1.037333333,1.160333333,1.196,1.208,1.222333333,1.245666667,1.275333333,1.308333333,1.348333333,1.376,1.408333333,1.439666667,1.468,1.494333333,1.518666667,1.536333333,1.562,1.577666667,,,,,,,
SGRP_mTORinhibitsSCREEN_SET4_lowrapa_JEMBL_10262017_F.xls,YML693-2.5 ng/ml RAPA,60.84091714,15.21789025,89.92187617,14.87309793,yML 693,Z1,2.5 ng/mL RAPA,Z1*2.5 ng/mL RAPA,0,0.051666667,0.057666667,0.060666667,0.076666667,0.093666667,0.143,0.177666667,0.218666667,0.283333333,0.366,0.470666667,0.595333333,0.733666667,0.869666667,1.002333333,1.130666667,1.221333333,1.242333333,1.262666667,1.278666667,1.308666667,1.348666667,1.379666667,1.409,1.440333333,1.468666667,1.497333333,1.520333333,1.545,1.571333333,1.589,1.61,,,,,,,,
