experiment,Line-Treatment,DT inflection,StDev_inf,DT interval,StDev_int,Lab strain,Strain,Treatment,Strain*Treatment,Time_0,Time_0.5,Time_1,Time_1.5,Time_2,Time_2.5,Time_3,Time_3.5,Time_4,Time_4.5,Time_5,Time_5.5,Time_6,Time_6.5,Time_7,Time_7.5,Time_8,Time_8.5,Time_9,Time_9.5,Time_10,Time_10.5,Time_11,Time_11.5,Time_12,Time_12.5,Time_13,Time_13.5,Time_14,Time_14.5,Time_15,Time_15.5,Time_16,Time_16.5,Time_17,Time_17.5,Time_18,Time_18.5,Time_19,Time_19.5,Time_20
SET1GDC_ARMBL_080217.xls,NCYC 3447-100 uM GDC0941,65.38633349,3.209085809,67.091432,2.188139563,NCYC 3447,DBVPG 1106,100 uM GDC0941,DBVPG 1106*100 uM GDC0941,0,0.028,0.029333333,0.035333333,0.042,0.055,0.072,0.095,0.129,0.174333333,0.239,0.324,0.431,0.554,0.685666667,0.839,0.990666667,1.125,1.165666667,1.181333333,1.199,1.226666667,1.256666667,1.286333333,1.315333333,1.350666667,1.383,1.418333333,1.446666667,1.469666667,1.497333333,1.516666667,1.538333333,1.557333333,1.573,1.591,1.605666667,1.621666667,1.639,1.651333333,1.664
SGRP_mTOR_inhibitsSCREEN_SET1_GDC_redo_JE_092617.xls,NCYC 3447-100 uM GDC0941,70.62050053,1.545558504,72.86639155,1.93121307,NCYC 3447,DBVPG 1106,100 uM GDC0941,DBVPG 1106*100 uM GDC0941,0,0.068,0.081666667,0.096,0.118333333,0.15,0.197333333,0.262333333,0.352,0.461,0.592,0.737333333,0.887,1.034,1.163333333,1.241333333,1.259333333,1.278333333,1.302666667,1.332,1.36,1.385666667,1.415,1.448666667,1.476666667,1.503333333,1.529333333,1.549,1.570666667,1.590666667,1.611666667,1.627,1.642666667,1.659,1.673666667,1.686666667,1.700333333,1.715666667,1.726333333,1.736,1.750333333
