experiment,Line-Treatment,DT inflection,StDev_inf,DT interval,StDev_int,Lab strain,Strain,Treatment,Strain*Treatment,Time_0,Time_0.5,Time_1,Time_1.5,Time_2,Time_2.5,Time_3,Time_3.5,Time_4,Time_4.5,Time_5,Time_5.5,Time_6,Time_6.5,Time_7,Time_7.5,Time_8,Time_8.5,Time_9,Time_9.5,Time_10,Time_10.5,Time_11,Time_11.5,Time_12,Time_12.5,Time_13,Time_13.5,Time_14,Time_14.5,Time_15,Time_15.5,Time_16,Time_16.5,Time_17,Time_17.5,Time_18,Time_18.5,Time_19,Time_19.5,Time_20
SGRP_mTORinhibitsSCREEN_SET2_GDC_AR_062617.xls,NCYC 3486-100uM GDC0941,68.5393156,2.403379262,73.50977302,0.908325711,NCYC 3486,NCYC110 ,100 uM GDC0941,NCYC110 *100 uM GDC0941,0,0.014333333,0.020333333,0.030666667,0.035333333,0.040666667,0.046333333,0.058,0.076333333,0.094333333,0.125666667,0.164333333,0.216666667,0.282333333,0.382333333,0.464666667,0.575333333,0.721666667,0.868,1.007666667,1.089666667,1.095333333,1.115333333,1.139,1.157666667,1.187,1.217333333,1.238,1.261333333,1.296,1.320333333,1.350666667,1.373666667,1.391,1.416,1.434666667,1.456,1.478333333,1.499333333,1.509,1.518
