experiment,Line-Treatment,DT inflection,StDev_inf,DT interval,StDev_int,Lab strain,Strain,Treatment,Strain*Treatment,Time_0,Time_0.5,Time_1,Time_1.5,Time_2,Time_2.5,Time_3,Time_3.5,Time_4,Time_4.5,Time_5,Time_5.5,Time_6,Time_6.5,Time_7,Time_7.5,Time_8,Time_8.5,Time_9,Time_9.5,Time_10,Time_10.5,Time_11,Time_11.5,Time_12,Time_12.5,Time_13,Time_13.5,Time_14,Time_14.5,Time_15,Time_15.5,Time_16,Time_16.5,Time_17,Time_17.5,Time_18,Time_18.5,Time_19,Time_19.5,Time_20
SGRP_mTORinhibits_SET2_lowRAPA_KGPUMBL_080417.xls.xls,NCYC 3458-2.5 ng/ml RAPA,59.55199246,5.545406548,78.49226647,3.268873944,NCYC 3458,YJM978,2.5 ng/mL RAPA,YJM978*2.5 ng/mL RAPA,0,0.056333333,0.060666667,0.070666667,0.109,0.149333333,0.212333333,0.265,0.342333333,0.447666667,0.567,0.712333333,0.864333333,1.002333333,1.127333333,1.182666667,1.201,1.222,1.253,1.280333333,1.310333333,1.343,1.381,1.419666667,1.449333333,1.474333333,1.497,1.520333333,1.541666667,1.562666667,1.580333333,1.598,1.615333333,1.628666667,1.642666667,1.652,1.667666667,1.676333333,1.688333333,1.699333333,1.706333333
SGRP_mTORinhibitsSCREEN_SET2_LOWRAPA_highTORIN_MGK_12032017_F,NCYC 3458-2.5 ng/ml RAPA,58.59067814,2.03079504,60.65305443,2.019968519,NCYC 3458,YJM978,2.5 ng/mL RAPA,YJM978*2.5 ng/mL RAPA,0,0.048,0.051,0.065,0.086666667,0.119,0.171,0.241666667,0.339333333,0.462333333,0.597,0.758333333,0.921666667,1.075333333,1.173333333,1.202333333,1.221333333,1.250333333,1.280666667,1.308666667,1.337,1.371,1.408666667,1.443666667,1.471,1.494666667,1.518,1.538666667,1.56,1.580666667,1.597666667,1.614,1.628,1.642666667,1.656666667,1.666666667,1.678666667,1.688666667,1.698666667,1.708666667,1.717
SGRP_mTORinhibitsSCREEN_SET2_lowRAPA_KGPUMBL_100117.xls,NCYC 3458-2.5 ng/ml RAPA,61.10509995,3.468022933,63.11390247,0.685163127,NCYC 3458,YJM978,2.5 ng/mL RAPA,YJM978*2.5 ng/mL RAPA,0,0.038333333,0.047,0.060333333,0.083,0.115666667,0.157,0.216666667,0.304,0.416666667,0.534333333,0.692,0.858666667,1.018,1.135,1.189666667,1.212,1.236,1.271,1.302333333,1.330333333,1.361333333,1.397,1.431,1.458666667,1.486,1.508,1.53,1.550333333,1.569333333,1.588666667,1.607,1.623,1.639,1.654333333,1.664,1.677333333,1.689,1.706,1.712333333,1.718
