experiment,Line-Treatment,DT inflection,StDev_inf,DT interval,StDev_int,Lab strain,Strain,Treatment,Strain*Treatment,Time_0,Time_0.5,Time_1,Time_1.5,Time_2,Time_2.5,Time_3,Time_3.5,Time_4,Time_4.5,Time_5,Time_5.5,Time_6,Time_6.5,Time_7,Time_7.5,Time_8,Time_8.5,Time_9,Time_9.5,Time_10,Time_10.5,Time_11,Time_11.5,Time_12,Time_12.5,Time_13,Time_13.5,Time_14,Time_14.5,Time_15,Time_15.5,Time_16,Time_16.5,Time_17,Time_17.5,Time_18,Time_18.5,Time_19,Time_19.5,Time_20
SGRP_mTORinhibitsSCREEN_SET 1 2 3 4 High-Low Rapa High-Low Torin,yML697-2.5% DMSO,74.8297487,5.221465423,82.50829342,9.240180073,yML 697,UFRJ50791,2.5% DMSO,UFRJ50791*2.5% DMSO,0,0.053333333,0.053333333,0.053333333,0.042,0.039333333,0.052,0.105666667,0.160666667,0.2,0.262333333,0.337333333,0.436333333,0.553,0.684,0.813333333,0.931666667,1.054333333,1.168666667,1.248333333,1.268333333,1.292333333,1.312666667,1.340666667,1.372,1.406,1.433666667,1.460666667,1.483666667,1.502666667,1.528,1.549666667,1.563333333,1.582333333,1.604,1.619666667,1.631666667,1.643333333,1.657333333,1.667,1.675666667
