experiment,Line-Treatment,DT inflection,StDev_inf,DT interval,StDev_int,Lab strain,Strain,Treatment,Strain*Treatment,Time_0,Time_0.5,Time_1,Time_1.5,Time_2,Time_2.5,Time_3,Time_3.5,Time_4,Time_4.5,Time_5,Time_5.5,Time_6,Time_6.5,Time_7,Time_7.5,Time_8,Time_8.5,Time_9,Time_9.5,Time_10,Time_10.5,Time_11,Time_11.5,Time_12,Time_12.5,Time_13,Time_13.5,Time_14,Time_14.5,Time_15,Time_15.5,Time_16,Time_16.5,Time_17,Time_17.5,Time_18,Time_18.5,Time_19,Time_19.5,Time_20
SGRP_mTORinhibitsSCREEN_SET3_CAFFEINE AND lowTORIN_JEMBL_1201201,yML 673-2.5% DMSO,101.9372673,11.13831338,,,yML 673,Y7,2.5% DMSO,Y7*2.5% DMSO,0,0.029666667,0.025666667,0.020666667,0.016666667,0.017,0.018333333,0.012333333,0.027,0.045666667,0.412,0.511,0.626666667,0.747333333,0.870666667,0.991,1.099333333,1.171666667,1.197666667,1.222,1.254666667,1.289,1.318,1.359,1.384666667,1.415,1.439,1.462,1.484666667,1.503,1.523,1.539333333,1.559666667,1.570666667,1.582333333,1.601666667,1.618,1.627333333,1.638333333,1.652,1.66
