experiment,Line-Treatment,DT inflection,StDev_inf,DT interval,StDev_int,Lab strain,Strain,Treatment,Strain*Treatment,Time_0,Time_0.5,Time_1,Time_1.5,Time_2,Time_2.5,Time_3,Time_3.5,Time_4,Time_4.5,Time_5,Time_5.5,Time_6,Time_6.5,Time_7,Time_7.5,Time_8,Time_8.5,Time_9,Time_9.5,Time_10,Time_10.5,Time_11,Time_11.5,Time_12,Time_12.5,Time_13,Time_13.5,Time_14,Time_14.5,Time_15,Time_15.5,Time_16,Time_16.5,Time_17,Time_17.5,Time_18,Time_18.5,Time_19,Time_19.5,Time_20
SGRP_mTORinhibits_SET1_CAFF_REDO_NBMBL_08032017.xls,NCYC 3312-Drug,97.19463912,2.361272458,103.8315296,0.615760796,NCYC 3312,DBVPG 1373,1 mg/mL Caffeine,DBVPG 1373*1 mg/mL Caffeine,0,0.043333333,0.046666667,0.052666667,0.060333333,0.074,0.089333333,0.109,0.132666667,0.161,0.197,0.240333333,0.296333333,0.363,0.438333333,0.521333333,0.614666667,0.715333333,0.817333333,0.917666667,1.004333333,1.082,1.134,1.161333333,1.187333333,1.22,1.253333333,1.288333333,1.322333333,1.354,1.387,1.416,1.445,1.473,1.497666667,1.519666667,1.540666667,1.561666667,1.580333333,1.599333333,1.617
