experiment,Line-Treatment,DT inflection,StDev_inf,DT interval,StDev_int,Lab strain,Strain,Treatment,Strain*Treatment,Time_0,Time_0.5,Time_1,Time_1.5,Time_2,Time_2.5,Time_3,Time_3.5,Time_4,Time_4.5,Time_5,Time_5.5,Time_6,Time_6.5,Time_7,Time_7.5,Time_8,Time_8.5,Time_9,Time_9.5,Time_10,Time_10.5,Time_11,Time_11.5,Time_12,Time_12.5,Time_13,Time_13.5,Time_14,Time_14.5,Time_15,Time_15.5,Time_16,Time_16.5,Time_17,Time_17.5,Time_18,Time_18.5,Time_19,Time_19.5,Time_20
SGRP_mTORinhibitsSCREEN_SET1HIGHrapaANDhighTORIN_PU_03162018_D.x,NCYC3445A-1%DMSO,63.50625819,1.637763006,67.44986203,1.880236011,NCYC 3445,Y12,1% DMSO,Y12*1% DMSO,0,0.033333333,0.045333333,0.064666667,0.089666667,0.118666667,0.163666667,0.225666667,0.304,0.405,0.528333333,0.658666667,0.808,0.953666667,1.090666667,1.187666667,1.243666667,1.276666667,1.309666667,1.340666667,1.373333333,1.405,1.435,1.468333333,1.495666667,1.521,1.550666667,1.577333333,1.591666667,1.610666667,1.629666667,1.647666667,1.662,1.677666667,1.69,1.702333333,1.717,1.723666667,1.736333333,1.744333333,1.751333333
