experiment,Line-Treatment,DT inflection,StDev_inf,DT interval,StDev_int,Lab strain,Strain,Treatment,Strain*Treatment,Time_0,Time_0.5,Time_1,Time_1.5,Time_2,Time_2.5,Time_3,Time_3.5,Time_4,Time_4.5,Time_5,Time_5.5,Time_6,Time_6.5,Time_7,Time_7.5,Time_8,Time_8.5,Time_9,Time_9.5,Time_10,Time_10.5,Time_11,Time_11.5,Time_12,Time_12.5,Time_13,Time_13.5,Time_14,Time_14.5,Time_15,Time_15.5,Time_16,Time_16.5,Time_17,Time_17.5,Time_18,Time_18.5,Time_19,Time_19.5,Time_20
RB_RUN1_F_SGRPmTORscreen_KGA_11082018.xls,yML699-A-6.67%H2O,172.867411,21.51680285,778.7960017,341.8181723,yML 699,UWOPS91-917.1,6.67% H2O,UWOPS91-917.1*6.67% H2O,0,0.021,0.022333333,0.023333333,0.024666667,0.012666667,0.030666667,0.034,0.04,0.047333333,0.05,0.058666667,0.065333333,0.069,0.071333333,0.082,0.084666667,0.092666667,0.099666667,0.106333333,0.103333333,0.119333333,0.119333333,0.127,0.130333333,0.14,0.142333333,0.152666667,0.151666667,0.158,0.159666667,0.167,0.173666667,0.176333333,0.183666667,0.185,0.188666667,0.192,0.197,0.203333333,0.203666667
