experiment,Line-Treatment,DT inflection,StDev_inf,DT interval,StDev_int,Lab strain,Strain,Treatment,Strain*Treatment,Time_0,Time_0.5,Time_1,Time_1.5,Time_2,Time_2.5,Time_3,Time_3.5,Time_4,Time_4.5,Time_5,Time_5.5,Time_6,Time_6.5,Time_7,Time_7.5,Time_8,Time_8.5,Time_9,Time_9.5,Time_10,Time_10.5,Time_11,Time_11.5,Time_12,Time_12.5,Time_13,Time_13.5,Time_14,Time_14.5,Time_15,Time_15.5,Time_16,Time_16.5,Time_17,Time_17.5,Time_18,Time_18.5,Time_19,Time_19.5,Time_20
SGRP_mTORinhibits_SET3_GDC_Redo_JEMBL_08102017.xls,WT--100 uM GDC0941,88.87357694,3.810145619,92.42899766,0.66936695,BY4743,BY4743,100 uM GDC0941,BY4743*100 uM GDC0941,0,0.046,0.059,0.058333333,0.064,0.075,0.088,0.105,0.13,0.162,0.203333333,0.254666667,0.321666667,0.399,0.495,0.600666667,0.708333333,0.818666667,0.923333333,1.015333333,1.068666667,1.076,1.081333333,1.088,1.098666667,1.107666667,1.117333333,1.127333333,1.137666667,1.15,1.161333333,1.173333333,1.184,1.195666667,1.206666667,1.218333333,1.230333333,1.240666667,1.251333333,1.263,1.274333333
SGRP_mTORinhibitsSCREEN_SET3_round2_GDC_KG_09142017_D.xls,WT--100 uM GDC0941,89.44596356,2.190529952,94.03476806,0.899079985,BY4743,BY4743,100 uM GDC0941,BY4743*100 uM GDC0941,0,0.052,0.057,0.060333333,0.067,0.079666667,0.092333333,0.111666667,0.137,0.173333333,0.216,0.269333333,0.332666667,0.414666667,0.513666667,0.620333333,0.738333333,0.854333333,0.972333333,1.081,1.171,1.209,1.214333333,1.218666667,1.228,1.239333333,1.250666667,1.262333333,1.276,1.289333333,1.304,1.319,1.336666667,1.35,1.365666667,1.377666667,1.393,1.405666667,1.417666667,1.427,1.44
