experiment,Line-Treatment,DT inflection,StDev_inf,DT interval,StDev_int,Lab strain,Strain,Treatment,Strain*Treatment,Time_0,Time_0.5,Time_1,Time_1.5,Time_2,Time_2.5,Time_3,Time_3.5,Time_4,Time_4.5,Time_5,Time_5.5,Time_6,Time_6.5,Time_7,Time_7.5,Time_8,Time_8.5,Time_9,Time_9.5,Time_10,Time_10.5,Time_11,Time_11.5,Time_12,Time_12.5,Time_13,Time_13.5,Time_14,Time_14.5,Time_15,Time_15.5,Time_16,Time_16.5,Time_17,Time_17.5,Time_18,Time_18.5,Time_19,Time_19.5,Time_20
SGRP_mTOR_inhibitsSCREEN_SET1_highgdc-0941_AR_053117.xls,NCYC 3314-100uM GDC0941,,,,,NCYC 3314,BC187,100 uM GDC0941,BC187*100 uM GDC0941,0,0.045,0.045,0.045,0.045,0.045666667,0.044666667,0.045666667,0.047,0.047333333,0.049333333,0.046333333,0.047333333,0.046666667,0.048,0.048,0.047333333,0.047,0.047666667,0.047,0.047,0.047666667,0.046666667,0.047,0.046666667,0.046666667,0.046,0.044666667,0.046333333,0.045666667,0.045333333,0.044666667,0.046,0.045666667,0.045666667,0.045,0.045,0.045666667,0.045666667,0.045333333,0.045
