experiment,Line-Treatment,DT inflection,StDev_inf,DT interval,StDev_int,Lab strain,Strain,Treatment,Strain*Treatment,Time_0,Time_0.5,Time_1,Time_1.5,Time_2,Time_2.5,Time_3,Time_3.5,Time_4,Time_4.5,Time_5,Time_5.5,Time_6,Time_6.5,Time_7,Time_7.5,Time_8,Time_8.5,Time_9,Time_9.5,Time_10,Time_10.5,Time_11,Time_11.5,Time_12,Time_12.5,Time_13,Time_13.5,Time_14,Time_14.5,Time_15,Time_15.5,Time_16,Time_16.5,Time_17,Time_17.5,Time_18,Time_18.5,Time_19,Time_19.5,Time_20
SGRP_mTORinhibitsSCREEN_SET2_CAFFEINE AND lowTORIN_MGK_AR_120320,NCYC 3469-1 uM Torin 1,78.29389328,0.37993808,85.08391212,2.716266061,NCYC 3469,DBVPG 6040 ,1 uM Torin 1,DBVPG 6040 *1 uM Torin 1,0,0.079333333,0.094333333,0.115,0.138333333,0.175,0.225,0.292333333,0.365666667,0.476333333,0.583,0.716333333,0.852333333,0.989333333,1.121666667,1.215666667,1.245333333,1.264333333,1.288333333,1.318666667,1.35,1.371666667,1.405,1.428333333,1.456333333,1.485333333,1.509333333,1.531333333,1.552666667,1.563,1.588333333,1.602,1.617333333,1.637333333,1.651666667,1.666333333,1.675333333,1.69,1.701333333,1.711333333,1.717
SGRP_mTORinhibitsSCREEN_SET2_LOWTORIN_ARMBL_09192017.xls,NCYC 3469-1 uM Torin 1,78.06022677,1.365024209,94.79395059,3.550891819,NCYC 3469,DBVPG 6040 ,1 uM Torin 1,DBVPG 6040 *1 uM Torin 1,0,0.014,0.013666667,0.012666667,0.011333333,0.015333333,0.020333333,0.020333333,0.024,0.029333333,0.035333333,0.043666667,0.048666667,0.061666667,0.075666667,0.085333333,0.107333333,0.133,0.169333333,0.206666667,0.256333333,0.322666667,0.419333333,0.522333333,0.624666667,0.717333333,0.747666667,0.788,0.812333333,0.854333333,0.897333333,0.945,0.988,1.023,1.068666667,1.108,1.135666667,1.177,1.215,1.260666667,1.298
SGRP_mTORinhibitsSCREEN_SET2_lowTORIN_JEMBL_100117.xls,NCYC 3469-1 uM Torin 1,66.92833189,0.925744407,72.19454214,2.944396023,NCYC 3469,DBVPG 6040 ,1 uM Torin 1,DBVPG 6040 *1 uM Torin 1,0,0.035666667,0.044,0.048333333,0.061333333,0.081,0.109666667,0.139333333,0.188333333,0.253666667,0.335666667,0.437333333,0.549666667,0.678,0.819333333,0.963666667,1.1,1.206666667,1.234666667,1.255,1.280333333,1.311333333,1.340666667,1.370666667,1.400333333,1.430666667,1.459333333,1.484333333,1.510333333,1.535,1.554333333,1.574333333,1.591333333,1.609333333,1.624333333,1.638333333,1.653666667,1.668666667,1.684666667,1.693333333,1.703333333
