experiment,Line-Treatment,DT inflection,StDev_inf,DT interval,StDev_int,Lab strain,Strain,Treatment,Strain*Treatment,Time_0,Time_0.5,Time_1,Time_1.5,Time_2,Time_2.5,Time_3,Time_3.5,Time_4,Time_4.5,Time_5,Time_5.5,Time_6,Time_6.5,Time_7,Time_7.5,Time_8,Time_8.5,Time_9,Time_9.5,Time_10,Time_10.5,Time_11,Time_11.5,Time_12,Time_12.5,Time_13,Time_13.5,Time_14,Time_14.5,Time_15,Time_15.5,Time_16,Time_16.5,Time_17,Time_17.5,Time_18,Time_18.5,Time_19,Time_19.5,Time_20
SGRP_mTORinhibitsSCREEN_SET3_LOWRAPA_JEMBL_12012017_F,yML 668-2.5 ng/ml RAPA,92.25266219,15.50997386,157.9515133,14.71162695,yML 668,N-17,2.5 ng/mL RAPA,N-17*2.5 ng/mL RAPA,0,0.011666667,0.006666667,0.006,0.006,0.014,0.100333333,0.116,0.151333333,0.191,0.226333333,0.261,0.301,0.348,0.390666667,0.427,0.476666667,0.533333333,0.587333333,0.642333333,0.700666667,0.758,0.815333333,0.874333333,0.936,1.004,1.056333333,1.115333333,1.154333333,1.188666667,1.211333333,1.235333333,1.268666667,1.295666667,1.324666667,1.346666667,1.373666667,1.403,1.426666667,1.447,1.465333333
