experiment,Line-Treatment,DT inflection,StDev_inf,DT interval,StDev_int,Lab strain,Strain,Treatment,Strain*Treatment,Time_0,Time_0.5,Time_1,Time_1.5,Time_2,Time_2.5,Time_3,Time_3.5,Time_4,Time_4.5,Time_5,Time_5.5,Time_6,Time_6.5,Time_7,Time_7.5,Time_8,Time_8.5,Time_9,Time_9.5,Time_10,Time_10.5,Time_11,Time_11.5,Time_12,Time_12.5,Time_13,Time_13.5,Time_14,Time_14.5,Time_15,Time_15.5,Time_16,Time_16.5,Time_17,Time_17.5,Time_18,Time_18.5,Time_19,Time_19.5,Time_20
SGRP_mTOR_inhibitsSCREEN_SET1_highgdc-0941_AR_053117.xls,NCYC 3313-100uM GDC0941,85.24227052,0.768032306,94.35704794,5.639048531,NCYC 3313,DBVPG 1853,100 uM GDC0941,DBVPG 1853*100 uM GDC0941,0,0.114666667,0.119,0.130666667,0.15,0.179,0.22,0.274,0.349666667,0.440333333,0.549333333,0.668,0.794,0.923333333,1.056333333,1.174333333,1.245,1.265333333,1.277666667,1.294333333,1.314666667,1.337666667,1.365333333,1.389666667,1.414333333,1.440666667,1.464,1.491333333,1.508666667,1.529666667,1.549,1.565333333,1.583333333,1.597666667,1.612333333,1.625333333,1.640333333,1.654666667,1.666666667,1.685333333,1.688
