experiment,Line-Treatment,DT inflection,StDev_inf,DT interval,StDev_int,Lab strain,Strain,Treatment,Strain*Treatment,Time_0,Time_0.5,Time_1,Time_1.5,Time_2,Time_2.5,Time_3,Time_3.5,Time_4,Time_4.5,Time_5,Time_5.5,Time_6,Time_6.5,Time_7,Time_7.5,Time_8,Time_8.5,Time_9,Time_9.5,Time_10,Time_10.5,Time_11,Time_11.5,Time_12,Time_12.5,Time_13,Time_13.5,Time_14,Time_14.5,Time_15,Time_15.5,Time_16,Time_16.5,Time_17,Time_17.5,Time_18,Time_18.5,Time_19,Time_19.5,Time_20
SGRP_mTORinhibitsSCREEN_SET2_LOWTORIN_ARMBL_09192017.xls,yML563-1 uM Torin 1,88.32797526,0.045324742,91.15438119,2.324575609,yML 563,YJM269,1 uM Torin 1,YJM269*1 uM Torin 1,0,0.027666667,0.029,0.029,0.028333333,0.029,0.028,0.028666667,0.031333333,0.034333333,0.037333333,0.040666667,0.041,0.040666667,0.042666667,0.044,0.047333333,0.052666667,0.058,0.064666667,0.074333333,0.088333333,0.107,0.130333333,0.163333333,0.205333333,0.256,0.324,0.405,0.502,0.609333333,0.719333333,0.794,0.817,0.834333333,0.846,0.864,0.89,0.918666667,0.949,0.982333333
SGRP_mTORinhibitsSCREEN_SET2_lowTORIN_JEMBL_100117.xls,yML563-1 uM Torin 1,79.46922485,1.704947289,84.50901439,1.155109971,yML 563,YJM269,1 uM Torin 1,YJM269*1 uM Torin 1,0,0.036333333,0.042666667,0.049333333,0.058,0.070666667,0.082333333,0.104333333,0.133,0.173,0.222,0.285333333,0.362,0.462333333,0.571333333,0.689666667,0.808333333,0.932666667,1.052333333,1.169333333,1.270666667,1.311,1.332333333,1.361,1.388333333,1.414666667,1.444666667,1.474,1.500666667,1.527,1.548333333,1.571333333,1.589333333,1.607333333,1.626333333,1.645333333,1.663333333,1.679666667,1.695666667,1.708,1.720333333
