experiment,Line-Treatment,DT inflection,StDev_inf,DT interval,StDev_int,Lab strain,Strain,Treatment,Strain*Treatment,Time_0,Time_0.5,Time_1,Time_1.5,Time_2,Time_2.5,Time_3,Time_3.5,Time_4,Time_4.5,Time_5,Time_5.5,Time_6,Time_6.5,Time_7,Time_7.5,Time_8,Time_8.5,Time_9,Time_9.5,Time_10,Time_10.5,Time_11,Time_11.5,Time_12,Time_12.5,Time_13,Time_13.5,Time_14,Time_14.5,Time_15,Time_15.5,Time_16,Time_16.5,Time_17,Time_17.5,Time_18,Time_18.5,Time_19,Time_19.5,Time_20
SET1GDC_ARMBL_080217.xls,NCYC 3265-100 uM GDC0941,63.56922988,2.896823915,72.97835111,2.535274115,NCYC 3265,SK1,100 uM GDC0941,SK1*100 uM GDC0941,0,0.019333333,0.022333333,0.031666667,0.029666667,0.035,0.041333333,0.066,0.102,0.136333333,0.192666667,0.26,0.337,0.427333333,0.539666667,0.658666667,0.783333333,0.911333333,1.042,1.147,1.173,1.195666667,1.215666667,1.242,1.268,1.297,1.320333333,1.347666667,1.378666667,1.403,1.437666667,1.457,1.480666667,1.501666667,1.521666667,1.541,1.559,1.577,1.591666667,1.605666667,1.62
SGRP_mTOR_inhibitsSCREEN_SET1_GDC_redo_JE_092617.xls,NCYC 3265-100 uM GDC0941,95.1459237,,329.4248026,,NCYC 3265,SK1,100 uM GDC0941,SK1*100 uM GDC0941,0,0.03,0.031333333,0.032666667,0.034333333,0.035333333,0.037333333,0.041,0.046333333,0.054333333,0.062666667,0.077,0.091,0.108,0.122,0.133666667,0.140333333,0.148666667,0.157,0.163,0.172,0.182,0.192,0.202666667,0.212666667,0.217,0.229,0.236333333,0.242,0.251,0.249,0.255333333,0.261333333,0.268333333,0.274333333,0.278666667,0.284,0.289666667,0.295666667,0.301666667,0.305333333
