experiment,Line-Treatment,DT inflection,StDev_inf,DT interval,StDev_int,Lab strain,Strain,Treatment,Strain*Treatment,Time_0,Time_0.5,Time_1,Time_1.5,Time_2,Time_2.5,Time_3,Time_3.5,Time_4,Time_4.5,Time_5,Time_5.5,Time_6,Time_6.5,Time_7,Time_7.5,Time_8,Time_8.5,Time_9,Time_9.5,Time_10,Time_10.5,Time_11,Time_11.5,Time_12,Time_12.5,Time_13,Time_13.5,Time_14,Time_14.5,Time_15,Time_15.5,Time_16,Time_16.5,Time_17,Time_17.5,Time_18,Time_18.5,Time_19,Time_19.5,Time_20
SGRP_mTORinhibitsSCREEN_SET1_CAFFEINE AND lowTORIN_MGK_12022017_,NCYC 3452-6.67% H2O,47.20531104,20.68458554,39.13680181,29.17677447,NCYC 3452,K11,6.67% H2O,K11*6.67% H2O,0,0.036333333,0.042,0.051,0.049,0.037666667,0.050333333,0.036666667,0.036666667,0.033,0.03,0.037666667,0.048333333,0.074333333,0.145,0.174,0.263333333,0.420333333,0.481333333,0.566666667,0.669666667,0.737333333,0.788333333,0.862333333,0.962666667,1.064333333,1.081333333,1.103333333,1.202333333,1.142666667,1.230333333,1.219,1.284,1.329333333,1.333,1.339666667,1.368666667,1.420666667,1.414333333,1.467666667,1.446333333
