experiment,Line-Treatment,DT inflection,StDev_inf,DT interval,StDev_int,Lab strain,Strain,Treatment,Strain*Treatment,Time_0,Time_0.5,Time_1,Time_1.5,Time_2,Time_2.5,Time_3,Time_3.5,Time_4,Time_4.5,Time_5,Time_5.5,Time_6,Time_6.5,Time_7,Time_7.5,Time_8,Time_8.5,Time_9,Time_9.5,Time_10,Time_10.5,Time_11,Time_11.5,Time_12,Time_12.5,Time_13,Time_13.5,Time_14,Time_14.5,Time_15,Time_15.5,Time_16,Time_16.5,Time_17,Time_17.5,Time_18,Time_18.5,Time_19,Time_19.5,Time_20
SGRP_mTORinhibitsSCREEN_SET4_Caff_MGK_10252017_D.xls,YML697-1000 ug/ml Caffeine,130.7472678,2.903852404,175.0268665,4.121139136,yML 697,UFRJ50791,1 mg/mL Caffeine,UFRJ50791*1 mg/mL Caffeine,0,0.057666667,0.062666667,0.067666667,0.070333333,0.079,0.087333333,0.099,0.110666667,0.127666667,0.145666667,0.168,0.190666667,0.215,0.238666667,0.271,0.299666667,0.338333333,0.396666667,0.463,0.537666667,0.622,0.713,0.806333333,0.899,0.991,1.081333333,1.165666667,1.191666667,1.207,1.226,1.250666667,1.28,1.308333333,1.339666667,1.376333333,1.406666667,1.432666667,1.462333333,1.483333333,1.506333333
SGRP_mTORinhibitsSCREEN_SET4_Caffeine_MGK_09202017.xls,YML697-1000 ug/ml Caffeine,136.3698325,1.230521707,201.1097284,13.77379167,yML 697,UFRJ50791,1 mg/mL Caffeine,UFRJ50791*1 mg/mL Caffeine,0,0.053,0.045333333,0.047,0.050333333,0.055333333,0.053666667,0.056666667,0.068,0.071333333,0.075666667,0.083333333,0.090333333,0.098,0.104,0.117333333,0.123666667,0.131,0.147666667,0.164666667,0.186666667,0.198333333,0.230333333,0.26,0.291333333,0.323333333,0.352666667,0.400666667,0.456666667,0.523333333,0.603333333,0.681,0.766333333,0.857666667,0.940666667,1.037,1.095333333,1.148,1.180333333,1.202333333,1.223
