experiment,Line-Treatment,DT inflection,StDev_inf,DT interval,StDev_int,Lab strain,Strain,Treatment,Strain*Treatment,Time_0,Time_0.5,Time_1,Time_1.5,Time_2,Time_2.5,Time_3,Time_3.5,Time_4,Time_4.5,Time_5,Time_5.5,Time_6,Time_6.5,Time_7,Time_7.5,Time_8,Time_8.5,Time_9,Time_9.5,Time_10,Time_10.5,Time_11,Time_11.5,Time_12,Time_12.5,Time_13,Time_13.5,Time_14,Time_14.5,Time_15,Time_15.5,Time_16,Time_16.5,Time_17,Time_17.5,Time_18,Time_18.5,Time_19,Time_19.5,Time_20
SGRP_mTORinhibitsSCREEN_SET1_CAFFEINE AND lowTORIN_MGK_12022017_,NCYC 3457-6.67% H2O,73.7173809,14.07511233,93.32950427,9.301877747,NCYC 3457,273614 N,6.67% H2O,273614 N*6.67% H2O,0,0.079333333,0.091,0.112666667,0.123666667,0.144333333,0.181,0.219666667,0.280666667,0.359333333,0.456666667,0.567,0.688333333,0.818,0.961333333,1.095,1.197,1.221666667,1.246333333,1.284333333,1.314333333,1.341666667,1.368,1.401666667,1.433,1.463666667,1.489666667,1.512,1.535666667,1.554,1.577,1.594666667,1.609,1.625,1.641,1.654,1.667,1.680333333,1.690333333,1.700666667,1.708
