experiment,Line-Treatment,DT inflection,StDev_inf,DT interval,StDev_int,Lab strain,Strain,Treatment,Strain*Treatment,Time_0,Time_0.5,Time_1,Time_1.5,Time_2,Time_2.5,Time_3,Time_3.5,Time_4,Time_4.5,Time_5,Time_5.5,Time_6,Time_6.5,Time_7,Time_7.5,Time_8,Time_8.5,Time_9,Time_9.5,Time_10,Time_10.5,Time_11,Time_11.5,Time_12,Time_12.5,Time_13,Time_13.5,Time_14,Time_14.5,Time_15,Time_15.5,Time_16,Time_16.5,Time_17,Time_17.5,Time_18,Time_18.5,Time_19,Time_19.5,Time_20
SGRP_mTORinhibitsSCREEN_SET3_CAFFEINE AND lowTORIN_JEMBL_1201201,yML670-1 uM Torin 11,74.1491404,25.89661592,65.81684156,27.16724278,yML 670,Q59.1,1 uM Torin 1,Q59.1*1 uM Torin 1,0,0.059,0.063666667,0.060333333,0.055666667,0.055,0.057333333,0.061,0.069,0.071333333,0.202333333,0.297,0.37,0.454,0.544333333,0.647,0.749,0.855,0.957666667,1.056666667,1.133666667,1.167333333,1.184,1.214333333,1.238,1.277333333,1.310666667,1.343333333,1.373,1.398333333,1.424333333,1.442666667,1.467666667,1.481,1.497,1.514333333,1.537,1.553,1.565,1.578,1.585333333
