experiment,Line-Treatment,DT inflection,StDev_inf,DT interval,StDev_int,Lab strain,Strain,Treatment,Strain*Treatment,Time_0,Time_0.5,Time_1,Time_1.5,Time_2,Time_2.5,Time_3,Time_3.5,Time_4,Time_4.5,Time_5,Time_5.5,Time_6,Time_6.5,Time_7,Time_7.5,Time_8,Time_8.5,Time_9,Time_9.5,Time_10,Time_10.5,Time_11,Time_11.5,Time_12,Time_12.5,Time_13,Time_13.5,Time_14,Time_14.5,Time_15,Time_15.5,Time_16,Time_16.5,Time_17,Time_17.5,Time_18,Time_18.5,Time_19,Time_19.5,Time_20
SGRP_mTORinhibitsSCREEN_SET2_GDC_AR_062617.xls,yML563-100uM GDC0941,71.96909703,4.172572614,74.01744762,4.200741128,yML 563,YJM269,100 uM GDC0941,YJM269*100 uM GDC0941,0,0.038666667,0.05,0.059,0.064666667,0.066666667,0.073666667,0.082666667,0.101333333,0.125333333,0.162,0.212333333,0.283,0.372333333,0.491333333,0.617,0.754333333,0.897,1.026,1.134333333,1.23,1.320333333,1.353,1.389333333,1.386,1.412,1.451666667,1.449666667,1.472,1.504,1.517333333,1.539666667,1.556666667,1.571666667,1.588333333,1.605,1.622,1.641,1.659666667,1.667666667,1.674333333
