experiment,Line-Treatment,DT inflection,StDev_inf,DT interval,StDev_int,Lab strain,Strain,Treatment,Strain*Treatment,Time_0,Time_0.5,Time_1,Time_1.5,Time_2,Time_2.5,Time_3,Time_3.5,Time_4,Time_4.5,Time_5,Time_5.5,Time_6,Time_6.5,Time_7,Time_7.5,Time_8,Time_8.5,Time_9,Time_9.5,Time_10,Time_10.5,Time_11,Time_11.5,Time_12,Time_12.5,Time_13,Time_13.5,Time_14,Time_14.5,Time_15,Time_15.5,Time_16,Time_16.5,Time_17,Time_17.5,Time_18,Time_18.5,Time_19,Time_19.5,Time_20
SGRP_mTORinhibitsSCREEN_SET1HIGHrapaANDhighTORIN_PU_03162018_D.x,NCYC3449-2.5%DMSO,59.62933413,2.411815787,74.85515893,1.804367014,NCYC 3449,UWOPS87-2421,2.5% DMSO,UWOPS87-2421*2.5% DMSO,0,0.083666667,0.095333333,0.114333333,0.148,0.194,0.275333333,0.353,0.443,0.564333333,0.674666667,0.852333333,0.958,1.075,1.193666667,1.256,1.282,1.315333333,1.373666667,1.376333333,1.397333333,1.428333333,1.459666667,1.469333333,1.494666667,1.515333333,1.584,1.550666667,1.558,1.584333333,1.588,1.614333333,1.630666667,1.647666667,1.667333333,1.690666667,1.693,1.710666667,1.722666667,1.723,1.726666667
