experiment,Line-Treatment,DT inflection,StDev_inf,DT interval,StDev_int,Lab strain,Strain,Treatment,Strain*Treatment,Time_0,Time_0.5,Time_1,Time_1.5,Time_2,Time_2.5,Time_3,Time_3.5,Time_4,Time_4.5,Time_5,Time_5.5,Time_6,Time_6.5,Time_7,Time_7.5,Time_8,Time_8.5,Time_9,Time_9.5,Time_10,Time_10.5,Time_11,Time_11.5,Time_12,Time_12.5,Time_13,Time_13.5,Time_14,Time_14.5,Time_15,Time_15.5,Time_16,Time_16.5,Time_17,Time_17.5,Time_18,Time_18.5,Time_19,Time_19.5,Time_20
SGRP_mTORinhibitsSCREEN_SET1_LOWRAPA_highRAPA_lowTORIN_MGK_12022,NCYC 3264-20 ng/ml RAPA,330.1230743,12.95018262,627.581647,35.41955437,NCYC 3264,DBVPG 6765,20 ng/mL RAPA,DBVPG 6765*20 ng/mL RAPA,0,0.049,0.062666667,0.072666667,0.082333333,0.089666667,0.097,0.104333333,0.109333333,0.113666667,0.119,0.123,0.129666667,0.136,0.143333333,0.150333333,0.155333333,0.163,0.168666667,0.177666667,0.183,0.188333333,0.197,0.204666667,0.211666667,0.221333333,0.230666667,0.241,0.249,0.261666667,0.269,0.281,0.29,0.299666667,0.312,0.321,0.336,0.346333333,0.356333333,0.368,0.380666667
SGRP_mTORinhibitsSCREEN_SET1_LOWRAPA_highRAPA_lowTORIN_MGK_12022,NCYC 3264-20 ng/ml RAPA,371.8893568,73.95411976,786.1499794,46.92270114,NCYC 3264,DBVPG 6765,20 ng/mL RAPA,DBVPG 6765*20 ng/mL RAPA,0,0.060333333,0.069666667,0.081,0.087,0.095333333,0.102333333,0.109,0.113,0.115666667,0.119333333,0.124666667,0.128,0.132666667,0.137666667,0.142666667,0.147,0.152333333,0.158,0.162666667,0.167333333,0.171333333,0.176,0.182666667,0.189,0.194333333,0.2,0.205666667,0.212,0.221333333,0.224333333,0.232333333,0.238333333,0.244333333,0.253333333,0.26,0.27,0.278,0.285333333,0.293,0.301
