experiment,Line-Treatment,DT inflection,StDev_inf,DT interval,StDev_int,Lab strain,Strain,Treatment,Strain*Treatment,Time_0,Time_0.5,Time_1,Time_1.5,Time_2,Time_2.5,Time_3,Time_3.5,Time_4,Time_4.5,Time_5,Time_5.5,Time_6,Time_6.5,Time_7,Time_7.5,Time_8,Time_8.5,Time_9,Time_9.5,Time_10,Time_10.5,Time_11,Time_11.5,Time_12,Time_12.5,Time_13,Time_13.5,Time_14,Time_14.5,Time_15,Time_15.5,Time_16,Time_16.5,Time_17,Time_17.5,Time_18,Time_18.5,Time_19,Time_19.5,Time_20
SET4_highTORIN_REDO_NBMBL_080717.xls,yML 684-2.5% DMSO,62.71337844,9.11493851,40.74681288,6.946812536,yML 684,Q62.5,2.5% DMSO,Q62.5*2.5% DMSO,0,0.033,0.035666667,0.035666667,0.036,0.037,0.04,0.041333333,0.043333333,0.050666667,0.155333333,0.285,0.378333333,0.518333333,0.644666667,0.787,0.937,1.061,1.158333333,1.178666667,1.203666667,1.232,1.265,1.300666667,1.335333333,1.370333333,1.401666667,1.426666667,1.450666667,1.474,1.499333333,1.516333333,1.533333333,1.549666667,1.565666667,1.581666667,1.595,1.606666667,1.616333333,1.631666667,1.638333333
