experiment,Line-Treatment,DT inflection,StDev_inf,DT interval,StDev_int,Lab strain,Strain,Treatment,Strain*Treatment,Time_0,Time_0.5,Time_1,Time_1.5,Time_2,Time_2.5,Time_3,Time_3.5,Time_4,Time_4.5,Time_5,Time_5.5,Time_6,Time_6.5,Time_7,Time_7.5,Time_8,Time_8.5,Time_9,Time_9.5,Time_10,Time_10.5,Time_11,Time_11.5,Time_12,Time_12.5,Time_13,Time_13.5,Time_14,Time_14.5,Time_15,Time_15.5,Time_16,Time_16.5,Time_17,Time_17.5,Time_18,Time_18.5,Time_19,Time_19.5,Time_20
SET1GDC_ARMBL_080217.xls,NCYC 3312-100 uM GDC0941,64.11200823,14.20228186,81.1223575,2.844772314,NCYC 3312,DBVPG 1373,100 uM GDC0941,DBVPG 1373*100 uM GDC0941,0,0.008333333,0.008666667,0.009666667,0.012666667,0.013333333,0.018,0.021,0.026666667,0.031,0.04,0.052666667,0.068666667,0.088,0.117666667,0.153666667,0.204,0.263333333,0.337333333,0.427666667,0.513,0.596666667,0.765,0.747333333,0.842333333,0.923,0.997666667,1.063,1.112,1.141,1.177,1.211,1.250333333,1.284666667,1.317333333,1.352,1.381,1.411666667,1.440333333,1.465333333,1.491
SGRP_mTOR_inhibitsSCREEN_SET1_GDC_redo_JE_092617.xls,NCYC 3312-100 uM GDC0941,71.57755916,6.339359305,91.5213659,6.867877844,NCYC 3312,DBVPG 1373,100 uM GDC0941,DBVPG 1373*100 uM GDC0941,0,0.062,0.068,0.076333333,0.092,0.108,0.130333333,0.164333333,0.204666667,0.262,0.324,0.429666667,0.527666667,0.624666667,0.727,0.831666667,0.93,1.025,1.115333333,1.186333333,1.212333333,1.236333333,1.265666667,1.3,1.328666667,1.36,1.388,1.413,1.439,1.464333333,1.489333333,1.51,1.529333333,1.546666667,1.564,1.582,1.596666667,1.613333333,1.625333333,1.64,1.650666667
