experiment,Line-Treatment,DT inflection,StDev_inf,DT interval,StDev_int,Lab strain,Strain,Treatment,Strain*Treatment,Time_0,Time_0.5,Time_1,Time_1.5,Time_2,Time_2.5,Time_3,Time_3.5,Time_4,Time_4.5,Time_5,Time_5.5,Time_6,Time_6.5,Time_7,Time_7.5,Time_8,Time_8.5,Time_9,Time_9.5,Time_10,Time_10.5,Time_11,Time_11.5,Time_12,Time_12.5,Time_13,Time_13.5,Time_14,Time_14.5,Time_15,Time_15.5,Time_16,Time_16.5,Time_17,Time_17.5,Time_18,Time_18.5,Time_19,Time_19.5,Time_20
SET3_Low Rapa_REDO_MGK_081117.xls,YML674-2.5 ng/ml RAPA,63.59887539,4.662499046,82.74896752,4.798385797,yML 674,Q32.3,2.5 ng/mL RAPA,Q32.3*2.5 ng/mL RAPA,0,0.018666667,0.017333333,0.024,0.053333333,0.094666667,0.145333333,0.187666667,0.251,0.32,0.409,0.497,0.626666667,0.766666667,0.900333333,1.034666667,1.120333333,1.134666667,1.159333333,1.176666667,1.192333333,1.206666667,1.236666667,1.256666667,1.291666667,1.304333333,1.333666667,1.380333333,1.393333333,1.406,1.439,1.458,1.473333333,1.498,1.513666667,1.520666667,1.556,1.565,1.591333333,1.609666667,1.622333333
