experiment,Line-Treatment,DT inflection,StDev_inf,DT interval,StDev_int,Lab strain,Strain,Treatment,Strain*Treatment,Time_0,Time_0.5,Time_1,Time_1.5,Time_2,Time_2.5,Time_3,Time_3.5,Time_4,Time_4.5,Time_5,Time_5.5,Time_6,Time_6.5,Time_7,Time_7.5,Time_8,Time_8.5,Time_9,Time_9.5,Time_10,Time_10.5,Time_11,Time_11.5,Time_12,Time_12.5,Time_13,Time_13.5,Time_14,Time_14.5,Time_15,Time_15.5,Time_16,Time_16.5,Time_17,Time_17.5,Time_18,Time_18.5,Time_19,Time_19.5,Time_20
SGRP_mTORinhibits_SET3_CAFFEINE_MGK_100817_F.xls,YML674-1000 ug/ml Caffeine,46.69221648,17.15929036,102.5760164,13.33799798,yML 674,Q32.3,1 mg/mL Caffeine,Q32.3*1 mg/mL Caffeine,0,0.017333333,0.02,0.025666667,0.039,0.037333333,0.148666667,0.209666667,0.272666667,0.306666667,0.357333333,0.421666667,0.678333333,0.746666667,0.873333333,1.002333333,1.108,1.139666667,1.136666667,1.151,1.163333333,1.176333333,1.182666667,1.207666667,1.235666667,1.269333333,1.328333333,1.355666667,1.371,1.391333333,1.448333333,1.424,1.479,1.500333333,1.532666667,1.552666667,1.535333333,1.581333333,1.602666667,1.636,1.639666667
SGRP_mTORinhibitsSCREEN_SET3_CAFFEINE_MGK_10082017_D.xls,YML674-1000 ug/ml Caffeine,73.7086911,10.02203186,152.5203098,36.70593174,yML 674,Q32.3,1 mg/mL Caffeine,Q32.3*1 mg/mL Caffeine,0,0.015333333,0.042,0.068666667,0.101333333,0.133333333,0.177666667,0.207,0.260333333,0.285666667,0.377,0.448666667,0.541666667,0.635333333,0.747333333,0.896,0.985666667,1.102333333,1.119,1.096666667,1.11,1.093,1.101,1.122333333,1.167,1.195666667,1.251,1.295333333,1.337333333,1.356666667,1.39,1.399666667,1.437333333,1.459666667,1.459333333,1.499666667,1.546666667,1.551666667,1.573,1.603,1.630333333
SGRP_mTORinhibitsSCREEN_SET3_Caffeine_NBMBL_07112017.xls,YML674-1000 ug/ml Caffeine,70.41749714,20.98026719,48.85393316,20.06102597,yML 674,Q32.3,1 mg/mL Caffeine,Q32.3*1 mg/mL Caffeine,0,0.015,0.023,0.003666667,0.022333333,0.010666667,0.061,0.123,0.237,0.351333333,0.457666667,0.56,0.685,0.813666667,0.982,1.089333333,1.167666667,1.178666667,1.197666667,1.203333333,1.215333333,1.230666667,1.261333333,1.287666667,1.316333333,1.336,1.362666667,1.391,1.423333333,1.449,1.473666667,1.499,1.511333333,1.547,1.561,1.575,1.597,1.618333333,1.636,1.651333333,1.671
