experiment,Line-Treatment,DT inflection,StDev_inf,DT interval,StDev_int,Lab strain,Strain,Treatment,Strain*Treatment,Time_0,Time_0.5,Time_1,Time_1.5,Time_2,Time_2.5,Time_3,Time_3.5,Time_4,Time_4.5,Time_5,Time_5.5,Time_6,Time_6.5,Time_7,Time_7.5,Time_8,Time_8.5,Time_9,Time_9.5,Time_10,Time_10.5,Time_11,Time_11.5,Time_12,Time_12.5,Time_13,Time_13.5,Time_14,Time_14.5,Time_15,Time_15.5,Time_16,Time_16.5,Time_17,Time_17.5,Time_18,Time_18.5,Time_19,Time_19.5,Time_20
SGRP_mTORinhibitsSCREEN_SET2_GDC_MGK_081917(fixed with adding wr,yML566-100 uM GDC0941,,,,,yML 566,FM479,100 uM GDC0941,FM479*100 uM GDC0941,0,0.006666667,0.020333333,0.051,0.050666667,0.04,0.046333333,0.039,0.037,0.043666667,0.038666667,0.023666667,0.038,0.023333333,0.034333333,0.032,0.038666667,0.025666667,0.030333333,0.029,0.029333333,0.044,0.047,0.047,0.05,0.024666667,0.047,0.042,0.045666667,0.037666667,0.038,0.033,0.041,0.043666667,0.053,0.033666667,0.044333333,0.026666667,0.041666667,0.047,0.046333333
