experiment,Line-Treatment,DT inflection,StDev_inf,DT interval,StDev_int,Lab strain,Strain,Treatment,Strain*Treatment,Time_0,Time_0.5,Time_1,Time_1.5,Time_2,Time_2.5,Time_3,Time_3.5,Time_4,Time_4.5,Time_5,Time_5.5,Time_6,Time_6.5,Time_7,Time_7.5,Time_8,Time_8.5,Time_9,Time_9.5,Time_10,Time_10.5,Time_11,Time_11.5,Time_12,Time_12.5,Time_13,Time_13.5,Time_14,Time_14.5,Time_15,Time_15.5,Time_16,Time_16.5,Time_17,Time_17.5,Time_18,Time_18.5,Time_19,Time_19.5,Time_20
SGRP_mTORinhibitsSCREEN_SET4_lowRAPA_MGK_10242017_D.xls,YML 686-2.5 ng/ml RAPA,98.41635747,13.57543035,220.1053184,34.96087684,yML 686,KPN3828,2.5 ng/mL RAPA,KPN3828*2.5 ng/mL RAPA,0,0.018333333,0.023333333,0.028,0.036666667,0.043,0.052,0.056333333,0.066666667,0.076,0.086333333,0.086666667,0.096666667,0.104666667,0.125666667,0.141333333,0.162,0.181666667,0.208666667,0.234,0.276666667,0.298666667,0.336666667,0.355,0.390666667,0.418333333,0.491666667,0.561666667,0.593333333,0.679666667,0.743666667,0.728,0.784666667,0.786,,,,,,,
SGRP_mTORinhibitsSCREEN_SET4_lowrapa_JEMBL_10262017_F.xls,YML 686-2.5 ng/ml RAPA,97.62546582,16.7900693,241.0338285,31.67393398,yML 686,KPN3828,2.5 ng/mL RAPA,KPN3828*2.5 ng/mL RAPA,0,0.007666667,0.021333333,0.019,0.023,0.032333333,0.042666667,0.050333333,0.055,0.059,0.075666667,0.086333333,0.091,0.107,0.117333333,0.125,0.156333333,0.166333333,0.179666667,0.195666667,0.226,0.238666667,0.264,0.300666667,0.3,0.345,0.358,0.398,0.442666667,0.485333333,0.504,0.543,0.571333333,,,,,,,,
