experiment,Line-Treatment,DT inflection,StDev_inf,DT interval,StDev_int,Lab strain,Strain,Treatment,Strain*Treatment,Time_0,Time_0.5,Time_1,Time_1.5,Time_2,Time_2.5,Time_3,Time_3.5,Time_4,Time_4.5,Time_5,Time_5.5,Time_6,Time_6.5,Time_7,Time_7.5,Time_8,Time_8.5,Time_9,Time_9.5,Time_10,Time_10.5,Time_11,Time_11.5,Time_12,Time_12.5,Time_13,Time_13.5,Time_14,Time_14.5,Time_15,Time_15.5,Time_16,Time_16.5,Time_17,Time_17.5,Time_18,Time_18.5,Time_19,Time_19.5,Time_20
SGRP_mTORinhibitsSCREEN_SET1_AZD8055_KGPUARMBL_061817.xls,NCYC 3313-100uM AZD08055,74.13793724,3.429511698,77.58684935,4.027406953,NCYC 3313,DBVPG 1853,100 uM AZD8055,DBVPG 1853*100 uM AZD8055,0,0.085666667,0.097,0.112,0.140666667,0.180666667,0.235333333,0.311,0.406333333,0.515666667,0.643333333,0.775333333,0.912333333,1.048,1.153666667,1.233666667,1.261333333,1.276333333,1.292333333,1.312,1.334666667,1.358333333,1.382,1.407333333,1.432333333,1.454,1.477,1.500333333,1.521666667,1.540666667,1.556333333,1.572333333,1.588333333,1.602666667,1.617,1.632,1.644666667,1.657666667,1.67,1.681,1.694333333
