experiment,Line-Treatment,DT inflection,StDev_inf,DT interval,StDev_int,Lab strain,Strain,Treatment,Strain*Treatment,Time_0,Time_0.5,Time_1,Time_1.5,Time_2,Time_2.5,Time_3,Time_3.5,Time_4,Time_4.5,Time_5,Time_5.5,Time_6,Time_6.5,Time_7,Time_7.5,Time_8,Time_8.5,Time_9,Time_9.5,Time_10,Time_10.5,Time_11,Time_11.5,Time_12,Time_12.5,Time_13,Time_13.5,Time_14,Time_14.5,Time_15,Time_15.5,Time_16,Time_16.5,Time_17,Time_17.5,Time_18,Time_18.5,Time_19,Time_19.5,Time_20
SGRP_mTORinhibits_SET3_CAFFEINE_MGK_100817_F.xls,YML668-1000 ug/ml Caffeine,83.84442609,18.92190929,123.4168251,7.276805613,yML 668,N-17,1 mg/mL Caffeine,N-17*1 mg/mL Caffeine,0,0.062333333,0.060333333,0.053333333,0.066,0.072666667,0.064333333,0.062666667,0.106333333,0.232666667,0.307333333,0.371333333,0.42,0.481,0.550333333,0.641333333,0.717666667,0.809333333,0.889,0.977333333,1.057666667,1.114666667,1.147333333,1.160333333,1.18,1.207,1.226666667,1.259666667,1.284666667,1.308333333,1.336,1.363,1.387666667,1.412666667,1.434,1.458,1.476,1.491666667,1.514333333,1.534,1.548
SGRP_mTORinhibitsSCREEN_SET3_CAFFEINE_MGK_10082017_D.xls,YML668-1000 ug/ml Caffeine,97.04988125,12.58299554,123.325448,8.962162578,yML 668,N-17,1 mg/mL Caffeine,N-17*1 mg/mL Caffeine,0,0.060666667,0.079666667,0.087333333,0.103,0.136666667,0.159,0.18,0.220666667,0.26,0.319666667,0.367333333,0.418,0.49,0.561333333,0.631333333,0.711,0.806,0.899666667,0.978,1.05,1.112333333,1.141,1.162333333,1.181333333,1.204666667,1.231,1.263666667,1.289333333,1.315333333,1.346,1.368333333,1.398666667,1.427,1.441333333,1.468,1.491,1.514333333,1.531333333,1.549666667,1.565333333
SGRP_mTORinhibitsSCREEN_SET3_Caffeine_NBMBL_07112017.xls,YML668-1000 ug/ml Caffeine,145.3781717,30.5033174,755.6449676,187.2910802,yML 668,N-17,1 mg/mL Caffeine,N-17*1 mg/mL Caffeine,0,0.04,0.045666667,0.043333333,0.044333333,0.042333333,0.045666667,0.047666667,0.057333333,0.080333333,0.096666667,0.112333333,0.132666667,0.154666667,0.16,0.163666667,0.178666667,0.186333333,0.190333333,0.196,0.204,0.211666667,0.211666667,0.212666667,0.226666667,0.230333333,0.241,0.246,0.258666667,0.280333333,0.282,0.29,0.303333333,0.315,0.321666667,0.336666667,0.351666667,0.369666667,0.389,0.408333333,0.434
