experiment,Line-Treatment,DT inflection,StDev_inf,DT interval,StDev_int,Lab strain,Strain,Treatment,Strain*Treatment,Time_0,Time_0.5,Time_1,Time_1.5,Time_2,Time_2.5,Time_3,Time_3.5,Time_4,Time_4.5,Time_5,Time_5.5,Time_6,Time_6.5,Time_7,Time_7.5,Time_8,Time_8.5,Time_9,Time_9.5,Time_10,Time_10.5,Time_11,Time_11.5,Time_12,Time_12.5,Time_13,Time_13.5,Time_14,Time_14.5,Time_15,Time_15.5,Time_16,Time_16.5,Time_17,Time_17.5,Time_18,Time_18.5,Time_19,Time_19.5,Time_20
SGRP_mTORinhibsSCREEN_SET1_lowRAPA_KGPUMBL_05062017.xls,NCYC 3452-2.5ng/ml RAPA,26.42062069,5.06623916,94.20289256,1.467619342,NCYC 3452,K11,2.5 ng/mL RAPA,K11*2.5 ng/mL RAPA,0,0.020333333,0.022333333,0.025,-0.044666667,0.031666667,0.035,0.041333333,0.048333333,0.057333333,0.070333333,0.086,0.034666667,0.130666667,0.159,0.126,0.238666667,0.287666667,0.344666667,0.404333333,0.479333333,0.547,0.617666667,0.695,0.764666667,0.838333333,0.893666667,0.948333333,0.976333333,0.985666667,0.982666667,0.988,0.990333333,0.995333333,0.992666667,0.993,0.997666667,1.000333333,0.999666667,1.000666667,1.004666667
