experiment,Line-Treatment,DT inflection,StDev_inf,DT interval,StDev_int,Lab strain,Strain,Treatment,Strain*Treatment,Time_0,Time_0.5,Time_1,Time_1.5,Time_2,Time_2.5,Time_3,Time_3.5,Time_4,Time_4.5,Time_5,Time_5.5,Time_6,Time_6.5,Time_7,Time_7.5,Time_8,Time_8.5,Time_9,Time_9.5,Time_10,Time_10.5,Time_11,Time_11.5,Time_12,Time_12.5,Time_13,Time_13.5,Time_14,Time_14.5,Time_15,Time_15.5,Time_16,Time_16.5,Time_17,Time_17.5,Time_18,Time_18.5,Time_19,Time_19.5,Time_20
SGRP_mTORinhibitsSCREEN_SET1_CAFFEINE AND lowTORIN_MGK_12022017_,NCYC 3311-6.67% H2O,68.74490453,0.903510082,72.26429817,1.785753155,NCYC 3311,DBVPG 1788,6.67% H2O,DBVPG 1788*6.67% H2O,0,0.050333333,0.061666667,0.077666667,0.098666667,0.128666667,0.166333333,0.221,0.296,0.4,0.518333333,0.652333333,0.795,0.942,1.083333333,1.157666667,1.178333333,1.195666667,1.217666667,1.243666667,1.271666667,1.300666667,1.336666667,1.370666667,1.402666667,1.435,1.463,1.491,1.519666667,1.543,1.564333333,1.585333333,1.601666667,1.621333333,1.639666667,1.654333333,1.665666667,1.683,1.694,1.708,1.717333333
