experiment,Line-Treatment,DT inflection,StDev_inf,DT interval,StDev_int,Lab strain,Strain,Treatment,Strain*Treatment,Time_0,Time_0.5,Time_1,Time_1.5,Time_2,Time_2.5,Time_3,Time_3.5,Time_4,Time_4.5,Time_5,Time_5.5,Time_6,Time_6.5,Time_7,Time_7.5,Time_8,Time_8.5,Time_9,Time_9.5,Time_10,Time_10.5,Time_11,Time_11.5,Time_12,Time_12.5,Time_13,Time_13.5,Time_14,Time_14.5,Time_15,Time_15.5,Time_16,Time_16.5,Time_17,Time_17.5,Time_18,Time_18.5,Time_19,Time_19.5,Time_20
SGRP_mTORinhibitsSCREEN_SET2_CAFFEINE AND lowTORIN_MGK_AR_120320,NCYC 3467-6.67% H20,87.34192968,3.768554462,96.67008685,1.464501188,NCYC 3467,W303,6.67% H2O,W303*6.67% H2O,0,0.022333333,0.025666667,0.031333333,0.036666667,0.043333333,0.053666667,0.065666667,0.079666667,0.103,0.129666667,0.166,0.207333333,0.260666667,0.323,0.393666667,0.471,0.556333333,0.633,0.679,0.722,0.766,0.812333333,0.849333333,0.887666667,0.928666667,0.967333333,1.005333333,1.037,1.061,1.081333333,1.085,1.085666667,1.093,1.099333333,1.108,1.113666667,1.120666667,1.126666667,1.134,1.136333333
