experiment,Line-Treatment,DT inflection,StDev_inf,DT interval,StDev_int,Lab strain,Strain,Treatment,Strain*Treatment,Time_0,Time_0.5,Time_1,Time_1.5,Time_2,Time_2.5,Time_3,Time_3.5,Time_4,Time_4.5,Time_5,Time_5.5,Time_6,Time_6.5,Time_7,Time_7.5,Time_8,Time_8.5,Time_9,Time_9.5,Time_10,Time_10.5,Time_11,Time_11.5,Time_12,Time_12.5,Time_13,Time_13.5,Time_14,Time_14.5,Time_15,Time_15.5,Time_16,Time_16.5,Time_17,Time_17.5,Time_18,Time_18.5,Time_19,Time_19.5,Time_20
SGRP_mTOR_inhibitsSCREEN_SET3_round3_lowTORIN_KG_091517_F.xls,YML 567-1 uM Torin 1,141.9025682,8.021629123,157.8461517,2.931800562,yML 567,FM476,1 uM Torin 1,FM476*1 uM Torin 1,0,0.02,0.023,0.025333333,0.029,0.031333333,0.035,0.038666667,0.043666667,0.048333333,0.054,0.059333333,0.066333333,0.074,0.083,0.091333333,0.101666667,0.114,0.127666667,0.146333333,0.165333333,0.189666667,0.216333333,0.247,0.279666667,0.323,0.368666667,0.42,0.477,0.542666667,0.614,0.696,0.779333333,0.863333333,0.932333333,0.974333333,1.006333333,1.010666667,1.010333333,1.011333333,1.009666667
SGRP_mTORinhibitsSCREEN_SET3_LOWTORIN_MGK_09112017F.xls,YML 567-1 uM Torin 1,76.02838036,8.169674924,114.7497613,17.6389652,yML 567,FM476,1 uM Torin 1,FM476*1 uM Torin 1,0,0.019333333,0.014666667,0.012666667,0.013333333,0.011,0.016666667,0.182333333,0.187666667,0.227,0.286666667,0.347666667,0.445666667,0.546666667,0.662,0.804,0.930666667,1.054,1.148333333,1.172333333,1.196666667,1.213666667,1.235,1.265333333,1.303,1.336333333,1.373333333,1.406666667,1.437,1.466333333,1.495666667,1.516333333,1.542,1.565666667,1.587,1.604333333,1.625333333,1.643,1.658333333,1.678333333,1.688333333
SGRP_mTORinhibitsSCREEN_SET3_LOWTORIN_PUMT_062817.xls,YML 567-1 uM Torin 1,130.3668954,2.849368875,147.6885098,2.742332538,yML 567,FM476,1 uM Torin 1,FM476*1 uM Torin 1,0,0.025,0.028666667,0.032,0.036666667,0.041,0.046,0.052666667,0.061333333,0.069333333,0.077333333,0.085666667,0.094,0.104333333,0.114333333,0.127,0.143,0.156333333,0.179,0.203333333,0.231666667,0.268666667,0.311666667,0.358333333,0.419333333,0.484,0.554666667,0.636,0.721,0.806,0.854,0.862666667,0.865,0.866,0.866333333,0.868333333,0.871333333,0.873666667,0.879666667,0.880333333,0.881333333
