experiment,Line-Treatment,DT inflection,StDev_inf,DT interval,StDev_int,Lab strain,Strain,Treatment,Strain*Treatment,Time_0,Time_0.5,Time_1,Time_1.5,Time_2,Time_2.5,Time_3,Time_3.5,Time_4,Time_4.5,Time_5,Time_5.5,Time_6,Time_6.5,Time_7,Time_7.5,Time_8,Time_8.5,Time_9,Time_9.5,Time_10,Time_10.5,Time_11,Time_11.5,Time_12,Time_12.5,Time_13,Time_13.5,Time_14,Time_14.5,Time_15,Time_15.5,Time_16,Time_16.5,Time_17,Time_17.5,Time_18,Time_18.5,Time_19,Time_19.5,Time_20
SGRP_mTORinhibitsSCREEN_SET4_lowRAPA_MGK_10242017_D.xls,YML690-2.5 ng/ml RAPA,81.3415524,14.01549554,103.8013675,9.705427224,yML 690,W7,2.5 ng/mL RAPA,W7*2.5 ng/mL RAPA,0,0.049,0.051,0.056333333,0.069666667,0.081333333,0.103666667,0.126333333,0.158666667,0.196,0.245,0.294666667,0.363333333,0.437333333,0.528666667,0.625,0.712333333,0.811666667,0.924333333,1.031666667,1.114,1.183333333,1.210666667,1.232333333,1.261666667,1.285,1.320333333,1.362,1.385333333,1.411,1.442333333,1.452666667,1.482333333,1.497666667,,,,,,,
SGRP_mTORinhibitsSCREEN_SET4_lowrapa_JEMBL_10262017_F.xls,YML690-2.5 ng/ml RAPA,75.0406445,5.829403256,91.88941713,3.86868123,yML 690,W7,2.5 ng/mL RAPA,W7*2.5 ng/mL RAPA,0,0.017333333,0.039666667,0.050666667,0.067,0.091666667,0.129666667,0.167,0.216666667,0.283666667,0.345333333,0.434666667,0.538333333,0.648666667,0.793666667,0.900333333,1.023,1.101666667,1.142666667,1.176333333,1.194,1.21,1.252666667,1.278333333,1.293666667,1.329666667,1.366,1.391666667,1.412,1.435,1.460333333,1.493666667,1.506,,,,,,,,
