experiment,Line-Treatment,DT inflection,StDev_inf,DT interval,StDev_int,Lab strain,Strain,Treatment,Strain*Treatment,Time_0,Time_0.5,Time_1,Time_1.5,Time_2,Time_2.5,Time_3,Time_3.5,Time_4,Time_4.5,Time_5,Time_5.5,Time_6,Time_6.5,Time_7,Time_7.5,Time_8,Time_8.5,Time_9,Time_9.5,Time_10,Time_10.5,Time_11,Time_11.5,Time_12,Time_12.5,Time_13,Time_13.5,Time_14,Time_14.5,Time_15,Time_15.5,Time_16,Time_16.5,Time_17,Time_17.5,Time_18,Time_18.5,Time_19,Time_19.5,Time_20
SET2AZDredo+highTORINMBL_07302017.xls,yML565-100 uM AZD8055,74.80199609,5.4238678,85.8134293,7.804504729,yML 565,CBS7960,100 uM AZD8055,CBS7960*100 uM AZD8055,0,0.034666667,0.037,0.044333333,0.053333333,0.079333333,0.112666667,0.138,0.185,0.238666667,0.294333333,0.377333333,0.466666667,0.573333333,0.687,0.806666667,0.926666667,1.038,1.123666667,1.195333333,1.228,1.245,1.262666667,1.288,1.315,1.340666667,1.376,1.402333333,1.430666667,1.458333333,1.485666667,1.509,1.529,1.555,1.576,1.592333333,1.613,1.633333333,1.644666667,1.661333333,1.676
