experiment,Line-Treatment,DT inflection,StDev_inf,DT interval,StDev_int,Lab strain,Strain,Treatment,Strain*Treatment,Time_0,Time_0.5,Time_1,Time_1.5,Time_2,Time_2.5,Time_3,Time_3.5,Time_4,Time_4.5,Time_5,Time_5.5,Time_6,Time_6.5,Time_7,Time_7.5,Time_8,Time_8.5,Time_9,Time_9.5,Time_10,Time_10.5,Time_11,Time_11.5,Time_12,Time_12.5,Time_13,Time_13.5,Time_14,Time_14.5,Time_15,Time_15.5,Time_16,Time_16.5,Time_17,Time_17.5,Time_18,Time_18.5,Time_19,Time_19.5,Time_20
SGRP_mTORinhibits_SET2_lowRAPA_KGPUMBL_080417.xls.xls,yML561-2.5 ng/ml RAPA,74.76231861,3.791844176,78.15502744,1.928103435,yML 561,T73,2.5 ng/mL RAPA,T73*2.5 ng/mL RAPA,0,0.017333333,0.018,0.023,0.029333333,0.042,0.05,0.066,0.086,0.112,0.149333333,0.188,0.247,0.321333333,0.417333333,0.519,0.636666667,0.756666667,0.882333333,0.998666667,1.105666667,1.180666667,1.210333333,1.223,1.239,1.259333333,1.283333333,1.313,1.343,1.375666667,1.406333333,1.436,1.464,1.485666667,1.509666667,1.531666667,1.550666667,1.566666667,1.587666667,1.603666667,1.621666667
SGRP_mTORinhibitsSCREEN_SET2_lowRAPA_KGPUMBL_100117.xls,yML561-2.5 ng/ml RAPA,64.94164292,4.626589817,74.42925572,4.530820734,yML 561,T73,2.5 ng/mL RAPA,T73*2.5 ng/mL RAPA,0,0.030666667,0.037333333,0.052,0.059,0.076666667,0.102333333,0.145,0.179333333,0.243666667,0.320333333,0.417333333,0.542666667,0.672333333,0.805,0.944,1.073,1.19,1.272333333,1.297333333,1.309666667,1.326,1.345666667,1.371,1.4,1.431666667,1.463,1.495666667,1.522666667,1.547,1.571666667,1.592333333,1.611,1.628666667,1.648,1.66,1.675666667,1.691666667,1.704666667,1.716,1.725666667
