experiment,Line-Treatment,DT inflection,StDev_inf,DT interval,StDev_int,Lab strain,Strain,Treatment,Strain*Treatment,Time_0,Time_0.5,Time_1,Time_1.5,Time_2,Time_2.5,Time_3,Time_3.5,Time_4,Time_4.5,Time_5,Time_5.5,Time_6,Time_6.5,Time_7,Time_7.5,Time_8,Time_8.5,Time_9,Time_9.5,Time_10,Time_10.5,Time_11,Time_11.5,Time_12,Time_12.5,Time_13,Time_13.5,Time_14,Time_14.5,Time_15,Time_15.5,Time_16,Time_16.5,Time_17,Time_17.5,Time_18,Time_18.5,Time_19,Time_19.5,Time_20
SET2_caffeine_KGPU_080517.xls,NCYC 3486-1000 ug/ml Caffeine,76.79142037,0.935058345,79.42918112,0.808182885,NCYC 3486,NCYC110 ,1 mg/mL Caffeine,NCYC110 *1 mg/mL Caffeine,0,0.027666667,0.032333333,0.039666667,0.050333333,0.074333333,0.093333333,0.122333333,0.156666667,0.203666667,0.264666667,0.343666667,0.437666667,0.548,0.672666667,0.806333333,0.937,1.045666667,1.120333333,1.145666667,1.166666667,1.192666667,1.222333333,1.248666667,1.276666667,1.303666667,1.333333333,1.362333333,1.393666667,1.416333333,1.440333333,1.463,1.483333333,1.503333333,1.52,1.536666667,1.555666667,1.570333333,1.586,1.601333333,1.615666667
SGRP_mTORinhibits_SET2_Caffeine_JE_092817.xls,NCYC 3486-1000 ug/ml Caffeine,78.18137621,1.211154969,81.40177953,1.405241619,NCYC 3486,NCYC110 ,1 mg/mL Caffeine,NCYC110 *1 mg/mL Caffeine,0,0.021333333,0.025,0.030666667,0.038333333,0.045666667,0.063666667,0.095666667,0.120666667,0.155,0.198666667,0.259333333,0.332333333,0.427666667,0.534666667,0.656,0.788,0.921333333,1.049666667,1.134666667,1.174333333,1.191666667,1.215,1.239333333,1.27,1.295333333,1.323333333,1.351666667,1.379666667,1.407666667,1.430666667,1.450666667,1.466333333,1.479333333,1.491333333,1.500333333,1.508333333,1.515,1.520666667,1.526666667,1.534333333
SGRP_mTORinhibitsSCREEN_SET2_Caffeine_JE_092717.xls,NCYC 3486-1000 ug/ml Caffeine,82.27214408,2.74082087,86.99909143,3.098346418,NCYC 3486,NCYC110 ,1 mg/mL Caffeine,NCYC110 *1 mg/mL Caffeine,0,0.027333333,0.031666667,0.034333333,0.045,0.063666667,0.075,0.094333333,0.119333333,0.154666667,0.195,0.247333333,0.316,0.398333333,0.492333333,0.601,0.719,0.845666667,0.978333333,1.087333333,1.146333333,1.164333333,1.181666667,1.206666667,1.231666667,1.262,1.293,1.323333333,1.35,1.379333333,1.410666667,1.434,1.455,1.469333333,1.481,1.493333333,1.504666667,1.513,1.521,1.528,1.534333333
