experiment,Line-Treatment,DT inflection,StDev_inf,DT interval,StDev_int,Lab strain,Strain,Treatment,Strain*Treatment,Time_0,Time_0.5,Time_1,Time_1.5,Time_2,Time_2.5,Time_3,Time_3.5,Time_4,Time_4.5,Time_5,Time_5.5,Time_6,Time_6.5,Time_7,Time_7.5,Time_8,Time_8.5,Time_9,Time_9.5,Time_10,Time_10.5,Time_11,Time_11.5,Time_12,Time_12.5,Time_13,Time_13.5,Time_14,Time_14.5,Time_15,Time_15.5,Time_16,Time_16.5,Time_17,Time_17.5,Time_18,Time_18.5,Time_19,Time_19.5,Time_20
RB_RUN1_F_SGRPmTORscreen_KGA_11082018.xls,NCYC3467-A-6.67%H2O,83.11390117,9.847078531,100.4854632,5.214380298,NCYC 3467,W303,6.67% H2O,W303*6.67% H2O,0,0.070333333,0.070666667,0.077,0.086,0.087666667,0.121,0.147333333,0.184,0.230333333,0.279,0.342,0.408333333,0.482333333,0.546666667,0.6,0.647,0.688,0.729,0.768,0.809666667,0.849,0.881333333,0.915666667,0.962666667,0.980666667,1.002333333,1.016333333,1.027666667,1.033666667,1.041,1.042666667,1.048666667,1.055666667,1.06,1.044333333,1.07,1.076,1.079,1.085666667,1.089333333
