experiment,Line-Treatment,DT inflection,StDev_inf,DT interval,StDev_int,Lab strain,Strain,Treatment,Strain*Treatment,Time_0,Time_0.5,Time_1,Time_1.5,Time_2,Time_2.5,Time_3,Time_3.5,Time_4,Time_4.5,Time_5,Time_5.5,Time_6,Time_6.5,Time_7,Time_7.5,Time_8,Time_8.5,Time_9,Time_9.5,Time_10,Time_10.5,Time_11,Time_11.5,Time_12,Time_12.5,Time_13,Time_13.5,Time_14,Time_14.5,Time_15,Time_15.5,Time_16,Time_16.5,Time_17,Time_17.5,Time_18,Time_18.5,Time_19,Time_19.5,Time_20
SGRP_mTORinhibits_SET3_highTORIN_MGK_101617_F.xls,YML682-25 uM Torin 1,97.42911341,15.07317778,107.4207793,19.36792116,yML 682,A12,25 uM Torin 1,A12*25 uM Torin 1,0,0.041,0.044,0.045666667,0.045666667,0.048,0.049333333,0.053666667,0.057666667,0.065666667,0.074666667,0.086666667,0.099666667,0.116333333,0.138333333,0.165333333,0.202666667,0.248,0.305666667,0.378333333,0.464,0.561,0.669333333,0.784333333,0.899,0.995333333,1.083333333,1.156333333,1.214,1.27,1.312333333,1.337666667,1.366666667,1.393333333,1.418,1.444666667,1.469333333,1.496666667,1.519666667,1.54,1.560333333
SGRP_mTORinhibitsSCREEN_SET3highTORIN_MGK_101617_D.xls,YML682-25 uM Torin 1,105.826383,18.96783118,124.9276732,12.03288007,yML 682,A12,25 uM Torin 1,A12*25 uM Torin 1,0,0.054333333,0.066333333,0.064333333,0.064333333,0.061666667,0.064666667,0.069333333,0.074666667,0.084333333,0.095333333,0.103666667,0.120333333,0.136666667,0.161666667,0.181333333,0.220333333,0.262,0.310333333,0.379666667,0.460333333,0.549,0.648,0.761333333,0.87,0.989666667,1.08,1.168333333,1.244333333,1.273666667,1.301,1.332666667,1.362,1.394333333,1.423333333,1.446666667,1.481666667,1.503333333,1.525,1.552333333,1.569666667
