experiment,Line-Treatment,DT inflection,StDev_inf,DT interval,StDev_int,Lab strain,Strain,Treatment,Strain*Treatment,Time_0,Time_0.5,Time_1,Time_1.5,Time_2,Time_2.5,Time_3,Time_3.5,Time_4,Time_4.5,Time_5,Time_5.5,Time_6,Time_6.5,Time_7,Time_7.5,Time_8,Time_8.5,Time_9,Time_9.5,Time_10,Time_10.5,Time_11,Time_11.5,Time_12,Time_12.5,Time_13,Time_13.5,Time_14,Time_14.5,Time_15,Time_15.5,Time_16,Time_16.5,Time_17,Time_17.5,Time_18,Time_18.5,Time_19,Time_19.5,Time_20
SGRP_mTOR_inhibitsSCREEN_SET3_round3_lowTORIN_KG_091517_F.xls,YML677-1 uM Torin 1,50.35549599,10.92230034,108.4322886,47.99753871,yML 677,Q95.3,1 uM Torin 1,Q95.3*1 uM Torin 1,0,0.061666667,0.065666667,0.063,0.053,0.039666667,0.083,0.080333333,0.093333333,0.141,0.152333333,0.163333333,0.229666667,0.309,0.423666667,0.574333333,0.754666667,0.884,1.036333333,1.144333333,1.245,1.33,1.368333333,1.377,1.392666667,1.410666667,1.427666667,1.452,1.473,1.496,1.521333333,1.551666667,1.560666667,1.578333333,1.590333333,1.607666667,1.623,1.636,1.644666667,1.660666667,1.668
SGRP_mTORinhibitsSCREEN_SET3_LOWTORIN_PUMT_062817.xls,YML677-1 uM Torin 1,48.13631347,33.31267431,28.98020933,4.192671332,yML 677,Q95.3,1 uM Torin 1,Q95.3*1 uM Torin 1,0,0.038666667,0.039,0.037333333,0.035,0.032666667,0.031,0.031333333,0.038666667,0.053,0.054333333,0.089333333,0.109333333,0.232,0.470333333,0.579,0.698333333,0.796,0.904,1.007666667,1.108,1.199,1.244666667,1.268333333,1.292,1.319666667,1.348,1.382,1.41,1.436666667,1.459333333,1.480666667,1.499,1.516666667,1.534666667,1.551333333,1.564666667,1.579333333,1.593666667,1.606333333,1.617333333
