experiment,Line-Treatment,DT inflection,StDev_inf,DT interval,StDev_int,Lab strain,Strain,Treatment,Strain*Treatment,Time_0,Time_0.5,Time_1,Time_1.5,Time_2,Time_2.5,Time_3,Time_3.5,Time_4,Time_4.5,Time_5,Time_5.5,Time_6,Time_6.5,Time_7,Time_7.5,Time_8,Time_8.5,Time_9,Time_9.5,Time_10,Time_10.5,Time_11,Time_11.5,Time_12,Time_12.5,Time_13,Time_13.5,Time_14,Time_14.5,Time_15,Time_15.5,Time_16,Time_16.5,Time_17,Time_17.5,Time_18,Time_18.5,Time_19,Time_19.5,Time_20
_lowTORIN_KGPUMBL_052817.xls,NCYC 3265-1 uM Torin 1,83.89190834,3.952745202,106.1272435,26.09305252,NCYC 3265,SK1,1 uM Torin 1,SK1*1 uM Torin 1,0,0.048333333,0.063666667,0.076666667,0.093666667,0.119,0.150666667,0.192,0.237,0.298,0.371333333,0.439666667,0.504333333,0.558333333,0.593333333,0.618666667,0.638333333,0.654,0.669,0.687,0.708333333,0.729,0.748666667,0.764,0.785,0.801666667,0.815333333,0.84,0.847666667,0.871,0.884333333,0.900666667,0.915333333,0.930333333,0.948333333,0.96,0.977,0.980666667,0.993333333,1.015666667,1.02
SGRP_mTORinhibitsSCREEN_SET1_LOW_TORIN_MGK_081617.xls,NCYC 3265-1 uM Torin 1,151.6637492,90.03773047,581.0712112,222.6034428,NCYC 3265,SK1,1 uM Torin 1,SK1*1 uM Torin 1,0,0.008333333,0.008666667,0.010666667,0.012333333,0.015333333,0.018666667,0.023333333,0.028666667,0.035666667,0.044,0.054666667,0.066333333,0.081666667,0.095333333,0.107,0.118666667,0.125666667,0.133333333,0.139666667,0.147666667,0.155666667,0.164666667,0.175,0.185,0.198666667,0.211333333,0.223,0.234,0.246333333,0.258333333,0.271,0.283666667,0.288,0.299666667,0.317,0.327,0.337333333,0.347666667,0.359666667,0.374
SGRP_mTORinhibsSCREEN_SET1_lowTORIN_redo_KG_09252017.xls,NCYC 3265-1 uM Torin 1,74.24029915,3.967963972,305.7320145,196.9748428,NCYC 3265,SK1,1 uM Torin 1,SK1*1 uM Torin 1,0,-0.020666667,-0.014333333,-0.006333333,0.003666667,0.020333333,0.041,0.064333333,0.099,0.137,0.18,0.234333333,0.302,0.352666667,0.392,0.415,0.434666667,0.449,0.465,0.475666667,0.498666667,0.513333333,0.531,0.550333333,0.568333333,0.584,0.602,0.616666667,0.633333333,0.648,0.662333333,0.674666667,0.682333333,0.702333333,0.712333333,0.719666667,0.732333333,0.740333333,0.749666667,0.758666667,0.770666667
