experiment,Line-Treatment,DT inflection,StDev_inf,DT interval,StDev_int,Lab strain,Strain,Treatment,Strain*Treatment,Time_0,Time_0.5,Time_1,Time_1.5,Time_2,Time_2.5,Time_3,Time_3.5,Time_4,Time_4.5,Time_5,Time_5.5,Time_6,Time_6.5,Time_7,Time_7.5,Time_8,Time_8.5,Time_9,Time_9.5,Time_10,Time_10.5,Time_11,Time_11.5,Time_12,Time_12.5,Time_13,Time_13.5,Time_14,Time_14.5,Time_15,Time_15.5,Time_16,Time_16.5,Time_17,Time_17.5,Time_18,Time_18.5,Time_19,Time_19.5,Time_20
SGRP_mTORinhibitsSCREEN_SET1_LOWRAPA_highRAPA_lowTORIN_MGK_12022,NCYC 3284-20 ng/ml RAPA,391.5361002,9.804886515,699.5660634,7.42954542,NCYC 3284,YPS128,20 ng/mL RAPA,YPS128*20 ng/mL RAPA,0,0.044333333,0.054666667,0.062333333,0.069333333,0.075666667,0.08,0.084333333,0.087333333,0.091,0.094,0.097666667,0.1,0.103333333,0.108333333,0.112666667,0.116,0.120333333,0.124333333,0.129333333,0.133666667,0.138666667,0.142333333,0.148333333,0.151333333,0.156333333,0.162,0.166333333,0.172333333,0.178666667,0.184,0.190666667,0.195333333,0.202,0.208,0.213666667,0.223666667,0.23,0.236666667,0.243666667,0.251
SGRP_mTORinhibitsSCREEN_SET1_LOWRAPA_highRAPA_lowTORIN_MGK_12022,NCYC 3284-20 ng/ml RAPA,306.8407571,83.52803856,668.9363076,55.99000429,NCYC 3284,YPS128,20 ng/mL RAPA,YPS128*20 ng/mL RAPA,0,0.049666667,0.063,0.074333333,0.083333333,0.089,0.097333333,0.103,0.108,0.111333333,0.117333333,0.122,0.127666667,0.132666667,0.136333333,0.145333333,0.149666667,0.156333333,0.162666667,0.166666667,0.174333333,0.179333333,0.187,0.194,0.199,0.210333333,0.217666667,0.226,0.233333333,0.242666667,0.249333333,0.260333333,0.270333333,0.280666667,0.285333333,0.297,0.312,0.321,0.331,0.339333333,0.351333333
