experiment,Line-Treatment,DT inflection,StDev_inf,DT interval,StDev_int,Lab strain,Strain,Treatment,Strain*Treatment,Time_0,Time_0.5,Time_1,Time_1.5,Time_2,Time_2.5,Time_3,Time_3.5,Time_4,Time_4.5,Time_5,Time_5.5,Time_6,Time_6.5,Time_7,Time_7.5,Time_8,Time_8.5,Time_9,Time_9.5,Time_10,Time_10.5,Time_11,Time_11.5,Time_12,Time_12.5,Time_13,Time_13.5,Time_14,Time_14.5,Time_15,Time_15.5,Time_16,Time_16.5,Time_17,Time_17.5,Time_18,Time_18.5,Time_19,Time_19.5,Time_20
SGRP_mTORinhibitsSCREEN_SET1HIGHrapaANDhighTORIN_PU_03162018_D.x,NCYC3449B-20 ng/mL Rapamycin,84.27828614,20.12154514,189.6206727,101.7890102,NCYC 3449,UWOPS87-2421,20 ng/mL RAPA,UWOPS87-2421*20 ng/mL RAPA,0,0.057666667,0.068,0.083666667,0.114,0.140666667,0.156666667,0.189,0.203666667,0.236666667,0.285333333,0.360333333,0.349666667,0.401666667,0.451333333,0.519333333,0.563666667,0.631666667,0.706,0.765,0.823,0.897666667,0.969,1.04,1.089,1.165666667,1.265666667,1.287666667,1.331666667,1.386333333,1.425,1.458666667,1.502333333,1.529,1.556333333,1.577333333,1.590666667,1.607,1.659666667,1.633,1.641666667
