experiment,Line-Treatment,DT inflection,StDev_inf,DT interval,StDev_int,Lab strain,Strain,Treatment,Strain*Treatment,Time_0,Time_0.5,Time_1,Time_1.5,Time_2,Time_2.5,Time_3,Time_3.5,Time_4,Time_4.5,Time_5,Time_5.5,Time_6,Time_6.5,Time_7,Time_7.5,Time_8,Time_8.5,Time_9,Time_9.5,Time_10,Time_10.5,Time_11,Time_11.5,Time_12,Time_12.5,Time_13,Time_13.5,Time_14,Time_14.5,Time_15,Time_15.5,Time_16,Time_16.5,Time_17,Time_17.5,Time_18,Time_18.5,Time_19,Time_19.5,Time_20
SGRP_mTORinhibitsSCREEN_Set2_highRAPA_KGPU_11202017_F.xls,yML560-20 ng/ml RAPA,136.4688388,14.27655075,179.4644165,0.93983772,yML 560,UC5,20 ng/mL RAPA,UC5*20 ng/mL RAPA,0,0.024333333,0.028666667,0.033,0.036333333,0.039333333,0.043333333,0.047666667,0.053666667,0.060666667,0.067333333,0.076666667,0.087333333,0.099666667,0.112666667,0.133666667,0.151,0.170333333,0.194666667,0.220333333,0.251666667,0.283,0.32,0.357333333,0.397,0.441666667,0.487333333,0.536333333,0.599666667,0.657333333,0.713666667,0.772333333,0.834,0.893333333,0.954333333,1.015,1.068666667,1.118666667,1.149666667,1.162666667,1.172
