experiment,Line-Treatment,DT inflection,StDev_inf,DT interval,StDev_int,Lab strain,Strain,Treatment,Strain*Treatment,Time_0,Time_0.5,Time_1,Time_1.5,Time_2,Time_2.5,Time_3,Time_3.5,Time_4,Time_4.5,Time_5,Time_5.5,Time_6,Time_6.5,Time_7,Time_7.5,Time_8,Time_8.5,Time_9,Time_9.5,Time_10,Time_10.5,Time_11,Time_11.5,Time_12,Time_12.5,Time_13,Time_13.5,Time_14,Time_14.5,Time_15,Time_15.5,Time_16,Time_16.5,Time_17,Time_17.5,Time_18,Time_18.5,Time_19,Time_19.5,Time_20
SGRP_mTORinhibitsSCREEN_SET3_LOWRAPA_JEMBL_12012017_F,yML 568-2.5 ng/ml RAPA,71.33908751,2.321167903,74.03851292,1.795071727,yML 568,FM356,2.5 ng/mL RAPA,FM356*2.5 ng/mL RAPA,0,0.066666667,0.081666667,0.102,0.128,0.170666667,0.228333333,0.301,0.388666667,0.500333333,0.619,0.744,0.893666667,1.009666667,1.125,1.219333333,1.237333333,1.254,1.271,1.292,1.318333333,1.347666667,1.377333333,1.405666667,1.435333333,1.460666667,1.487333333,1.501,1.532666667,1.550666667,1.569333333,1.585333333,1.614,1.614,1.627333333,1.639,1.652,1.663333333,1.673666667,1.683333333,1.691
