experiment,Line-Treatment,DT inflection,StDev_inf,DT interval,StDev_int,Lab strain,Strain,Treatment,Strain*Treatment,Time_0,Time_0.5,Time_1,Time_1.5,Time_2,Time_2.5,Time_3,Time_3.5,Time_4,Time_4.5,Time_5,Time_5.5,Time_6,Time_6.5,Time_7,Time_7.5,Time_8,Time_8.5,Time_9,Time_9.5,Time_10,Time_10.5,Time_11,Time_11.5,Time_12,Time_12.5,Time_13,Time_13.5,Time_14,Time_14.5,Time_15,Time_15.5,Time_16,Time_16.5,Time_17,Time_17.5,Time_18,Time_18.5,Time_19,Time_19.5,Time_20
SGRP_mTORinhibitsSCREEN_SET1HIGHrapaANDhighTORIN_PU_03162018_D.x,NCYC3453B-1%DMSO,74.34212544,1.98910676,81.65704839,2.518952407,NCYC 3453,YS4,1% DMSO,YS4*1% DMSO,0,0.05,0.062666667,0.081666667,0.105,0.132333333,0.173,0.223666667,0.285333333,0.374,0.491,0.631333333,0.780666667,0.933666667,1.054666667,1.089333333,1.097666667,1.108,1.124,1.139666667,1.159666667,1.179666667,1.198333333,1.217666667,1.238333333,1.257,1.313666667,1.295333333,1.309333333,1.329333333,1.346,1.361666667,1.379333333,1.396333333,1.410333333,1.425,1.441333333,1.455666667,1.469666667,1.481333333,1.495
