experiment,Line-Treatment,DT inflection,StDev_inf,DT interval,StDev_int,Lab strain,Strain,Treatment,Strain*Treatment,Time_0,Time_0.5,Time_1,Time_1.5,Time_2,Time_2.5,Time_3,Time_3.5,Time_4,Time_4.5,Time_5,Time_5.5,Time_6,Time_6.5,Time_7,Time_7.5,Time_8,Time_8.5,Time_9,Time_9.5,Time_10,Time_10.5,Time_11,Time_11.5,Time_12,Time_12.5,Time_13,Time_13.5,Time_14,Time_14.5,Time_15,Time_15.5,Time_16,Time_16.5,Time_17,Time_17.5,Time_18,Time_18.5,Time_19,Time_19.5,Time_20
SGRP_mTORinhibitsSCREEN_SET1_AZD8055_KGPUARMBL_061817.xls,NCYC 3315-100uM AZD08055,57.59305849,10.17054701,74.1404224,14.16569042,NCYC 3315,YPS606,100 uM AZD8055,YPS606*100 uM AZD8055,0,0.083333333,0.089333333,0.087333333,0.134333333,0.197,0.272666667,0.339,0.458,0.602,0.755333333,0.914,1.073333333,1.211666667,1.298333333,1.327666667,1.352666667,1.380333333,1.409,1.437333333,1.466333333,1.501,1.526,1.550666667,1.573,1.588666667,1.609,1.627333333,1.640666667,1.653666667,1.664333333,1.679333333,1.689666667,1.708,1.708666667,1.724333333,1.732666667,1.742333333,1.752,1.760333333,1.774
