experiment,Line-Treatment,DT inflection,StDev_inf,DT interval,StDev_int,Lab strain,Strain,Treatment,Strain*Treatment,Time_0,Time_0.5,Time_1,Time_1.5,Time_2,Time_2.5,Time_3,Time_3.5,Time_4,Time_4.5,Time_5,Time_5.5,Time_6,Time_6.5,Time_7,Time_7.5,Time_8,Time_8.5,Time_9,Time_9.5,Time_10,Time_10.5,Time_11,Time_11.5,Time_12,Time_12.5,Time_13,Time_13.5,Time_14,Time_14.5,Time_15,Time_15.5,Time_16,Time_16.5,Time_17,Time_17.5,Time_18,Time_18.5,Time_19,Time_19.5,Time_20
SGRP_mTOR_inhibitsSCREEN_SET2_HighRAPA+LowTorin_Repeat_JEMBL_073,NCYC 3487-1% DMSO,86.35215551,4.110856866,90.22487214,1.007365581,NCYC 3487,YS2 ,1% DMSO,YS2 *1% DMSO,0,0.029,0.032666667,0.040666667,0.048333333,0.056,0.069333333,0.083666667,0.099,0.121666667,0.149,0.187333333,0.236,0.298333333,0.374333333,0.468333333,0.576,0.697333333,0.828666667,0.964,1.044666667,1.062333333,1.083,1.107666667,1.129666667,1.154666667,1.179666667,1.207333333,1.239,1.268333333,1.302,1.335666667,1.37,1.401333333,1.433666667,1.469,1.495,1.522333333,1.545,1.572666667,1.596333333
SGRP_mTORinhibitsSCREEN_SET2_LOWRAPA_highTORIN_MGK_12032017_F,NCYC 3487-1% DMSO,99.96996589,3.836836785,109.8460411,2.723262569,NCYC 3487,YS2 ,1% DMSO,YS2 *1% DMSO,0,0.029,0.030333333,0.039,0.045333333,0.053666667,0.061333333,0.070333333,0.079333333,0.091,0.098666667,0.110333333,0.123333333,0.145333333,0.17,0.202333333,0.245333333,0.296666667,0.365,0.442,0.540333333,0.646666667,0.762666667,0.888,1.008666667,1.050666667,1.069666667,1.093666667,1.117333333,1.140333333,1.162666667,1.19,1.217333333,1.247666667,1.279333333,1.310666667,1.345666667,1.377,1.405333333,1.438,1.46
