experiment,Line-Treatment,DT inflection,StDev_inf,DT interval,StDev_int,Lab strain,Strain,Treatment,Strain*Treatment,Time_0,Time_0.5,Time_1,Time_1.5,Time_2,Time_2.5,Time_3,Time_3.5,Time_4,Time_4.5,Time_5,Time_5.5,Time_6,Time_6.5,Time_7,Time_7.5,Time_8,Time_8.5,Time_9,Time_9.5,Time_10,Time_10.5,Time_11,Time_11.5,Time_12,Time_12.5,Time_13,Time_13.5,Time_14,Time_14.5,Time_15,Time_15.5,Time_16,Time_16.5,Time_17,Time_17.5,Time_18,Time_18.5,Time_19,Time_19.5,Time_20
SGRP_mTORinhibitsSCREEN_SET3_LOWRAPA_JEMBL_12012017_F,yML 665-1% DMSO,25.66741072,1.020665795,93.07620138,25.80936725,yML 665,N-45,1% DMSO,N-45*1% DMSO,0,0.025333333,0.026,0.022333333,0.024,0.014,0.211,0.184333333,0.214333333,0.24,0.538666667,0.679333333,0.860333333,1.004333333,1.147,1.216,1.224333333,1.232,1.25,1.247333333,1.272333333,1.289333333,1.318666667,1.337333333,1.352666667,1.365,1.392,1.413,1.428333333,1.455,1.466333333,1.483,1.500666667,1.516333333,1.525666667,1.537,1.555,1.567,1.574,1.594333333,1.599666667
SGRP_mTORinhibitsSCREEN_SET3_LOWRAPA_JEMBL_12012017_F,yML 665-1% DMSO,37.98371846,2.129958032,261.9963886,229.9074239,yML 665,N-45,1% DMSO,N-45*1% DMSO,0,0.018,0.018333333,0.016,0.014333333,0.024,0.193333333,0.193333333,0.225333333,0.274333333,0.474,0.625666667,0.800333333,0.970666667,1.094333333,1.190666667,1.220333333,1.216,1.24,1.247666667,1.256,1.292333333,1.304666667,1.324666667,1.334333333,1.367666667,1.387333333,1.407,1.436333333,1.455333333,1.482666667,1.502333333,1.513666667,1.528,1.548333333,1.559666667,1.569666667,1.591333333,1.609666667,1.608666667,1.620666667
