experiment,Line-Treatment,DT inflection,StDev_inf,DT interval,StDev_int,Lab strain,Strain,Treatment,Strain*Treatment,Time_0,Time_0.5,Time_1,Time_1.5,Time_2,Time_2.5,Time_3,Time_3.5,Time_4,Time_4.5,Time_5,Time_5.5,Time_6,Time_6.5,Time_7,Time_7.5,Time_8,Time_8.5,Time_9,Time_9.5,Time_10,Time_10.5,Time_11,Time_11.5,Time_12,Time_12.5,Time_13,Time_13.5,Time_14,Time_14.5,Time_15,Time_15.5,Time_16,Time_16.5,Time_17,Time_17.5,Time_18,Time_18.5,Time_19,Time_19.5,Time_20
SGRP_mTOR_inhibitsSCREEN_SET1_lowRAPA_redo2_KG_092317.xls,NCYC 3452-2.5 ng/ml RAPA,48.80926681,3.054916438,149.2796518,93.17085174,NCYC 3452,K11,2.5 ng/mL RAPA,K11*2.5 ng/mL RAPA,0,0.073,0.069,0.080333333,0.099,0.14,0.228,0.320666667,0.388666667,0.470666667,0.705,0.877333333,1.077666667,1.253666667,1.372,1.445,1.463666667,1.478666667,1.500666667,1.531,1.559,1.604333333,1.611666667,1.608,1.64,1.600666667,1.590333333,1.645333333,1.622666667,1.612666667,1.645333333,1.630666667,1.641333333,1.668666667,1.660333333,1.695,1.689,1.699,1.713,1.733,1.744333333
SGRP_mTORinhibitsSCREEN_SET1_lowRAPA_round4_KG_092417.xls,NCYC 3452-2.5 ng/ml RAPA,63.59362713,1.910234134,76.57962714,4.152616372,NCYC 3452,K11,2.5 ng/mL RAPA,K11*2.5 ng/mL RAPA,0,0.09,0.149,0.193,0.265333333,0.340666667,0.443666667,0.552333333,0.767,0.935666667,1.091666667,1.236,1.341666667,1.378333333,1.431,1.437666667,1.454333333,1.458,1.485,1.513333333,1.593666667,1.558333333,1.585333333,1.593666667,1.682,1.629,1.652666667,1.666,1.720333333,1.723,1.749333333,1.734666667,1.687666667,1.794,1.754333333,1.783666667,1.794666667,1.812,1.791,1.801666667,1.837333333
SGRP_mTORinhibsSCREEN_SET1_lowRAPA_JEMBL_08152017.xls,NCYC 3452-2.5 ng/ml RAPA,97.75648064,7.673716177,111.4188516,1.292713193,NCYC 3452,K11,2.5 ng/mL RAPA,K11*2.5 ng/mL RAPA,0,0.023333333,0.024,0.027,0.031666667,0.038,0.042666667,0.050333333,0.06,0.073333333,0.088666667,0.112666667,0.138666667,0.171,0.21,0.254333333,0.306,0.368,0.435333333,0.506666667,0.580333333,0.656333333,0.728333333,0.795666667,0.869333333,0.928333333,0.965666667,0.977333333,0.982,0.984,0.982333333,0.984666667,0.989666667,0.987666667,0.993,0.995,0.993666667,0.998333333,0.999,1.001666667,1.003333333
