experiment,Line-Treatment,DT inflection,StDev_inf,DT interval,StDev_int,Lab strain,Strain,Treatment,Strain*Treatment,Time_0,Time_0.5,Time_1,Time_1.5,Time_2,Time_2.5,Time_3,Time_3.5,Time_4,Time_4.5,Time_5,Time_5.5,Time_6,Time_6.5,Time_7,Time_7.5,Time_8,Time_8.5,Time_9,Time_9.5,Time_10,Time_10.5,Time_11,Time_11.5,Time_12,Time_12.5,Time_13,Time_13.5,Time_14,Time_14.5,Time_15,Time_15.5,Time_16,Time_16.5,Time_17,Time_17.5,Time_18,Time_18.5,Time_19,Time_19.5,Time_20
SGRP_mTORinhibitsSCREEN_SET3_round3_highRAPA_KG_091517_D.xls,YML671-20 ng/ml RAPA,139.356396,6.459959353,187.8632026,2.007543133,yML 671,YPS138,20 ng/mL RAPA,YPS138*20 ng/mL RAPA,0,0.054,0.057666667,0.062,0.068333333,0.077333333,0.085333333,0.088333333,0.101666667,0.109333333,0.123666667,0.140666667,0.158,0.177666667,0.202333333,0.226333333,0.256,0.288,0.321,0.362333333,0.398333333,0.443333333,0.482666667,0.533,0.591,0.654666667,0.713333333,0.769333333,0.840333333,0.901333333,0.965666667,1.030333333,1.098,1.156333333,1.217333333,1.282333333,1.331,1.383333333,1.437,1.481666667,1.526333333
