experiment,Line-Treatment,DT inflection,StDev_inf,DT interval,StDev_int,Lab strain,Strain,Treatment,Strain*Treatment,Time_0,Time_0.5,Time_1,Time_1.5,Time_2,Time_2.5,Time_3,Time_3.5,Time_4,Time_4.5,Time_5,Time_5.5,Time_6,Time_6.5,Time_7,Time_7.5,Time_8,Time_8.5,Time_9,Time_9.5,Time_10,Time_10.5,Time_11,Time_11.5,Time_12,Time_12.5,Time_13,Time_13.5,Time_14,Time_14.5,Time_15,Time_15.5,Time_16,Time_16.5,Time_17,Time_17.5,Time_18,Time_18.5,Time_19,Time_19.5,Time_20
SGRP_mTORinhibitsSCREEN_SET3highTORIN_MGK_101617_D.xls,YML665-25 uM Torin 1,44.04445843,12.77307619,48.09274389,14.26059395,yML 665,N-45,25 uM Torin 1,N-45*25 uM Torin 1,0,0.046666667,0.050333333,0.052,0.052666667,0.058666667,0.054333333,0.051333333,0.047333333,0.073666667,0.089666667,0.114,0.131,0.202333333,0.303,0.400333333,0.553333333,0.728666667,0.863333333,0.96,1.093666667,1.191,1.216666667,1.236666667,1.255666667,1.301666667,1.329,1.385333333,1.402666667,1.435333333,1.469,1.488666667,1.519666667,1.541666667,1.568,1.575666667,1.592333333,1.613333333,1.622666667,1.644,1.651
