experiment,Line-Treatment,DT inflection,StDev_inf,DT interval,StDev_int,Lab strain,Strain,Treatment,Strain*Treatment,Time_0,Time_0.5,Time_1,Time_1.5,Time_2,Time_2.5,Time_3,Time_3.5,Time_4,Time_4.5,Time_5,Time_5.5,Time_6,Time_6.5,Time_7,Time_7.5,Time_8,Time_8.5,Time_9,Time_9.5,Time_10,Time_10.5,Time_11,Time_11.5,Time_12,Time_12.5,Time_13,Time_13.5,Time_14,Time_14.5,Time_15,Time_15.5,Time_16,Time_16.5,Time_17,Time_17.5,Time_18,Time_18.5,Time_19,Time_19.5,Time_20
SGRP_mTORinhibitsSCREEN_SET4_lowRAPA_MGK_10242017_D.xls,YML708-2.5 ng/ml RAPA,60.05862849,4.609254606,64.52399196,1.125477463,yML 708,PW5,2.5 ng/mL RAPA,PW5*2.5 ng/mL RAPA,0,0.062666667,0.067666667,0.080333333,0.104333333,0.138,0.195,0.269333333,0.371666667,0.491333333,0.626333333,0.782,0.948666667,1.076333333,1.204333333,1.248666667,1.267333333,1.292333333,1.328333333,1.362333333,1.392666667,1.428333333,1.462333333,1.492,1.524333333,1.545666667,1.569666667,1.597,1.619333333,1.639333333,1.659666667,1.672,1.688333333,1.698333333,,,,,,,
SGRP_mTORinhibitsSCREEN_SET4_lowrapa_JEMBL_10262017_F.xls,YML708-2.5 ng/ml RAPA,56.26908963,1.191919728,56.75182192,2.014556107,yML 708,PW5,2.5 ng/mL RAPA,PW5*2.5 ng/mL RAPA,0,0.050666667,0.059,0.073,0.100333333,0.143333333,0.206333333,0.298333333,0.421,0.559333333,0.723,0.899,1.058333333,1.191666667,1.263333333,1.289333333,1.318666667,1.351333333,1.383666667,1.415,1.448333333,1.485333333,1.519,1.547333333,1.573666667,1.597333333,1.621333333,1.645333333,1.662666667,1.686,1.705,1.717,1.734333333,,,,,,,,
