experiment,Line-Treatment,DT inflection,StDev_inf,DT interval,StDev_int,Lab strain,Strain,Treatment,Strain*Treatment,Time_0,Time_0.5,Time_1,Time_1.5,Time_2,Time_2.5,Time_3,Time_3.5,Time_4,Time_4.5,Time_5,Time_5.5,Time_6,Time_6.5,Time_7,Time_7.5,Time_8,Time_8.5,Time_9,Time_9.5,Time_10,Time_10.5,Time_11,Time_11.5,Time_12,Time_12.5,Time_13,Time_13.5,Time_14,Time_14.5,Time_15,Time_15.5,Time_16,Time_16.5,Time_17,Time_17.5,Time_18,Time_18.5,Time_19,Time_19.5,Time_20
SGRP_mTORinhibitsSCREEN_SET3_CAFFEINE AND lowTORIN_JEMBL_1201201,yML667-1000 ug/ml Caffeine,75.19030645,10.65263336,137.6897562,25.34510827,yML 667,N-44,1 mg/mL Caffeine,N-44*1 mg/mL Caffeine,0,0.078666667,0.078,0.061666667,0.045,0.027,0.02,0.016333333,0.013,0.011,0.29,0.33,0.394666667,0.485,0.629,0.727333333,0.866,0.965333333,1.084333333,1.156333333,1.199,1.24,1.278,1.271333333,1.306666667,1.329666667,1.366,1.389333333,1.429,1.452333333,1.485666667,1.503,1.52,1.554333333,1.57,1.599,1.61,1.623,1.643333333,1.658,1.686333333
