experiment,Line-Treatment,DT inflection,StDev_inf,DT interval,StDev_int,Lab strain,Strain,Treatment,Strain*Treatment,Time_0,Time_0.5,Time_1,Time_1.5,Time_2,Time_2.5,Time_3,Time_3.5,Time_4,Time_4.5,Time_5,Time_5.5,Time_6,Time_6.5,Time_7,Time_7.5,Time_8,Time_8.5,Time_9,Time_9.5,Time_10,Time_10.5,Time_11,Time_11.5,Time_12,Time_12.5,Time_13,Time_13.5,Time_14,Time_14.5,Time_15,Time_15.5,Time_16,Time_16.5,Time_17,Time_17.5,Time_18,Time_18.5,Time_19,Time_19.5,Time_20
SGRP_mTORinhibitsSCREEN_SET4_lowRAPA_MGK_10242017_D.xls,YML699-2.5 ng/ml RAPA,,,,,yML 699,UWOPS91-917.1,2.5 ng/mL RAPA,UWOPS91-917.1*2.5 ng/mL RAPA,0,0.003333333,0.004333333,0.003,0.004,0.002,0.004666667,0.005,0.004666667,0.005,0.004666667,0.005666667,0.004666667,0.002333333,0.004,0.004,0.003,0.001666667,0.003333333,0.004,0.004333333,0.003666667,0.004333333,0.004333333,0.004666667,0.004,0.005666667,0.004,0.005333333,0.005,0.005333333,0.003333333,0.004333333,0.004333333,,,,,,,
SGRP_mTORinhibitsSCREEN_SET4_lowrapa_JEMBL_10262017_F.xls,YML699-2.5 ng/ml RAPA,82.27703654,2.985346244,88.52722151,2.383934173,yML 699,UWOPS91-917.1,2.5 ng/mL RAPA,UWOPS91-917.1*2.5 ng/mL RAPA,0,0.047333333,0.052666667,0.057333333,0.067333333,0.093,0.120666667,0.156333333,0.198666667,0.249,0.317333333,0.396666667,0.487333333,0.588666667,0.716333333,0.840666667,0.975333333,1.108333333,1.213,1.297333333,1.327,1.354,1.382666667,1.416333333,1.451333333,1.479,1.508333333,1.532333333,1.556333333,1.578666667,1.602,1.616,1.635,,,,,,,,
