experiment,Line-Treatment,DT inflection,StDev_inf,DT interval,StDev_int,Lab strain,Strain,Treatment,Strain*Treatment,Time_0,Time_0.5,Time_1,Time_1.5,Time_2,Time_2.5,Time_3,Time_3.5,Time_4,Time_4.5,Time_5,Time_5.5,Time_6,Time_6.5,Time_7,Time_7.5,Time_8,Time_8.5,Time_9,Time_9.5,Time_10,Time_10.5,Time_11,Time_11.5,Time_12,Time_12.5,Time_13,Time_13.5,Time_14,Time_14.5,Time_15,Time_15.5,Time_16,Time_16.5,Time_17,Time_17.5,Time_18,Time_18.5,Time_19,Time_19.5,Time_20
SGRP_mTORinhibits_SET3_CAFFEINE_MGK_100817_F.xls,YML 568-1000 ug/ml Caffeine,93.97195094,2.691815997,97.5062372,1.176894172,yML 568,FM356,1 mg/mL Caffeine,FM356*1 mg/mL Caffeine,0,0.05425,0.0595,0.06725,0.0815,0.0955,0.116,0.1435,0.1775,0.2205,0.27175,0.332,0.407,0.486,0.5685,0.66175,0.754,0.82775,0.8635,0.872,0.8805,0.89275,0.90825,0.926,0.94525,0.96675,0.99125,1.01575,1.037,1.0585,1.07925,1.0965,1.11375,1.13025,1.14375,1.15675,1.1685,1.17875,1.19,1.1995,1.2075
SGRP_mTORinhibitsSCREEN_SET3_CAFFEINE_MGK_10082017_D.xls,YML 568-1000 ug/ml Caffeine,95.4437435,3.049723649,102.1060098,1.482392083,yML 568,FM356,1 mg/mL Caffeine,FM356*1 mg/mL Caffeine,0,0.04725,0.05325,0.06125,0.0725,0.089,0.1065,0.1295,0.161,0.19725,0.24175,0.296,0.35725,0.425,0.50375,0.586,0.67825,0.76725,0.82625,0.8475,0.8555,0.86575,0.87775,0.89625,0.91475,0.93475,0.958,0.983,1.00825,1.03125,1.05225,1.072,1.09175,1.11075,1.124,1.13775,1.1555,1.169,1.17925,1.18875,1.201
SGRP_mTORinhibitsSCREEN_SET3_Caffeine_NBMBL_07112017.xls,YML 568-1000 ug/ml Caffeine,75.83109823,0.88950344,80.31306743,0.743701028,yML 568,FM356,1 mg/mL Caffeine,FM356*1 mg/mL Caffeine,0,0.0395,0.04225,0.051,0.0615,0.078,0.10225,0.13525,0.17475,0.22825,0.29175,0.36775,0.45525,0.54275,0.64075,0.73975,0.82,0.89375,0.921,0.93425,0.94625,0.96375,0.9845,1.007,1.03225,1.05625,1.0795,1.10175,1.1215,1.141,1.15575,1.171,1.18425,1.19825,1.209,1.219,1.23,1.2395,1.248,1.2575,1.264
