experiment,Line-Treatment,DT inflection,StDev_inf,DT interval,StDev_int,Lab strain,Strain,Treatment,Strain*Treatment,Time_0,Time_0.5,Time_1,Time_1.5,Time_2,Time_2.5,Time_3,Time_3.5,Time_4,Time_4.5,Time_5,Time_5.5,Time_6,Time_6.5,Time_7,Time_7.5,Time_8,Time_8.5,Time_9,Time_9.5,Time_10,Time_10.5,Time_11,Time_11.5,Time_12,Time_12.5,Time_13,Time_13.5,Time_14,Time_14.5,Time_15,Time_15.5,Time_16,Time_16.5,Time_17,Time_17.5,Time_18,Time_18.5,Time_19,Time_19.5,Time_20
SGRP_mTOR_inhibitsSCREEN_SET2_HighRAPA+LowTorin_Repeat_JEMBL_073,yML 560-1% DMSO,86.33721023,0.968698355,91.43302917,1.216959464,yML 560,UC5,1% DMSO,UC5*1% DMSO,0,0.038,0.049,0.062333333,0.079333333,0.100333333,0.127333333,0.162,0.204666667,0.256666667,0.320666667,0.403333333,0.503333333,0.620666667,0.744333333,0.872666667,0.988333333,1.090333333,1.122666667,1.14,1.157333333,1.190666667,1.220666667,1.257,1.290666667,1.326333333,1.355333333,1.389333333,1.413666667,1.439333333,1.462333333,1.487333333,1.506333333,1.527333333,1.551,1.578666667,1.595666667,1.617333333,1.637333333,1.659666667,1.682
SGRP_mTORinhibitsSCREEN_SET2_LOWRAPA_highTORIN_MGK_12032017_F,yML 560-1% DMSO,78.43489302,1.507474992,88.49881358,0.866135717,yML 560,UC5,1% DMSO,UC5*1% DMSO,0,0.079333333,0.109,0.136333333,0.176666667,0.226666667,0.287666667,0.353666667,0.434666667,0.530666667,0.624,0.729,0.833,0.927333333,1.0,1.056666667,1.115,1.174,1.230333333,1.259666667,1.282333333,1.310666667,1.337333333,1.365333333,1.392,1.416,1.441666667,1.465333333,1.485333333,1.506666667,1.522,1.542666667,1.558333333,1.575,1.593666667,1.605333333,1.618666667,1.631666667,1.643666667,1.661333333,1.669666667
