experiment,Line-Treatment,DT inflection,StDev_inf,DT interval,StDev_int,Lab strain,Strain,Treatment,Strain*Treatment,Time_0,Time_0.5,Time_1,Time_1.5,Time_2,Time_2.5,Time_3,Time_3.5,Time_4,Time_4.5,Time_5,Time_5.5,Time_6,Time_6.5,Time_7,Time_7.5,Time_8,Time_8.5,Time_9,Time_9.5,Time_10,Time_10.5,Time_11,Time_11.5,Time_12,Time_12.5,Time_13,Time_13.5,Time_14,Time_14.5,Time_15,Time_15.5,Time_16,Time_16.5,Time_17,Time_17.5,Time_18,Time_18.5,Time_19,Time_19.5,Time_20
SGRP_mTORinhibits_SET3_CAFFEINE_MGK_100817_F.xls,YML677-1000 ug/ml Caffeine,21.1203585,12.63437003,31.86944401,14.71138956,yML 677,Q95.3,1 mg/mL Caffeine,Q95.3*1 mg/mL Caffeine,0,0.064666667,0.057333333,0.05,0.046,0.038,0.044666667,0.050666667,0.045333333,0.101333333,0.238666667,0.198666667,0.481666667,0.582666667,0.681333333,0.817666667,0.917,1.022333333,1.133,1.229,1.253333333,1.271666667,1.284,1.300333333,1.337,1.361666667,1.381333333,1.419666667,1.440333333,1.466333333,1.481666667,1.513666667,1.534,1.551333333,1.568,1.591333333,1.604666667,1.612,1.63,1.655,1.658333333
SGRP_mTORinhibitsSCREEN_SET3_CAFFEINE_MGK_10082017_D.xls,YML677-1000 ug/ml Caffeine,79.18277453,6.41283509,104.8998075,8.387278984,yML 677,Q95.3,1 mg/mL Caffeine,Q95.3*1 mg/mL Caffeine,0,0.062333333,0.064,0.065,0.063666667,0.096666667,0.12,0.145,0.184333333,0.220666667,0.277666667,0.340666667,0.408,0.490666667,0.604,0.720333333,0.831666667,0.952333333,1.089,1.186333333,1.217333333,1.221333333,1.233,1.261,1.292,1.318666667,1.345,1.380333333,1.407333333,1.431333333,1.458333333,1.476333333,1.503,1.525333333,1.54,1.565,1.584666667,1.601333333,1.619333333,1.631333333,1.646333333
SGRP_mTORinhibitsSCREEN_SET3_Caffeine_NBMBL_07112017.xls,YML677-1000 ug/ml Caffeine,31.98584505,2.750995792,34.98106181,,yML 677,Q95.3,1 mg/mL Caffeine,Q95.3*1 mg/mL Caffeine,0,0.049,0.053,0.049666667,0.050333333,0.039666667,0.040666667,0.047333333,0.058333333,0.122666667,0.135666667,0.159333333,0.306666667,0.539666667,0.669,0.789666667,0.918666667,1.032,1.137666667,1.216333333,1.240666667,1.264,1.289333333,1.320666667,1.356666667,1.386666667,1.414,1.443,1.466,1.492666667,1.511333333,1.531,1.549666667,1.568,1.579666667,1.595333333,1.611666667,1.624666667,1.637333333,1.649666667,1.661333333
