experiment,Line-Treatment,DT inflection,StDev_inf,DT interval,StDev_int,Lab strain,Strain,Treatment,Strain*Treatment,Time_0,Time_0.5,Time_1,Time_1.5,Time_2,Time_2.5,Time_3,Time_3.5,Time_4,Time_4.5,Time_5,Time_5.5,Time_6,Time_6.5,Time_7,Time_7.5,Time_8,Time_8.5,Time_9,Time_9.5,Time_10,Time_10.5,Time_11,Time_11.5,Time_12,Time_12.5,Time_13,Time_13.5,Time_14,Time_14.5,Time_15,Time_15.5,Time_16,Time_16.5,Time_17,Time_17.5,Time_18,Time_18.5,Time_19,Time_19.5,Time_20
SGRP_mTORinhibitsSCREEN_SET3_round3_highRAPA_KG_091517_D.xls,YML681-20 ng/ml RAPA,89.42761672,7.849405005,144.3401616,6.581857852,yML 681,A4,20 ng/mL RAPA,A4*20 ng/mL RAPA,0,0.043333333,0.044333333,0.045666667,0.052666667,0.063333333,0.079,0.098,0.119666667,0.139666667,0.176,0.202666667,0.232,0.282,0.327,0.367,0.436,0.486,0.563,0.658,0.735666667,0.830666667,0.919,0.999333333,1.097666667,1.180333333,1.262,1.345666667,1.384666667,1.403666667,1.405,1.421,1.437,1.451,1.471666667,1.489333333,1.503666667,1.522333333,1.538,1.558,1.575333333
