experiment,Line-Treatment,DT inflection,StDev_inf,DT interval,StDev_int,Lab strain,Strain,Treatment,Strain*Treatment,Time_0,Time_0.5,Time_1,Time_1.5,Time_2,Time_2.5,Time_3,Time_3.5,Time_4,Time_4.5,Time_5,Time_5.5,Time_6,Time_6.5,Time_7,Time_7.5,Time_8,Time_8.5,Time_9,Time_9.5,Time_10,Time_10.5,Time_11,Time_11.5,Time_12,Time_12.5,Time_13,Time_13.5,Time_14,Time_14.5,Time_15,Time_15.5,Time_16,Time_16.5,Time_17,Time_17.5,Time_18,Time_18.5,Time_19,Time_19.5,Time_20
SET1GDC_ARMBL_080217.xls,NCYC 3315-100 uM GDC0941,32.3913135,30.23024746,38.46833992,40.70139131,NCYC 3315,YPS606,100 uM GDC0941,YPS606*100 uM GDC0941,0,0.033,0.032333333,0.037,0.037666667,0.050333333,0.020666667,0.023666667,0.166666667,0.123,0.294,0.398666667,0.532,0.669333333,0.818666667,0.967,1.108666667,1.231666667,1.267666667,1.294,1.328333333,1.357,1.386,1.418333333,1.453666667,1.485666667,1.511,1.537333333,1.557,1.576,1.598333333,1.61,1.627,1.64,1.650666667,1.661666667,1.672,1.683333333,1.694333333,1.704666667,1.713333333
SGRP_mTOR_inhibitsSCREEN_SET1_GDC_redo_JE_092617.xls,NCYC 3315-100 uM GDC0941,58.15110782,8.060106122,68.48497139,3.503780851,NCYC 3315,YPS606,100 uM GDC0941,YPS606*100 uM GDC0941,0,0.081666667,0.082333333,0.079333333,0.094666667,0.144,0.197666667,0.258,0.370333333,0.450666667,0.59,0.74,0.894333333,1.045,1.189,1.301666667,1.335333333,1.362333333,1.391,1.423333333,1.439,1.466333333,1.491666667,1.524666667,1.543666667,1.57,1.589333333,1.604,1.622,1.639,1.657,1.668333333,1.68,1.690333333,1.704333333,1.712333333,1.726666667,1.736333333,1.741333333,1.751333333,1.766333333
