experiment,Line-Treatment,DT inflection,StDev_inf,DT interval,StDev_int,Lab strain,Strain,Treatment,Strain*Treatment,Time_0,Time_0.5,Time_1,Time_1.5,Time_2,Time_2.5,Time_3,Time_3.5,Time_4,Time_4.5,Time_5,Time_5.5,Time_6,Time_6.5,Time_7,Time_7.5,Time_8,Time_8.5,Time_9,Time_9.5,Time_10,Time_10.5,Time_11,Time_11.5,Time_12,Time_12.5,Time_13,Time_13.5,Time_14,Time_14.5,Time_15,Time_15.5,Time_16,Time_16.5,Time_17,Time_17.5,Time_18,Time_18.5,Time_19,Time_19.5,Time_20
SGRP_mTORinhibits_SET1_lowTORINredo_JEMBL_08032017.xls,NCYC 3448-2.5% DMSO,60.86357317,14.94346405,63.50344551,16.95463091,NCYC 3448,UWOPS83-787.3,2.5% DMSO,UWOPS83-787.3*2.5% DMSO,0,0.037,0.058333333,0.066666667,0.079666667,0.104333333,0.131666667,0.160666667,0.217333333,0.302666667,0.415666667,0.540333333,0.678333333,0.83,0.981333333,1.121333333,1.231,1.267333333,1.295666667,1.328,1.361333333,1.402666667,1.441,1.473,1.507,1.533666667,1.556,1.58,1.602,1.617,1.636666667,1.651,1.666333333,1.677,1.692666667,1.706,1.716666667,1.725333333,1.736,1.745333333,1.753666667
SGRP_mTORinhibitsSCREEN_SET1_LOW_TORIN_MGK_081617.xls,NCYC 3448-2.5% DMSO,56.53944806,12.0232254,70.17839526,12.43506011,NCYC 3448,UWOPS83-787.3,2.5% DMSO,UWOPS83-787.3*2.5% DMSO,0,0.059,0.066333333,0.077,0.079,0.07,0.072666667,0.199666667,0.275666667,0.357,0.458,0.609666667,0.744666667,0.899,1.052666667,1.190666667,1.270333333,1.303333333,1.335333333,1.369666667,1.407666667,1.449333333,1.48,1.515333333,1.543666667,1.572666667,1.593,1.613,1.639,1.655333333,1.669333333,1.686666667,1.699666667,1.712,1.726333333,1.737333333,1.750333333,1.761666667,1.767666667,1.776,1.790666667
SGRP_mTORinhibitsSCREEN_SET1_LOWRAPA_highRAPA_lowTORIN_MGK_12022,NCYC 3448-2.5% DMSO,55.14001369,6.860454992,76.64297995,17.40562604,NCYC 3448,UWOPS83-787.3,2.5% DMSO,UWOPS83-787.3*2.5% DMSO,0,0.043333333,0.051333333,0.093666667,0.123,0.143666667,0.202,0.267333333,0.352666667,0.477666667,0.656666667,0.822,1.004,1.145666667,1.249333333,1.276,1.315,1.349333333,1.39,1.429666667,1.468,1.499,1.533333333,1.559,1.585333333,1.610666667,1.625333333,1.641666667,1.657,1.670666667,1.681666667,1.695666667,1.704666667,1.711333333,1.718333333,1.731333333,1.740666667,1.747,1.749333333,1.748666667,1.763333333
