experiment,Line-Treatment,DT inflection,StDev_inf,DT interval,StDev_int,Lab strain,Strain,Treatment,Strain*Treatment,Time_0,Time_0.5,Time_1,Time_1.5,Time_2,Time_2.5,Time_3,Time_3.5,Time_4,Time_4.5,Time_5,Time_5.5,Time_6,Time_6.5,Time_7,Time_7.5,Time_8,Time_8.5,Time_9,Time_9.5,Time_10,Time_10.5,Time_11,Time_11.5,Time_12,Time_12.5,Time_13,Time_13.5,Time_14,Time_14.5,Time_15,Time_15.5,Time_16,Time_16.5,Time_17,Time_17.5,Time_18,Time_18.5,Time_19,Time_19.5,Time_20
_lowTORIN_KGPUMBL_052817.xls,NCYC 3455-2.5% DMSO,99.15903972,11.03503631,127.0155404,15.87636027,NCYC 3455,322134 S ,2.5% DMSO,322134 S *2.5% DMSO,0,0.041333333,0.056333333,0.063,0.073333333,0.086333333,0.102,0.113,0.129333333,0.148,0.171,0.186666667,0.230666667,0.273666667,0.325666667,0.388666667,0.459333333,0.526333333,0.62,0.718,0.823,0.924666667,1.017666667,1.068666667,1.103,1.115,1.134666667,1.167666667,1.169666667,1.217,1.239333333,1.256666667,1.296,1.324,1.362,1.386666667,1.413333333,1.429333333,1.454333333,1.486333333,1.494
SGRP_mTORinhibits_SET1_lowTORINredo_JEMBL_08032017.xls,NCYC 3455-2.5% DMSO,69.74773947,1.822172753,71.50462313,0.567631224,NCYC 3455,322134 S ,2.5% DMSO,322134 S *2.5% DMSO,0,0.027333333,0.033666667,0.042333333,0.054666667,0.070333333,0.096333333,0.126333333,0.170333333,0.226666667,0.305333333,0.402333333,0.519666667,0.652666667,0.794333333,0.942666667,1.072666667,1.119666667,1.15,1.175333333,1.203,1.239,1.273666667,1.311333333,1.347666667,1.381,1.410666667,1.440666667,1.469666667,1.496666667,1.517666667,1.542333333,1.560333333,1.579,1.598333333,1.616333333,1.628333333,1.641666667,1.660333333,1.672333333,1.681333333
SGRP_mTORinhibitsSCREEN_SET1_LOW_TORIN_MGK_081617.xls,NCYC 3455-2.5% DMSO,,,,,NCYC 3455,322134 S ,2.5% DMSO,322134 S *2.5% DMSO,0,0.001666667,0.001666667,0.003,0.003666667,0.004333333,0.004,0.004,0.003666667,0.002666667,0.004,0.002666667,0.003666667,0.004666667,0.003333333,0.003666667,0.002333333,0.003666667,0.004,0.004333333,0.002666667,0.004,0.002333333,0.002666667,0.004333333,0.003333333,0.004,0.002666667,0.004333333,0.004,0.002333333,0.002333333,0.002666667,0.003333333,0.002666667,0.003666667,0.003666667,0.003666667,0.002333333,0.002333333,0.003666667
