experiment,Line-Treatment,DT inflection,StDev_inf,DT interval,StDev_int,Lab strain,Strain,Treatment,Strain*Treatment,Time_0,Time_0.5,Time_1,Time_1.5,Time_2,Time_2.5,Time_3,Time_3.5,Time_4,Time_4.5,Time_5,Time_5.5,Time_6,Time_6.5,Time_7,Time_7.5,Time_8,Time_8.5,Time_9,Time_9.5,Time_10,Time_10.5,Time_11,Time_11.5,Time_12,Time_12.5,Time_13,Time_13.5,Time_14,Time_14.5,Time_15,Time_15.5,Time_16,Time_16.5,Time_17,Time_17.5,Time_18,Time_18.5,Time_19,Time_19.5,Time_20
SGRP_mTORinhibits_SET3_CAFFEINE_MGK_100817_F.xls,YML 618-1000 ug/ml Caffeine,158.7998994,30.1416837,187.3302234,41.53707538,yML 618,NCYC361,1 mg/mL Caffeine,NCYC361*1 mg/mL Caffeine,0,0.028666667,0.033,0.039,0.045333333,0.052333333,0.060666667,0.068333333,0.081,0.092,0.105666667,0.120666667,0.141,0.161333333,0.185666667,0.209333333,0.237333333,0.267,0.304,0.341,0.383,0.427666667,0.471,0.520333333,0.570333333,0.609,0.640333333,0.673,0.706666667,0.744,0.782,0.803,0.822,0.842333333,0.862333333,0.885333333,0.911,0.93,0.937,0.936333333,0.936333333
SGRP_mTORinhibitsSCREEN_SET3_CAFFEINE_MGK_10082017_D.xls,YML 618-1000 ug/ml Caffeine,158.887855,10.05580016,194.7655962,19.15371632,yML 618,NCYC361,1 mg/mL Caffeine,NCYC361*1 mg/mL Caffeine,0,0.032666667,0.038666667,0.045666667,0.053333333,0.062333333,0.072666667,0.082333333,0.094,0.107,0.12,0.134,0.150333333,0.167,0.186666667,0.204333333,0.233,0.261333333,0.296,0.329,0.361666667,0.404,0.441666667,0.492666667,0.543333333,0.595,0.647,0.707333333,0.746333333,0.787,0.832333333,0.872333333,0.899333333,0.918666667,0.914333333,0.919,0.924666667,0.924666667,0.924333333,0.926333333,0.930333333
SGRP_mTORinhibitsSCREEN_SET3_Caffeine_NBMBL_07112017.xls,YML 618-1000 ug/ml Caffeine,90.02104446,4.737029439,94.76277768,2.865281232,yML 618,NCYC361,1 mg/mL Caffeine,NCYC361*1 mg/mL Caffeine,0,0.022333333,0.024333333,0.03,0.037666667,0.047666667,0.060666667,0.078,0.096666667,0.120666667,0.149666667,0.186333333,0.233333333,0.290666667,0.358,0.441,0.534,0.624666667,0.718333333,0.817666667,0.905,0.952333333,0.977666667,0.979666667,0.981666667,0.983666667,0.987,0.992666667,0.998666667,1.004333333,1.007666667,1.015666667,1.021666667,1.029333333,1.035,1.043333333,1.050333333,1.058,1.065666667,1.073333333,1.080666667
