experiment,Line-Treatment,DT inflection,StDev_inf,DT interval,StDev_int,Lab strain,Strain,Treatment,Strain*Treatment,Time_0,Time_0.5,Time_1,Time_1.5,Time_2,Time_2.5,Time_3,Time_3.5,Time_4,Time_4.5,Time_5,Time_5.5,Time_6,Time_6.5,Time_7,Time_7.5,Time_8,Time_8.5,Time_9,Time_9.5,Time_10,Time_10.5,Time_11,Time_11.5,Time_12,Time_12.5,Time_13,Time_13.5,Time_14,Time_14.5,Time_15,Time_15.5,Time_16,Time_16.5,Time_17,Time_17.5,Time_18,Time_18.5,Time_19,Time_19.5,Time_20
SET4_highTORIN_REDO_NBMBL_080717.xls,yML 697-2.5% DMSO,76.88499571,1.695894583,83.76544358,2.992389285,yML 697,UFRJ50791,2.5% DMSO,UFRJ50791*2.5% DMSO,0,0.037666667,0.034333333,0.03,0.025666667,0.025666667,0.036666667,0.113,0.152333333,0.195666667,0.254333333,0.326,0.423,0.540333333,0.663,0.784,0.907333333,1.030666667,1.145,1.214666667,1.24,1.262,1.285,1.312,1.341333333,1.377,1.408333333,1.438333333,1.464666667,1.485333333,1.510666667,1.528666667,1.547333333,1.565333333,1.581333333,1.6,1.615333333,1.629666667,1.637666667,1.654,1.660666667
