experiment,Line-Treatment,DT inflection,StDev_inf,DT interval,StDev_int,Lab strain,Strain,Treatment,Strain*Treatment,Time_0,Time_0.5,Time_1,Time_1.5,Time_2,Time_2.5,Time_3,Time_3.5,Time_4,Time_4.5,Time_5,Time_5.5,Time_6,Time_6.5,Time_7,Time_7.5,Time_8,Time_8.5,Time_9,Time_9.5,Time_10,Time_10.5,Time_11,Time_11.5,Time_12,Time_12.5,Time_13,Time_13.5,Time_14,Time_14.5,Time_15,Time_15.5,Time_16,Time_16.5,Time_17,Time_17.5,Time_18,Time_18.5,Time_19,Time_19.5,Time_20
SGRP_mTORinhibits_SET3_CAFFEINE_MGK_100817_F.xls,YML680-1000 ug/ml Caffeine,54.58042218,2.307271503,93.31252421,8.349118671,yML 680,DBVPG 6304,1 mg/mL Caffeine,DBVPG 6304*1 mg/mL Caffeine,0,0.021333333,0.021666667,0.019666667,0.025333333,0.030666667,0.062666667,0.090333333,0.136333333,0.184666667,0.23,0.336666667,0.388,0.480333333,0.603,0.752666667,0.872666667,1.011333333,1.127,1.230666667,1.264333333,1.279,1.288,1.300666667,1.332333333,1.357333333,1.376,1.423333333,1.448,1.478333333,1.500333333,1.525333333,1.546333333,1.571666667,1.586666667,1.606333333,1.621333333,1.633666667,1.652666667,1.663,1.674666667
SGRP_mTORinhibitsSCREEN_SET3_CAFFEINE_MGK_10082017_D.xls,YML680-1000 ug/ml Caffeine,80.52719924,6.929606375,91.75601931,4.870679254,yML 680,DBVPG 6304,1 mg/mL Caffeine,DBVPG 6304*1 mg/mL Caffeine,0,0.027666667,0.028,0.032,0.035333333,0.062333333,0.086,0.110333333,0.136666667,0.164333333,0.212666667,0.264,0.330666667,0.410666667,0.517333333,0.634666667,0.764333333,0.892,1.016333333,1.131333333,1.198,1.209,1.229666667,1.237666667,1.263333333,1.296,1.327333333,1.367666667,1.395666667,1.431,1.461,1.482666667,1.502333333,1.529666667,1.543666667,1.563,1.581333333,1.598,1.611666667,1.622333333,1.643333333
SGRP_mTORinhibitsSCREEN_SET3_Caffeine_NBMBL_07112017.xls,YML680-1000 ug/ml Caffeine,69.69823701,1.379847158,72.09480088,3.536332863,yML 680,DBVPG 6304,1 mg/mL Caffeine,DBVPG 6304*1 mg/mL Caffeine,0,0.015666667,0.028333333,0.028666667,0.059666667,0.084333333,0.120333333,0.163,0.218666667,0.293666667,0.384,0.489333333,0.621,0.763666667,0.914,1.062333333,1.147666667,1.157,1.163333333,1.175333333,1.191666667,1.206666667,1.222666667,1.247666667,1.277333333,1.3,1.326,1.355333333,1.379333333,1.412666667,1.433666667,1.457333333,1.478666667,1.498333333,1.511,1.53,1.545666667,1.562333333,1.578333333,1.593666667,1.609333333
