experiment,Line-Treatment,DT inflection,StDev_inf,DT interval,StDev_int,Lab strain,Strain,Treatment,Strain*Treatment,Time_0,Time_0.5,Time_1,Time_1.5,Time_2,Time_2.5,Time_3,Time_3.5,Time_4,Time_4.5,Time_5,Time_5.5,Time_6,Time_6.5,Time_7,Time_7.5,Time_8,Time_8.5,Time_9,Time_9.5,Time_10,Time_10.5,Time_11,Time_11.5,Time_12,Time_12.5,Time_13,Time_13.5,Time_14,Time_14.5,Time_15,Time_15.5,Time_16,Time_16.5,Time_17,Time_17.5,Time_18,Time_18.5,Time_19,Time_19.5,Time_20
SGRP_mTORinhibitsSCREEN_SET1HIGHrapaANDhighTORIN_PU_03162018_D.x,yML742-20 ng/mL Rapamycin,103.6058719,7.56869069,660.4065874,126.7502737,BY4743,BY4743,20 ng/mL RAPA,BY4743*20 ng/mL RAPA,0,0.028333333,0.033666667,0.041666667,0.049333333,0.056333333,0.066666667,0.072666667,0.076666667,0.083666667,0.091333333,0.142333333,0.107666667,0.117666667,0.127,0.141666667,0.148333333,0.155666667,0.176333333,0.179,0.192,0.206666667,0.213333333,0.227333333,0.237666667,0.249333333,0.304333333,0.279666667,0.285333333,0.298333333,0.311666667,0.321,0.334666667,0.345333333,0.358666667,0.366333333,0.383333333,0.393333333,0.405333333,0.416333333,0.430666667
