experiment,Line-Treatment,DT inflection,StDev_inf,DT interval,StDev_int,Lab strain,Strain,Treatment,Strain*Treatment,Time_0,Time_0.5,Time_1,Time_1.5,Time_2,Time_2.5,Time_3,Time_3.5,Time_4,Time_4.5,Time_5,Time_5.5,Time_6,Time_6.5,Time_7,Time_7.5,Time_8,Time_8.5,Time_9,Time_9.5,Time_10,Time_10.5,Time_11,Time_11.5,Time_12,Time_12.5,Time_13,Time_13.5,Time_14,Time_14.5,Time_15,Time_15.5,Time_16,Time_16.5,Time_17,Time_17.5,Time_18,Time_18.5,Time_19,Time_19.5,Time_20
SGRP_mTORinhibits_SET2_lowRAPA_KGPUMBL_080417.xls.xls,NCYC 3472-2.5 ng/ml RAPA,63.35924319,3.26400632,65.99554915,3.775224472,NCYC 3472,YJM975 ,2.5 ng/mL RAPA,YJM975 *2.5 ng/mL RAPA,0,0.061666667,0.069666667,0.083666667,0.105666667,0.145,0.195333333,0.270666667,0.372333333,0.485666667,0.621333333,0.771333333,0.926333333,1.062666667,1.173,1.231,1.248,1.266333333,1.294,1.321333333,1.349666667,1.376333333,1.408,1.441,1.473333333,1.498666667,1.521666667,1.544666667,1.566,1.588333333,1.607,1.625333333,1.642333333,1.657333333,1.674,1.683666667,1.700333333,1.709333333,1.724,1.733,1.744
SGRP_mTORinhibitsSCREEN_SET2_LOWRAPA_highTORIN_MGK_12032017_F,NCYC 3472-2.5 ng/ml RAPA,56.80402864,2.299696449,57.7532305,1.992296767,NCYC 3472,YJM975 ,2.5 ng/mL RAPA,YJM975 *2.5 ng/mL RAPA,0,0.043333333,0.048333333,0.061666667,0.084666667,0.116666667,0.164,0.236333333,0.337,0.467333333,0.607,0.770333333,0.933333333,1.082666667,1.196333333,1.228333333,1.245,1.270333333,1.298,1.326666667,1.353333333,1.383333333,1.414666667,1.448666667,1.480333333,1.506666667,1.530333333,1.552,1.574,1.595,1.614,1.632666667,1.647666667,1.662,1.678333333,1.691,1.703,1.713333333,1.723333333,1.736666667,1.745666667
SGRP_mTORinhibitsSCREEN_SET2_lowRAPA_KGPUMBL_100117.xls,NCYC 3472-2.5 ng/ml RAPA,59.97763518,1.760971892,60.29632467,1.923430307,NCYC 3472,YJM975 ,2.5 ng/mL RAPA,YJM975 *2.5 ng/mL RAPA,0,0.036,0.044,0.056,0.075666667,0.104333333,0.146,0.204,0.287666667,0.402666667,0.532,0.685,0.846666667,1.000666667,1.133666667,1.213,1.252333333,1.272666667,1.297666667,1.326,1.356666667,1.385333333,1.417,1.447666667,1.480333333,1.509666667,1.535333333,1.558666667,1.582666667,1.604666667,1.644666667,1.644,1.661666667,1.678,1.693333333,1.708666667,1.721666667,1.732333333,1.745,1.758333333,1.729333333
