experiment,Line-Treatment,DT inflection,StDev_inf,DT interval,StDev_int,Lab strain,Strain,Treatment,Strain*Treatment,Time_0,Time_0.5,Time_1,Time_1.5,Time_2,Time_2.5,Time_3,Time_3.5,Time_4,Time_4.5,Time_5,Time_5.5,Time_6,Time_6.5,Time_7,Time_7.5,Time_8,Time_8.5,Time_9,Time_9.5,Time_10,Time_10.5,Time_11,Time_11.5,Time_12,Time_12.5,Time_13,Time_13.5,Time_14,Time_14.5,Time_15,Time_15.5,Time_16,Time_16.5,Time_17,Time_17.5,Time_18,Time_18.5,Time_19,Time_19.5,Time_20
SGRP_mTOR_inhibitsSCREEN_SET3_round3_lowTORIN_KG_091517_F.xls,YML674-1 uM Torin 1,73.46471874,17.04066736,110.5548221,30.217874,yML 674,Q32.3,1 uM Torin 1,Q32.3*1 uM Torin 1,0,0.053666667,0.070666667,0.080333333,0.090666667,0.107,0.158666667,0.204333333,0.256333333,0.299333333,0.402333333,0.48,0.571333333,0.671,0.772,0.890333333,1.014333333,1.093333333,1.161,1.213666667,1.247333333,1.297666667,1.317,1.321333333,1.335,1.357,1.371666667,1.387666667,1.403,1.418333333,1.439,1.467333333,1.486666667,1.51,1.518,1.539333333,1.557,1.58,1.591333333,1.612,1.621666667
SGRP_mTORinhibitsSCREEN_SET3_LOWTORIN_MGK_09112017F.xls,YML674-1 uM Torin 1,67.22998774,10.76493778,72.93728509,3.87028568,yML 674,Q32.3,1 uM Torin 1,Q32.3*1 uM Torin 1,0,0.028666667,0.020666667,0.017,0.040666667,0.043333333,0.053333333,0.106666667,0.155666667,0.209333333,0.275666667,0.372666667,0.48,0.603,0.745666667,0.885666667,1.023,1.109333333,1.133,1.143333333,1.156666667,1.173333333,1.191,1.219666667,1.249333333,1.277,1.309333333,1.339333333,1.365,1.39,1.416,1.437,1.460333333,1.479666667,1.498,1.514666667,1.531666667,1.548,1.562666667,1.578,1.593
SGRP_mTORinhibitsSCREEN_SET3_LOWTORIN_PUMT_062817.xls,YML674-1 uM Torin 1,85.20547981,4.720771689,94.05770856,1.32274372,yML 674,Q32.3,1 uM Torin 1,Q32.3*1 uM Torin 1,0,0.008,0.006666667,0.010333333,0.012333333,0.021,0.055333333,0.088333333,0.158333333,0.183666667,0.232,0.287666667,0.360666667,0.443,0.509666667,0.616,0.726,0.845666667,0.941333333,1.025333333,1.044,1.047666667,1.059666667,1.082666667,1.104666667,1.127333333,1.155666667,1.179,1.208666667,1.239333333,1.267,1.294333333,1.322666667,1.353666667,1.368666667,1.397333333,1.428333333,1.445333333,1.480333333,1.499666667,1.519
