experiment,Line-Treatment,DT inflection,StDev_inf,DT interval,StDev_int,Lab strain,Strain,Treatment,Strain*Treatment,Time_0,Time_0.5,Time_1,Time_1.5,Time_2,Time_2.5,Time_3,Time_3.5,Time_4,Time_4.5,Time_5,Time_5.5,Time_6,Time_6.5,Time_7,Time_7.5,Time_8,Time_8.5,Time_9,Time_9.5,Time_10,Time_10.5,Time_11,Time_11.5,Time_12,Time_12.5,Time_13,Time_13.5,Time_14,Time_14.5,Time_15,Time_15.5,Time_16,Time_16.5,Time_17,Time_17.5,Time_18,Time_18.5,Time_19,Time_19.5,Time_20
SGRP_mTOR_inhibitsSCREEN_SET1_highgdc-0941_AR_053117.xls,NCYC 3266-100uM GDC0941,73.84899745,0.941707879,74.63188864,0.970239436,NCYC 3266,Y55,100 uM GDC0941,Y55*100 uM GDC0941,0,0.083,0.089666667,0.100333333,0.117333333,0.141,0.181,0.239,0.316,0.417,0.540333333,0.676,0.832,0.986,1.14,1.203,1.219666667,1.240666667,1.258333333,1.282666667,1.311,1.341333333,1.373,1.403333333,1.432333333,1.463,1.495666667,1.513666667,1.535333333,1.557333333,1.579333333,1.599666667,1.619333333,1.636666667,1.653333333,1.668333333,1.684333333,1.698333333,1.712,1.724333333,1.736333333
