experiment,Line-Treatment,DT inflection,StDev_inf,DT interval,StDev_int,Lab strain,Strain,Treatment,Strain*Treatment,Time_0,Time_0.5,Time_1,Time_1.5,Time_2,Time_2.5,Time_3,Time_3.5,Time_4,Time_4.5,Time_5,Time_5.5,Time_6,Time_6.5,Time_7,Time_7.5,Time_8,Time_8.5,Time_9,Time_9.5,Time_10,Time_10.5,Time_11,Time_11.5,Time_12,Time_12.5,Time_13,Time_13.5,Time_14,Time_14.5,Time_15,Time_15.5,Time_16,Time_16.5,Time_17,Time_17.5,Time_18,Time_18.5,Time_19,Time_19.5,Time_20
SGRP_mTORinhibits_SET4_GDC_MGK_09202017.xls,YML692-100 uM GDC0941,52.8463861,26.71273534,92.96786495,4.35518958,yML 692,Y8.5,100 uM GDC0941,Y8.5*100 uM GDC0941,0,0.073,0.103,0.056,0.075666667,0.039333333,0.051333333,0.049,0.080666667,0.138333333,0.181,0.244333333,0.293666667,0.366,0.465666667,0.552,0.664333333,0.791333333,0.910666667,1.024,1.128,1.174666667,1.198333333,1.222,1.257333333,1.283666667,1.317333333,1.355666667,1.384666667,1.415333333,1.44,1.464333333,1.486333333,1.506666667,1.527,1.543333333,1.562,1.578333333,1.591666667,1.606,1.619666667
