experiment,Line-Treatment,DT inflection,StDev_inf,DT interval,StDev_int,Lab strain,Strain,Treatment,Strain*Treatment,Time_0,Time_0.5,Time_1,Time_1.5,Time_2,Time_2.5,Time_3,Time_3.5,Time_4,Time_4.5,Time_5,Time_5.5,Time_6,Time_6.5,Time_7,Time_7.5,Time_8,Time_8.5,Time_9,Time_9.5,Time_10,Time_10.5,Time_11,Time_11.5,Time_12,Time_12.5,Time_13,Time_13.5,Time_14,Time_14.5,Time_15,Time_15.5,Time_16,Time_16.5,Time_17,Time_17.5,Time_18,Time_18.5,Time_19,Time_19.5,Time_20
SGRP_mTORinhibitsSCREEN_SET1_CAFF_MGK_11012017_F.xls,NCYC 3312-1000 ug/ml Caffeine,87.77707048,0.777316621,109.4253552,4.334917266,NCYC 3312,DBVPG 1373,1 mg/mL Caffeine,DBVPG 1373*1 mg/mL Caffeine,0,0.040666667,0.064333333,0.056333333,0.041,0.078333333,0.081,0.099333333,0.138,0.164666667,0.208666667,0.247666667,0.305666667,0.366333333,0.432666667,0.519666667,0.614,0.709,0.814333333,0.909,1.004,1.082666667,1.142333333,1.175333333,1.199,1.227333333,1.257333333,1.288666667,1.320666667,1.350666667,1.382,1.410333333,1.433333333,1.461666667,1.483666667,1.509666667,1.530333333,1.549333333,1.567,1.588,1.604666667
SGRP_mTORinhibitsSCREEN_SET1_CAFFEINE AND lowTORIN_MGK_12022017_,NCYC 3312-1000 ug/ml Caffeine,99.7675318,3.956132835,108.1236219,2.408026244,NCYC 3312,DBVPG 1373,1 mg/mL Caffeine,DBVPG 1373*1 mg/mL Caffeine,0,0.03,0.033333333,0.038666667,0.046,0.055666667,0.067333333,0.081333333,0.098333333,0.122666667,0.151,0.184333333,0.223666667,0.273,0.330333333,0.394666667,0.469,0.546666667,0.627333333,0.716,0.811666667,0.898333333,0.982666667,1.047333333,1.088666667,1.126666667,1.16,1.188333333,1.221333333,1.252333333,1.288666667,1.317666667,1.350333333,1.378666667,1.408,1.434333333,1.46,1.487333333,1.511,1.531,1.55
