experiment,Line-Treatment,DT inflection,StDev_inf,DT interval,StDev_int,Lab strain,Strain,Treatment,Strain*Treatment,Time_0,Time_0.5,Time_1,Time_1.5,Time_2,Time_2.5,Time_3,Time_3.5,Time_4,Time_4.5,Time_5,Time_5.5,Time_6,Time_6.5,Time_7,Time_7.5,Time_8,Time_8.5,Time_9,Time_9.5,Time_10,Time_10.5,Time_11,Time_11.5,Time_12,Time_12.5,Time_13,Time_13.5,Time_14,Time_14.5,Time_15,Time_15.5,Time_16,Time_16.5,Time_17,Time_17.5,Time_18,Time_18.5,Time_19,Time_19.5,Time_20
SGRP_mTORinhibitsSCREEN_SET1HIGHrapaANDhighTORIN_PU_03162018_D.x,NCYC3314-2.5%DMSO,64.13231333,9.358685184,78.58400466,5.556558257,NCYC 3314,BC187,2.5% DMSO,BC187*2.5% DMSO,0,0.049333333,0.06,0.072,0.094,0.118,0.159666667,0.206333333,0.264666667,0.352,0.451,0.614,0.701333333,0.841,0.974333333,1.092666667,1.155333333,1.202666667,1.231,1.251666667,1.278666667,1.308333333,1.34,1.369,1.399666667,1.430333333,1.499333333,1.486,1.512666667,1.539,1.560333333,1.579,1.6,1.619666667,1.635666667,1.652,1.670666667,1.686333333,1.698333333,1.710333333,1.725666667
