experiment,Line-Treatment,DT inflection,StDev_inf,DT interval,StDev_int,Lab strain,Strain,Treatment,Strain*Treatment,Time_0,Time_0.5,Time_1,Time_1.5,Time_2,Time_2.5,Time_3,Time_3.5,Time_4,Time_4.5,Time_5,Time_5.5,Time_6,Time_6.5,Time_7,Time_7.5,Time_8,Time_8.5,Time_9,Time_9.5,Time_10,Time_10.5,Time_11,Time_11.5,Time_12,Time_12.5,Time_13,Time_13.5,Time_14,Time_14.5,Time_15,Time_15.5,Time_16,Time_16.5,Time_17,Time_17.5,Time_18,Time_18.5,Time_19,Time_19.5,Time_20
SGRP_mTORinhibitsSCREEN_SET2_LOWRAPA_highTORIN_MGK_12032017_F,yML 566-2.5 ng/ml RAPA,54.66871857,0.771053476,55.2057586,1.355080206,yML 566,FM479,2.5 ng/mL RAPA,FM479*2.5 ng/mL RAPA,0,0.041666667,0.049,0.055333333,0.071,0.091666667,0.127666667,0.176666667,0.258333333,0.373,0.495,0.629333333,0.781333333,0.93,1.079,1.22,1.353,1.429666667,1.447,1.463333333,1.484,1.506333333,1.526666667,1.546333333,1.563,1.578333333,1.592,1.604,1.614,1.624333333,1.632333333,1.639333333,1.646,1.653333333,1.663333333,1.671333333,1.679,1.684666667,1.690666667,1.700333333,1.705
