experiment,Line-Treatment,DT inflection,StDev_inf,DT interval,StDev_int,Lab strain,Strain,Treatment,Strain*Treatment,Time_0,Time_0.5,Time_1,Time_1.5,Time_2,Time_2.5,Time_3,Time_3.5,Time_4,Time_4.5,Time_5,Time_5.5,Time_6,Time_6.5,Time_7,Time_7.5,Time_8,Time_8.5,Time_9,Time_9.5,Time_10,Time_10.5,Time_11,Time_11.5,Time_12,Time_12.5,Time_13,Time_13.5,Time_14,Time_14.5,Time_15,Time_15.5,Time_16,Time_16.5,Time_17,Time_17.5,Time_18,Time_18.5,Time_19,Time_19.5,Time_20
original data.xls SET 4 HIGH RAPA,YML 687-20 ng/ml RAPA,98.83990051,9.380038024,149.8385925,4.173239513,yML 687,Y9.6,20 ng/mL RAPA,Y9.6*20 ng/mL RAPA,0,0.03,0.023666667,0.037666667,0.030333333,0.042,0.059333333,0.061333333,0.084333333,0.093,0.109,0.126333333,0.143,0.170666667,0.188333333,0.216333333,0.262666667,0.309333333,0.355666667,0.397333333,0.458333333,0.504666667,0.563333333,0.625333333,0.679,0.742,0.807333333,0.868666667,0.938666667,0.997333333,1.059,1.109,1.158,1.209333333,1.255,1.295333333,1.336333333,1.364666667,1.395333333,1.421666667,1.438333333
