experiment,Line-Treatment,DT inflection,StDev_inf,DT interval,StDev_int,Lab strain,Strain,Treatment,Strain*Treatment,Time_0,Time_0.5,Time_1,Time_1.5,Time_2,Time_2.5,Time_3,Time_3.5,Time_4,Time_4.5,Time_5,Time_5.5,Time_6,Time_6.5,Time_7,Time_7.5,Time_8,Time_8.5,Time_9,Time_9.5,Time_10,Time_10.5,Time_11,Time_11.5,Time_12,Time_12.5,Time_13,Time_13.5,Time_14,Time_14.5,Time_15,Time_15.5,Time_16,Time_16.5,Time_17,Time_17.5,Time_18,Time_18.5,Time_19,Time_19.5,Time_20
SGRP_mTORinhibitsSCREEN_SET3_LOWTORIN_MGK_09112017F.xls,YML665-1 uM Torin 1,73.30164026,3.223945704,76.0562919,4.203865806,yML 665,N-45,1 uM Torin 1,N-45*1 uM Torin 1,0,0.05,0.051,0.047666667,0.048666667,0.043,0.074666667,0.190333333,0.248,0.329,0.435666667,0.567333333,0.703333333,0.850333333,1.004666667,1.137333333,1.244,1.277333333,1.303666667,1.334666667,1.368333333,1.4,1.427666667,1.46,1.49,1.515666667,1.543,1.564333333,1.585,1.604333333,1.620333333,1.637,1.65,1.663,1.674666667,1.686666667,1.697666667,1.709,1.718666667,1.729333333,1.738666667
SGRP_mTORinhibitsSCREEN_SET3_LOWTORIN_PUMT_062817.xls,YML665-1 uM Torin 1,81.40588225,3.513612765,86.56491993,0.67723392,yML 665,N-45,1 uM Torin 1,N-45*1 uM Torin 1,0,0.037666667,0.044,0.048,0.055333333,0.064666667,0.079333333,0.097,0.124666667,0.158333333,0.201,0.259333333,0.325666667,0.411333333,0.511666667,0.621,0.732666667,0.85,0.969333333,1.081333333,1.142333333,1.150333333,1.167333333,1.185,1.213333333,1.244333333,1.278333333,1.318333333,1.351666667,1.382333333,1.411666667,1.439333333,1.462666667,1.485,1.509,1.529,1.547,1.564666667,1.582,1.599,1.611
