experiment,Line-Treatment,DT inflection,StDev_inf,DT interval,StDev_int,Lab strain,Strain,Treatment,Strain*Treatment,Time_0,Time_0.5,Time_1,Time_1.5,Time_2,Time_2.5,Time_3,Time_3.5,Time_4,Time_4.5,Time_5,Time_5.5,Time_6,Time_6.5,Time_7,Time_7.5,Time_8,Time_8.5,Time_9,Time_9.5,Time_10,Time_10.5,Time_11,Time_11.5,Time_12,Time_12.5,Time_13,Time_13.5,Time_14,Time_14.5,Time_15,Time_15.5,Time_16,Time_16.5,Time_17,Time_17.5,Time_18,Time_18.5,Time_19,Time_19.5,Time_20
SGRP_mTORinhibitsSCREEN_SET3_CAFFEINE AND lowTORIN_JEMBL_1201201,yML667-1 uM Torin 11,69.13413892,41.81095091,71.29202828,21.37490855,yML 667,N-44,1 uM Torin 1,N-44*1 uM Torin 1,0,0.025,0.026333333,0.027333333,0.029,0.032,0.037666667,0.049,0.1,0.093333333,0.269,0.337333333,0.399333333,0.497666667,0.578666667,0.676666667,0.794666667,0.914,1.033,1.115,1.137333333,1.155333333,1.167,1.195,1.222666667,1.255666667,1.285666667,1.317333333,1.349666667,1.376333333,1.406666667,1.428,1.456666667,1.477,1.494666667,1.521666667,1.543333333,1.565666667,1.580333333,1.596,1.608666667
SGRP_mTORinhibitsSCREEN_SET3_CAFFEINE AND lowTORIN_JEMBL_1201201,yML667-1 uM Torin 11,64.51661664,5.556537737,57.41804937,,yML 667,N-44,1 uM Torin 1,N-44*1 uM Torin 1,0,0.069666667,0.072,0.060333333,0.041333333,0.029666667,0.024333333,0.02,0.014333333,0.013,0.311333333,0.398333333,0.503333333,0.673,0.810333333,0.905666667,1.054666667,1.131333333,1.236333333,1.267666667,1.271,1.290333333,1.329666667,1.327,1.384,1.409333333,1.456666667,1.467,1.485,1.521,1.543666667,1.562333333,1.568,1.602666667,1.612333333,1.632666667,1.636666667,1.653,1.677333333,1.679666667,1.699333333
