experiment,Line-Treatment,DT inflection,StDev_inf,DT interval,StDev_int,Lab strain,Strain,Treatment,Strain*Treatment,Time_0,Time_0.5,Time_1,Time_1.5,Time_2,Time_2.5,Time_3,Time_3.5,Time_4,Time_4.5,Time_5,Time_5.5,Time_6,Time_6.5,Time_7,Time_7.5,Time_8,Time_8.5,Time_9,Time_9.5,Time_10,Time_10.5,Time_11,Time_11.5,Time_12,Time_12.5,Time_13,Time_13.5,Time_14,Time_14.5,Time_15,Time_15.5,Time_16,Time_16.5,Time_17,Time_17.5,Time_18,Time_18.5,Time_19,Time_19.5,Time_20
SGRP_mTOR_inhibitsSCREEN_SET2_HighRAPA+LowTorin_Repeat_JEMBL_073,yML 558-20 ng/ml RAPA,188.9473178,5.407804549,227.1842224,2.386923671,yML 558,FL100,20 ng/mL RAPA,FL100*20 ng/mL RAPA,0,0.046666667,0.055,0.068,0.08,0.089666667,0.101666667,0.114333333,0.126333333,0.140333333,0.155666667,0.170333333,0.187666667,0.206333333,0.224333333,0.248666667,0.273,0.300333333,0.329666667,0.361333333,0.395333333,0.432666667,0.470333333,0.509,0.56,0.612666667,0.667333333,0.722,0.775,0.833,0.884666667,0.938333333,0.990333333,1.041,1.089666667,1.141,1.181666667,1.227,1.271,1.313,1.352333333
