experiment,Line-Treatment,DT inflection,StDev_inf,DT interval,StDev_int,Lab strain,Strain,Treatment,Strain*Treatment,Time_0,Time_0.5,Time_1,Time_1.5,Time_2,Time_2.5,Time_3,Time_3.5,Time_4,Time_4.5,Time_5,Time_5.5,Time_6,Time_6.5,Time_7,Time_7.5,Time_8,Time_8.5,Time_9,Time_9.5,Time_10,Time_10.5,Time_11,Time_11.5,Time_12,Time_12.5,Time_13,Time_13.5,Time_14,Time_14.5,Time_15,Time_15.5,Time_16,Time_16.5,Time_17,Time_17.5,Time_18,Time_18.5,Time_19,Time_19.5,Time_20
SGRP_mTORinhibits_SET1_lowTORINredo_JEMBL_08032017.xls,NCYC 3451-2.5% DMSO,52.26932514,3.633467483,70.4985847,15.38283717,NCYC 3451,NCYC361,2.5% DMSO,NCYC361*2.5% DMSO,0,0.027666667,0.049,0.058,0.070333333,0.092,0.12,0.161333333,0.196666667,0.265333333,0.378,0.522666667,0.667666667,0.821666667,0.975333333,1.095666667,1.156333333,1.182,1.197333333,1.226333333,1.258,1.288666667,1.322,1.351666667,1.383666667,1.413666667,1.442666667,1.47,1.496333333,1.521,1.542666667,1.564,1.581333333,1.6,1.618333333,1.634,1.653666667,1.665333333,1.682,1.694666667,1.706
SGRP_mTORinhibitsSCREEN_SET1_LOW_TORIN_MGK_081617.xls,NCYC 3451-2.5% DMSO,67.80640846,4.578847438,74.26598492,0.567646884,NCYC 3451,NCYC361,2.5% DMSO,NCYC361*2.5% DMSO,0,0.045666667,0.051,0.062333333,0.081,0.106666667,0.137,0.183666667,0.241666667,0.321333333,0.435666667,0.549666667,0.693666667,0.842,0.986666667,1.105,1.160333333,1.184333333,1.202,1.228666667,1.256666667,1.291333333,1.318,1.348,1.380666667,1.411333333,1.44,1.464333333,1.498,1.52,1.539333333,1.560666667,1.581666667,1.605,1.62,1.638,1.656,1.671,1.684333333,1.696666667,1.711333333
