experiment,Line-Treatment,DT inflection,StDev_inf,DT interval,StDev_int,Lab strain,Strain,Treatment,Strain*Treatment,Time_0,Time_0.5,Time_1,Time_1.5,Time_2,Time_2.5,Time_3,Time_3.5,Time_4,Time_4.5,Time_5,Time_5.5,Time_6,Time_6.5,Time_7,Time_7.5,Time_8,Time_8.5,Time_9,Time_9.5,Time_10,Time_10.5,Time_11,Time_11.5,Time_12,Time_12.5,Time_13,Time_13.5,Time_14,Time_14.5,Time_15,Time_15.5,Time_16,Time_16.5,Time_17,Time_17.5,Time_18,Time_18.5,Time_19,Time_19.5,Time_20
RB_RUN1_F_SGRPmTORscreen_KGA_11082018.xls,yML707-2.5%DMSO,56.640997,3.988911197,66.38896392,8.076072811,yML 707,CLIB324,2.5% DMSO,CLIB324*2.5% DMSO,0,0.043,0.051333333,0.066666667,0.088,0.109333333,0.165,0.245333333,0.341333333,0.445,0.557666667,0.679333333,0.803,0.920333333,1.012666667,1.086333333,1.130666667,1.150333333,1.17,1.191333333,1.222333333,1.251,1.277666667,1.302,1.324666667,1.351,1.371333333,1.395333333,1.415666667,1.435666667,1.448,1.466666667,1.487,1.498333333,1.514,1.526,1.538333333,1.549333333,1.561666667,1.572333333,1.575666667
