experiment,Line-Treatment,DT inflection,StDev_inf,DT interval,StDev_int,Lab strain,Strain,Treatment,Strain*Treatment,Time_0,Time_0.5,Time_1,Time_1.5,Time_2,Time_2.5,Time_3,Time_3.5,Time_4,Time_4.5,Time_5,Time_5.5,Time_6,Time_6.5,Time_7,Time_7.5,Time_8,Time_8.5,Time_9,Time_9.5,Time_10,Time_10.5,Time_11,Time_11.5,Time_12,Time_12.5,Time_13,Time_13.5,Time_14,Time_14.5,Time_15,Time_15.5,Time_16,Time_16.5,Time_17,Time_17.5,Time_18,Time_18.5,Time_19,Time_19.5,Time_20
SGRP_mTORinhibitsSCREEN_SET1HIGHrapaANDhighTORIN_PU_03162018_D.x,NCYC3448-25 uM Torin,39.63395462,8.895859996,118.4640206,83.60147316,NCYC 3448,UWOPS83-787.3,25 uM Torin 1,UWOPS83-787.3*25 uM Torin 1,0,0.074333333,0.077333333,0.077666667,0.083333333,0.094666667,0.119,0.124,0.136,0.153333333,0.192,0.266,0.327,0.354333333,0.466,0.677666667,0.727666667,0.852,0.969666667,1.111666667,1.173666667,1.228333333,1.279,1.305,1.343666667,1.387,1.460666667,1.459,1.499333333,1.514333333,1.536,1.554333333,1.579666667,1.629333333,1.612,1.626,1.629,1.647333333,1.653666667,1.659333333,1.667666667
