experiment,Line-Treatment,DT inflection,StDev_inf,DT interval,StDev_int,Lab strain,Strain,Treatment,Strain*Treatment,Time_0,Time_0.5,Time_1,Time_1.5,Time_2,Time_2.5,Time_3,Time_3.5,Time_4,Time_4.5,Time_5,Time_5.5,Time_6,Time_6.5,Time_7,Time_7.5,Time_8,Time_8.5,Time_9,Time_9.5,Time_10,Time_10.5,Time_11,Time_11.5,Time_12,Time_12.5,Time_13,Time_13.5,Time_14,Time_14.5,Time_15,Time_15.5,Time_16,Time_16.5,Time_17,Time_17.5,Time_18,Time_18.5,Time_19,Time_19.5,Time_20
RB_RUN1_F_SGRPmTORscreen_KGA_11082018.xls,yML692-B-1 uM Torin 1,72.05849213,3.40612098,74.80489326,2.01123234,yML 692,Y8.5,1 uM Torin 1,Y8.5*1 uM Torin 1,0,0.037,0.043333333,0.046666667,0.104666667,0.127,0.178666667,0.228666667,0.298666667,0.390333333,0.473333333,0.580666667,0.679333333,0.783666667,0.886666667,0.987666667,1.065,1.125666667,1.145666667,1.167666667,1.197666667,1.227666667,1.257333333,1.282666667,1.311,1.334666667,1.358,1.345333333,1.396,1.415,1.431,1.442666667,1.457666667,1.47,1.489666667,1.505,1.511,1.525,1.536666667,1.544666667,1.552333333
