experiment,Line-Treatment,DT inflection,StDev_inf,DT interval,StDev_int,Lab strain,Strain,Treatment,Strain*Treatment,Time_0,Time_0.5,Time_1,Time_1.5,Time_2,Time_2.5,Time_3,Time_3.5,Time_4,Time_4.5,Time_5,Time_5.5,Time_6,Time_6.5,Time_7,Time_7.5,Time_8,Time_8.5,Time_9,Time_9.5,Time_10,Time_10.5,Time_11,Time_11.5,Time_12,Time_12.5,Time_13,Time_13.5,Time_14,Time_14.5,Time_15,Time_15.5,Time_16,Time_16.5,Time_17,Time_17.5,Time_18,Time_18.5,Time_19,Time_19.5,Time_20
SGRP_mTOR_inhibitsSCREEN_SET1_highTORIN_KGPUMBL_052817.xls,NCYC 3313-25uM Torin 1,93.32251219,3.150449747,98.34344717,3.717739205,NCYC 3313,DBVPG 1853,25 uM Torin 1,DBVPG 1853*25 uM Torin 1,0,0.055,0.057,0.056666667,0.056666667,0.057666667,0.056666667,0.058,0.057,0.058,0.06,0.064,0.069,0.074333333,0.078666667,0.083666667,0.090666667,0.099666667,0.110333333,0.126666667,0.148666667,0.179666667,0.219333333,0.273,0.339666667,0.423333333,0.519333333,0.632,0.750666667,0.878,1.001333333,1.123666667,1.219333333,1.241,1.254333333,1.270666667,1.289666667,1.310666667,1.333666667,1.359333333,1.382
