experiment,Line-Treatment,DT inflection,StDev_inf,DT interval,StDev_int,Lab strain,Strain,Treatment,Strain*Treatment,Time_0,Time_0.5,Time_1,Time_1.5,Time_2,Time_2.5,Time_3,Time_3.5,Time_4,Time_4.5,Time_5,Time_5.5,Time_6,Time_6.5,Time_7,Time_7.5,Time_8,Time_8.5,Time_9,Time_9.5,Time_10,Time_10.5,Time_11,Time_11.5,Time_12,Time_12.5,Time_13,Time_13.5,Time_14,Time_14.5,Time_15,Time_15.5,Time_16,Time_16.5,Time_17,Time_17.5,Time_18,Time_18.5,Time_19,Time_19.5,Time_20
SGRP_mTORinhibitsSCREEN_SET3_LOWRAPA_JEMBL_12012017_F,yML 681-2.5 ng/ml RAPA,61.79988499,27.77139374,58.87191809,8.096610277,yML 681,A4,2.5 ng/mL RAPA,A4*2.5 ng/mL RAPA,0,0.092666667,0.107333333,0.148666667,0.237666667,0.300666667,0.475333333,0.592666667,0.71,0.871666667,1.017333333,1.135666667,1.232,1.253333333,1.269333333,1.286333333,1.309666667,1.347,1.353333333,1.383,1.413,1.429,1.454666667,1.464666667,1.483666667,1.500666667,1.520333333,1.527,1.559666667,1.546666667,1.589,1.574666667,1.600333333,1.624666667,1.643333333,1.657666667,1.676666667,1.697666667,1.692,1.719666667,1.722333333
