experiment,Line-Treatment,DT inflection,StDev_inf,DT interval,StDev_int,Lab strain,Strain,Treatment,Strain*Treatment,Time_0,Time_0.5,Time_1,Time_1.5,Time_2,Time_2.5,Time_3,Time_3.5,Time_4,Time_4.5,Time_5,Time_5.5,Time_6,Time_6.5,Time_7,Time_7.5,Time_8,Time_8.5,Time_9,Time_9.5,Time_10,Time_10.5,Time_11,Time_11.5,Time_12,Time_12.5,Time_13,Time_13.5,Time_14,Time_14.5,Time_15,Time_15.5,Time_16,Time_16.5,Time_17,Time_17.5,Time_18,Time_18.5,Time_19,Time_19.5,Time_20
RB_RUN1_F_SGRPmTORscreen_KGA_11082018.xls,NCYC3467-B-6.67%H2O,85.63304557,2.883598117,100.1505529,1.871280268,NCYC 3467,W303,6.67% H2O,W303*6.67% H2O,0,0.06,0.06,0.061,0.066666667,0.065666667,0.092666667,0.112666667,0.140333333,0.178666667,0.216,0.271,0.329333333,0.396666667,0.468333333,0.536333333,0.59,0.639333333,0.679,0.718666667,0.759333333,0.802,0.837,0.872,0.907666667,0.940666667,0.972,0.997666667,1.013333333,1.023,1.027333333,1.032333333,1.039666667,1.046,1.051666667,1.058333333,1.063333333,1.068666667,1.071333333,1.076333333,1.081333333
