experiment,Line-Treatment,DT inflection,StDev_inf,DT interval,StDev_int,Lab strain,Strain,Treatment,Strain*Treatment,Time_0,Time_0.5,Time_1,Time_1.5,Time_2,Time_2.5,Time_3,Time_3.5,Time_4,Time_4.5,Time_5,Time_5.5,Time_6,Time_6.5,Time_7,Time_7.5,Time_8,Time_8.5,Time_9,Time_9.5,Time_10,Time_10.5,Time_11,Time_11.5,Time_12,Time_12.5,Time_13,Time_13.5,Time_14,Time_14.5,Time_15,Time_15.5,Time_16,Time_16.5,Time_17,Time_17.5,Time_18,Time_18.5,Time_19,Time_19.5,Time_20
SGRP_mTORinhibitsSCREEN_SET1_CAFF_MGK_11012017_F.xls,NCYC 3445-1000 ug/ml Caffeine,84.17023753,1.798037563,91.8585002,0.201589952,NCYC 3445,Y12,1 mg/mL Caffeine,Y12*1 mg/mL Caffeine,0,0.034666667,0.059666667,0.054,0.038333333,0.070666667,0.073,0.090333333,0.127666667,0.157333333,0.199666667,0.251666667,0.315,0.389,0.472,0.583333333,0.695333333,0.811,0.936333333,1.057666667,1.17,1.246333333,1.291,1.316,1.341,1.369333333,1.395333333,1.424333333,1.452,1.477333333,1.504666667,1.525,1.544666667,1.569666667,1.59,1.609333333,1.63,1.647,1.668,1.692,1.711
SGRP_mTORinhibitsSCREEN_SET1_CAFFEINE AND lowTORIN_MGK_12022017_,NCYC 3445-1000 ug/ml Caffeine,88.227415,3.447777774,97.13721517,1.697701388,NCYC 3445,Y12,1 mg/mL Caffeine,Y12*1 mg/mL Caffeine,0,0.040666667,0.038333333,0.034,0.035,0.043,0.120333333,0.148333333,0.176,0.222666667,0.278,0.339666667,0.414666667,0.499,0.603666667,0.708,0.821666667,0.936333333,1.057666667,1.167666667,1.238666667,1.266666667,1.290333333,1.321333333,1.354,1.384333333,1.417,1.447,1.473333333,1.498333333,1.524666667,1.547333333,1.568333333,1.588333333,1.609,1.631333333,1.649,1.669666667,1.689666667,1.713,1.73
