experiment,Line-Treatment,DT inflection,StDev_inf,DT interval,StDev_int,Lab strain,Strain,Treatment,Strain*Treatment,Time_0,Time_0.5,Time_1,Time_1.5,Time_2,Time_2.5,Time_3,Time_3.5,Time_4,Time_4.5,Time_5,Time_5.5,Time_6,Time_6.5,Time_7,Time_7.5,Time_8,Time_8.5,Time_9,Time_9.5,Time_10,Time_10.5,Time_11,Time_11.5,Time_12,Time_12.5,Time_13,Time_13.5,Time_14,Time_14.5,Time_15,Time_15.5,Time_16,Time_16.5,Time_17,Time_17.5,Time_18,Time_18.5,Time_19,Time_19.5,Time_20
RB_RUN1_F_SGRPmTORscreen_KGA_11082018.xls,NCYC3451-B-6.67%H2O,66.00625293,10.98768741,76.76324674,2.217814458,NCYC 3451,NCYC361,6.67% H2O,NCYC361*6.67% H2O,0,0.056666667,0.068666667,0.084666667,0.093,0.118333333,0.180666667,0.234666667,0.312,0.404,0.510333333,0.633333333,0.761333333,0.892,1.018666667,1.099666667,1.125666667,1.155666667,1.189333333,1.219666667,1.256333333,1.284,1.318666667,1.343,1.364666667,1.393666667,1.412666667,1.436,1.455666667,1.470333333,1.483333333,1.503666667,1.515,1.531,1.543666667,1.552333333,1.563,1.573333333,1.58,1.589666667,1.594333333
