experiment,Line-Treatment,DT inflection,StDev_inf,DT interval,StDev_int,Lab strain,Strain,Treatment,Strain*Treatment,Time_0,Time_0.5,Time_1,Time_1.5,Time_2,Time_2.5,Time_3,Time_3.5,Time_4,Time_4.5,Time_5,Time_5.5,Time_6,Time_6.5,Time_7,Time_7.5,Time_8,Time_8.5,Time_9,Time_9.5,Time_10,Time_10.5,Time_11,Time_11.5,Time_12,Time_12.5,Time_13,Time_13.5,Time_14,Time_14.5,Time_15,Time_15.5,Time_16,Time_16.5,Time_17,Time_17.5,Time_18,Time_18.5,Time_19,Time_19.5,Time_20
SGRP_mTORinhibitsSCREEN_SET3_LOWRAPA_JEMBL_12012017_F,yML 570-2.5 ng/ml RAPA,135.6270837,4.432040785,152.5358948,1.657299486,yML 570,FM677,2.5 ng/mL RAPA,FM677*2.5 ng/mL RAPA,0,0.015333333,0.016666667,0.017666667,0.018333333,0.02,0.029,0.031666667,0.036666667,0.041333333,0.049,0.056666667,0.064333333,0.075,0.086666667,0.100666667,0.114666667,0.134333333,0.155,0.176333333,0.204333333,0.234333333,0.269,0.305,0.350333333,0.400666667,0.457333333,0.519666667,0.588666667,0.657666667,0.729,0.802333333,0.879333333,0.953333333,1.023,1.044333333,1.033666667,1.029666667,1.026,1.024,1.023333333
