experiment,Line-Treatment,DT inflection,StDev_inf,DT interval,StDev_int,Lab strain,Strain,Treatment,Strain*Treatment,Time_0,Time_0.5,Time_1,Time_1.5,Time_2,Time_2.5,Time_3,Time_3.5,Time_4,Time_4.5,Time_5,Time_5.5,Time_6,Time_6.5,Time_7,Time_7.5,Time_8,Time_8.5,Time_9,Time_9.5,Time_10,Time_10.5,Time_11,Time_11.5,Time_12,Time_12.5,Time_13,Time_13.5,Time_14,Time_14.5,Time_15,Time_15.5,Time_16,Time_16.5,Time_17,Time_17.5,Time_18,Time_18.5,Time_19,Time_19.5,Time_20
SGRP_mTORinhibits_SET3_GDC_Redo_JEMBL_08102017.xls,YML675-100 uM GDC0941,,,,,yML 675,Z1.1,100 uM GDC0941,Z1.1*100 uM GDC0941,0,0.014333333,0.018,0.020333333,0.019666667,0.019333333,0.018333333,0.019,0.019333333,0.019,0.018333333,0.019666667,0.018333333,0.018,0.018,0.018666667,0.017666667,0.020666667,0.018666667,0.018666667,0.017666667,0.017666667,0.019333333,0.018333333,0.016666667,0.018,0.017666667,0.016666667,0.017333333,0.02,0.018,0.017666667,0.018666667,0.015666667,0.016,0.019,0.017,0.016333333,0.017333333,0.016666667,0.02
SGRP_mTORinhibitsSCREEN_SET3_round2_GDC_KG_09142017_D.xls,YML675-100 uM GDC0941,90.43395184,2.845449895,116.8157228,3.939813932,yML 675,Z1.1,100 uM GDC0941,Z1.1*100 uM GDC0941,0,0.084333333,0.091,0.097333333,0.101333333,0.117666667,0.128666667,0.154666667,0.178,0.222333333,0.262,0.312333333,0.383,0.480333333,0.595666667,0.711666667,0.829,0.926333333,1.034666667,1.127333333,1.218666667,1.297333333,1.346666667,1.357333333,1.367,1.386333333,1.402666667,1.422,1.444333333,1.464,1.491333333,1.509,1.526333333,1.548333333,1.562666667,1.577666667,1.594,1.61,1.623666667,1.628666667,1.637666667
