experiment,Line-Treatment,DT inflection,StDev_inf,DT interval,StDev_int,Lab strain,Strain,Treatment,Strain*Treatment,Time_0,Time_0.5,Time_1,Time_1.5,Time_2,Time_2.5,Time_3,Time_3.5,Time_4,Time_4.5,Time_5,Time_5.5,Time_6,Time_6.5,Time_7,Time_7.5,Time_8,Time_8.5,Time_9,Time_9.5,Time_10,Time_10.5,Time_11,Time_11.5,Time_12,Time_12.5,Time_13,Time_13.5,Time_14,Time_14.5,Time_15,Time_15.5,Time_16,Time_16.5,Time_17,Time_17.5,Time_18,Time_18.5,Time_19,Time_19.5,Time_20
SET2AZDredo+highTORINMBL_07302017.xls,NCYC 3471-100 uM AZD8055,68.6216368,0.671348549,75.56185308,3.113508208,NCYC 3471,YJM981 ,100 uM AZD8055,YJM981 *100 uM AZD8055,0,0.038,0.043,0.055666667,0.075333333,0.095,0.13,0.166,0.224666667,0.295666667,0.378666667,0.474333333,0.588666667,0.725333333,0.862333333,0.987,1.056333333,1.090333333,1.111,1.134333333,1.162666667,1.186,1.215,1.247,1.280333333,1.313333333,1.349333333,1.372666667,1.396,1.417333333,1.441333333,1.462666667,1.482333333,1.504666667,1.523333333,1.542666667,1.557333333,1.577,1.586,1.597666667,1.611333333
