experiment,Line-Treatment,DT inflection,StDev_inf,DT interval,StDev_int,Lab strain,Strain,Treatment,Strain*Treatment,Time_0,Time_0.5,Time_1,Time_1.5,Time_2,Time_2.5,Time_3,Time_3.5,Time_4,Time_4.5,Time_5,Time_5.5,Time_6,Time_6.5,Time_7,Time_7.5,Time_8,Time_8.5,Time_9,Time_9.5,Time_10,Time_10.5,Time_11,Time_11.5,Time_12,Time_12.5,Time_13,Time_13.5,Time_14,Time_14.5,Time_15,Time_15.5,Time_16,Time_16.5,Time_17,Time_17.5,Time_18,Time_18.5,Time_19,Time_19.5,Time_20
SET2AZDredo+highTORINMBL_07302017.xls,yML559-100 uM AZD8055,95.10869403,1.056829733,98.9974704,3.639257367,yML 559,Y10,100 uM AZD8055,Y10*100 uM AZD8055,0,0.052,0.057,0.065666667,0.07,0.083,0.101666667,0.116,0.143333333,0.175333333,0.214333333,0.265333333,0.328,0.405,0.496,0.609666667,0.716,0.827333333,0.940333333,1.050333333,1.155666667,1.229333333,1.253666667,1.279666667,1.311,1.340666667,1.375,1.404666667,1.433666667,1.461666667,1.495666667,1.52,1.542,1.568666667,1.588333333,1.606333333,1.629666667,1.65,1.661,1.678333333,1.692666667
