experiment,Line-Treatment,DT inflection,StDev_inf,DT interval,StDev_int,Lab strain,Strain,Treatment,Strain*Treatment,Time_0,Time_0.5,Time_1,Time_1.5,Time_2,Time_2.5,Time_3,Time_3.5,Time_4,Time_4.5,Time_5,Time_5.5,Time_6,Time_6.5,Time_7,Time_7.5,Time_8,Time_8.5,Time_9,Time_9.5,Time_10,Time_10.5,Time_11,Time_11.5,Time_12,Time_12.5,Time_13,Time_13.5,Time_14,Time_14.5,Time_15,Time_15.5,Time_16,Time_16.5,Time_17,Time_17.5,Time_18,Time_18.5,Time_19,Time_19.5,Time_20
SGRP_mTORinhibitsSCREEN_SET1HIGHrapaANDhighTORIN_PU_03162018_D.x,NCYC3452A-1%DMSO,97.87770608,3.239028647,114.355221,7.37377015,NCYC 3452,K11,1% DMSO,K11*1% DMSO,0,0.034666667,0.039,0.046666667,0.054333333,0.062666667,0.079,0.091666667,0.107333333,0.129,0.158,0.192333333,0.229333333,0.280333333,0.335666667,0.401,0.462666667,0.532666667,0.598666667,0.672666667,0.745333333,0.810666667,0.849666667,0.882,0.909666667,0.936,0.998,0.969666667,0.971666667,0.975,0.977666667,0.978,0.980666667,0.984333333,0.984666667,0.984333333,0.989333333,0.991333333,0.992666667,0.992666667,0.997
