experiment,Line-Treatment,DT inflection,StDev_inf,DT interval,StDev_int,Lab strain,Strain,Treatment,Strain*Treatment,Time_0,Time_0.5,Time_1,Time_1.5,Time_2,Time_2.5,Time_3,Time_3.5,Time_4,Time_4.5,Time_5,Time_5.5,Time_6,Time_6.5,Time_7,Time_7.5,Time_8,Time_8.5,Time_9,Time_9.5,Time_10,Time_10.5,Time_11,Time_11.5,Time_12,Time_12.5,Time_13,Time_13.5,Time_14,Time_14.5,Time_15,Time_15.5,Time_16,Time_16.5,Time_17,Time_17.5,Time_18,Time_18.5,Time_19,Time_19.5,Time_20
SGRP_mTORinhibits_SET1_CAFF_REDO_NBMBL_08032017.xls,NCYC 3456-Drug,87.61145812,2.105044611,90.36367663,1.218172719,NCYC 3456,378604 X,1 mg/mL Caffeine,378604 X*1 mg/mL Caffeine,0,0.055666667,0.057333333,0.061666667,0.071333333,0.085666667,0.106333333,0.132666667,0.164,0.205666667,0.259,0.327,0.412,0.514666667,0.628,0.754,0.883666667,1.021333333,1.137333333,1.196666667,1.207,1.215,1.224,1.236,1.248,1.262666667,1.278666667,1.299,1.323666667,1.351333333,1.382,1.413,1.442333333,1.466333333,1.498666667,1.522333333,1.546333333,1.567,1.588,1.608,1.627333333
