experiment,Line-Treatment,DT inflection,StDev_inf,DT interval,StDev_int,Lab strain,Strain,Treatment,Strain*Treatment,Time_0,Time_0.5,Time_1,Time_1.5,Time_2,Time_2.5,Time_3,Time_3.5,Time_4,Time_4.5,Time_5,Time_5.5,Time_6,Time_6.5,Time_7,Time_7.5,Time_8,Time_8.5,Time_9,Time_9.5,Time_10,Time_10.5,Time_11,Time_11.5,Time_12,Time_12.5,Time_13,Time_13.5,Time_14,Time_14.5,Time_15,Time_15.5,Time_16,Time_16.5,Time_17,Time_17.5,Time_18,Time_18.5,Time_19,Time_19.5,Time_20
SGRP_mTORinhibits_SET1_CAFF_REDO_NBMBL_08032017.xls,NCYC 3284-Drug,71.19035518,4.846984853,75.87037855,5.501178382,NCYC 3284,YPS128,1 mg/mL Caffeine,YPS128*1 mg/mL Caffeine,0,0.061333333,0.068,0.073333333,0.081666667,0.104,0.144666667,0.183666667,0.243666667,0.318666667,0.411666667,0.524666667,0.665666667,0.807,0.955666667,1.089666667,1.208666667,1.279333333,1.306333333,1.335333333,1.363666667,1.390333333,1.420333333,1.456333333,1.486,1.515333333,1.539,1.559333333,1.579,1.600666667,1.622333333,1.639333333,1.656333333,1.669666667,1.683,1.696333333,1.709,1.720666667,1.733,1.745666667,1.758333333
