experiment,Line-Treatment,DT inflection,StDev_inf,DT interval,StDev_int,Lab strain,Strain,Treatment,Strain*Treatment,Time_0,Time_0.5,Time_1,Time_1.5,Time_2,Time_2.5,Time_3,Time_3.5,Time_4,Time_4.5,Time_5,Time_5.5,Time_6,Time_6.5,Time_7,Time_7.5,Time_8,Time_8.5,Time_9,Time_9.5,Time_10,Time_10.5,Time_11,Time_11.5,Time_12,Time_12.5,Time_13,Time_13.5,Time_14,Time_14.5,Time_15,Time_15.5,Time_16,Time_16.5,Time_17,Time_17.5,Time_18,Time_18.5,Time_19,Time_19.5,Time_20
SGRP_mTORinhibitsSCREEN_SET2_GDC_AR_062617.xls,NCYC 3470-100uM GDC0941,68.06622697,1.497609819,73.93300636,3.211429329,NCYC 3470,YIIc17_E5 ,100 uM GDC0941,YIIc17_E5 *100 uM GDC0941,0,0.021333333,0.031333333,0.044333333,0.059666667,0.072666667,0.092666667,0.119666667,0.165666667,0.213,0.289,0.383,0.499333333,0.626333333,0.777333333,0.915666667,1.058,1.173333333,1.187,1.182333333,1.190666667,1.192,1.193666667,1.204333333,1.200666667,1.206333333,1.213333333,1.212,1.215333333,1.226333333,1.225333333,1.233666667,1.238666667,1.240333333,1.247333333,1.250666667,1.259,1.268333333,1.274666667,1.273666667,1.276333333
