experiment,Line-Treatment,DT inflection,StDev_inf,DT interval,StDev_int,Lab strain,Strain,Treatment,Strain*Treatment,Time_0,Time_0.5,Time_1,Time_1.5,Time_2,Time_2.5,Time_3,Time_3.5,Time_4,Time_4.5,Time_5,Time_5.5,Time_6,Time_6.5,Time_7,Time_7.5,Time_8,Time_8.5,Time_9,Time_9.5,Time_10,Time_10.5,Time_11,Time_11.5,Time_12,Time_12.5,Time_13,Time_13.5,Time_14,Time_14.5,Time_15,Time_15.5,Time_16,Time_16.5,Time_17,Time_17.5,Time_18,Time_18.5,Time_19,Time_19.5,Time_20
SCREEN_SET2_HIGHTORIN#3_MGK_09302017_F.xls,yML560-25 uM Torin 1,110.3272738,13.03904466,122.2966735,20.26322839,yML 560,UC5,25 uM Torin 1,UC5*25 uM Torin 1,0,0.028666667,0.031333333,0.030666667,0.032,0.033,0.035333333,0.039333333,0.044333333,0.049,0.054666667,0.059666667,0.065,0.071333333,0.078,0.089,0.100666667,0.116,0.132333333,0.154,0.181,0.208333333,0.248,0.292,0.344333333,0.407,0.473,0.546333333,0.618666667,0.693,0.752333333,0.804,0.858333333,0.905,0.940666667,0.984333333,1.030333333,1.085,1.137,1.192666667,1.249
SGRP_mTOR_inhibitsSCREEN_SET2_highTORIN_JEMBL_081717.xls,yML560-25 uM Torin 1,110.1416305,8.70660254,119.9635455,9.06570071,yML 560,UC5,25 uM Torin 1,UC5*25 uM Torin 1,0,0.016,0.020333333,0.022666667,0.025666667,0.028666667,0.033333333,0.037333333,0.042333333,0.048333333,0.054,0.060666667,0.067333333,0.077,0.089333333,0.101,0.115333333,0.135333333,0.155333333,0.182333333,0.216666667,0.255333333,0.305333333,0.366333333,0.434333333,0.521,0.612666667,0.717333333,0.825333333,0.933,1.036,1.118,1.157333333,1.171333333,1.192,1.217333333,1.249,1.279666667,1.309333333,1.339,1.37
