experiment,Line-Treatment,DT inflection,StDev_inf,DT interval,StDev_int,Lab strain,Strain,Treatment,Strain*Treatment,Time_0,Time_0.5,Time_1,Time_1.5,Time_2,Time_2.5,Time_3,Time_3.5,Time_4,Time_4.5,Time_5,Time_5.5,Time_6,Time_6.5,Time_7,Time_7.5,Time_8,Time_8.5,Time_9,Time_9.5,Time_10,Time_10.5,Time_11,Time_11.5,Time_12,Time_12.5,Time_13,Time_13.5,Time_14,Time_14.5,Time_15,Time_15.5,Time_16,Time_16.5,Time_17,Time_17.5,Time_18,Time_18.5,Time_19,Time_19.5,Time_20
SGRP_mTORinhibitsSCREEN_SET1_CAFFEINE AND lowTORIN_MGK_12022017_,NCYC 3449-6.67% H2O,34.50909553,5.851140703,1010.740685,966.4197012,NCYC 3449,UWOPS87-2421,6.67% H2O,UWOPS87-2421*6.67% H2O,0,0.107,0.139666667,0.188333333,0.204,0.220333333,0.407333333,0.467,0.621666667,0.789333333,0.99,1.156333333,1.256,1.269,1.295333333,1.317333333,1.36,1.379333333,1.373333333,1.436333333,1.454333333,1.468,1.523333333,1.54,1.571666667,1.599,1.610333333,1.621333333,1.646666667,1.661,1.687666667,1.659333333,1.663666667,1.667333333,1.682,1.690333333,1.686,1.713666667,1.717333333,1.709,1.723
