experiment,Line-Treatment,DT inflection,StDev_inf,DT interval,StDev_int,Lab strain,Strain,Treatment,Strain*Treatment,Time_0,Time_0.5,Time_1,Time_1.5,Time_2,Time_2.5,Time_3,Time_3.5,Time_4,Time_4.5,Time_5,Time_5.5,Time_6,Time_6.5,Time_7,Time_7.5,Time_8,Time_8.5,Time_9,Time_9.5,Time_10,Time_10.5,Time_11,Time_11.5,Time_12,Time_12.5,Time_13,Time_13.5,Time_14,Time_14.5,Time_15,Time_15.5,Time_16,Time_16.5,Time_17,Time_17.5,Time_18,Time_18.5,Time_19,Time_19.5,Time_20
SGRP_mTORinhibitsSCREEN_SET2_LOWRAPA_highTORIN_MGK_12032017_F,yML 565-2.5 ng/ml RAPA,75.60207065,2.079307495,80.86448161,2.411429327,yML 565,CBS7960,2.5 ng/mL RAPA,CBS7960*2.5 ng/mL RAPA,0,0.011333333,0.027,0.042666667,0.054,0.072,0.100666667,0.126666667,0.163333333,0.213666667,0.274,0.354,0.463333333,0.587,0.721333333,0.856666667,0.987333333,1.096666667,1.166333333,1.189,1.2,1.22,1.239,1.264,1.289666667,1.317666667,1.347,1.371666667,1.398,1.425,1.447666667,1.472666667,1.493666667,1.514333333,1.535666667,1.553,1.571666667,1.587333333,1.601,1.618666667,1.632
