experiment,Line-Treatment,DT inflection,StDev_inf,DT interval,StDev_int,Lab strain,Strain,Treatment,Strain*Treatment,Time_0,Time_0.5,Time_1,Time_1.5,Time_2,Time_2.5,Time_3,Time_3.5,Time_4,Time_4.5,Time_5,Time_5.5,Time_6,Time_6.5,Time_7,Time_7.5,Time_8,Time_8.5,Time_9,Time_9.5,Time_10,Time_10.5,Time_11,Time_11.5,Time_12,Time_12.5,Time_13,Time_13.5,Time_14,Time_14.5,Time_15,Time_15.5,Time_16,Time_16.5,Time_17,Time_17.5,Time_18,Time_18.5,Time_19,Time_19.5,Time_20
SET1GDC_ARMBL_080217.xls,NCYC 3453-100 uM GDC0941,75.31271022,0.037229265,76.67162865,0.534791067,NCYC 3453,YS4,100 uM GDC0941,YS4*100 uM GDC0941,0,0.001333333,0.001333333,0.001333333,0.001666667,0.003,0.003666667,0.003666667,0.004333333,0.005666667,0.007333333,0.01,0.013,0.015,0.019666667,0.026,0.035333333,0.046666667,0.062666667,0.082,0.112333333,0.146666667,0.192666667,0.253333333,0.330666667,0.425,0.534333333,0.658333333,0.790333333,0.911666667,1.003666667,1.043,1.056666667,1.062666667,1.074666667,1.091,1.106333333,1.124666667,1.143333333,1.157666667,1.173
SGRP_mTOR_inhibitsSCREEN_SET1_GDC_redo_JE_092617.xls,NCYC 3453-100 uM GDC0941,80.85026012,2.491890345,85.66596044,2.858339279,NCYC 3453,YS4,100 uM GDC0941,YS4*100 uM GDC0941,0,0.062,0.073,0.087,0.107666667,0.131,0.163,0.202,0.256666667,0.328666667,0.421333333,0.539,0.670666667,0.808,0.948666667,1.067333333,1.137333333,1.153333333,1.160666667,1.17,1.181,1.194333333,1.208666667,1.225333333,1.239666667,1.253333333,1.27,1.284333333,1.299,1.313,1.325666667,1.34,1.355,1.369,1.380666667,1.396,1.412333333,1.424666667,1.441666667,1.451666667,1.465
