experiment,Line-Treatment,DT inflection,StDev_inf,DT interval,StDev_int,Lab strain,Strain,Treatment,Strain*Treatment,Time_0,Time_0.5,Time_1,Time_1.5,Time_2,Time_2.5,Time_3,Time_3.5,Time_4,Time_4.5,Time_5,Time_5.5,Time_6,Time_6.5,Time_7,Time_7.5,Time_8,Time_8.5,Time_9,Time_9.5,Time_10,Time_10.5,Time_11,Time_11.5,Time_12,Time_12.5,Time_13,Time_13.5,Time_14,Time_14.5,Time_15,Time_15.5,Time_16,Time_16.5,Time_17,Time_17.5,Time_18,Time_18.5,Time_19,Time_19.5,Time_20
SGRP_mTORinhibits_SET3_CAFFEINE_MGK_100817_F.xls,YML671-1000 ug/ml Caffeine,76.7805719,10.15308711,84.47488649,6.743540703,yML 671,YPS138,1 mg/mL Caffeine,YPS138*1 mg/mL Caffeine,0,0.062666667,0.069,0.071666667,0.085,0.094333333,0.142,0.180666667,0.230333333,0.302666667,0.381666667,0.477333333,0.590333333,0.719333333,0.859333333,1.000333333,1.133333333,1.264666667,1.313,1.335333333,1.358666667,1.385666667,1.412333333,1.441333333,1.462333333,1.492333333,1.52,1.550666667,1.567,1.586666667,1.605,1.621333333,1.641,1.656333333,1.667333333,1.680333333,1.692333333,1.699,1.710666667,1.722,1.725
SGRP_mTORinhibitsSCREEN_SET3_CAFFEINE_MGK_10082017_D.xls,YML671-1000 ug/ml Caffeine,85.04401198,3.539189904,90.79225589,2.8208325,yML 671,YPS138,1 mg/mL Caffeine,YPS138*1 mg/mL Caffeine,0,0.047666667,0.059333333,0.067666667,0.079,0.096666667,0.118,0.143,0.180666667,0.224,0.283333333,0.357,0.450666667,0.554,0.672,0.801666667,0.934,1.066333333,1.196333333,1.268333333,1.298,1.323,1.348666667,1.376,1.403333333,1.431666667,1.459333333,1.492666667,1.518333333,1.541333333,1.565333333,1.582,1.599666667,1.622333333,1.630666667,1.649,1.663333333,1.679666667,1.689,1.698,1.702
SGRP_mTORinhibitsSCREEN_SET3_Caffeine_NBMBL_07112017.xls,YML671-1000 ug/ml Caffeine,64.58855323,10.45702934,59.51004732,11.02434225,yML 671,YPS138,1 mg/mL Caffeine,YPS138*1 mg/mL Caffeine,0,0.050333333,0.066333333,0.060333333,0.074666667,0.072666667,0.127666667,0.175666667,0.281333333,0.377,0.493,0.624666667,0.772,0.924333333,1.075333333,1.206,1.305,1.342666667,1.367,1.392666667,1.424333333,1.454666667,1.478,1.503333333,1.531333333,1.555333333,1.575666667,1.597333333,1.617666667,1.638666667,1.654,1.671666667,1.686333333,1.702333333,1.713,1.726333333,1.739,1.749,1.762,1.77,1.781666667
