experiment,Line-Treatment,DT inflection,StDev_inf,DT interval,StDev_int,Lab strain,Strain,Treatment,Strain*Treatment,Time_0,Time_0.5,Time_1,Time_1.5,Time_2,Time_2.5,Time_3,Time_3.5,Time_4,Time_4.5,Time_5,Time_5.5,Time_6,Time_6.5,Time_7,Time_7.5,Time_8,Time_8.5,Time_9,Time_9.5,Time_10,Time_10.5,Time_11,Time_11.5,Time_12,Time_12.5,Time_13,Time_13.5,Time_14,Time_14.5,Time_15,Time_15.5,Time_16,Time_16.5,Time_17,Time_17.5,Time_18,Time_18.5,Time_19,Time_19.5,Time_20
SET3_Low Rapa_REDO_MGK_081117.xls,YML676-2.5 ng/ml RAPA,68.97022953,5.952642738,88.18119356,12.52146742,yML 676,DBVPG 4650,2.5 ng/mL RAPA,DBVPG 4650*2.5 ng/mL RAPA,0,0.024333333,0.018333333,0.054,0.085333333,0.118666667,0.145333333,0.189,0.243,0.314666667,0.397666667,0.496666667,0.599333333,0.724333333,0.847333333,0.969,1.058333333,1.126666667,1.169666667,1.191666667,1.212666667,1.229333333,1.262666667,1.28,1.308666667,1.329666667,1.358,1.392666667,1.411333333,1.432333333,1.457,1.482666667,1.488666667,1.518666667,1.536,1.554666667,1.572,1.59,1.611666667,1.626666667,1.643
