experiment,Line-Treatment,DT inflection,StDev_inf,DT interval,StDev_int,Lab strain,Strain,Treatment,Strain*Treatment,Time_0,Time_0.5,Time_1,Time_1.5,Time_2,Time_2.5,Time_3,Time_3.5,Time_4,Time_4.5,Time_5,Time_5.5,Time_6,Time_6.5,Time_7,Time_7.5,Time_8,Time_8.5,Time_9,Time_9.5,Time_10,Time_10.5,Time_11,Time_11.5,Time_12,Time_12.5,Time_13,Time_13.5,Time_14,Time_14.5,Time_15,Time_15.5,Time_16,Time_16.5,Time_17,Time_17.5,Time_18,Time_18.5,Time_19,Time_19.5,Time_20
SET4_highTORIN_REDO_NBMBL_080717.xls,yML 698-25 uM Torin 1,95.48293828,2.964739391,102.0400788,0.695088442,yML 698,IFO1804,25 uM Torin 1,IFO1804*25 uM Torin 1,0,0.017666667,0.021666667,0.023,0.025,0.026666667,0.030666667,0.035666667,0.041333333,0.05,0.059333333,0.072666667,0.089666667,0.111,0.137666667,0.170333333,0.211,0.257666667,0.318333333,0.385666667,0.463,0.551333333,0.648666667,0.747,0.839,0.941666667,1.025333333,1.030333333,1.023333333,1.018,1.016333333,1.013666667,1.011,1.011666667,1.010333333,1.011333333,1.012,1.012333333,1.012,1.013333333,1.013666667
