experiment,Line-Treatment,DT inflection,StDev_inf,DT interval,StDev_int,Lab strain,Strain,Treatment,Strain*Treatment,Time_0,Time_0.5,Time_1,Time_1.5,Time_2,Time_2.5,Time_3,Time_3.5,Time_4,Time_4.5,Time_5,Time_5.5,Time_6,Time_6.5,Time_7,Time_7.5,Time_8,Time_8.5,Time_9,Time_9.5,Time_10,Time_10.5,Time_11,Time_11.5,Time_12,Time_12.5,Time_13,Time_13.5,Time_14,Time_14.5,Time_15,Time_15.5,Time_16,Time_16.5,Time_17,Time_17.5,Time_18,Time_18.5,Time_19,Time_19.5,Time_20
SGRP_mTORinhibitsSCREEN_SET1_CAFF_MGK_11012017_F.xls,NCYC 3314-1000 ug/ml Caffeine,80.7789783,2.101364465,84.60851871,1.045365791,NCYC 3314,BC187,1 mg/mL Caffeine,BC187*1 mg/mL Caffeine,0,0.035333333,0.061,0.056,0.042666667,0.081,0.09,0.115333333,0.161666667,0.209,0.268,0.338333333,0.429333333,0.525666667,0.632333333,0.776333333,0.894666667,1.006333333,1.115,1.187,1.207666667,1.223666667,1.243666667,1.269,1.293666667,1.320333333,1.346333333,1.375666667,1.404666667,1.432,1.459666667,1.487666667,1.509666667,1.534333333,1.555333333,1.575666667,1.595333333,1.611333333,1.627666667,1.648333333,1.665
SGRP_mTORinhibitsSCREEN_SET1_CAFFEINE AND lowTORIN_MGK_12022017_,NCYC 3314-1000 ug/ml Caffeine,86.39433282,2.215279862,90.80939621,0.595091437,NCYC 3314,BC187,1 mg/mL Caffeine,BC187*1 mg/mL Caffeine,0,0.049333333,0.058666667,0.069666667,0.082,0.098666667,0.118666667,0.149,0.179333333,0.227333333,0.289,0.357333333,0.435333333,0.522666667,0.633333333,0.754666667,0.870666667,0.972,1.07,1.138,1.158333333,1.173333333,1.200666667,1.226666667,1.252666667,1.28,1.309,1.339,1.373,1.4,1.430333333,1.458333333,1.485666667,1.511333333,1.534,1.555333333,1.573333333,1.594333333,1.612666667,1.631,1.643333333
