experiment,Line-Treatment,DT inflection,StDev_inf,DT interval,StDev_int,Lab strain,Strain,Treatment,Strain*Treatment,Time_0,Time_0.5,Time_1,Time_1.5,Time_2,Time_2.5,Time_3,Time_3.5,Time_4,Time_4.5,Time_5,Time_5.5,Time_6,Time_6.5,Time_7,Time_7.5,Time_8,Time_8.5,Time_9,Time_9.5,Time_10,Time_10.5,Time_11,Time_11.5,Time_12,Time_12.5,Time_13,Time_13.5,Time_14,Time_14.5,Time_15,Time_15.5,Time_16,Time_16.5,Time_17,Time_17.5,Time_18,Time_18.5,Time_19,Time_19.5,Time_20
_lowTORIN_KGPUMBL_052817.xls,NCYC 3453-2.5% DMSO,73.3604661,7.748985227,80.73906407,4.135165859,NCYC 3453,YS4,2.5% DMSO,YS4*2.5% DMSO,0,0.034333333,0.048666667,0.055333333,0.067,0.084,0.104333333,0.133,0.167333333,0.212333333,0.277333333,0.355,0.464333333,0.581333333,0.712,0.844333333,0.946,1.0,1.050666667,1.076,1.090333333,1.105666667,1.119333333,1.129333333,1.152,1.166333333,1.180333333,1.202333333,1.199333333,1.229,1.244666667,1.257333333,1.273333333,1.284666667,1.302333333,1.318333333,1.333,1.34,1.358666667,1.377666667,1.388333333
SGRP_mTORinhibits_SET1_lowTORINredo_JEMBL_08032017.xls,NCYC 3453-2.5% DMSO,64.53839105,6.637748505,71.4226531,4.879670731,NCYC 3453,YS4,2.5% DMSO,YS4*2.5% DMSO,0,0.028,0.037,0.043666667,0.054333333,0.068,0.082666667,0.107333333,0.138,0.171333333,0.233,0.317666667,0.412333333,0.526333333,0.658333333,0.799666667,0.933666667,1.023,1.046666667,1.053666667,1.062666667,1.075,1.090333333,1.107333333,1.123,1.139333333,1.152666667,1.167,1.182,1.197666667,1.21,1.222666667,1.234,1.249333333,1.264,1.279,1.291333333,1.304333333,1.322333333,1.336,1.349
SGRP_mTORinhibitsSCREEN_SET1_LOW_TORIN_MGK_081617.xls,NCYC 3453-2.5% DMSO,75.44949534,0.623987087,79.25542829,2.798521873,NCYC 3453,YS4,2.5% DMSO,YS4*2.5% DMSO,0,0.04,0.047,0.06,0.073333333,0.086666667,0.1,0.150666667,0.19,0.245666667,0.323666667,0.421333333,0.537666667,0.671,0.811333333,0.94,1.027333333,1.051,1.059666667,1.064666667,1.074666667,1.094666667,1.110666667,1.127333333,1.144,1.158666667,1.175333333,1.187333333,1.206,1.217333333,1.228,1.243666667,1.258,1.274666667,1.288666667,1.308,1.323333333,1.335333333,1.349,1.363333333,1.38
