experiment,Line-Treatment,DT inflection,StDev_inf,DT interval,StDev_int,Lab strain,Strain,Treatment,Strain*Treatment,Time_0,Time_0.5,Time_1,Time_1.5,Time_2,Time_2.5,Time_3,Time_3.5,Time_4,Time_4.5,Time_5,Time_5.5,Time_6,Time_6.5,Time_7,Time_7.5,Time_8,Time_8.5,Time_9,Time_9.5,Time_10,Time_10.5,Time_11,Time_11.5,Time_12,Time_12.5,Time_13,Time_13.5,Time_14,Time_14.5,Time_15,Time_15.5,Time_16,Time_16.5,Time_17,Time_17.5,Time_18,Time_18.5,Time_19,Time_19.5,Time_20
RB_RUN1_F_SGRPmTORscreen_KGA_11082018.xls,yML677-2.5 ng/mL Rapa,66.77250143,7.168052336,81.77217214,9.482555589,yML 677,Q95.3,2.5 ng/mL RAPA,Q95.3*2.5 ng/mL RAPA,0,0.045,0.046666667,0.043333333,0.049333333,0.046666667,0.116666667,0.162333333,0.221,0.296666667,0.355333333,0.454333333,0.548666667,0.661666667,0.765333333,0.876,0.982666667,1.078333333,1.148,1.192333333,1.229666667,1.256666667,1.280666667,1.305333333,1.328333333,1.343666667,1.379,1.400333333,1.418666667,1.435333333,1.475333333,1.465666667,1.480333333,1.495,1.507,1.525333333,1.533666667,1.541333333,1.552333333,1.559333333,1.568
