experiment,Line-Treatment,DT inflection,StDev_inf,DT interval,StDev_int,Lab strain,Strain,Treatment,Strain*Treatment,Time_0,Time_0.5,Time_1,Time_1.5,Time_2,Time_2.5,Time_3,Time_3.5,Time_4,Time_4.5,Time_5,Time_5.5,Time_6,Time_6.5,Time_7,Time_7.5,Time_8,Time_8.5,Time_9,Time_9.5,Time_10,Time_10.5,Time_11,Time_11.5,Time_12,Time_12.5,Time_13,Time_13.5,Time_14,Time_14.5,Time_15,Time_15.5,Time_16,Time_16.5,Time_17,Time_17.5,Time_18,Time_18.5,Time_19,Time_19.5,Time_20
SGRP_mTOR_inhibitsSCREEN_SET2_HighRAPA+LowTorin_Repeat_JEMBL_073,yML 560-20 ng/ml RAPA,243.840046,1.20129185,391.4188489,6.118357807,yML 560,UC5,20 ng/mL RAPA,UC5*20 ng/mL RAPA,0,0.032,0.038666667,0.047333333,0.052,0.055666667,0.060333333,0.064,0.07,0.075333333,0.080666667,0.088333333,0.095333333,0.102666667,0.109666667,0.118333333,0.127666667,0.137,0.146,0.156,0.167333333,0.176666667,0.186,0.198666667,0.211,0.226333333,0.238,0.258,0.268333333,0.285333333,0.3,0.317,0.334666667,0.352666667,0.37,0.393666667,0.409333333,0.429,0.454,0.473333333,0.491333333
