experiment,Line-Treatment,DT inflection,StDev_inf,DT interval,StDev_int,Lab strain,Strain,Treatment,Strain*Treatment,Time_0,Time_0.5,Time_1,Time_1.5,Time_2,Time_2.5,Time_3,Time_3.5,Time_4,Time_4.5,Time_5,Time_5.5,Time_6,Time_6.5,Time_7,Time_7.5,Time_8,Time_8.5,Time_9,Time_9.5,Time_10,Time_10.5,Time_11,Time_11.5,Time_12,Time_12.5,Time_13,Time_13.5,Time_14,Time_14.5,Time_15,Time_15.5,Time_16,Time_16.5,Time_17,Time_17.5,Time_18,Time_18.5,Time_19,Time_19.5,Time_20
SGRP_mTORinhibits_SET2_lowRAPA_KGPUMBL_080417.xls.xls,yML565-2.5 ng/ml RAPA,79.7705583,1.168746837,82.28171499,1.854031259,yML 565,CBS7960,2.5 ng/mL RAPA,CBS7960*2.5 ng/mL RAPA,0,0.027,0.026333333,0.037333333,0.049333333,0.067,0.080333333,0.106666667,0.132666667,0.171666667,0.223333333,0.287333333,0.366333333,0.461666667,0.566666667,0.682666667,0.803333333,0.920666667,1.038,1.123333333,1.189,1.232666667,1.254,1.273666667,1.295666667,1.321666667,1.349666667,1.380333333,1.41,1.438666667,1.467666667,1.493,1.516666667,1.537666667,1.557333333,1.576333333,1.595333333,1.613666667,1.629666667,1.644333333,1.659
SGRP_mTORinhibitsSCREEN_SET2_lowRAPA_KGPUMBL_100117.xls,yML565-2.5 ng/ml RAPA,76.90512178,1.391995811,78.87779485,0.596427151,yML 565,CBS7960,2.5 ng/mL RAPA,CBS7960*2.5 ng/mL RAPA,0,0.023666667,0.026333333,0.031333333,0.038666667,0.049333333,0.062,0.079333333,0.103,0.133666667,0.176,0.227333333,0.298,0.382666667,0.486666667,0.603333333,0.732333333,0.863,0.985666667,1.093,1.163666667,1.195,1.210666667,1.227666667,1.245333333,1.268333333,1.294666667,1.323666667,1.349,1.376,1.402333333,1.429,1.452666667,1.476666667,1.500333333,1.52,1.538666667,1.558333333,1.573333333,1.591666667,1.601
