experiment,Line-Treatment,DT inflection,StDev_inf,DT interval,StDev_int,Lab strain,Strain,Treatment,Strain*Treatment,Time_0,Time_0.5,Time_1,Time_1.5,Time_2,Time_2.5,Time_3,Time_3.5,Time_4,Time_4.5,Time_5,Time_5.5,Time_6,Time_6.5,Time_7,Time_7.5,Time_8,Time_8.5,Time_9,Time_9.5,Time_10,Time_10.5,Time_11,Time_11.5,Time_12,Time_12.5,Time_13,Time_13.5,Time_14,Time_14.5,Time_15,Time_15.5,Time_16,Time_16.5,Time_17,Time_17.5,Time_18,Time_18.5,Time_19,Time_19.5,Time_20
SGRP_mTORinhibitsSCREEN_SET2_GDC_AR_062617.xls,yML558-100uM GDC0941,68.23776514,3.638370862,72.124899,2.175371182,yML 558,FL100,100 uM GDC0941,FL100*100 uM GDC0941,0,0.043666667,0.046666667,0.068333333,0.087333333,0.106666667,0.136666667,0.178,0.241333333,0.317333333,0.427666667,0.55,0.682,0.833333333,0.985333333,1.104333333,1.192,1.228666667,1.252333333,1.266,1.303666667,1.334,1.356,1.406333333,1.427,1.456333333,1.484333333,1.503666667,1.524,1.557,1.572666667,1.594333333,1.610666667,1.621666667,1.641666667,1.653,1.668333333,1.688333333,1.706,1.711333333,1.716666667
