experiment,Line-Treatment,DT inflection,StDev_inf,DT interval,StDev_int,Lab strain,Strain,Treatment,Strain*Treatment,Time_0,Time_0.5,Time_1,Time_1.5,Time_2,Time_2.5,Time_3,Time_3.5,Time_4,Time_4.5,Time_5,Time_5.5,Time_6,Time_6.5,Time_7,Time_7.5,Time_8,Time_8.5,Time_9,Time_9.5,Time_10,Time_10.5,Time_11,Time_11.5,Time_12,Time_12.5,Time_13,Time_13.5,Time_14,Time_14.5,Time_15,Time_15.5,Time_16,Time_16.5,Time_17,Time_17.5,Time_18,Time_18.5,Time_19,Time_19.5,Time_20
SGRP_mTOR_inhibitsSCREEN_SET3_round3_lowTORIN_KG_091517_F.xls,YML680-1 uM Torin 1,72.59062607,7.910628909,87.34440446,4.029688168,yML 680,DBVPG 6304,1 uM Torin 1,DBVPG 6304*1 uM Torin 1,0,0.046,0.057666667,0.064666667,0.074666667,0.081666667,0.119666667,0.147333333,0.194333333,0.253666667,0.328,0.398666667,0.512666667,0.631,0.77,0.899666667,1.038,1.147333333,1.254,1.261666667,1.264333333,1.265333333,1.285666667,1.294,1.310333333,1.323,1.336,1.353666667,1.369666667,1.384,1.399333333,1.420333333,1.435,1.449,1.462333333,1.469333333,1.498333333,1.511,1.523333333,1.537333333,1.550333333
SGRP_mTORinhibitsSCREEN_SET3_LOWTORIN_PUMT_062817.xls,YML680-1 uM Torin 1,49.48814537,1.390610146,75.48915355,9.966457566,yML 680,DBVPG 6304,1 uM Torin 1,DBVPG 6304*1 uM Torin 1,0,0.017,0.015666667,0.016,0.021666667,0.029,0.037333333,0.051333333,0.080333333,0.144333333,0.183333333,0.264333333,0.333,0.486333333,0.625333333,0.762,0.925666667,1.065333333,1.175333333,1.198666667,1.203666667,1.213,1.225666667,1.243333333,1.262,1.282666667,1.301333333,1.329666667,1.351333333,1.373,1.395,1.416,1.434333333,1.452333333,1.481,1.498333333,1.514666667,1.532,1.546666667,1.559,1.574
