experiment,Line-Treatment,DT inflection,StDev_inf,DT interval,StDev_int,Lab strain,Strain,Treatment,Strain*Treatment,Time_0,Time_0.5,Time_1,Time_1.5,Time_2,Time_2.5,Time_3,Time_3.5,Time_4,Time_4.5,Time_5,Time_5.5,Time_6,Time_6.5,Time_7,Time_7.5,Time_8,Time_8.5,Time_9,Time_9.5,Time_10,Time_10.5,Time_11,Time_11.5,Time_12,Time_12.5,Time_13,Time_13.5,Time_14,Time_14.5,Time_15,Time_15.5,Time_16,Time_16.5,Time_17,Time_17.5,Time_18,Time_18.5,Time_19,Time_19.5,Time_20
RB_RUN1_F_SGRPmTORscreen_KGA_11082018.xls,NCYC3265-6.67%H2O,18.80880188,1.117047069,34.71064141,,NCYC 3265,SK1,6.67% H2O,SK1*6.67% H2O,0,0.027333333,0.029333333,0.028,0.027,0.016333333,0.024333333,0.022666667,0.022666667,0.026666667,0.022333333,0.026333333,0.027666667,0.016333333,0.001333333,0.089333333,0.041666667,0.091,0.071666667,0.102666667,0.058,0.164666667,0.091,0.114333333,0.201,0.212,0.221,0.342333333,0.329,0.340666667,0.363666667,0.387666667,0.463666667,0.469666667,0.632666667,0.619666667,0.567666667,0.687666667,0.643333333,0.681333333,0.669333333
