experiment,Line-Treatment,DT inflection,StDev_inf,DT interval,StDev_int,Lab strain,Strain,Treatment,Strain*Treatment,Time_0,Time_0.5,Time_1,Time_1.5,Time_2,Time_2.5,Time_3,Time_3.5,Time_4,Time_4.5,Time_5,Time_5.5,Time_6,Time_6.5,Time_7,Time_7.5,Time_8,Time_8.5,Time_9,Time_9.5,Time_10,Time_10.5,Time_11,Time_11.5,Time_12,Time_12.5,Time_13,Time_13.5,Time_14,Time_14.5,Time_15,Time_15.5,Time_16,Time_16.5,Time_17,Time_17.5,Time_18,Time_18.5,Time_19,Time_19.5,Time_20
SGRP_mTOR_inhibitsSCREEN_SET2_HighRAPA+LowTorin_Repeat_JEMBL_073,NCYC 3460-20 ng/ml RAPA,81.97261532,62.05672803,736.7351957,95.62508844,NCYC 3460,Y9,20 ng/mL RAPA,Y9*20 ng/mL RAPA,0,0.081666667,0.084333333,0.09,0.093333333,0.096333333,0.097,0.095,0.076,0.062,0.069666667,0.095333333,0.117,0.143333333,0.160333333,0.164333333,0.190333333,0.230333333,0.239666667,0.316333333,0.33,0.385,0.379333333,0.438,0.467333333,0.478333333,0.493333333,0.522666667,0.545333333,0.560333333,0.550666667,0.563,0.568333333,0.583,0.594666667,0.611333333,0.599,0.609,0.635666667,0.664333333,0.675666667
SGRP_mTORinhibitsSCREEN_Set2_highRAPA_KGPU_11202017_F.xls,NCYC 3460-20 ng/ml RAPA,62.36693362,22.18990481,415.2902734,250.0187544,NCYC 3460,Y9,20 ng/mL RAPA,Y9*20 ng/mL RAPA,0,0.018666667,0.02,0.022,0.032333333,0.036,0.042333333,0.045333333,0.046333333,0.046666667,0.053333333,0.051333333,0.063333333,0.077666667,0.099,0.152666667,0.181666667,0.188333333,0.203333333,0.217,0.274,0.306666667,0.352,0.37,0.393,0.433666667,0.459333333,0.490333333,0.521666667,0.549,0.577,0.617666667,0.641333333,0.649666667,0.686666667,0.711,0.739,0.735666667,0.774,0.790666667,0.814
