experiment,Line-Treatment,DT inflection,StDev_inf,DT interval,StDev_int,Lab strain,Strain,Treatment,Strain*Treatment,Time_0,Time_0.5,Time_1,Time_1.5,Time_2,Time_2.5,Time_3,Time_3.5,Time_4,Time_4.5,Time_5,Time_5.5,Time_6,Time_6.5,Time_7,Time_7.5,Time_8,Time_8.5,Time_9,Time_9.5,Time_10,Time_10.5,Time_11,Time_11.5,Time_12,Time_12.5,Time_13,Time_13.5,Time_14,Time_14.5,Time_15,Time_15.5,Time_16,Time_16.5,Time_17,Time_17.5,Time_18,Time_18.5,Time_19,Time_19.5,Time_20
original data.xls SET 4 HIGH RAPA,YML688-20 ng/ml RAPA,64.18676548,9.306596987,270.682898,156.9173417,yML 688,Q74.4,20 ng/mL RAPA,Q74.4*20 ng/mL RAPA,0,0.039333333,0.032,0.06,0.053333333,0.074,0.086333333,0.087,0.131666667,0.150666667,0.191666667,0.228666667,0.248666667,0.305666667,0.376666667,0.404333333,0.449666667,0.532666667,0.591,0.673,0.753333333,0.819666667,0.913333333,1.001666667,1.057,1.138,1.205333333,1.234666667,1.322666667,1.354666667,1.422333333,1.465,1.505333333,1.528666667,1.558333333,1.573666667,1.590333333,1.605,1.626333333,1.638666667,1.641333333
