experiment,Line-Treatment,DT inflection,StDev_inf,DT interval,StDev_int,Lab strain,Strain,Treatment,Strain*Treatment,Time_0,Time_0.5,Time_1,Time_1.5,Time_2,Time_2.5,Time_3,Time_3.5,Time_4,Time_4.5,Time_5,Time_5.5,Time_6,Time_6.5,Time_7,Time_7.5,Time_8,Time_8.5,Time_9,Time_9.5,Time_10,Time_10.5,Time_11,Time_11.5,Time_12,Time_12.5,Time_13,Time_13.5,Time_14,Time_14.5,Time_15,Time_15.5,Time_16,Time_16.5,Time_17,Time_17.5,Time_18,Time_18.5,Time_19,Time_19.5,Time_20
SGRP_mTOR_inhibitsSCREEN_SET3_round3_lowTORIN_KG_091517_F.xls,YML668-1 uM Torin 1,134.0488384,36.2859043,645.6241405,166.8358201,yML 668,N-17,1 uM Torin 1,N-17*1 uM Torin 1,0,0.040666667,0.043333333,0.047666667,0.052,0.060333333,0.089,0.101333333,0.111,0.126666667,0.141,0.158666667,0.184333333,0.187,0.217333333,0.212333333,0.226666667,0.231333333,0.257666667,0.271666667,0.285666667,0.304,0.318666667,0.335666667,0.343,0.364666667,0.375,0.395,0.406666667,0.415666667,0.433333333,0.448333333,0.462,0.470666667,0.494333333,0.498,0.515,0.515333333,0.531333333,0.540333333,0.549333333
SGRP_mTORinhibitsSCREEN_SET3_LOWTORIN_MGK_09112017F.xls,YML668-1 uM Torin 1,71.71022679,6.393040935,55.15007705,15.85051864,yML 668,N-17,1 uM Torin 1,N-17*1 uM Torin 1,0,0.015333333,0.007,0.005333333,0.012,0.010333333,0.009333333,0.187,0.290333333,0.379333333,0.484333333,0.562,0.708,0.838666667,0.982,1.101333333,1.149666667,1.154666667,1.160333333,1.184666667,1.206666667,1.229333333,1.252666667,1.288,1.309666667,1.346666667,1.371666667,1.403333333,1.431,1.454666667,1.479,1.499333333,1.520333333,1.539666667,1.561,1.576666667,1.596,1.615,1.632666667,1.654,1.667
SGRP_mTORinhibitsSCREEN_SET3_LOWTORIN_PUMT_062817.xls,YML668-1 uM Torin 1,136.2546225,16.9067288,195.3571085,7.830070621,yML 668,N-17,1 uM Torin 1,N-17*1 uM Torin 1,0,0.031666667,0.035,0.036666667,0.040666667,0.044333333,0.048,0.051,0.063,0.09,0.104666667,0.132,0.153,0.177,0.201333333,0.222333333,0.247666667,0.274333333,0.307,0.342,0.381333333,0.422666667,0.469,0.516,0.57,0.624666667,0.682333333,0.748666667,0.816333333,0.888666667,0.962,1.034666667,1.097333333,1.149666667,1.179333333,1.197333333,1.219333333,1.245666667,1.278,1.302666667,1.337
