experiment,Line-Treatment,DT inflection,StDev_inf,DT interval,StDev_int,Lab strain,Strain,Treatment,Strain*Treatment,Time_0,Time_0.5,Time_1,Time_1.5,Time_2,Time_2.5,Time_3,Time_3.5,Time_4,Time_4.5,Time_5,Time_5.5,Time_6,Time_6.5,Time_7,Time_7.5,Time_8,Time_8.5,Time_9,Time_9.5,Time_10,Time_10.5,Time_11,Time_11.5,Time_12,Time_12.5,Time_13,Time_13.5,Time_14,Time_14.5,Time_15,Time_15.5,Time_16,Time_16.5,Time_17,Time_17.5,Time_18,Time_18.5,Time_19,Time_19.5,Time_20
SGRP_mTORinhibits_SET3_GDC_Redo_JEMBL_08102017.xls,YML676-100 uM GDC0941,80.73341508,3.749101985,93.33841904,8.585954826,yML 676,DBVPG 4650,100 uM GDC0941,DBVPG 4650*100 uM GDC0941,0,0.065333333,0.126666667,0.143333333,0.165333333,0.202,0.248333333,0.311666667,0.402,0.508666667,0.599,0.748,0.868,0.996666667,1.116333333,1.206,1.250666667,1.288666667,1.314666667,1.338,1.370333333,1.403333333,1.433666667,1.463,1.494333333,1.519,1.542,1.566333333,1.585333333,1.608666667,1.622,1.643333333,1.654666667,1.667666667,1.682333333,1.696333333,1.707333333,1.718,1.728333333,1.738333333,1.750333333
SGRP_mTORinhibitsSCREEN_SET3_round2_GDC_KG_09142017_D.xls,YML676-100 uM GDC0941,101.7432384,7.930392936,128.6630619,9.663759366,yML 676,DBVPG 4650,100 uM GDC0941,DBVPG 4650*100 uM GDC0941,0,0.061333333,0.065333333,0.071,0.094,0.113333333,0.131666667,0.15,0.179333333,0.216,0.249,0.297,0.343,0.412666667,0.496,0.583,0.683333333,0.774333333,0.894666667,1.000333333,1.094666667,1.165,1.209666667,1.215333333,1.227666667,1.250333333,1.262333333,1.273666667,1.292666667,1.311666667,1.335666667,1.356,1.375333333,1.403333333,1.430333333,1.449,1.477,1.502666667,1.522,1.528666667,1.549666667
