experiment,Line-Treatment,DT inflection,StDev_inf,DT interval,StDev_int,Lab strain,Strain,Treatment,Strain*Treatment,Time_0,Time_0.5,Time_1,Time_1.5,Time_2,Time_2.5,Time_3,Time_3.5,Time_4,Time_4.5,Time_5,Time_5.5,Time_6,Time_6.5,Time_7,Time_7.5,Time_8,Time_8.5,Time_9,Time_9.5,Time_10,Time_10.5,Time_11,Time_11.5,Time_12,Time_12.5,Time_13,Time_13.5,Time_14,Time_14.5,Time_15,Time_15.5,Time_16,Time_16.5,Time_17,Time_17.5,Time_18,Time_18.5,Time_19,Time_19.5,Time_20
_lowTORIN_KGPUMBL_052817.xls,NCYC 3456-2.5% DMSO,79.42904853,3.797150172,83.16334724,4.87485623,NCYC 3456,378604 X,2.5% DMSO,378604 X*2.5% DMSO,0,0.105,0.128,0.144666667,0.177666667,0.227333333,0.295,0.377666667,0.479333333,0.599,0.728,0.862,1.013,1.129666667,1.202333333,1.215333333,1.227,1.231,1.245666667,1.260333333,1.275333333,1.286666667,1.299666667,1.311666667,1.335,1.347,1.364333333,1.392,1.4,1.43,1.45,1.476,1.493666667,1.518333333,1.543,1.562666667,1.586666667,1.598333333,1.615666667,1.643666667,1.653666667
SGRP_mTORinhibits_SET1_lowTORINredo_JEMBL_08032017.xls,NCYC 3456-2.5% DMSO,70.84109562,0.985371971,72.42988514,1.161059344,NCYC 3456,378604 X,2.5% DMSO,378604 X*2.5% DMSO,0,0.039666667,0.06,0.066666667,0.079333333,0.097333333,0.125666667,0.168,0.224666667,0.299666667,0.395,0.511,0.638,0.776,0.923,1.070666667,1.159666667,1.174,1.182333333,1.192666667,1.203333333,1.217666667,1.230666667,1.245666667,1.259666667,1.274666667,1.292333333,1.312,1.333333333,1.357,1.379333333,1.403,1.428,1.455,1.478333333,1.503666667,1.526666667,1.548333333,1.57,1.589333333,1.605666667
SGRP_mTORinhibitsSCREEN_SET1_LOW_TORIN_MGK_081617.xls,NCYC 3456-2.5% DMSO,74.53340296,3.407225384,81.84546967,2.580146839,NCYC 3456,378604 X,2.5% DMSO,378604 X*2.5% DMSO,0,0.051333333,0.054,0.061666667,0.076333333,0.093333333,0.112666667,0.141,0.174666667,0.223333333,0.295,0.372666667,0.48,0.598666667,0.721,0.858,0.992666667,1.123333333,1.201666667,1.224,1.235,1.257666667,1.272333333,1.294333333,1.321666667,1.343666667,1.371666667,1.396666667,1.429,1.457,1.483333333,1.513666667,1.538666667,1.570333333,1.591333333,1.612666667,1.636666667,1.653,1.667,1.683666667,1.703666667
