experiment,Line-Treatment,DT inflection,StDev_inf,DT interval,StDev_int,Lab strain,Strain,Treatment,Strain*Treatment,Time_0,Time_0.5,Time_1,Time_1.5,Time_2,Time_2.5,Time_3,Time_3.5,Time_4,Time_4.5,Time_5,Time_5.5,Time_6,Time_6.5,Time_7,Time_7.5,Time_8,Time_8.5,Time_9,Time_9.5,Time_10,Time_10.5,Time_11,Time_11.5,Time_12,Time_12.5,Time_13,Time_13.5,Time_14,Time_14.5,Time_15,Time_15.5,Time_16,Time_16.5,Time_17,Time_17.5,Time_18,Time_18.5,Time_19,Time_19.5,Time_20
SGRP_mTORinhibitsSCREEN_SET2_LOWRAPA_highTORIN_MGK_12032017_F,yML 562-2.5 ng/ml RAPA,76.23668823,4.966850135,85.7548782,1.572016952,yML 562,CLIB215,2.5 ng/mL RAPA,CLIB215*2.5 ng/mL RAPA,0,0.034,0.039666667,0.044333333,0.055666667,0.068333333,0.087333333,0.112,0.149,0.190666667,0.249333333,0.312,0.398,0.505666667,0.618333333,0.747,0.883,1.021333333,1.099,1.105666667,1.112333333,1.120333333,1.130666667,1.151333333,1.174333333,1.206666667,1.243,1.276666667,1.31,1.343666667,1.371333333,1.398666667,1.421666667,1.445333333,1.468333333,1.486333333,1.505,1.521,1.538333333,1.556,1.570333333
