experiment,Line-Treatment,DT inflection,StDev_inf,DT interval,StDev_int,Lab strain,Strain,Treatment,Strain*Treatment,Time_0,Time_0.5,Time_1,Time_1.5,Time_2,Time_2.5,Time_3,Time_3.5,Time_4,Time_4.5,Time_5,Time_5.5,Time_6,Time_6.5,Time_7,Time_7.5,Time_8,Time_8.5,Time_9,Time_9.5,Time_10,Time_10.5,Time_11,Time_11.5,Time_12,Time_12.5,Time_13,Time_13.5,Time_14,Time_14.5,Time_15,Time_15.5,Time_16,Time_16.5,Time_17,Time_17.5,Time_18,Time_18.5,Time_19,Time_19.5,Time_20
RB_RUN1_F_SGRPmTORscreen_KGA_11082018.xls,yML696-1 uM Torin 1,74.32558421,5.955939323,100.177993,5.854174956,yML 696,KPN3829,1 uM Torin 1,KPN3829*1 uM Torin 1,0,0.015333333,0.017333333,0.03,0.049,0.052,0.089333333,0.115,0.150666667,0.191666667,0.223333333,0.295333333,0.351,0.418333333,0.506333333,0.572666667,0.678666667,0.764666667,0.865,0.912333333,0.927333333,0.941,0.959666667,0.968,0.981,1.022333333,1.048,1.067,1.092666667,1.110333333,1.14,1.157666667,1.161666667,1.215333333,1.229333333,1.255,1.284,1.304,1.323,1.346333333,1.365333333
