experiment,Line-Treatment,DT inflection,StDev_inf,DT interval,StDev_int,Lab strain,Strain,Treatment,Strain*Treatment,Time_0,Time_0.5,Time_1,Time_1.5,Time_2,Time_2.5,Time_3,Time_3.5,Time_4,Time_4.5,Time_5,Time_5.5,Time_6,Time_6.5,Time_7,Time_7.5,Time_8,Time_8.5,Time_9,Time_9.5,Time_10,Time_10.5,Time_11,Time_11.5,Time_12,Time_12.5,Time_13,Time_13.5,Time_14,Time_14.5,Time_15,Time_15.5,Time_16,Time_16.5,Time_17,Time_17.5,Time_18,Time_18.5,Time_19,Time_19.5,Time_20
SGRP_mTORinhibitsSCREEN_SET3_round3_highRAPA_KG_091517_D.xls,YML673-20 ng/ml RAPA,132.0893245,12.66550199,244.5422781,43.70994768,yML 673,Y7,20 ng/mL RAPA,Y7*20 ng/mL RAPA,0,0.059666667,0.061,0.063666667,0.066333333,0.09,0.098666667,0.102666667,0.116,0.127333333,0.146666667,0.168333333,0.186666667,0.212666667,0.244333333,0.27,0.306666667,0.337333333,0.375,0.424,0.436666667,0.494666667,0.542333333,0.579,0.634666667,0.686333333,0.725,0.759333333,0.842666667,0.879333333,0.936666667,0.988666667,1.034,1.086333333,1.126666667,1.172,1.207,1.238,1.285333333,1.315333333,1.349333333
