experiment,Line-Treatment,DT inflection,StDev_inf,DT interval,StDev_int,Lab strain,Strain,Treatment,Strain*Treatment,Time_0,Time_0.5,Time_1,Time_1.5,Time_2,Time_2.5,Time_3,Time_3.5,Time_4,Time_4.5,Time_5,Time_5.5,Time_6,Time_6.5,Time_7,Time_7.5,Time_8,Time_8.5,Time_9,Time_9.5,Time_10,Time_10.5,Time_11,Time_11.5,Time_12,Time_12.5,Time_13,Time_13.5,Time_14,Time_14.5,Time_15,Time_15.5,Time_16,Time_16.5,Time_17,Time_17.5,Time_18,Time_18.5,Time_19,Time_19.5,Time_20
SGRP_mTORinhibitsSCREEN_SET1_CAFF_MGK_11012017_F.xls,NCYC 3266-1000 ug/ml Caffeine,74.66658073,3.792053895,82.25120279,0.719362757,NCYC 3266,Y55,1 mg/mL Caffeine,Y55*1 mg/mL Caffeine,0,0.029,0.054666667,0.048,0.033666667,0.072666667,0.077333333,0.101,0.146333333,0.188666667,0.249333333,0.314,0.403333333,0.501666667,0.610666667,0.741,0.876333333,1.000666667,1.123,1.180333333,1.204333333,1.225333333,1.251666667,1.282333333,1.31,1.343,1.372333333,1.404666667,1.433333333,1.459333333,1.486,1.508333333,1.527,1.549333333,1.568333333,1.590333333,1.607333333,1.623666667,1.637333333,1.655666667,1.667666667
SGRP_mTORinhibitsSCREEN_SET1_CAFFEINE AND lowTORIN_MGK_12022017_,NCYC 3266-1000 ug/ml Caffeine,92.35037023,2.628941992,100.4102494,0.119138189,NCYC 3266,Y55,1 mg/mL Caffeine,Y55*1 mg/mL Caffeine,0,0.056,0.065666667,0.075333333,0.089666667,0.105333333,0.121333333,0.147666667,0.176666667,0.221333333,0.273,0.331666667,0.405666667,0.486666667,0.588333333,0.693333333,0.804,0.917333333,1.037,1.128666667,1.153333333,1.175333333,1.200333333,1.235333333,1.268333333,1.304333333,1.336,1.370333333,1.401666667,1.430333333,1.460333333,1.486,1.509333333,1.535,1.554333333,1.575666667,1.591333333,1.613333333,1.629666667,1.646,1.659666667
