experiment,Line-Treatment,DT inflection,StDev_inf,DT interval,StDev_int,Lab strain,Strain,Treatment,Strain*Treatment,Time_0,Time_0.5,Time_1,Time_1.5,Time_2,Time_2.5,Time_3,Time_3.5,Time_4,Time_4.5,Time_5,Time_5.5,Time_6,Time_6.5,Time_7,Time_7.5,Time_8,Time_8.5,Time_9,Time_9.5,Time_10,Time_10.5,Time_11,Time_11.5,Time_12,Time_12.5,Time_13,Time_13.5,Time_14,Time_14.5,Time_15,Time_15.5,Time_16,Time_16.5,Time_17,Time_17.5,Time_18,Time_18.5,Time_19,Time_19.5,Time_20
SGRP_mTORinhibitsSCREEN_SET2_GDC_MGK_081917(fixed with adding wr,NCYC 3469-100 uM GDC0941,83.04523414,3.553021035,87.58636207,5.451652981,NCYC 3469,DBVPG 6040 ,100 uM GDC0941,DBVPG 6040 *100 uM GDC0941,0,0.068,0.079,0.092,0.109666667,0.135666667,0.171,0.215666667,0.275,0.35,0.445333333,0.553,0.671666667,0.802666667,0.938,1.075333333,1.186,1.242,1.260666667,1.285666667,1.315666667,1.343666667,1.373666667,1.405333333,1.433666667,1.461333333,1.488333333,1.511666667,1.533,1.555,1.573666667,1.588,1.608,1.624333333,1.639,1.656333333,1.667,1.681333333,1.693666667,1.708666667,1.719666667
