experiment,Line-Treatment,DT inflection,StDev_inf,DT interval,StDev_int,Lab strain,Strain,Treatment,Strain*Treatment,Time_0,Time_0.5,Time_1,Time_1.5,Time_2,Time_2.5,Time_3,Time_3.5,Time_4,Time_4.5,Time_5,Time_5.5,Time_6,Time_6.5,Time_7,Time_7.5,Time_8,Time_8.5,Time_9,Time_9.5,Time_10,Time_10.5,Time_11,Time_11.5,Time_12,Time_12.5,Time_13,Time_13.5,Time_14,Time_14.5,Time_15,Time_15.5,Time_16,Time_16.5,Time_17,Time_17.5,Time_18,Time_18.5,Time_19,Time_19.5,Time_20
SGRP_mTORinhibits_SET1_CAFF_REDO_NBMBL_08032017.xls,NCYC 3455-Drug,64.75992855,14.75818463,107.5953179,31.58708585,NCYC 3455,322134 S ,1 mg/mL Caffeine,322134 S *1 mg/mL Caffeine,0,0.008666667,0.008666667,0.010333333,0.011666667,0.015333333,0.018666667,0.022666667,0.028333333,0.035333333,0.043,0.053,0.07,0.087333333,0.114333333,0.131,0.162666667,0.201333333,0.255666667,0.312,0.395333333,0.453,0.54,0.644,0.740666667,0.859,0.950666667,1.031666667,1.061333333,1.072333333,1.096,1.139666667,1.143333333,1.178,1.219666667,1.252,1.298,1.350333333,1.372,1.425,1.457666667
SGRP_mTORinhibsSCREEN_SET1_lowRAPA_KGPUMBL_05062017.xls,NCYC 3455-Drug,,,,,NCYC 3455,322134 S ,2.5 ng/mL RAPA,322134 S *2.5 ng/mL RAPA,0,0.003333333,0.003333333,0.003333333,-0.069666667,0.003666667,0.003333333,0.003333333,0.003333333,0.003333333,0.003333333,0.003333333,-0.067,0.003333333,0.003,-0.067,0.003333333,0.003,0.003,0.000333333,0.003666667,0.003333333,0.003,0.003333333,0.004,0.003333333,0.002333333,0.003,0.003,0.003,0.003,0.002666667,-0.002333333,0.003333333,0.003,0.002333333,0.003,0.003333333,0.003333333,0.004,0.003333333
