experiment,Line-Treatment,DT inflection,StDev_inf,DT interval,StDev_int,Lab strain,Strain,Treatment,Strain*Treatment,Time_0,Time_0.5,Time_1,Time_1.5,Time_2,Time_2.5,Time_3,Time_3.5,Time_4,Time_4.5,Time_5,Time_5.5,Time_6,Time_6.5,Time_7,Time_7.5,Time_8,Time_8.5,Time_9,Time_9.5,Time_10,Time_10.5,Time_11,Time_11.5,Time_12,Time_12.5,Time_13,Time_13.5,Time_14,Time_14.5,Time_15,Time_15.5,Time_16,Time_16.5,Time_17,Time_17.5,Time_18,Time_18.5,Time_19,Time_19.5,Time_20
SGRP_mTORinhibits_SET3_GDC_Redo_JEMBL_08102017.xls,YML 569-100 uM GDC0941,124.6272921,7.754011938,185.5962566,3.529846266,yML 569,FM527,100 uM GDC0941,FM527*100 uM GDC0941,0,0.028333333,0.033333333,0.035333333,0.036333333,0.037,0.038333333,0.040666667,0.042666667,0.047,0.050666667,0.054,0.060333333,0.062,0.07,0.074666667,0.082333333,0.090333333,0.101666667,0.111666667,0.125,0.134333333,0.152,0.162666667,0.189333333,0.213,0.233333333,0.260333333,0.286333333,0.326333333,0.365666667,0.414333333,0.471333333,0.521333333,0.591333333,0.652333333,0.735,0.807666667,0.902333333,0.991666667,1.047333333
SGRP_mTORinhibitsSCREEN_SET3_round2_GDC_KG_09142017_D.xls,YML 569-100 uM GDC0941,123.138486,2.266403361,350.4080207,160.3820912,yML 569,FM527,100 uM GDC0941,FM527*100 uM GDC0941,0,0.038333333,0.039333333,0.040666667,0.042666667,0.047666667,0.044666667,0.048666667,0.054333333,0.057,0.061666667,0.065,0.07,0.073666667,0.085,0.095333333,0.102,0.110333333,0.119666667,0.134,0.151,0.169333333,0.182666667,0.191333333,0.224666667,0.242,0.266,0.288666667,0.316666667,0.348333333,0.365333333,0.402333333,0.432333333,0.486666667,0.539333333,0.567333333,0.607,0.655666667,0.704666667,0.733666667,0.766666667
