experiment,Line-Treatment,DT inflection,StDev_inf,DT interval,StDev_int,Lab strain,Strain,Treatment,Strain*Treatment,Time_0,Time_0.5,Time_1,Time_1.5,Time_2,Time_2.5,Time_3,Time_3.5,Time_4,Time_4.5,Time_5,Time_5.5,Time_6,Time_6.5,Time_7,Time_7.5,Time_8,Time_8.5,Time_9,Time_9.5,Time_10,Time_10.5,Time_11,Time_11.5,Time_12,Time_12.5,Time_13,Time_13.5,Time_14,Time_14.5,Time_15,Time_15.5,Time_16,Time_16.5,Time_17,Time_17.5,Time_18,Time_18.5,Time_19,Time_19.5,Time_20
SGRP_mTORinhibitsSCREEN_SET1_AZD8055_KGPUARMBL_061817.xls,NCYC 3318-100uM AZD08055,65.09418537,3.220015516,68.59434213,2.469982658,NCYC 3318,L-1374,100 uM AZD8055,L-1374*100 uM AZD8055,0,0.079333333,0.092666667,0.119,0.157333333,0.209666667,0.282,0.387666667,0.519333333,0.669666667,0.834,0.994333333,1.126666667,1.193,1.216,1.237333333,1.262666667,1.292,1.322333333,1.351666667,1.381666667,1.414,1.445,1.473666667,1.498666667,1.520666667,1.539666667,1.562,1.581333333,1.601333333,1.617,1.635333333,1.647333333,1.661333333,1.672666667,1.687333333,1.697666667,1.707333333,1.716333333,1.724333333,1.734666667
