experiment,Line-Treatment,DT inflection,StDev_inf,DT interval,StDev_int,Lab strain,Strain,Treatment,Strain*Treatment,Time_0,Time_0.5,Time_1,Time_1.5,Time_2,Time_2.5,Time_3,Time_3.5,Time_4,Time_4.5,Time_5,Time_5.5,Time_6,Time_6.5,Time_7,Time_7.5,Time_8,Time_8.5,Time_9,Time_9.5,Time_10,Time_10.5,Time_11,Time_11.5,Time_12,Time_12.5,Time_13,Time_13.5,Time_14,Time_14.5,Time_15,Time_15.5,Time_16,Time_16.5,Time_17,Time_17.5,Time_18,Time_18.5,Time_19,Time_19.5,Time_20
SGRP_mTOR_inhibitsSCREEN_SET1_highTORIN_KGPUMBL_052817.xls,NCYC 3290-25uM Torin 1,83.6393685,1.951112716,87.37600985,3.294614496,NCYC 3290,DBVPG 6044,25 uM Torin 1,DBVPG 6044*25 uM Torin 1,0,0.034666667,0.036333333,0.037,0.038333333,0.042333333,0.045666667,0.050333333,0.054666667,0.06,0.065333333,0.072666667,0.082,0.092,0.105666667,0.121666667,0.147,0.180333333,0.228,0.290333333,0.367666667,0.468,0.578333333,0.704333333,0.836666667,0.97,1.098,1.209,1.261333333,1.287,1.308,1.332333333,1.357666667,1.384,1.409333333,1.435,1.462333333,1.486333333,1.510666667,1.533,1.554
