experiment,Line-Treatment,DT inflection,StDev_inf,DT interval,StDev_int,Lab strain,Strain,Treatment,Strain*Treatment,Time_0,Time_0.5,Time_1,Time_1.5,Time_2,Time_2.5,Time_3,Time_3.5,Time_4,Time_4.5,Time_5,Time_5.5,Time_6,Time_6.5,Time_7,Time_7.5,Time_8,Time_8.5,Time_9,Time_9.5,Time_10,Time_10.5,Time_11,Time_11.5,Time_12,Time_12.5,Time_13,Time_13.5,Time_14,Time_14.5,Time_15,Time_15.5,Time_16,Time_16.5,Time_17,Time_17.5,Time_18,Time_18.5,Time_19,Time_19.5,Time_20
RB_RUN1_F_SGRPmTORscreen_KGA_11082018.xls,yML677-1%DMSO,32.08594709,32.48257831,42.02726618,33.68085312,yML 677,Q95.3,1% DMSO,Q95.3*1% DMSO,0,0.078,0.078,0.069,0.061,0.038333333,0.203333333,0.281666667,0.358,0.440333333,0.511666667,0.599,0.683333333,0.763333333,0.845333333,0.908333333,0.950666667,0.995666667,1.05,1.107,1.165333333,1.218666667,1.269,1.306333333,1.32,1.341333333,1.360666667,1.382,1.396333333,1.414333333,1.434333333,1.448,1.465,1.478,1.484666667,1.505333333,1.514333333,1.526333333,1.532333333,1.545,1.550666667
