experiment,Line-Treatment,DT inflection,StDev_inf,DT interval,StDev_int,Lab strain,Strain,Treatment,Strain*Treatment,Time_0,Time_0.5,Time_1,Time_1.5,Time_2,Time_2.5,Time_3,Time_3.5,Time_4,Time_4.5,Time_5,Time_5.5,Time_6,Time_6.5,Time_7,Time_7.5,Time_8,Time_8.5,Time_9,Time_9.5,Time_10,Time_10.5,Time_11,Time_11.5,Time_12,Time_12.5,Time_13,Time_13.5,Time_14,Time_14.5,Time_15,Time_15.5,Time_16,Time_16.5,Time_17,Time_17.5,Time_18,Time_18.5,Time_19,Time_19.5,Time_20
SGRP_mTOR_inhibitsSCREEN_SET2_HighRAPA+LowTorin_Repeat_JEMBL_073,yML 562-1% DMSO,77.93147768,0.984271135,83.76755316,0.953844156,yML 562,CLIB215,1% DMSO,CLIB215*1% DMSO,0,0.034,0.039666667,0.046666667,0.057333333,0.067666667,0.083666667,0.103333333,0.128,0.162,0.208333333,0.265666667,0.342,0.439666667,0.534,0.652,0.788,0.921,1.032,1.055333333,1.065666667,1.074,1.084,1.102333333,1.124666667,1.156333333,1.187666667,1.225,1.260666667,1.291,1.328666667,1.358666667,1.386333333,1.413,1.440666667,1.471333333,1.492333333,1.517,1.537666667,1.563,1.585333333
SGRP_mTORinhibitsSCREEN_SET2_LOWRAPA_highTORIN_MGK_12032017_F,yML 562-1% DMSO,82.18446349,6.066230525,89.07196382,1.951125309,yML 562,CLIB215,1% DMSO,CLIB215*1% DMSO,0,0.036,0.040333333,0.046666667,0.058666667,0.071333333,0.09,0.113333333,0.144,0.181333333,0.227333333,0.292666667,0.367,0.463666667,0.564333333,0.687666667,0.815666667,0.952,1.050333333,1.062666667,1.071333333,1.085666667,1.1,1.116,1.141,1.172,1.207333333,1.243,1.277666667,1.312333333,1.340666667,1.369,1.392,1.414666667,1.438,1.456333333,1.475333333,1.492333333,1.509333333,1.528666667,1.532666667
