experiment,Line-Treatment,DT inflection,StDev_inf,DT interval,StDev_int,Lab strain,Strain,Treatment,Strain*Treatment,Time_0,Time_0.5,Time_1,Time_1.5,Time_2,Time_2.5,Time_3,Time_3.5,Time_4,Time_4.5,Time_5,Time_5.5,Time_6,Time_6.5,Time_7,Time_7.5,Time_8,Time_8.5,Time_9,Time_9.5,Time_10,Time_10.5,Time_11,Time_11.5,Time_12,Time_12.5,Time_13,Time_13.5,Time_14,Time_14.5,Time_15,Time_15.5,Time_16,Time_16.5,Time_17,Time_17.5,Time_18,Time_18.5,Time_19,Time_19.5,Time_20
SGRP_mTORinhibitsSCREEN_SET2_CAFFEINE AND lowTORIN_MGK_AR_120320,NCYC 3472-1 uM Torin 1,71.82675095,1.210759267,74.13996943,1.167702937,NCYC 3472,YJM975 ,1 uM Torin 1,YJM975 *1 uM Torin 1,0,0.068,0.082333333,0.106666667,0.135666667,0.179666667,0.24,0.315,0.413666667,0.543333333,0.667333333,0.818,0.964333333,1.103333333,1.203,1.221666667,1.241,1.257333333,1.28,1.304666667,1.331666667,1.352,1.378,1.403333333,1.43,1.461333333,1.487333333,1.506666667,1.525333333,1.538666667,1.564666667,1.579333333,1.594666667,1.619333333,1.632666667,1.649,1.665,1.677666667,1.688333333,1.7,1.707
SGRP_mTORinhibitsSCREEN_SET2_LOWTORIN_ARMBL_09192017.xls,NCYC 3472-1 uM Torin 1,75.30625374,3.775933748,85.43531443,2.744897499,NCYC 3472,YJM975 ,1 uM Torin 1,YJM975 *1 uM Torin 1,0,0.025333333,0.026333333,0.025666667,0.023666667,0.024333333,0.025333333,0.027,0.029,0.033666667,0.040333333,0.044333333,0.049333333,0.066666667,0.079333333,0.100666667,0.122333333,0.150333333,0.188,0.238666667,0.308333333,0.397666667,0.515666667,0.646666667,0.775,0.862666667,0.904666667,0.940666667,0.979,1.024,1.074333333,1.123333333,1.168333333,1.21,1.248,1.283,1.313666667,1.342666667,1.371,1.394333333,1.418666667
SGRP_mTORinhibitsSCREEN_SET2_lowTORIN_JEMBL_100117.xls,NCYC 3472-1 uM Torin 1,62.20739473,1.029798321,65.08978987,1.067020906,NCYC 3472,YJM975 ,1 uM Torin 1,YJM975 *1 uM Torin 1,0,0.038666667,0.051666667,0.061666667,0.081,0.112333333,0.148,0.202,0.276,0.376,0.494,0.623333333,0.766,0.919333333,1.056666667,1.164666667,1.207,1.226333333,1.247333333,1.272333333,1.297666667,1.328333333,1.354,1.385333333,1.413666667,1.446,1.473333333,1.499666667,1.522,1.542333333,1.562,1.581333333,1.600333333,1.616666667,1.634333333,1.650666667,1.663333333,1.677,1.691666667,1.703,1.713666667
