experiment,Line-Treatment,DT inflection,StDev_inf,DT interval,StDev_int,Lab strain,Strain,Treatment,Strain*Treatment,Time_0,Time_0.5,Time_1,Time_1.5,Time_2,Time_2.5,Time_3,Time_3.5,Time_4,Time_4.5,Time_5,Time_5.5,Time_6,Time_6.5,Time_7,Time_7.5,Time_8,Time_8.5,Time_9,Time_9.5,Time_10,Time_10.5,Time_11,Time_11.5,Time_12,Time_12.5,Time_13,Time_13.5,Time_14,Time_14.5,Time_15,Time_15.5,Time_16,Time_16.5,Time_17,Time_17.5,Time_18,Time_18.5,Time_19,Time_19.5,Time_20
SGRP_mTORinhibitsSCREEN_SET3_LOWRAPA_JEMBL_12012017_F,yML 678-2.5 ng/ml RAPA,41.27765549,13.14441172,112.5975531,,yML 678,N-43,2.5 ng/mL RAPA,N-43*2.5 ng/mL RAPA,0,0.044333333,0.04,0.031,0.024666667,0.026666667,0.289,0.305333333,0.374333333,0.435333333,0.732,0.929333333,1.081333333,1.263666667,1.328333333,1.324666667,1.354333333,1.352333333,1.373,1.368333333,1.397,1.421,1.436666667,1.446,1.479666667,1.475666667,1.518,1.533333333,1.536666667,1.556666667,1.582,1.598666667,1.602,1.613,1.624666667,1.638333333,1.642,1.666333333,1.671333333,1.686333333,1.703333333
