experiment,Line-Treatment,DT inflection,StDev_inf,DT interval,StDev_int,Lab strain,Strain,Treatment,Strain*Treatment,Time_0,Time_0.5,Time_1,Time_1.5,Time_2,Time_2.5,Time_3,Time_3.5,Time_4,Time_4.5,Time_5,Time_5.5,Time_6,Time_6.5,Time_7,Time_7.5,Time_8,Time_8.5,Time_9,Time_9.5,Time_10,Time_10.5,Time_11,Time_11.5,Time_12,Time_12.5,Time_13,Time_13.5,Time_14,Time_14.5,Time_15,Time_15.5,Time_16,Time_16.5,Time_17,Time_17.5,Time_18,Time_18.5,Time_19,Time_19.5,Time_20
SGRP_mTORinhibitsSCREEN_SET2_LOWTORIN_ARMBL_09192017.xls,yML560-1 uM Torin 1,,,,,yML 560,UC5,1 uM Torin 1,UC5*1 uM Torin 1,0,0.001,0.001,0.001,0.001333333,0.000666667,0.001333333,0.002,0.001666667,0.001666667,0.003,0.002333333,0.002,0.002333333,0.002666667,0.002666667,0.003333333,0.003666667,0.004,0.004666667,0.003,0.004333333,0.004666667,0.007,0.005333333,0.006,0.005333333,0.007333333,0.006,0.008,0.006333333,0.006666667,0.008,0.006666667,0.006666667,0.008,0.008333333,0.007666667,0.007333333,0.009666667,0.008333333
SGRP_mTORinhibitsSCREEN_SET2_lowTORIN_JEMBL_100117.xls,yML560-1 uM Torin 1,84.69005782,5.901776161,101.3042334,2.903036646,yML 560,UC5,1 uM Torin 1,UC5*1 uM Torin 1,0,0.026333333,0.032,0.04,0.051,0.066,0.077,0.097333333,0.117333333,0.151666667,0.187,0.233666667,0.278666667,0.348666667,0.428,0.526,0.617,0.720333333,0.823,0.928666667,1.024666667,1.105333333,1.148666667,1.167666667,1.187666667,1.211,1.24,1.270666667,1.301333333,1.329,1.358666667,1.386666667,1.411333333,1.436333333,1.46,1.483333333,1.505333333,1.523666667,1.543333333,1.561,1.575
