experiment,Line-Treatment,DT inflection,StDev_inf,DT interval,StDev_int,Lab strain,Strain,Treatment,Strain*Treatment,Time_0,Time_0.5,Time_1,Time_1.5,Time_2,Time_2.5,Time_3,Time_3.5,Time_4,Time_4.5,Time_5,Time_5.5,Time_6,Time_6.5,Time_7,Time_7.5,Time_8,Time_8.5,Time_9,Time_9.5,Time_10,Time_10.5,Time_11,Time_11.5,Time_12,Time_12.5,Time_13,Time_13.5,Time_14,Time_14.5,Time_15,Time_15.5,Time_16,Time_16.5,Time_17,Time_17.5,Time_18,Time_18.5,Time_19,Time_19.5,Time_20
SGRP_mTORinhibitsSCREEN_SET3_CAFFEINE AND lowTORIN_JEMBL_1201201,yML 680-2.5% DMSO,93.83219366,1.701953079,90.86817223,,yML 680,DBVPG 6304,2.5% DMSO,DBVPG 6304*2.5% DMSO,0,0.013,0.012666667,0.012333333,0.016666667,0.016333333,0.015,0.014666667,0.056333333,0.062666667,0.348666667,0.429666667,0.532666667,0.66,0.799666667,0.945,1.053,1.076666667,1.082666667,1.090333333,1.111666667,1.13,1.143333333,1.173333333,1.194333333,1.229,1.257333333,1.288,1.319,1.344,1.366,1.386,1.412666667,1.428333333,1.448333333,1.468333333,1.485,1.502333333,1.519666667,1.533666667,1.545333333
