experiment,Line-Treatment,DT inflection,StDev_inf,DT interval,StDev_int,Lab strain,Strain,Treatment,Strain*Treatment,Time_0,Time_0.5,Time_1,Time_1.5,Time_2,Time_2.5,Time_3,Time_3.5,Time_4,Time_4.5,Time_5,Time_5.5,Time_6,Time_6.5,Time_7,Time_7.5,Time_8,Time_8.5,Time_9,Time_9.5,Time_10,Time_10.5,Time_11,Time_11.5,Time_12,Time_12.5,Time_13,Time_13.5,Time_14,Time_14.5,Time_15,Time_15.5,Time_16,Time_16.5,Time_17,Time_17.5,Time_18,Time_18.5,Time_19,Time_19.5,Time_20
SGRP_mTOR_inhibitsSCREEN_SET2_HighRAPA+LowTorin_Repeat_JEMBL_073,NCYC 3486-20 ng/ml RAPA,124.2041501,8.2487082,147.9169955,3.274551424,NCYC 3486,NCYC110 ,20 ng/mL RAPA,NCYC110 *20 ng/mL RAPA,0,0.021,0.028333333,0.033666667,0.04,0.045,0.052,0.062,0.071,0.084,0.096666667,0.112,0.129666667,0.150666667,0.171,0.202,0.229333333,0.265,0.305666667,0.350333333,0.403333333,0.462333333,0.532666667,0.603333333,0.680666667,0.759666667,0.841,0.922333333,1.002,1.075666667,1.136333333,1.162666667,1.174,1.187333333,1.209333333,1.23,1.244333333,1.263,1.287333333,1.313,1.342
SGRP_mTORinhibitsSCREEN_Set2_highRAPA_KGPU_11202017_F.xls,NCYC 3486-20 ng/ml RAPA,158.1298372,6.377668387,183.2110831,3.876675678,NCYC 3486,NCYC110 ,20 ng/mL RAPA,NCYC110 *20 ng/mL RAPA,0,0.035333333,0.042333333,0.048,0.051333333,0.055333333,0.059666667,0.066333333,0.073333333,0.081,0.089,0.097,0.107333333,0.117666667,0.131666667,0.149333333,0.164333333,0.182,0.204333333,0.227,0.256333333,0.288,0.324,0.355666667,0.403,0.453,0.507,0.566666667,0.628333333,0.691666667,0.759333333,0.827,0.899666667,0.963333333,1.034,1.098333333,1.156,1.216333333,1.271,1.316666667,1.350666667
