experiment,Line-Treatment,DT inflection,StDev_inf,DT interval,StDev_int,Lab strain,Strain,Treatment,Strain*Treatment,Time_0,Time_0.5,Time_1,Time_1.5,Time_2,Time_2.5,Time_3,Time_3.5,Time_4,Time_4.5,Time_5,Time_5.5,Time_6,Time_6.5,Time_7,Time_7.5,Time_8,Time_8.5,Time_9,Time_9.5,Time_10,Time_10.5,Time_11,Time_11.5,Time_12,Time_12.5,Time_13,Time_13.5,Time_14,Time_14.5,Time_15,Time_15.5,Time_16,Time_16.5,Time_17,Time_17.5,Time_18,Time_18.5,Time_19,Time_19.5,Time_20
SGRP_mTOR_inhibitsSCREEN_SET1_highgdc-0941_AR_053117.xls,NCYC 3312-100uM GDC0941,84.31899295,2.415074038,93.94113244,5.675193542,NCYC 3312,DBVPG 1373,100 uM GDC0941,DBVPG 1373*100 uM GDC0941,0,0.081333333,0.095666667,0.093666667,0.105666667,0.122,0.145333333,0.177666667,0.215666667,0.272,0.346666667,0.437666667,0.539333333,0.644,0.748666667,0.857,0.953666667,1.043666667,1.114666667,1.162666667,1.194666667,1.227333333,1.264,1.299666667,1.333666667,1.370333333,1.399333333,1.425666667,1.453333333,1.477333333,1.503,1.521666667,1.544,1.560666667,1.579333333,1.593666667,1.610333333,1.627666667,1.641,1.655,1.669
