experiment,Line-Treatment,DT inflection,StDev_inf,DT interval,StDev_int,Lab strain,Strain,Treatment,Strain*Treatment,Time_0,Time_0.5,Time_1,Time_1.5,Time_2,Time_2.5,Time_3,Time_3.5,Time_4,Time_4.5,Time_5,Time_5.5,Time_6,Time_6.5,Time_7,Time_7.5,Time_8,Time_8.5,Time_9,Time_9.5,Time_10,Time_10.5,Time_11,Time_11.5,Time_12,Time_12.5,Time_13,Time_13.5,Time_14,Time_14.5,Time_15,Time_15.5,Time_16,Time_16.5,Time_17,Time_17.5,Time_18,Time_18.5,Time_19,Time_19.5,Time_20
SET2AZDredo+highTORINMBL_07302017.xls,NCYC 3468-100 uM AZD8055,18.55285361,11.2252072,37.1231716,3.700852658,NCYC 3468,UWOPS05-227.2 ,100 uM AZD8055,UWOPS05-227.2 *100 uM AZD8055,0,0.066333333,0.060666667,0.036,0.074,0.1,0.092333333,0.060666667,0.196666667,0.332666667,0.445333333,0.590333333,0.738333333,0.876333333,1.04,1.162666667,1.236666667,1.244,1.278,1.298,1.324,1.367,1.398333333,1.440666667,1.469,1.499666667,1.535333333,1.555333333,1.574666667,1.606,1.620666667,1.645,1.662666667,1.673666667,1.695666667,1.71,1.720666667,1.733333333,1.752666667,1.763666667,1.772333333
