experiment,Line-Treatment,DT inflection,StDev_inf,DT interval,StDev_int,Lab strain,Strain,Treatment,Strain*Treatment,Time_0,Time_0.5,Time_1,Time_1.5,Time_2,Time_2.5,Time_3,Time_3.5,Time_4,Time_4.5,Time_5,Time_5.5,Time_6,Time_6.5,Time_7,Time_7.5,Time_8,Time_8.5,Time_9,Time_9.5,Time_10,Time_10.5,Time_11,Time_11.5,Time_12,Time_12.5,Time_13,Time_13.5,Time_14,Time_14.5,Time_15,Time_15.5,Time_16,Time_16.5,Time_17,Time_17.5,Time_18,Time_18.5,Time_19,Time_19.5,Time_20
SGRP_mTOR_inhibitsSCREEN_SET2_HighRAPA+LowTorin_Repeat_JEMBL_073,NCYC 3458-1% DMSO,62.1590624,0.997601104,64.13743516,1.399492629,NCYC 3458,YJM978,1% DMSO,YJM978*1% DMSO,0,0.045,0.066,0.090333333,0.126,0.174,0.241,0.333,0.442333333,0.58,0.754666667,0.924,1.078333333,1.139666667,1.165333333,1.188666667,1.220333333,1.254333333,1.281,1.316,1.350666667,1.391333333,1.420666667,1.449666667,1.472,1.495333333,1.517666667,1.541666667,1.559666667,1.579333333,1.595333333,1.609333333,1.623,1.637,1.649333333,1.660666667,1.669333333,1.679666667,1.690666667,1.700666667,1.709333333
SGRP_mTORinhibitsSCREEN_SET2_LOWRAPA_highTORIN_MGK_12032017_F,NCYC 3458-1% DMSO,60.80280264,2.143003726,63.80446943,1.340881417,NCYC 3458,YJM978,1% DMSO,YJM978*1% DMSO,0,0.054666667,0.058666667,0.072333333,0.098333333,0.134666667,0.186,0.256666667,0.357333333,0.473666667,0.618666667,0.788666667,0.956,1.099,1.161666667,1.19,1.209666667,1.238666667,1.269333333,1.300666667,1.327,1.359,1.395333333,1.430333333,1.456,1.478333333,1.501333333,1.519666667,1.54,1.560666667,1.579,1.595,1.610666667,1.623333333,1.627333333,1.648333333,1.659666667,1.669666667,1.679,1.690666667,1.697333333
