experiment,Line-Treatment,DT inflection,StDev_inf,DT interval,StDev_int,Lab strain,Strain,Treatment,Strain*Treatment,Time_0,Time_0.5,Time_1,Time_1.5,Time_2,Time_2.5,Time_3,Time_3.5,Time_4,Time_4.5,Time_5,Time_5.5,Time_6,Time_6.5,Time_7,Time_7.5,Time_8,Time_8.5,Time_9,Time_9.5,Time_10,Time_10.5,Time_11,Time_11.5,Time_12,Time_12.5,Time_13,Time_13.5,Time_14,Time_14.5,Time_15,Time_15.5,Time_16,Time_16.5,Time_17,Time_17.5,Time_18,Time_18.5,Time_19,Time_19.5,Time_20
SGRP_mTORinhibits_SET1_CAFF_REDO_NBMBL_08032017.xls,NCYC 3449-Drug,8.441302189,2.012783953,170.2324617,173.7690027,NCYC 3449,UWOPS87-2421,1 mg/mL Caffeine,UWOPS87-2421*1 mg/mL Caffeine,0,0.047666667,0.05,0.059,0.078,0.122666667,0.118666667,0.091666667,0.056666667,0.045333333,0.005333333,0.007666667,0.007666667,0.007333333,0.009333333,0.124333333,0.055,0.200666667,0.278666667,0.382666667,0.374333333,0.483666667,0.462333333,0.517666667,0.56,0.624666667,0.678666667,0.725333333,0.737,0.789,0.828,0.863666667,0.909333333,0.986333333,0.963333333,1.011333333,1.108333333,1.049,1.128333333,1.120333333,1.133333333
