experiment,Line-Treatment,DT inflection,StDev_inf,DT interval,StDev_int,Lab strain,Strain,Treatment,Strain*Treatment,Time_0,Time_0.5,Time_1,Time_1.5,Time_2,Time_2.5,Time_3,Time_3.5,Time_4,Time_4.5,Time_5,Time_5.5,Time_6,Time_6.5,Time_7,Time_7.5,Time_8,Time_8.5,Time_9,Time_9.5,Time_10,Time_10.5,Time_11,Time_11.5,Time_12,Time_12.5,Time_13,Time_13.5,Time_14,Time_14.5,Time_15,Time_15.5,Time_16,Time_16.5,Time_17,Time_17.5,Time_18,Time_18.5,Time_19,Time_19.5,Time_20
original data.xls SET 4 HIGH RAPA,YML696-20 ng/ml RAPA,101.5675399,11.59123892,246.7061723,144.042455,yML 696,KPN3829,20 ng/mL RAPA,KPN3829*20 ng/mL RAPA,0,0.006,0.005333333,0.052666667,0.040333333,0.068333333,0.082666667,0.088,0.104333333,0.134,0.138,0.159,0.192,0.223666667,0.266666667,0.291333333,0.334,0.388333333,0.456,0.478,0.553333333,0.594333333,0.668333333,0.718666667,0.781333333,0.849,0.943,1.005333333,1.078666667,1.153333333,1.177,1.238666667,1.269333333,1.307666667,1.342666667,1.392333333,1.423,1.395333333,1.423,1.438666667,1.489
