experiment,Line-Treatment,DT inflection,StDev_inf,DT interval,StDev_int,Lab strain,Strain,Treatment,Strain*Treatment,Time_0,Time_0.5,Time_1,Time_1.5,Time_2,Time_2.5,Time_3,Time_3.5,Time_4,Time_4.5,Time_5,Time_5.5,Time_6,Time_6.5,Time_7,Time_7.5,Time_8,Time_8.5,Time_9,Time_9.5,Time_10,Time_10.5,Time_11,Time_11.5,Time_12,Time_12.5,Time_13,Time_13.5,Time_14,Time_14.5,Time_15,Time_15.5,Time_16,Time_16.5,Time_17,Time_17.5,Time_18,Time_18.5,Time_19,Time_19.5,Time_20
SGRP_mTORinhibitsSCREEN_SET3_round3_highRAPA_KG_091517_D.xls,YML668-20 ng/ml RAPA,123.1950709,4.783968963,193.7724238,7.946976418,yML 668,N-17,20 ng/mL RAPA,N-17*20 ng/mL RAPA,0,0.053666667,0.057333333,0.059,0.063666667,0.069333333,0.079,0.08,0.088666667,0.097666667,0.110333333,0.119333333,0.130333333,0.151333333,0.166666667,0.181666667,0.209,0.231,0.265333333,0.298333333,0.329,0.371666667,0.408333333,0.447666667,0.487666667,0.539666667,0.586666667,0.641666667,0.694333333,0.757666667,0.811666667,0.863,0.911,0.96,1.018666667,1.072666667,1.118666667,1.164333333,1.206,1.247666667,1.288
