experiment,Line-Treatment,DT inflection,StDev_inf,DT interval,StDev_int,Lab strain,Strain,Treatment,Strain*Treatment,Time_0,Time_0.5,Time_1,Time_1.5,Time_2,Time_2.5,Time_3,Time_3.5,Time_4,Time_4.5,Time_5,Time_5.5,Time_6,Time_6.5,Time_7,Time_7.5,Time_8,Time_8.5,Time_9,Time_9.5,Time_10,Time_10.5,Time_11,Time_11.5,Time_12,Time_12.5,Time_13,Time_13.5,Time_14,Time_14.5,Time_15,Time_15.5,Time_16,Time_16.5,Time_17,Time_17.5,Time_18,Time_18.5,Time_19,Time_19.5,Time_20
SGRP_mTORinhibitsSCREEN_SET3_round3_highRAPA_KG_091517_D.xls,YML680-20 ng/ml RAPA,128.6266039,10.42960714,192.4136149,9.824450017,yML 680,DBVPG 6304,20 ng/mL RAPA,DBVPG 6304*20 ng/mL RAPA,0,0.051333333,0.057,0.059666667,0.065,0.076,0.093333333,0.1,0.116333333,0.134333333,0.157,0.169666667,0.183333333,0.212333333,0.241666667,0.264333333,0.294333333,0.332666667,0.376,0.425333333,0.470666667,0.524666667,0.577666667,0.629333333,0.71,0.783666667,0.853333333,0.920333333,1.000666667,1.069666667,1.147666667,1.218,1.283,1.330333333,1.373666667,1.421666667,1.444333333,1.458,1.462,1.477333333,1.487333333
