experiment,Line-Treatment,DT inflection,StDev_inf,DT interval,StDev_int,Lab strain,Strain,Treatment,Strain*Treatment,Time_0,Time_0.5,Time_1,Time_1.5,Time_2,Time_2.5,Time_3,Time_3.5,Time_4,Time_4.5,Time_5,Time_5.5,Time_6,Time_6.5,Time_7,Time_7.5,Time_8,Time_8.5,Time_9,Time_9.5,Time_10,Time_10.5,Time_11,Time_11.5,Time_12,Time_12.5,Time_13,Time_13.5,Time_14,Time_14.5,Time_15,Time_15.5,Time_16,Time_16.5,Time_17,Time_17.5,Time_18,Time_18.5,Time_19,Time_19.5,Time_20
SGRP_mTORinhibitsSCREEN_SET3_LOWRAPA_JEMBL_12012017_F,yML 671-1% DMSO,69.48693008,3.374201982,44.46641473,31.43720685,yML 671,YPS138,1% DMSO,YPS138*1% DMSO,0,0.040333333,0.043,0.064666667,0.062333333,0.09,0.276,0.376666667,0.503,0.641333333,0.794666667,0.962333333,1.114333333,1.226,1.279333333,1.305,1.332666667,1.368333333,1.395666667,1.424666667,1.456333333,1.485,1.512666667,1.536,1.556666667,1.577333333,1.596666667,1.610333333,1.625666667,1.638333333,1.653333333,1.662333333,1.672666667,1.682666667,1.689666667,1.699333333,1.707,1.714,1.719666667,1.723333333,1.727333333
