experiment,Line-Treatment,DT inflection,StDev_inf,DT interval,StDev_int,Lab strain,Strain,Treatment,Strain*Treatment,Time_0,Time_0.5,Time_1,Time_1.5,Time_2,Time_2.5,Time_3,Time_3.5,Time_4,Time_4.5,Time_5,Time_5.5,Time_6,Time_6.5,Time_7,Time_7.5,Time_8,Time_8.5,Time_9,Time_9.5,Time_10,Time_10.5,Time_11,Time_11.5,Time_12,Time_12.5,Time_13,Time_13.5,Time_14,Time_14.5,Time_15,Time_15.5,Time_16,Time_16.5,Time_17,Time_17.5,Time_18,Time_18.5,Time_19,Time_19.5,Time_20
SGRP_mTORinhibits_SET4_GDC_MGK_09202017.xls,YML 686-100 uM GDC0941,76.09253847,9.586822884,100.6288578,24.02320402,yML 686,KPN3828,100 uM GDC0941,KPN3828*100 uM GDC0941,0,0.103333333,0.060333333,0.074666667,0.063666667,0.102666667,0.215333333,0.253,0.308333333,0.406666667,0.492666667,0.594666667,0.708666667,0.805,0.898666667,0.983333333,1.070666667,1.141333333,1.172666667,1.194666667,1.220666667,1.215,1.193666667,1.220333333,1.220333333,1.250666667,1.255333333,1.297666667,1.298333333,1.304666667,1.330666667,1.299333333,1.331666667,1.329,1.338666667,1.333333333,1.331333333,1.362,1.341333333,1.346333333,1.362666667
