experiment,Line-Treatment,DT inflection,StDev_inf,DT interval,StDev_int,Lab strain,Strain,Treatment,Strain*Treatment,Time_0,Time_0.5,Time_1,Time_1.5,Time_2,Time_2.5,Time_3,Time_3.5,Time_4,Time_4.5,Time_5,Time_5.5,Time_6,Time_6.5,Time_7,Time_7.5,Time_8,Time_8.5,Time_9,Time_9.5,Time_10,Time_10.5,Time_11,Time_11.5,Time_12,Time_12.5,Time_13,Time_13.5,Time_14,Time_14.5,Time_15,Time_15.5,Time_16,Time_16.5,Time_17,Time_17.5,Time_18,Time_18.5,Time_19,Time_19.5,Time_20
SGRP_mTORinhibitsSCREEN_SET3_LOWRAPA_JEMBL_12012017_F,yML 567-2.5 ng/ml RAPA,106.9793762,3.295400971,111.6873457,4.139072473,yML 567,FM476,2.5 ng/mL RAPA,FM476*2.5 ng/mL RAPA,0,0.025,0.028333333,0.033,0.037666667,0.045333333,0.057,0.065333333,0.074333333,0.085666667,0.101,0.116666667,0.134333333,0.158,0.187,0.225666667,0.270666667,0.327333333,0.394666667,0.475333333,0.563666667,0.666,0.772333333,0.876333333,0.939333333,0.954333333,0.954333333,0.957,0.96,0.962,0.967666667,0.967666667,0.971666667,0.975,0.977,0.980666667,0.981,0.984666667,0.987666667,0.991,0.992666667
