experiment,Line-Treatment,DT inflection,StDev_inf,DT interval,StDev_int,Lab strain,Strain,Treatment,Strain*Treatment,Time_0,Time_0.5,Time_1,Time_1.5,Time_2,Time_2.5,Time_3,Time_3.5,Time_4,Time_4.5,Time_5,Time_5.5,Time_6,Time_6.5,Time_7,Time_7.5,Time_8,Time_8.5,Time_9,Time_9.5,Time_10,Time_10.5,Time_11,Time_11.5,Time_12,Time_12.5,Time_13,Time_13.5,Time_14,Time_14.5,Time_15,Time_15.5,Time_16,Time_16.5,Time_17,Time_17.5,Time_18,Time_18.5,Time_19,Time_19.5,Time_20
SET2_caffeine_KGPU_080517.xls,yML561-1000 ug/ml Caffeine,71.82038539,0.128408488,78.25687623,0.395639529,yML 561,T73,1 mg/mL Caffeine,T73*1 mg/mL Caffeine,0,0.028666667,0.032666667,0.039666667,0.051,0.076,0.103666667,0.145333333,0.193666667,0.253333333,0.333,0.418,0.511333333,0.616,0.727,0.84,0.949666667,1.047333333,1.127333333,1.183333333,1.217,1.235,1.252666667,1.270666667,1.295333333,1.321,1.348333333,1.374666667,1.405666667,1.432,1.458,1.484666667,1.508666667,1.531333333,1.550666667,1.569666667,1.589333333,1.608,1.623,1.638666667,1.653
SGRP_mTORinhibits_SET2_Caffeine_JE_092817.xls,yML561-1000 ug/ml Caffeine,85.09683945,1.593923352,92.21088781,2.914882754,yML 561,T73,1 mg/mL Caffeine,T73*1 mg/mL Caffeine,0,0.019333333,0.020666667,0.023333333,0.025,0.029666667,0.036,0.059666667,0.074333333,0.09,0.11,0.138666667,0.172,0.218666667,0.274333333,0.342,0.424666667,0.512,0.615333333,0.725,0.836333333,0.942333333,1.037666667,1.117333333,1.171666667,1.192,1.208333333,1.226333333,1.246,1.269333333,1.293,1.317,1.341,1.364333333,1.391333333,1.415,1.439333333,1.461333333,1.483,1.502,1.522666667
SGRP_mTORinhibitsSCREEN_SET2_Caffeine_JE_092717.xls,yML561-1000 ug/ml Caffeine,73.88489345,1.649974275,92.27352264,1.70828253,yML 561,T73,1 mg/mL Caffeine,T73*1 mg/mL Caffeine,0,0.027,0.028333333,0.032333333,0.045,0.067333333,0.086333333,0.114666667,0.154,0.204,0.256333333,0.318333333,0.394666667,0.479666667,0.577333333,0.679333333,0.784666667,0.898333333,0.998666667,1.092333333,1.175666667,1.225666667,1.240333333,1.255,1.268,1.288666667,1.314666667,1.338666667,1.365333333,1.394,1.423,1.452333333,1.479666667,1.505,1.529,1.552333333,1.575333333,1.593666667,1.613333333,1.63,1.645333333
