experiment,Line-Treatment,DT inflection,StDev_inf,DT interval,StDev_int,Lab strain,Strain,Treatment,Strain*Treatment,Time_0,Time_0.5,Time_1,Time_1.5,Time_2,Time_2.5,Time_3,Time_3.5,Time_4,Time_4.5,Time_5,Time_5.5,Time_6,Time_6.5,Time_7,Time_7.5,Time_8,Time_8.5,Time_9,Time_9.5,Time_10,Time_10.5,Time_11,Time_11.5,Time_12,Time_12.5,Time_13,Time_13.5,Time_14,Time_14.5,Time_15,Time_15.5,Time_16,Time_16.5,Time_17,Time_17.5,Time_18,Time_18.5,Time_19,Time_19.5,Time_20
SGRP_mTOR_inhibitsSCREEN_SET2_HighRAPA+LowTorin_Repeat_JEMBL_073,yML 566-20 ng/ml RAPA,159.4132282,5.283553424,180.7266012,5.838905655,yML 566,FM479,20 ng/mL RAPA,FM479*20 ng/mL RAPA,0,0.031,0.037,0.046666667,0.053666667,0.057,0.060333333,0.063333333,0.066,0.071,0.074333333,0.078333333,0.083333333,0.089666667,0.095666667,0.103,0.112666667,0.123,0.134,0.148666667,0.162,0.182333333,0.200333333,0.228333333,0.252333333,0.286,0.322,0.364,0.404,0.453333333,0.508666667,0.569,0.636666667,0.706333333,0.782666667,0.857,0.929,1.011666667,1.085,1.157,1.220333333
