experiment,Line-Treatment,DT inflection,StDev_inf,DT interval,StDev_int,Lab strain,Strain,Treatment,Strain*Treatment,Time_0,Time_0.5,Time_1,Time_1.5,Time_2,Time_2.5,Time_3,Time_3.5,Time_4,Time_4.5,Time_5,Time_5.5,Time_6,Time_6.5,Time_7,Time_7.5,Time_8,Time_8.5,Time_9,Time_9.5,Time_10,Time_10.5,Time_11,Time_11.5,Time_12,Time_12.5,Time_13,Time_13.5,Time_14,Time_14.5,Time_15,Time_15.5,Time_16,Time_16.5,Time_17,Time_17.5,Time_18,Time_18.5,Time_19,Time_19.5,Time_20
SGRP_mTORinhibitsSCREEN_SET2_GDC_MGK_081917(fixed with adding wr,NCYC 3460-100 uM GDC0941,67.09673118,8.692563737,66.99285843,4.324750487,NCYC 3460,Y9,100 uM GDC0941,Y9*100 uM GDC0941,0,0.033,0.043,0.061,0.069333333,0.084333333,0.107666667,0.168666667,0.225,0.304333333,0.406333333,0.524,0.653666667,0.773,0.907,1.037666667,1.150666667,1.269333333,1.337333333,1.352666667,1.384666667,1.309333333,1.343666667,1.237333333,1.145,1.069,0.822,0.741666667,0.653666667,0.620333333,0.648333333,0.664666667,0.719666667,0.754333333,0.793666667,0.845333333,0.881,0.946666667,0.998,1.038666667,1.077666667
