experiment,Line-Treatment,DT inflection,StDev_inf,DT interval,StDev_int,Lab strain,Strain,Treatment,Strain*Treatment,Time_0,Time_0.5,Time_1,Time_1.5,Time_2,Time_2.5,Time_3,Time_3.5,Time_4,Time_4.5,Time_5,Time_5.5,Time_6,Time_6.5,Time_7,Time_7.5,Time_8,Time_8.5,Time_9,Time_9.5,Time_10,Time_10.5,Time_11,Time_11.5,Time_12,Time_12.5,Time_13,Time_13.5,Time_14,Time_14.5,Time_15,Time_15.5,Time_16,Time_16.5,Time_17,Time_17.5,Time_18,Time_18.5,Time_19,Time_19.5,Time_20
SET2_caffeine_KGPU_080517.xls,yML564-1000 ug/ml Caffeine,82.2632055,2.571716208,86.57848161,0.999643993,yML 564,CLIB382,1 mg/mL Caffeine,CLIB382*1 mg/mL Caffeine,0,0.046666667,0.048,0.054666667,0.063,0.080666667,0.102666667,0.130333333,0.167,0.213666667,0.272333333,0.344666667,0.431333333,0.532333333,0.645333333,0.765333333,0.887666667,1.003666667,1.113,1.190333333,1.221333333,1.254,1.282,1.310666667,1.337666667,1.366,1.396,1.424666667,1.455666667,1.482,1.508666667,1.534333333,1.554333333,1.575333333,1.592,1.609333333,1.629333333,1.644666667,1.658666667,1.672,1.685
SGRP_mTORinhibits_SET2_Caffeine_JE_092817.xls,yML564-1000 ug/ml Caffeine,80.60408181,1.795166612,85.44391099,2.288758571,yML 564,CLIB382,1 mg/mL Caffeine,CLIB382*1 mg/mL Caffeine,0,0.042333333,0.042666667,0.044666667,0.049333333,0.058,0.069333333,0.093333333,0.118333333,0.153333333,0.196333333,0.250333333,0.317,0.401666667,0.501,0.607,0.727,0.851333333,0.972,1.096,1.193333333,1.246,1.296666667,1.327333333,1.353666667,1.378666667,1.407,1.434666667,1.46,1.488333333,1.512666667,1.536666667,1.556666667,1.576,1.598666667,1.614666667,1.632,1.645333333,1.661666667,1.674333333,1.685666667
SGRP_mTORinhibitsSCREEN_SET2_Caffeine_JE_092717.xls,yML564-1000 ug/ml Caffeine,82.09112255,3.472799873,95.39496717,2.295916344,yML 564,CLIB382,1 mg/mL Caffeine,CLIB382*1 mg/mL Caffeine,0,0.057666667,0.059333333,0.061666667,0.075666667,0.088666667,0.101,0.13,0.165,0.210666667,0.260666667,0.319,0.400666667,0.483666667,0.585333333,0.688666667,0.800666667,0.927,1.038333333,1.155,1.24,1.273666667,1.301333333,1.331,1.358,1.383666667,1.415,1.447333333,1.469333333,1.494666667,1.523666667,1.548,1.568333333,1.59,1.604666667,1.624333333,1.642,1.659,1.673,1.686666667,1.700333333
