experiment,Line-Treatment,DT inflection,StDev_inf,DT interval,StDev_int,Lab strain,Strain,Treatment,Strain*Treatment,Time_0,Time_0.5,Time_1,Time_1.5,Time_2,Time_2.5,Time_3,Time_3.5,Time_4,Time_4.5,Time_5,Time_5.5,Time_6,Time_6.5,Time_7,Time_7.5,Time_8,Time_8.5,Time_9,Time_9.5,Time_10,Time_10.5,Time_11,Time_11.5,Time_12,Time_12.5,Time_13,Time_13.5,Time_14,Time_14.5,Time_15,Time_15.5,Time_16,Time_16.5,Time_17,Time_17.5,Time_18,Time_18.5,Time_19,Time_19.5,Time_20
SGRP_mTOR_inhibitsSCREEN_SET2_HighRAPA+LowTorin_Repeat_JEMBL_073,yML 562-20 ng/ml RAPA,169.0383564,8.160575749,200.2048511,8.188569843,yML 562,CLIB215,20 ng/mL RAPA,CLIB215*20 ng/mL RAPA,0,0.039,0.042666667,0.045,0.046666667,0.048,0.051,0.053666667,0.056666667,0.06,0.066,0.071333333,0.078333333,0.087,0.095666667,0.106666667,0.118666667,0.132,0.147333333,0.165333333,0.184333333,0.207,0.229333333,0.255666667,0.284666667,0.317333333,0.351666667,0.387,0.427333333,0.471333333,0.522,0.577333333,0.635,0.695,0.754,0.814666667,0.873,0.937333333,0.997,1.053,1.101666667
