experiment,Line-Treatment,DT inflection,StDev_inf,DT interval,StDev_int,Lab strain,Strain,Treatment,Strain*Treatment,Time_0,Time_0.5,Time_1,Time_1.5,Time_2,Time_2.5,Time_3,Time_3.5,Time_4,Time_4.5,Time_5,Time_5.5,Time_6,Time_6.5,Time_7,Time_7.5,Time_8,Time_8.5,Time_9,Time_9.5,Time_10,Time_10.5,Time_11,Time_11.5,Time_12,Time_12.5,Time_13,Time_13.5,Time_14,Time_14.5,Time_15,Time_15.5,Time_16,Time_16.5,Time_17,Time_17.5,Time_18,Time_18.5,Time_19,Time_19.5,Time_20
SGRP_mTORinhibitsSCREEN_SET4_Caff_MGK_10252017_D.xls,YML695-1000 ug/ml Caffeine,81.51907051,4.618182502,108.4693103,5.820215647,yML 695,Y8.1,1 mg/mL Caffeine,Y8.1*1 mg/mL Caffeine,0,0.047333333,0.053666667,0.054666667,0.060666667,0.076,0.087,0.107666667,0.132,0.153666667,0.198333333,0.235666667,0.289333333,0.351666667,0.420333333,0.517,0.614333333,0.733,0.863,0.979666667,1.078666667,1.102666667,1.102333333,1.103333333,1.108666667,1.117666667,1.128333333,1.148333333,1.166666667,1.200333333,1.219333333,1.253,1.282,1.317,1.343333333,1.375333333,1.403333333,1.429666667,1.455,1.478333333,1.502666667
SGRP_mTORinhibitsSCREEN_SET4_Caffeine_MGK_09202017.xls,YML695-1000 ug/ml Caffeine,83.88653587,4.733769083,107.3858841,10.7684027,yML 695,Y8.1,1 mg/mL Caffeine,Y8.1*1 mg/mL Caffeine,0,0.037333333,0.035666667,0.036,0.038,0.038666667,0.038,0.037333333,0.050666667,0.056,0.057333333,0.075666667,0.089666667,0.114,0.134666667,0.163,0.188333333,0.231333333,0.293333333,0.359,0.442333333,0.537,0.630666667,0.758333333,0.883666667,0.971666667,1.017,1.060666667,1.083,1.081333333,1.081333333,1.087333333,1.096666667,1.108666667,1.127666667,1.150666667,1.170333333,1.201666667,1.231666667,1.264333333,1.301333333
