experiment,Line-Treatment,DT inflection,StDev_inf,DT interval,StDev_int,Lab strain,Strain,Treatment,Strain*Treatment,Time_0,Time_0.5,Time_1,Time_1.5,Time_2,Time_2.5,Time_3,Time_3.5,Time_4,Time_4.5,Time_5,Time_5.5,Time_6,Time_6.5,Time_7,Time_7.5,Time_8,Time_8.5,Time_9,Time_9.5,Time_10,Time_10.5,Time_11,Time_11.5,Time_12,Time_12.5,Time_13,Time_13.5,Time_14,Time_14.5,Time_15,Time_15.5,Time_16,Time_16.5,Time_17,Time_17.5,Time_18,Time_18.5,Time_19,Time_19.5,Time_20
RB_RUN1_F_SGRPmTORscreen_KGA_11082018.xls,yML681-1 uM Torin 1,63.47207293,4.702922144,68.93461539,1.533462763,yML 681,A4,1 uM Torin 1,A4*1 uM Torin 1,0,0.022,0.037666667,0.094,0.123333333,0.157,0.219,0.294333333,0.386333333,0.496666667,0.605666667,0.751,0.871,0.975333333,1.027,1.024666667,1.044666667,1.060666667,1.081,1.102666667,1.137,1.159666667,1.185333333,1.215,1.242333333,1.275,1.305333333,1.329,1.352,1.374333333,1.395666667,1.412,1.435666667,1.45,1.471,1.488333333,1.500666667,1.518666667,1.526666667,1.550666667,1.559666667
