experiment,Line-Treatment,DT inflection,StDev_inf,DT interval,StDev_int,Lab strain,Strain,Treatment,Strain*Treatment,Time_0,Time_0.5,Time_1,Time_1.5,Time_2,Time_2.5,Time_3,Time_3.5,Time_4,Time_4.5,Time_5,Time_5.5,Time_6,Time_6.5,Time_7,Time_7.5,Time_8,Time_8.5,Time_9,Time_9.5,Time_10,Time_10.5,Time_11,Time_11.5,Time_12,Time_12.5,Time_13,Time_13.5,Time_14,Time_14.5,Time_15,Time_15.5,Time_16,Time_16.5,Time_17,Time_17.5,Time_18,Time_18.5,Time_19,Time_19.5,Time_20
SGRP_mTORinhibitsSCREEN_SET3_CAFFEINE AND lowTORIN_JEMBL_1201201,yML 679-1 uM Torin 11,102.8363368,5.0586309,118.9559443,23.27583856,yML 679,CBS5829,1 uM Torin 1,CBS5829*1 uM Torin 1,0,0.024,0.024,0.018333333,0.015333333,0.014333333,0.022666667,0.034333333,0.182,0.229666667,0.264333333,0.318666667,0.388333333,0.461,0.546666667,0.64,0.734333333,0.839333333,0.924333333,0.998666667,1.018333333,1.033666667,1.042666667,1.064666667,1.081666667,1.106666667,1.133666667,1.155666667,1.181,1.201,1.232,1.254666667,1.283,1.306,1.321666667,1.345333333,1.365,1.390666667,1.406,1.425,1.435
