experiment,Line-Treatment,DT inflection,StDev_inf,DT interval,StDev_int,Lab strain,Strain,Treatment,Strain*Treatment,Time_0,Time_0.5,Time_1,Time_1.5,Time_2,Time_2.5,Time_3,Time_3.5,Time_4,Time_4.5,Time_5,Time_5.5,Time_6,Time_6.5,Time_7,Time_7.5,Time_8,Time_8.5,Time_9,Time_9.5,Time_10,Time_10.5,Time_11,Time_11.5,Time_12,Time_12.5,Time_13,Time_13.5,Time_14,Time_14.5,Time_15,Time_15.5,Time_16,Time_16.5,Time_17,Time_17.5,Time_18,Time_18.5,Time_19,Time_19.5,Time_20
original data.xls SET 4 HIGH RAPA,YML694-20 ng/ml RAPA,89.68772432,14.13650168,183.549812,17.96760057,yML 694,CBS432,20 ng/mL RAPA,CBS432*20 ng/mL RAPA,0,0.049,0.043666667,0.055,0.062333333,0.076666667,0.091,0.089,0.125666667,0.136666667,0.168,0.202666667,0.220333333,0.262333333,0.297,0.338333333,0.382333333,0.439666667,0.492333333,0.56,0.635,0.715,0.788666667,0.870666667,0.938333333,1.015333333,1.086,1.141666667,1.205,1.251333333,1.269666667,1.273333333,1.290333333,1.297666667,1.323,1.334,1.351,1.364666667,1.382,1.398666667,1.41
