experiment,Line-Treatment,DT inflection,StDev_inf,DT interval,StDev_int,Lab strain,Strain,Treatment,Strain*Treatment,Time_0,Time_0.5,Time_1,Time_1.5,Time_2,Time_2.5,Time_3,Time_3.5,Time_4,Time_4.5,Time_5,Time_5.5,Time_6,Time_6.5,Time_7,Time_7.5,Time_8,Time_8.5,Time_9,Time_9.5,Time_10,Time_10.5,Time_11,Time_11.5,Time_12,Time_12.5,Time_13,Time_13.5,Time_14,Time_14.5,Time_15,Time_15.5,Time_16,Time_16.5,Time_17,Time_17.5,Time_18,Time_18.5,Time_19,Time_19.5,Time_20
SET4_highTORIN_REDO_NBMBL_080717.xls,yML 689-2.5% DMSO,59.02128927,20.99521826,54.59339859,33.94565309,yML 689,Q69.8,2.5% DMSO,Q69.8*2.5% DMSO,0,0.021666667,0.019,0.018666667,0.018,0.017333333,0.018,0.016,0.032,0.138,0.196,0.309,0.373333333,0.523,0.639,0.747333333,0.867333333,0.984,1.069,1.089,1.111333333,1.136333333,1.165666667,1.194666667,1.226,1.267,1.292333333,1.322333333,1.348333333,1.372,1.400333333,1.422,1.441666667,1.460666667,1.477666667,1.498333333,1.516333333,1.548,1.549666667,1.573333333,1.571333333
