experiment,Line-Treatment,DT inflection,StDev_inf,DT interval,StDev_int,Lab strain,Strain,Treatment,Strain*Treatment,Time_0,Time_0.5,Time_1,Time_1.5,Time_2,Time_2.5,Time_3,Time_3.5,Time_4,Time_4.5,Time_5,Time_5.5,Time_6,Time_6.5,Time_7,Time_7.5,Time_8,Time_8.5,Time_9,Time_9.5,Time_10,Time_10.5,Time_11,Time_11.5,Time_12,Time_12.5,Time_13,Time_13.5,Time_14,Time_14.5,Time_15,Time_15.5,Time_16,Time_16.5,Time_17,Time_17.5,Time_18,Time_18.5,Time_19,Time_19.5,Time_20
SGRP_mTORinhibitsSCREEN_SET3_CAFFEINE AND lowTORIN_JEMBL_1201201,yML 742-1 uM Torin 11,75.49194741,0.849368697,82.51464426,1.511395132,BY4743,BY4743,1 uM Torin 1,BY4743*1 uM Torin 1,0,0.044333333,0.052,0.055333333,0.061666667,0.075,0.092333333,0.112333333,0.144,0.184,0.242333333,0.308333333,0.389666667,0.485666667,0.599,0.712333333,0.823666667,0.933666667,1.024333333,1.077,1.095,1.098333333,1.101333333,1.112,1.119,1.131666667,1.141,1.151,1.161,1.174,1.186333333,1.196333333,1.211333333,1.222333333,1.230666667,1.246,1.262,1.275333333,1.285,1.299666667,1.306
