experiment,Line-Treatment,DT inflection,StDev_inf,DT interval,StDev_int,Lab strain,Strain,Treatment,Strain*Treatment,Time_0,Time_0.5,Time_1,Time_1.5,Time_2,Time_2.5,Time_3,Time_3.5,Time_4,Time_4.5,Time_5,Time_5.5,Time_6,Time_6.5,Time_7,Time_7.5,Time_8,Time_8.5,Time_9,Time_9.5,Time_10,Time_10.5,Time_11,Time_11.5,Time_12,Time_12.5,Time_13,Time_13.5,Time_14,Time_14.5,Time_15,Time_15.5,Time_16,Time_16.5,Time_17,Time_17.5,Time_18,Time_18.5,Time_19,Time_19.5,Time_20
SGRP_mTOR_inhibitsSCREEN_SET2_HighRAPA+LowTorin_Repeat_JEMBL_073,yML 564-1% DMSO,60.37802598,0.552612531,61.56428836,0.564971714,yML 564,CLIB382,1% DMSO,CLIB382*1% DMSO,0,0.039666667,0.047666667,0.06,0.079666667,0.103666667,0.143,0.200666667,0.280333333,0.392,0.512,0.661666667,0.827333333,0.995333333,1.128333333,1.202,1.231666667,1.253,1.288333333,1.324,1.358666667,1.394666667,1.426,1.465333333,1.494333333,1.524,1.547666667,1.571666667,1.589,1.608333333,1.625,1.640666667,1.654333333,1.667333333,1.682333333,1.697666667,1.708666667,1.723,1.731666667,1.749333333,1.765
SGRP_mTORinhibitsSCREEN_SET2_LOWRAPA_highTORIN_MGK_12032017_F,yML 564-1% DMSO,57.10866447,5.973144358,58.78735412,3.990355551,yML 564,CLIB382,1% DMSO,CLIB382*1% DMSO,0,0.040666667,0.043333333,0.053333333,0.069,0.093,0.121666667,0.163666667,0.235333333,0.333,0.448333333,0.578,0.735333333,0.897,1.053,1.178,1.207333333,1.237,1.263333333,1.296,1.328333333,1.362,1.393333333,1.425333333,1.458333333,1.488333333,1.518333333,1.541666667,1.562,1.581333333,1.599,1.617,1.631333333,1.645666667,1.662,1.672,1.685333333,1.693,1.703333333,1.717666667,1.725333333
