experiment,Line-Treatment,DT inflection,StDev_inf,DT interval,StDev_int,Lab strain,Strain,Treatment,Strain*Treatment,Time_0,Time_0.5,Time_1,Time_1.5,Time_2,Time_2.5,Time_3,Time_3.5,Time_4,Time_4.5,Time_5,Time_5.5,Time_6,Time_6.5,Time_7,Time_7.5,Time_8,Time_8.5,Time_9,Time_9.5,Time_10,Time_10.5,Time_11,Time_11.5,Time_12,Time_12.5,Time_13,Time_13.5,Time_14,Time_14.5,Time_15,Time_15.5,Time_16,Time_16.5,Time_17,Time_17.5,Time_18,Time_18.5,Time_19,Time_19.5,Time_20
RB_RUN1_F_SGRPmTORscreen_KGA_11082018.xls,yML692-B-2.5%DMSO,51.39144003,25.46670612,56.10686159,16.90659148,yML 692,Y8.5,2.5% DMSO,Y8.5*2.5% DMSO,0,0.087333333,0.079,0.065666667,0.103,0.144666667,0.262,0.335333333,0.428,0.526666667,0.629,0.735,0.837333333,0.941666667,1.039333333,1.107666667,1.133333333,1.161,1.181666667,1.208,1.243333333,1.270666667,1.297333333,1.317,1.338666667,1.363333333,1.382333333,1.394,1.417333333,1.430666667,1.444,1.458,1.435666667,1.482,1.493666667,1.506666667,1.509666667,1.527333333,1.536333333,1.541666667,1.552666667
