experiment,Line-Treatment,DT inflection,StDev_inf,DT interval,StDev_int,Lab strain,Strain,Treatment,Strain*Treatment,Time_0,Time_0.5,Time_1,Time_1.5,Time_2,Time_2.5,Time_3,Time_3.5,Time_4,Time_4.5,Time_5,Time_5.5,Time_6,Time_6.5,Time_7,Time_7.5,Time_8,Time_8.5,Time_9,Time_9.5,Time_10,Time_10.5,Time_11,Time_11.5,Time_12,Time_12.5,Time_13,Time_13.5,Time_14,Time_14.5,Time_15,Time_15.5,Time_16,Time_16.5,Time_17,Time_17.5,Time_18,Time_18.5,Time_19,Time_19.5,Time_20
SGRP_mTORinhibitsSCREEN_SET1_CAFF_MGK_11012017_F.xls,NCYC 3454-1000 ug/ml Caffeine,82.37826447,1.622652919,86.56680049,0.411167392,NCYC 3454,YS9,1 mg/mL Caffeine,YS9*1 mg/mL Caffeine,0,0.033666667,0.055666667,0.063333333,0.041,0.076,0.084666667,0.106666667,0.145333333,0.183333333,0.232,0.293333333,0.377333333,0.456,0.553333333,0.672666667,0.788333333,0.916333333,1.038333333,1.133333333,1.19,1.212666667,1.228666667,1.253,1.277,1.305,1.333,1.366333333,1.400333333,1.431,1.461,1.487666667,1.51,1.538333333,1.559333333,1.578666667,1.598,1.617,1.632666667,1.653333333,1.667333333
SGRP_mTORinhibitsSCREEN_SET1_CAFFEINE AND lowTORIN_MGK_12022017_,NCYC 3454-1000 ug/ml Caffeine,91.62092794,2.407726754,96.79919932,1.173377649,NCYC 3454,YS9,1 mg/mL Caffeine,YS9*1 mg/mL Caffeine,0,0.052666667,0.063333333,0.073666667,0.087666667,0.102333333,0.123666667,0.15,0.180333333,0.226,0.280333333,0.344,0.422,0.51,0.614666667,0.720333333,0.830666667,0.951666667,1.056666667,1.138333333,1.163333333,1.179666667,1.200666667,1.224333333,1.251333333,1.281666667,1.315,1.349333333,1.385,1.413666667,1.447666667,1.476333333,1.502666667,1.527,1.549333333,1.570333333,1.590333333,1.610666667,1.629,1.644,1.656666667
