experiment,Line-Treatment,DT inflection,StDev_inf,DT interval,StDev_int,Lab strain,Strain,Treatment,Strain*Treatment,Time_0,Time_0.5,Time_1,Time_1.5,Time_2,Time_2.5,Time_3,Time_3.5,Time_4,Time_4.5,Time_5,Time_5.5,Time_6,Time_6.5,Time_7,Time_7.5,Time_8,Time_8.5,Time_9,Time_9.5,Time_10,Time_10.5,Time_11,Time_11.5,Time_12,Time_12.5,Time_13,Time_13.5,Time_14,Time_14.5,Time_15,Time_15.5,Time_16,Time_16.5,Time_17,Time_17.5,Time_18,Time_18.5,Time_19,Time_19.5,Time_20
SET2AZDredo+highTORINMBL_07302017.xls,yML562-100 uM AZD8055,103.7278155,1.899748214,113.8694224,1.111336333,yML 562,CLIB215,100 uM AZD8055,CLIB215*100 uM AZD8055,0,0.035,0.038,0.042333333,0.045333333,0.052,0.063,0.071,0.085,0.098333333,0.118,0.138333333,0.165333333,0.196666667,0.237333333,0.289666667,0.342666667,0.412666667,0.484333333,0.578,0.668333333,0.770333333,0.873666667,0.956333333,1.025666667,1.061,1.072666667,1.079,1.091333333,1.108333333,1.132333333,1.158333333,1.186333333,1.220333333,1.253666667,1.284666667,1.320333333,1.348333333,1.375,1.399,1.421
