experiment,Line-Treatment,DT inflection,StDev_inf,DT interval,StDev_int,Lab strain,Strain,Treatment,Strain*Treatment,Time_0,Time_0.5,Time_1,Time_1.5,Time_2,Time_2.5,Time_3,Time_3.5,Time_4,Time_4.5,Time_5,Time_5.5,Time_6,Time_6.5,Time_7,Time_7.5,Time_8,Time_8.5,Time_9,Time_9.5,Time_10,Time_10.5,Time_11,Time_11.5,Time_12,Time_12.5,Time_13,Time_13.5,Time_14,Time_14.5,Time_15,Time_15.5,Time_16,Time_16.5,Time_17,Time_17.5,Time_18,Time_18.5,Time_19,Time_19.5,Time_20
SGRP_mTORinhibitsSCREEN_SET1HIGHrapaANDhighTORIN_PU_03162018_D.x,NCYC3456A-1%DMSO,67.52374771,0.402643329,73.30346183,1.030803347,NCYC 3456,378604 X,1% DMSO,378604 X*1% DMSO,0,0.055,0.064666667,0.08,0.104,0.137,0.186666667,0.249666667,0.329333333,0.443333333,0.567333333,0.712333333,0.86,1.018,1.166666667,1.240333333,1.255333333,1.27,1.289,1.306333333,1.328,1.353333333,1.383,1.411333333,1.445333333,1.473666667,1.540666667,1.525333333,1.548333333,1.573,1.594,1.612,1.633,1.651666667,1.665333333,1.680333333,1.697666667,1.713,1.725,1.735666667,1.781
