experiment,Line-Treatment,DT inflection,StDev_inf,DT interval,StDev_int,Lab strain,Strain,Treatment,Strain*Treatment,Time_0,Time_0.5,Time_1,Time_1.5,Time_2,Time_2.5,Time_3,Time_3.5,Time_4,Time_4.5,Time_5,Time_5.5,Time_6,Time_6.5,Time_7,Time_7.5,Time_8,Time_8.5,Time_9,Time_9.5,Time_10,Time_10.5,Time_11,Time_11.5,Time_12,Time_12.5,Time_13,Time_13.5,Time_14,Time_14.5,Time_15,Time_15.5,Time_16,Time_16.5,Time_17,Time_17.5,Time_18,Time_18.5,Time_19,Time_19.5,Time_20
SGRP_mTORinhibits_SET3_GDC_Redo_JEMBL_08102017.xls,YML682-100 uM GDC0941,65.86167723,0.415604449,69.54611016,1.407637733,yML 682,A12,100 uM GDC0941,A12*100 uM GDC0941,0,0.063,0.071333333,0.077333333,0.093666667,0.119,0.152,0.202,0.277,0.370333333,0.491,0.626333333,0.766,0.918333333,1.071333333,1.200666667,1.275666667,1.297,1.323666667,1.356666667,1.392333333,1.424666667,1.457333333,1.485,1.514666667,1.544666667,1.568333333,1.592,1.611666667,1.63,1.645666667,1.683,1.675333333,1.688,1.700666667,1.710666667,1.751,1.732,1.739333333,1.746666667,1.753333333
SGRP_mTORinhibitsSCREEN_SET3_round2_GDC_KG_09142017_D.xls,YML682-100 uM GDC0941,80.23022291,1.212016243,88.17843677,3.498358326,yML 682,A12,100 uM GDC0941,A12*100 uM GDC0941,0,0.089333333,0.096,0.105333333,0.118,0.139666667,0.170666667,0.207333333,0.260333333,0.337333333,0.429333333,0.539666667,0.663,0.796666667,0.924333333,1.057666667,1.185333333,1.311333333,1.388333333,1.392333333,1.410666667,1.428666667,1.442,1.46,1.481,1.502666667,1.523666667,1.542666667,1.558666667,1.578333333,1.602,1.617333333,1.630333333,1.647333333,1.659333333,1.671333333,1.685333333,1.698666667,1.709,1.715666667,1.725333333
