experiment,Line-Treatment,DT inflection,StDev_inf,DT interval,StDev_int,Lab strain,Strain,Treatment,Strain*Treatment,Time_0,Time_0.5,Time_1,Time_1.5,Time_2,Time_2.5,Time_3,Time_3.5,Time_4,Time_4.5,Time_5,Time_5.5,Time_6,Time_6.5,Time_7,Time_7.5,Time_8,Time_8.5,Time_9,Time_9.5,Time_10,Time_10.5,Time_11,Time_11.5,Time_12,Time_12.5,Time_13,Time_13.5,Time_14,Time_14.5,Time_15,Time_15.5,Time_16,Time_16.5,Time_17,Time_17.5,Time_18,Time_18.5,Time_19,Time_19.5,Time_20
SET1GDC_ARMBL_080217.xls,NCYC 3449-100 uM GDC0941,35.09279541,10.43215668,95.94665974,58.13176585,NCYC 3449,UWOPS87-2421,100 uM GDC0941,UWOPS87-2421*100 uM GDC0941,0,0.009,0.009,0.009,0.010666667,0.013333333,0.017666667,0.025,0.034,0.036333333,0.051666667,0.077666667,0.098,0.101333333,0.132,0.167666667,0.261333333,0.377,0.549666667,0.665,0.715,0.788,0.898,0.947,1.007666667,1.156,1.128,1.337,1.375666667,1.207,1.486666667,1.281333333,1.239666667,1.300666667,1.282666667,1.466,1.369,1.407,1.402,1.467,1.48
SGRP_mTOR_inhibitsSCREEN_SET1_GDC_redo_JE_092617.xls,NCYC 3449-100 uM GDC0941,56.72479525,6.243485889,71.79467273,1.26973311,NCYC 3449,UWOPS87-2421,100 uM GDC0941,UWOPS87-2421*100 uM GDC0941,0,0.061,0.068,0.078,0.102333333,0.137,0.18,0.260333333,0.331,0.455666667,0.59,0.731,0.857666667,1.009666667,1.127,1.26,1.324333333,1.352333333,1.374333333,1.398,1.433333333,1.468,1.492666667,1.512333333,1.518,1.553,1.566,1.564,1.586666667,1.594,1.608,1.64,1.671333333,1.693,1.718333333,1.735333333,1.755,1.769333333,1.774333333,1.784666667,1.8
