experiment,Line-Treatment,DT inflection,StDev_inf,DT interval,StDev_int,Lab strain,Strain,Treatment,Strain*Treatment,Time_0,Time_0.5,Time_1,Time_1.5,Time_2,Time_2.5,Time_3,Time_3.5,Time_4,Time_4.5,Time_5,Time_5.5,Time_6,Time_6.5,Time_7,Time_7.5,Time_8,Time_8.5,Time_9,Time_9.5,Time_10,Time_10.5,Time_11,Time_11.5,Time_12,Time_12.5,Time_13,Time_13.5,Time_14,Time_14.5,Time_15,Time_15.5,Time_16,Time_16.5,Time_17,Time_17.5,Time_18,Time_18.5,Time_19,Time_19.5,Time_20
SET2AZDredo+highTORINMBL_07302017.xls,NCYC 3472-100 uM AZD8055,66.85489258,5.968878002,72.35128745,11.00547812,NCYC 3472,YJM975 ,100 uM AZD8055,YJM975 *100 uM AZD8055,0,0.066333333,0.079333333,0.099666667,0.126333333,0.167333333,0.225666667,0.285333333,0.371,0.464666667,0.567,0.677333333,0.769666667,0.867666667,0.968333333,1.053333333,1.112666667,1.154333333,1.177,1.203333333,1.236333333,1.263,1.294,1.324333333,1.354,1.384333333,1.414333333,1.438666667,1.462666667,1.484,1.51,1.530333333,1.547,1.568333333,1.583333333,1.599,1.613666667,1.627666667,1.637333333,1.651666667,1.657666667
