experiment,Line-Treatment,DT inflection,StDev_inf,DT interval,StDev_int,Lab strain,Strain,Treatment,Strain*Treatment,Time_0,Time_0.5,Time_1,Time_1.5,Time_2,Time_2.5,Time_3,Time_3.5,Time_4,Time_4.5,Time_5,Time_5.5,Time_6,Time_6.5,Time_7,Time_7.5,Time_8,Time_8.5,Time_9,Time_9.5,Time_10,Time_10.5,Time_11,Time_11.5,Time_12,Time_12.5,Time_13,Time_13.5,Time_14,Time_14.5,Time_15,Time_15.5,Time_16,Time_16.5,Time_17,Time_17.5,Time_18,Time_18.5,Time_19,Time_19.5,Time_20
SET2_caffeine_KGPU_080517.xls,yML563-1000 ug/ml Caffeine,,,,,yML 563,YJM269,1 mg/mL Caffeine,YJM269*1 mg/mL Caffeine,0,0.023666667,0.022333333,0.020666667,0.020333333,0.020333333,0.020666667,0.019666667,0.019666667,0.019666667,0.019333333,0.019333333,0.019333333,0.019333333,0.019,0.019666667,0.019,0.019,0.019,0.019666667,0.019666667,0.02,0.02,0.020666667,0.020666667,0.021333333,0.022333333,0.022666667,0.023666667,0.024666667,0.025333333,0.025666667,0.027333333,0.029333333,0.029666667,0.031333333,0.032666667,0.034333333,0.036,0.038666667,0.040666667
SGRP_mTORinhibitsSCREEN_SET2_Caffeine_JE_092717.xls,yML563-1000 ug/ml Caffeine,161.0568328,3.912762887,176.3654717,1.436158731,yML 563,YJM269,1 mg/mL Caffeine,YJM269*1 mg/mL Caffeine,0,0.053333333,0.054333333,0.051333333,0.050333333,0.050333333,0.048,0.048333333,0.048333333,0.048666667,0.048333333,0.047333333,0.048333333,0.048,0.048,0.047333333,0.047333333,0.048,0.047333333,0.05,0.050333333,0.051,0.051,0.053,0.053333333,0.056,0.059,0.061333333,0.063666667,0.067333333,0.071,0.076666667,0.081,0.088,0.093666667,0.103333333,0.113333333,0.125,0.138333333,0.154,0.173333333
