experiment,Line-Treatment,DT inflection,StDev_inf,DT interval,StDev_int,Lab strain,Strain,Treatment,Strain*Treatment,Time_0,Time_0.5,Time_1,Time_1.5,Time_2,Time_2.5,Time_3,Time_3.5,Time_4,Time_4.5,Time_5,Time_5.5,Time_6,Time_6.5,Time_7,Time_7.5,Time_8,Time_8.5,Time_9,Time_9.5,Time_10,Time_10.5,Time_11,Time_11.5,Time_12,Time_12.5,Time_13,Time_13.5,Time_14,Time_14.5,Time_15,Time_15.5,Time_16,Time_16.5,Time_17,Time_17.5,Time_18,Time_18.5,Time_19,Time_19.5,Time_20
SET2AZDredo+highTORINMBL_07302017.xls,NCYC 3462-100 uM AZD8055,36.4444954,18.62571897,36.84004993,7.271514366,NCYC 3462,UWOPS05-217.3 ,100 uM AZD8055,UWOPS05-217.3 *100 uM AZD8055,0,0.06,0.058666667,0.047333333,0.051666667,0.092,0.099666667,0.093666667,0.174666667,0.311333333,0.408,0.535333333,0.674666667,0.828,0.978333333,1.107333333,1.194333333,1.209333333,1.243333333,1.265,1.289666667,1.331333333,1.363333333,1.409333333,1.436666667,1.467333333,1.507333333,1.528333333,1.547666667,1.580666667,1.599333333,1.625,1.642,1.651666667,1.675666667,1.690666667,1.699666667,1.715666667,1.731666667,1.743666667,1.761666667
