experiment,Line-Treatment,DT inflection,StDev_inf,DT interval,StDev_int,Lab strain,Strain,Treatment,Strain*Treatment,Time_0,Time_0.5,Time_1,Time_1.5,Time_2,Time_2.5,Time_3,Time_3.5,Time_4,Time_4.5,Time_5,Time_5.5,Time_6,Time_6.5,Time_7,Time_7.5,Time_8,Time_8.5,Time_9,Time_9.5,Time_10,Time_10.5,Time_11,Time_11.5,Time_12,Time_12.5,Time_13,Time_13.5,Time_14,Time_14.5,Time_15,Time_15.5,Time_16,Time_16.5,Time_17,Time_17.5,Time_18,Time_18.5,Time_19,Time_19.5,Time_20
SGRP_mTOR_inhibitsSCREEN_SET1_highTORIN_KGPUMBL_052817.xls,NCYC 3312-25uM Torin 1,79.24682374,1.618852642,83.72958086,4.435218924,NCYC 3312,DBVPG 1373,25 uM Torin 1,DBVPG 1373*25 uM Torin 1,0,0.039333333,0.041666667,0.043,0.045666667,0.052333333,0.061333333,0.074,0.089,0.107,0.131,0.164,0.207666667,0.262333333,0.339,0.433333333,0.540333333,0.653666667,0.76,0.862666667,0.961,1.05,1.121333333,1.178333333,1.210333333,1.241333333,1.269666667,1.304,1.325,1.372333333,1.399666667,1.426,1.453,1.478,1.504333333,1.525666667,1.547333333,1.563666667,1.579333333,1.596333333,1.608666667
