experiment,Line-Treatment,DT inflection,StDev_inf,DT interval,StDev_int,Lab strain,Strain,Treatment,Strain*Treatment,Time_0,Time_0.5,Time_1,Time_1.5,Time_2,Time_2.5,Time_3,Time_3.5,Time_4,Time_4.5,Time_5,Time_5.5,Time_6,Time_6.5,Time_7,Time_7.5,Time_8,Time_8.5,Time_9,Time_9.5,Time_10,Time_10.5,Time_11,Time_11.5,Time_12,Time_12.5,Time_13,Time_13.5,Time_14,Time_14.5,Time_15,Time_15.5,Time_16,Time_16.5,Time_17,Time_17.5,Time_18,Time_18.5,Time_19,Time_19.5,Time_20
SGRP_mTORinhibitsSCREEN_SET1_CAFF_MGK_11012017_F.xls,NCYC 3311-1000 ug/ml Caffeine,72.58129122,12.38309144,84.09607901,5.419730495,NCYC 3311,DBVPG 1788,1 mg/mL Caffeine,DBVPG 1788*1 mg/mL Caffeine,0,0.038,0.063,0.058333333,0.047333333,0.091333333,0.102333333,0.130666667,0.186333333,0.239333333,0.305666667,0.377333333,0.472,0.571666667,0.680666667,0.809333333,0.936333333,1.045333333,1.145666667,1.200333333,1.218,1.236666667,1.259333333,1.284333333,1.311,1.338,1.366333333,1.392666667,1.415333333,1.437,1.462666667,1.488666667,1.512333333,1.535333333,1.545666667,1.578,1.596333333,1.614333333,1.631666667,1.649,1.662333333
SGRP_mTORinhibitsSCREEN_SET1_CAFFEINE AND lowTORIN_MGK_12022017_,NCYC 3311-1000 ug/ml Caffeine,86.17164492,0.545808144,93.56831467,2.390626878,NCYC 3311,DBVPG 1788,1 mg/mL Caffeine,DBVPG 1788*1 mg/mL Caffeine,0,0.044666667,0.052333333,0.062666667,0.076666667,0.094,0.116666667,0.146,0.184666667,0.234333333,0.294,0.361,0.443666667,0.536,0.644666667,0.755333333,0.875666667,0.983666667,1.074,1.133,1.147666667,1.161666667,1.179333333,1.198666667,1.222,1.246,1.269,1.295666667,1.322333333,1.347666667,1.376666667,1.403333333,1.432,1.46,1.485666667,1.506333333,1.529666667,1.555,1.573,1.590666667,1.607666667
