experiment,Line-Treatment,DT inflection,StDev_inf,DT interval,StDev_int,Lab strain,Strain,Treatment,Strain*Treatment,Time_0,Time_0.5,Time_1,Time_1.5,Time_2,Time_2.5,Time_3,Time_3.5,Time_4,Time_4.5,Time_5,Time_5.5,Time_6,Time_6.5,Time_7,Time_7.5,Time_8,Time_8.5,Time_9,Time_9.5,Time_10,Time_10.5,Time_11,Time_11.5,Time_12,Time_12.5,Time_13,Time_13.5,Time_14,Time_14.5,Time_15,Time_15.5,Time_16,Time_16.5,Time_17,Time_17.5,Time_18,Time_18.5,Time_19,Time_19.5,Time_20
SGRP_mTOR_inhibitsSCREEN_SET3_round3_lowTORIN_KG_091517_F.xls,YML671-1 uM Torin 1,78.12478562,1.293067161,79.90630248,2.259973173,yML 671,YPS138,1 uM Torin 1,YPS138*1 uM Torin 1,0,0.054666667,0.059666667,0.063333333,0.067333333,0.079666667,0.123666667,0.162333333,0.205666667,0.266666667,0.346,0.447333333,0.582,0.726666667,0.872333333,1.011666667,1.151333333,1.284333333,1.377666667,1.404,1.421333333,1.432666667,1.448666667,1.467666667,1.485333333,1.501666667,1.525,1.543666667,1.565,1.586666667,1.605333333,1.626333333,1.639,1.651333333,1.666333333,1.678,1.693666667,1.705,1.713333333,1.726333333,1.736333333
SGRP_mTORinhibitsSCREEN_SET3_LOWTORIN_MGK_09112017F.xls,YML671-1 uM Torin 1,24.28386453,1.254628654,55.7874472,26.99335511,yML 671,YPS138,1 uM Torin 1,YPS138*1 uM Torin 1,0,0.051666667,0.061,0.060666667,0.057,0.054666667,0.058666667,0.069666667,0.101,0.109,0.115,0.271333333,0.324,0.477333333,0.677,0.807,0.926,1.035333333,1.140333333,1.231,1.251,1.275333333,1.302,1.338,1.374666667,1.405666667,1.436333333,1.463,1.485333333,1.507,1.527333333,1.545,1.562333333,1.580333333,1.592666667,1.607,1.622333333,1.638,1.649333333,1.661333333,1.673
SGRP_mTORinhibitsSCREEN_SET3_LOWTORIN_PUMT_062817.xls,YML671-1 uM Torin 1,60.7203405,6.249982242,64.06266393,4.558518493,yML 671,YPS138,1 uM Torin 1,YPS138*1 uM Torin 1,0,0.032666667,0.038333333,0.046,0.059333333,0.077333333,0.102,0.137333333,0.190333333,0.268666667,0.361666667,0.479333333,0.611,0.750333333,0.892,1.036,1.163,1.260666667,1.298666667,1.322,1.345,1.372666667,1.402333333,1.428333333,1.455,1.480666667,1.506,1.532333333,1.552,1.572,1.589666667,1.607,1.621333333,1.636,1.652333333,1.664333333,1.675666667,1.686,1.698333333,1.709666667,1.717666667
