experiment,Line-Treatment,DT inflection,StDev_inf,DT interval,StDev_int,Lab strain,Strain,Treatment,Strain*Treatment,Time_0,Time_0.5,Time_1,Time_1.5,Time_2,Time_2.5,Time_3,Time_3.5,Time_4,Time_4.5,Time_5,Time_5.5,Time_6,Time_6.5,Time_7,Time_7.5,Time_8,Time_8.5,Time_9,Time_9.5,Time_10,Time_10.5,Time_11,Time_11.5,Time_12,Time_12.5,Time_13,Time_13.5,Time_14,Time_14.5,Time_15,Time_15.5,Time_16,Time_16.5,Time_17,Time_17.5,Time_18,Time_18.5,Time_19,Time_19.5,Time_20
SGRP_mTORinhibitsSCREEN_SET3_CAFFEINE AND lowTORIN_JEMBL_1201201,yML668-2.5% DMSO,104.1331476,6.46895471,570.1492021,335.8762637,yML 668,N-17,2.5% DMSO,N-17*2.5% DMSO,0,0.041,0.035,0.028,0.026666667,0.021333333,0.018,0.018,0.025,0.022333333,0.111333333,0.115,0.126333333,0.154333333,0.177,0.213333333,0.223333333,0.244,0.265666667,0.27,0.306666667,0.331,0.330666667,0.382666667,0.383666667,0.424,0.449333333,0.483333333,0.523,0.551333333,0.584333333,0.614,0.655666667,0.677333333,0.702,0.739666667,0.783333333,0.823,0.835666667,0.872666667,0.871333333
