experiment,Line-Treatment,DT inflection,StDev_inf,DT interval,StDev_int,Lab strain,Strain,Treatment,Strain*Treatment,Time_0,Time_0.5,Time_1,Time_1.5,Time_2,Time_2.5,Time_3,Time_3.5,Time_4,Time_4.5,Time_5,Time_5.5,Time_6,Time_6.5,Time_7,Time_7.5,Time_8,Time_8.5,Time_9,Time_9.5,Time_10,Time_10.5,Time_11,Time_11.5,Time_12,Time_12.5,Time_13,Time_13.5,Time_14,Time_14.5,Time_15,Time_15.5,Time_16,Time_16.5,Time_17,Time_17.5,Time_18,Time_18.5,Time_19,Time_19.5,Time_20
SGRP_mTORinhibits_SET3_highTORIN_MGK_101617_F.xls,YML 567-25 uM Torin 1,108.0479267,3.595123176,116.6486973,0.464351234,yML 567,FM476,25 uM Torin 1,FM476*25 uM Torin 1,0,0.009333333,0.011,0.015666667,0.022,0.031333333,0.038666667,0.049,0.057666667,0.067666667,0.079666667,0.091333333,0.103333333,0.116666667,0.133666667,0.154,0.179333333,0.210666667,0.252333333,0.301666667,0.365666667,0.438666667,0.515,0.609333333,0.702,0.798333333,0.852666667,0.88,0.880666667,0.883333333,0.885666667,0.886666667,0.887666667,0.892,0.893,0.899,0.898666667,0.900333333,0.902,0.904666667,0.903
SGRP_mTORinhibitsSCREEN_SET3highTORIN_MGK_101617_D.xls,YML 567-25 uM Torin 1,112.4046851,6.634987793,126.8632318,1.29228315,yML 567,FM476,25 uM Torin 1,FM476*25 uM Torin 1,0,0.011333333,0.014,0.020666667,0.026666667,0.036666667,0.048333333,0.059,0.071333333,0.081333333,0.094,0.106666667,0.120666667,0.137333333,0.156666667,0.176,0.207333333,0.237666667,0.284666667,0.34,0.403,0.477333333,0.559666667,0.647,0.733,0.821333333,0.872666667,0.876,0.871,0.878666667,0.877333333,0.881666667,0.881666667,0.886666667,0.886666667,0.887666667,0.894,0.892,0.894666667,0.898333333,0.899333333
