experiment,Line-Treatment,DT inflection,StDev_inf,DT interval,StDev_int,Lab strain,Strain,Treatment,Strain*Treatment,Time_0,Time_0.5,Time_1,Time_1.5,Time_2,Time_2.5,Time_3,Time_3.5,Time_4,Time_4.5,Time_5,Time_5.5,Time_6,Time_6.5,Time_7,Time_7.5,Time_8,Time_8.5,Time_9,Time_9.5,Time_10,Time_10.5,Time_11,Time_11.5,Time_12,Time_12.5,Time_13,Time_13.5,Time_14,Time_14.5,Time_15,Time_15.5,Time_16,Time_16.5,Time_17,Time_17.5,Time_18,Time_18.5,Time_19,Time_19.5,Time_20
SGRP_mTOR_inhibitsSCREEN_SET2_HighRAPA+LowTorin_Repeat_JEMBL_073,NCYC 3469-20 ng/ml RAPA,183.8276292,17.37040869,266.8813593,8.196880219,NCYC 3469,DBVPG 6040 ,20 ng/mL RAPA,DBVPG 6040 *20 ng/mL RAPA,0,0.043666667,0.051666667,0.063,0.077666667,0.092666667,0.111,0.128,0.143333333,0.159666667,0.175,0.190666667,0.206666667,0.222333333,0.240333333,0.260333333,0.281,0.304666667,0.329333333,0.354666667,0.383333333,0.414666667,0.454333333,0.498666667,0.543,0.591333333,0.637666667,0.688333333,0.734666667,0.78,0.828,0.873666667,0.915666667,0.958333333,0.998333333,1.037,1.073,1.112333333,1.147333333,1.182666667,1.218333333
