experiment,Line-Treatment,DT inflection,StDev_inf,DT interval,StDev_int,Lab strain,Strain,Treatment,Strain*Treatment,Time_0,Time_0.5,Time_1,Time_1.5,Time_2,Time_2.5,Time_3,Time_3.5,Time_4,Time_4.5,Time_5,Time_5.5,Time_6,Time_6.5,Time_7,Time_7.5,Time_8,Time_8.5,Time_9,Time_9.5,Time_10,Time_10.5,Time_11,Time_11.5,Time_12,Time_12.5,Time_13,Time_13.5,Time_14,Time_14.5,Time_15,Time_15.5,Time_16,Time_16.5,Time_17,Time_17.5,Time_18,Time_18.5,Time_19,Time_19.5,Time_20
SET3_Low Rapa_REDO_MGK_081117.xls,YML665-2.5 ng/ml RAPA,43.18062371,34.75368824,,,yML 665,N-45,2.5 ng/mL RAPA,N-45*2.5 ng/mL RAPA,0,0.051,0.054666667,0.052666667,0.043666667,0.041666667,0.031333333,0.029,0.026,0.048,0.038,0.051333333,0.068666667,0.094333333,0.141,0.682,0.963333333,1.087666667,1.166666667,1.219666667,1.217,1.228333333,1.239333333,1.276333333,1.309,1.336,1.411,1.438666667,1.449333333,1.501,1.494,1.543666667,1.555,1.567,1.584333333,1.592666667,1.608666667,1.622666667,1.633,1.649,1.646666667
