experiment,Line-Treatment,DT inflection,StDev_inf,DT interval,StDev_int,Lab strain,Strain,Treatment,Strain*Treatment,Time_0,Time_0.5,Time_1,Time_1.5,Time_2,Time_2.5,Time_3,Time_3.5,Time_4,Time_4.5,Time_5,Time_5.5,Time_6,Time_6.5,Time_7,Time_7.5,Time_8,Time_8.5,Time_9,Time_9.5,Time_10,Time_10.5,Time_11,Time_11.5,Time_12,Time_12.5,Time_13,Time_13.5,Time_14,Time_14.5,Time_15,Time_15.5,Time_16,Time_16.5,Time_17,Time_17.5,Time_18,Time_18.5,Time_19,Time_19.5,Time_20
SGRP_mTORinhibits_SET4_GDC_MGK_09202017.xls,YML707-100 uM GDC0941,43.28095666,16.78912275,96.52535316,37.75799323,yML 707,CLIB324,100 uM GDC0941,CLIB324*100 uM GDC0941,0,0.060666667,0.107,0.153,0.144333333,0.164,0.117,0.172666667,0.247,0.298333333,0.381,0.495333333,0.658666667,0.791,0.921666667,1.062333333,1.181333333,1.238333333,1.248666667,1.267666667,1.289666667,1.317666667,1.354,1.382666667,1.408666667,1.449333333,1.480333333,1.507333333,1.533333333,1.558,1.579,1.599333333,1.616,1.634666667,1.651,1.664,1.681333333,1.693333333,1.705,1.718333333,1.729666667
