experiment,Line-Treatment,DT inflection,StDev_inf,DT interval,StDev_int,Lab strain,Strain,Treatment,Strain*Treatment,Time_0,Time_0.5,Time_1,Time_1.5,Time_2,Time_2.5,Time_3,Time_3.5,Time_4,Time_4.5,Time_5,Time_5.5,Time_6,Time_6.5,Time_7,Time_7.5,Time_8,Time_8.5,Time_9,Time_9.5,Time_10,Time_10.5,Time_11,Time_11.5,Time_12,Time_12.5,Time_13,Time_13.5,Time_14,Time_14.5,Time_15,Time_15.5,Time_16,Time_16.5,Time_17,Time_17.5,Time_18,Time_18.5,Time_19,Time_19.5,Time_20
SGRP_mTORinhibitsSCREEN_SET2_LOWTORIN_ARMBL_09192017.xls,yML558-1 uM Torin 1,93.64400388,1.95542743,98.73282066,1.367454901,yML 558,FL100,1 uM Torin 1,FL100*1 uM Torin 1,0,0.017666667,0.019,0.017333333,0.015666667,0.015666667,0.016333333,0.016333333,0.018333333,0.022,0.025333333,0.029333333,0.029333333,0.032333333,0.035,0.035666667,0.039666667,0.046666667,0.053666667,0.061,0.072666667,0.086,0.103333333,0.123,0.151333333,0.185333333,0.228666667,0.285,0.351,0.432,0.523333333,0.635,0.756,0.850333333,0.900666667,0.930333333,0.961666667,1.008333333,1.057666667,1.112333333,1.16
SGRP_mTORinhibitsSCREEN_SET2_lowTORIN_JEMBL_100117.xls,yML558-1 uM Torin 1,63.80452161,1.606285737,67.21379392,1.587275006,yML 558,FL100,1 uM Torin 1,FL100*1 uM Torin 1,0,0.025666667,0.029333333,0.038,0.048333333,0.065,0.084666667,0.12,0.163333333,0.224666667,0.299,0.390666667,0.489333333,0.607333333,0.729,0.857333333,0.962333333,1.035666667,1.097666667,1.160666667,1.223,1.283666667,1.311333333,1.342333333,1.368333333,1.399333333,1.426333333,1.452666667,1.479666667,1.508666667,1.529666667,1.552333333,1.571666667,1.591333333,1.611666667,1.631666667,1.649,1.665666667,1.681666667,1.696666667,1.708333333
