experiment,Line-Treatment,DT inflection,StDev_inf,DT interval,StDev_int,Lab strain,Strain,Treatment,Strain*Treatment,Time_0,Time_0.5,Time_1,Time_1.5,Time_2,Time_2.5,Time_3,Time_3.5,Time_4,Time_4.5,Time_5,Time_5.5,Time_6,Time_6.5,Time_7,Time_7.5,Time_8,Time_8.5,Time_9,Time_9.5,Time_10,Time_10.5,Time_11,Time_11.5,Time_12,Time_12.5,Time_13,Time_13.5,Time_14,Time_14.5,Time_15,Time_15.5,Time_16,Time_16.5,Time_17,Time_17.5,Time_18,Time_18.5,Time_19,Time_19.5,Time_20
SGRP_mTORinhibitsSCREEN_SET3_round3_highRAPA_KG_091517_D.xls,YML669-20 ng/ml RAPA,108.2417172,8.753006922,183.5976019,16.72918764,yML 669,T21.4,20 ng/mL RAPA,T21.4*20 ng/mL RAPA,0,0.062666667,0.064,0.064,0.067666667,0.095,0.105,0.115666667,0.129333333,0.146666667,0.168,0.195,0.214666667,0.241,0.275666667,0.307666667,0.346666667,0.392666667,0.432666667,0.49,0.529,0.595666667,0.663,0.726666667,0.795666667,0.856,0.916666667,0.97,1.046666667,1.091,1.148,1.194333333,1.251666667,1.301,1.346333333,1.385666667,1.423333333,1.454,1.488666667,1.518666667,1.546333333
