experiment,Line-Treatment,DT inflection,StDev_inf,DT interval,StDev_int,Lab strain,Strain,Treatment,Strain*Treatment,Time_0,Time_0.5,Time_1,Time_1.5,Time_2,Time_2.5,Time_3,Time_3.5,Time_4,Time_4.5,Time_5,Time_5.5,Time_6,Time_6.5,Time_7,Time_7.5,Time_8,Time_8.5,Time_9,Time_9.5,Time_10,Time_10.5,Time_11,Time_11.5,Time_12,Time_12.5,Time_13,Time_13.5,Time_14,Time_14.5,Time_15,Time_15.5,Time_16,Time_16.5,Time_17,Time_17.5,Time_18,Time_18.5,Time_19,Time_19.5,Time_20
SGRP_mTORinhibits_SET3_highTORIN_MGK_101617_F.xls,YML 618-25 uM Torin 1,126.7096035,6.357559376,126.525564,8.703280976,yML 618,NCYC361,25 uM Torin 1,NCYC361*25 uM Torin 1,0,0.019,0.020333333,0.022,0.022666667,0.023666667,0.024,0.024333333,0.025,0.025666667,0.026333333,0.026666667,0.027333333,0.027666667,0.028666667,0.028333333,0.029666667,0.028333333,0.028666667,0.029666667,0.030666667,0.031,0.031666667,0.032666667,0.034666667,0.035666667,0.037,0.038,0.040666667,0.041333333,0.042666667,0.046,0.046666667,0.049333333,0.052333333,0.057666667,0.062333333,0.067,0.075,0.083666667,0.092666667
