experiment,Line-Treatment,DT inflection,StDev_inf,DT interval,StDev_int,Lab strain,Strain,Treatment,Strain*Treatment,Time_0,Time_0.5,Time_1,Time_1.5,Time_2,Time_2.5,Time_3,Time_3.5,Time_4,Time_4.5,Time_5,Time_5.5,Time_6,Time_6.5,Time_7,Time_7.5,Time_8,Time_8.5,Time_9,Time_9.5,Time_10,Time_10.5,Time_11,Time_11.5,Time_12,Time_12.5,Time_13,Time_13.5,Time_14,Time_14.5,Time_15,Time_15.5,Time_16,Time_16.5,Time_17,Time_17.5,Time_18,Time_18.5,Time_19,Time_19.5,Time_20
SET2AZDredo+highTORINMBL_07302017.xls,yML557-100 uM AZD8055,58.83263682,9.823576961,77.30075395,4.081225192,yML 557,T7,100 uM AZD8055,T7*100 uM AZD8055,0,0.071,0.075666667,0.081,0.08,0.127,0.173666667,0.232666667,0.296,0.389,0.518666667,0.653333333,0.8,0.949333333,1.088333333,1.201666667,1.274666667,1.309,1.338,1.372333333,1.406,1.437,1.471333333,1.505333333,1.532333333,1.553666667,1.579333333,1.597666667,1.616333333,1.634,1.652,1.666666667,1.68,1.695333333,1.707,1.719333333,1.730333333,1.743666667,1.750333333,1.761,1.768666667
