experiment,Line-Treatment,DT inflection,StDev_inf,DT interval,StDev_int,Lab strain,Strain,Treatment,Strain*Treatment,Time_0,Time_0.5,Time_1,Time_1.5,Time_2,Time_2.5,Time_3,Time_3.5,Time_4,Time_4.5,Time_5,Time_5.5,Time_6,Time_6.5,Time_7,Time_7.5,Time_8,Time_8.5,Time_9,Time_9.5,Time_10,Time_10.5,Time_11,Time_11.5,Time_12,Time_12.5,Time_13,Time_13.5,Time_14,Time_14.5,Time_15,Time_15.5,Time_16,Time_16.5,Time_17,Time_17.5,Time_18,Time_18.5,Time_19,Time_19.5,Time_20
SGRP_mTORinhibitsSCREEN_SET3_CAFFEINE AND lowTORIN_JEMBL_1201201,yML678-1000 ug/ml Caffeine,113.0307631,2.371771264,168.5032648,5.585937076,yML 678,N-43,1 mg/mL Caffeine,N-43*1 mg/mL Caffeine,0,0.042,0.041666667,0.033333333,0.022666667,0.017333333,0.013666667,0.012666667,0.011,0.010666667,0.114666667,0.13,0.146666667,0.174333333,0.206333333,0.232666667,0.263666667,0.301666667,0.342333333,0.380666667,0.430333333,0.478333333,0.517666667,0.584333333,0.632333333,0.705333333,0.768,0.835,0.902333333,0.961,1.020333333,1.056333333,1.079333333,1.09,1.095,1.119666667,1.137666667,1.158666667,1.171666667,1.198666667,1.212333333
