experiment,Line-Treatment,DT inflection,StDev_inf,DT interval,StDev_int,Lab strain,Strain,Treatment,Strain*Treatment,Time_0,Time_0.5,Time_1,Time_1.5,Time_2,Time_2.5,Time_3,Time_3.5,Time_4,Time_4.5,Time_5,Time_5.5,Time_6,Time_6.5,Time_7,Time_7.5,Time_8,Time_8.5,Time_9,Time_9.5,Time_10,Time_10.5,Time_11,Time_11.5,Time_12,Time_12.5,Time_13,Time_13.5,Time_14,Time_14.5,Time_15,Time_15.5,Time_16,Time_16.5,Time_17,Time_17.5,Time_18,Time_18.5,Time_19,Time_19.5,Time_20
SGRP_mTORinhibitsSCREEN_SET4_Caff_MGK_10252017_D.xls,YML 687-1000 ug/ml Caffeine,84.02718864,7.485101683,110.3256127,5.416566517,yML 687,Y9.6,1 mg/mL Caffeine,Y9.6*1 mg/mL Caffeine,0,0.054,0.058333333,0.063,0.07,0.089666667,0.108666667,0.129333333,0.159666667,0.184666667,0.229666667,0.264333333,0.331333333,0.406333333,0.480333333,0.587333333,0.693666667,0.813,0.929,1.045,1.145666667,1.172333333,1.185,1.208333333,1.231666667,1.267,1.295,1.326,1.352,1.385333333,1.407,1.435666667,1.456333333,1.479,1.496,1.517,1.535333333,1.551,1.568,1.583,1.602
SGRP_mTORinhibitsSCREEN_SET4_Caffeine_MGK_09202017.xls,YML 687-1000 ug/ml Caffeine,82.96766812,8.074074197,119.7292907,5.454640778,yML 687,Y9.6,1 mg/mL Caffeine,Y9.6*1 mg/mL Caffeine,0,0.051333333,0.047666667,0.048666667,0.051333333,0.050666667,0.047,0.045333333,0.068333333,0.078333333,0.086333333,0.110333333,0.133666667,0.168666667,0.195333333,0.243,0.284,0.337333333,0.428666667,0.522,0.641666667,0.745666667,0.863,0.981666667,1.096666667,1.183,1.229666667,1.243333333,1.271333333,1.299333333,1.334,1.365,1.393333333,1.420333333,1.447333333,1.473333333,1.490666667,1.518,1.537333333,1.555666667,1.577666667
