experiment,Line-Treatment,DT inflection,StDev_inf,DT interval,StDev_int,Lab strain,Strain,Treatment,Strain*Treatment,Time_0,Time_0.5,Time_1,Time_1.5,Time_2,Time_2.5,Time_3,Time_3.5,Time_4,Time_4.5,Time_5,Time_5.5,Time_6,Time_6.5,Time_7,Time_7.5,Time_8,Time_8.5,Time_9,Time_9.5,Time_10,Time_10.5,Time_11,Time_11.5,Time_12,Time_12.5,Time_13,Time_13.5,Time_14,Time_14.5,Time_15,Time_15.5,Time_16,Time_16.5,Time_17,Time_17.5,Time_18,Time_18.5,Time_19,Time_19.5,Time_20
RB_RUN1_F_SGRPmTORscreen_KGA_11082018.xls,NCYC3456-1%DMSO,61.24291588,33.1161791,81.40866445,50.19077147,NCYC 3456,378604 X,1% DMSO,378604 X*1% DMSO,0,0.167333333,0.183,0.206,0.241333333,0.29,0.430666667,0.54,0.668333333,0.811333333,0.936333333,1.071,1.144333333,1.176666667,1.199666667,1.220666667,1.245333333,1.27,1.298666667,1.322666667,1.359666667,1.378333333,1.405666667,1.425333333,1.440333333,1.457,1.477333333,1.495,1.510333333,1.528666667,1.557,1.555333333,1.568333333,1.574666667,1.587,1.6,1.607333333,1.619666667,1.622666667,1.629666667,1.681333333
