experiment,Line-Treatment,DT inflection,StDev_inf,DT interval,StDev_int,Lab strain,Strain,Treatment,Strain*Treatment,Time_0,Time_0.5,Time_1,Time_1.5,Time_2,Time_2.5,Time_3,Time_3.5,Time_4,Time_4.5,Time_5,Time_5.5,Time_6,Time_6.5,Time_7,Time_7.5,Time_8,Time_8.5,Time_9,Time_9.5,Time_10,Time_10.5,Time_11,Time_11.5,Time_12,Time_12.5,Time_13,Time_13.5,Time_14,Time_14.5,Time_15,Time_15.5,Time_16,Time_16.5,Time_17,Time_17.5,Time_18,Time_18.5,Time_19,Time_19.5,Time_20
SGRP_mTOR_inhibitsSCREEN_SET1_highTORIN_KGPUMBL_052817.xls,NCYC 3265-25uM Torin 1,104.0484943,1.674276483,345.7893098,318.1198704,NCYC 3265,SK1,25 uM Torin 1,SK1*25 uM Torin 1,0,0.023666667,0.023333333,0.023333333,0.023,0.026,0.023666667,0.024,0.026333333,0.025333333,0.026,0.027333333,0.028666667,0.030666667,0.032333333,0.035,0.039333333,0.043666667,0.048333333,0.052666667,0.059666667,0.067666667,0.079333333,0.090666667,0.108333333,0.129666667,0.156333333,0.190666667,0.228333333,0.273666667,0.328666667,0.39,0.454,0.497333333,0.525,0.551,0.559333333,0.579,0.594,0.617,0.635
