experiment,Line-Treatment,DT inflection,StDev_inf,DT interval,StDev_int,Lab strain,Strain,Treatment,Strain*Treatment,Time_0,Time_0.5,Time_1,Time_1.5,Time_2,Time_2.5,Time_3,Time_3.5,Time_4,Time_4.5,Time_5,Time_5.5,Time_6,Time_6.5,Time_7,Time_7.5,Time_8,Time_8.5,Time_9,Time_9.5,Time_10,Time_10.5,Time_11,Time_11.5,Time_12,Time_12.5,Time_13,Time_13.5,Time_14,Time_14.5,Time_15,Time_15.5,Time_16,Time_16.5,Time_17,Time_17.5,Time_18,Time_18.5,Time_19,Time_19.5,Time_20
SET2AZDredo+highTORINMBL_07302017.xls,yML564-100 uM AZD8055,69.09412751,2.591826431,72.78771306,0.340564729,yML 564,CLIB382,100 uM AZD8055,CLIB382*100 uM AZD8055,0,0.053,0.057666667,0.066,0.073666667,0.092333333,0.12,0.146666667,0.194,0.259,0.344666667,0.459333333,0.573666667,0.712333333,0.859666667,1.006,1.129,1.193333333,1.219,1.255333333,1.291333333,1.325333333,1.363333333,1.397,1.431333333,1.461666667,1.493,1.514333333,1.538,1.559666667,1.584666667,1.600333333,1.614666667,1.633666667,1.648333333,1.659666667,1.673,1.690333333,1.697,1.712,1.715333333
