experiment,Line-Treatment,DT inflection,StDev_inf,DT interval,StDev_int,Lab strain,Strain,Treatment,Strain*Treatment,Time_0,Time_0.5,Time_1,Time_1.5,Time_2,Time_2.5,Time_3,Time_3.5,Time_4,Time_4.5,Time_5,Time_5.5,Time_6,Time_6.5,Time_7,Time_7.5,Time_8,Time_8.5,Time_9,Time_9.5,Time_10,Time_10.5,Time_11,Time_11.5,Time_12,Time_12.5,Time_13,Time_13.5,Time_14,Time_14.5,Time_15,Time_15.5,Time_16,Time_16.5,Time_17,Time_17.5,Time_18,Time_18.5,Time_19,Time_19.5,Time_20
SGRP_mTORinhibitsSCREEN_SET1_CAFF_MGK_11012017_F.xls,NCYC 3284-1000 ug/ml Caffeine,70.36543489,4.651225639,74.30584894,4.695960969,NCYC 3284,YPS128,1 mg/mL Caffeine,YPS128*1 mg/mL Caffeine,0,0.018333333,0.038666667,0.028666667,0.009,0.041666667,0.044333333,0.059666667,0.098666667,0.132,0.180666667,0.235666667,0.311,0.395,0.478666667,0.578666667,0.671,0.759,0.836,0.873666667,0.895333333,0.919333333,0.944,0.971666667,1.002,1.040666667,1.079,1.122333333,1.17,1.224333333,1.279333333,1.333666667,1.387333333,1.442,1.482,1.512333333,1.529333333,1.546,1.562,1.579,1.597
SGRP_mTORinhibitsSCREEN_SET1_CAFFEINE AND lowTORIN_MGK_12022017_,NCYC 3284-1000 ug/ml Caffeine,98.91509366,2.085014274,114.5955316,1.147634123,NCYC 3284,YPS128,1 mg/mL Caffeine,YPS128*1 mg/mL Caffeine,0,0.068,0.080666667,0.096666667,0.111,0.133333333,0.156,0.191,0.226333333,0.279333333,0.333333333,0.397,0.474,0.553666667,0.650333333,0.766333333,0.873666667,0.970666667,1.07,1.125666667,1.138,1.153666667,1.174666667,1.203666667,1.234666667,1.262333333,1.291,1.319666667,1.348333333,1.376333333,1.404666667,1.429666667,1.451,1.473333333,1.495666667,1.514333333,1.532,1.55,1.567,1.578333333,1.592333333
