experiment,Line-Treatment,DT inflection,StDev_inf,DT interval,StDev_int,Lab strain,Strain,Treatment,Strain*Treatment,Time_0,Time_0.5,Time_1,Time_1.5,Time_2,Time_2.5,Time_3,Time_3.5,Time_4,Time_4.5,Time_5,Time_5.5,Time_6,Time_6.5,Time_7,Time_7.5,Time_8,Time_8.5,Time_9,Time_9.5,Time_10,Time_10.5,Time_11,Time_11.5,Time_12,Time_12.5,Time_13,Time_13.5,Time_14,Time_14.5,Time_15,Time_15.5,Time_16,Time_16.5,Time_17,Time_17.5,Time_18,Time_18.5,Time_19,Time_19.5,Time_20
SGRP_mTORinhibitsSCREEN_SET1_LOWRAPA_highRAPA_lowTORIN_MGK_12022,NCYC 3266-20 ng/ml RAPA,153.6755589,6.650830032,178.8656121,0.920292195,NCYC 3266,Y55,20 ng/mL RAPA,Y55*20 ng/mL RAPA,0,0.056,0.065666667,0.076333333,0.088333333,0.100666667,0.115333333,0.130666667,0.147666667,0.166666667,0.189333333,0.215333333,0.243,0.275333333,0.311,0.347,0.386666667,0.429666667,0.475,0.523666667,0.577333333,0.635,0.692,0.750666667,0.812,0.872666667,0.932333333,0.990666667,1.049333333,1.105666667,1.161333333,1.213333333,1.261666667,1.305,1.324,1.336666667,1.350666667,1.368666667,1.384666667,1.406,1.425666667
SGRP_mTORinhibitsSCREEN_SET1_LOWRAPA_highRAPA_lowTORIN_MGK_12022,NCYC 3266-20 ng/ml RAPA,154.1885637,3.279330703,180.3802268,1.232731628,NCYC 3266,Y55,20 ng/mL RAPA,Y55*20 ng/mL RAPA,0,0.045,0.051666667,0.060666667,0.071,0.078,0.092333333,0.102,0.116,0.131666667,0.149333333,0.170333333,0.193333333,0.219666667,0.248666667,0.279666667,0.312666667,0.350333333,0.392333333,0.435,0.476,0.522333333,0.577,0.633,0.690333333,0.749333333,0.807333333,0.866666667,0.926666667,0.986,1.041333333,1.096666667,1.149,1.2,1.248333333,1.293,1.317666667,1.329666667,1.342,1.356666667,1.372666667
