experiment,Line-Treatment,DT inflection,StDev_inf,DT interval,StDev_int,Lab strain,Strain,Treatment,Strain*Treatment,Time_0,Time_0.5,Time_1,Time_1.5,Time_2,Time_2.5,Time_3,Time_3.5,Time_4,Time_4.5,Time_5,Time_5.5,Time_6,Time_6.5,Time_7,Time_7.5,Time_8,Time_8.5,Time_9,Time_9.5,Time_10,Time_10.5,Time_11,Time_11.5,Time_12,Time_12.5,Time_13,Time_13.5,Time_14,Time_14.5,Time_15,Time_15.5,Time_16,Time_16.5,Time_17,Time_17.5,Time_18,Time_18.5,Time_19,Time_19.5,Time_20
SGRP_mTORinhibits_SET3_CAFFEINE_MGK_100817_F.xls,YML673-1000 ug/ml Caffeine,92.24394249,7.295423505,158.1203538,61.21591386,yML 673,Y7,1 mg/mL Caffeine,Y7*1 mg/mL Caffeine,0,0.061,0.055,0.051,0.057666667,0.054666667,0.049,0.052666667,0.071,0.202666667,0.296666667,0.344666667,0.412666667,0.494,0.596333333,0.724666667,0.816333333,0.951,1.057333333,1.173333333,1.242,1.258,1.275333333,1.29,1.323666667,1.357,1.383333333,1.424,1.442,1.469,1.496,1.519666667,1.540333333,1.566,1.582666667,1.603,1.616,1.633333333,1.648666667,1.667333333,1.675666667
SGRP_mTORinhibitsSCREEN_SET3_CAFFEINE_MGK_10082017_D.xls,YML673-1000 ug/ml Caffeine,85.45606621,3.778059153,110.8450398,11.15743218,yML 673,Y7,1 mg/mL Caffeine,Y7*1 mg/mL Caffeine,0,0.05,0.053333333,0.057,0.059666667,0.089666667,0.105666667,0.128666667,0.158666667,0.184,0.232666667,0.292666667,0.349,0.414666667,0.513666667,0.612,0.721,0.837333333,0.963666667,1.076666667,1.167,1.205,1.218,1.239333333,1.267666667,1.300333333,1.330666667,1.365666667,1.396333333,1.424333333,1.456,1.478333333,1.501,1.526333333,1.541666667,1.566666667,1.587333333,1.608,1.623333333,1.638666667,1.656666667
SGRP_mTORinhibitsSCREEN_SET3_Caffeine_NBMBL_07112017.xls,YML673-1000 ug/ml Caffeine,82.29572237,4.18741826,80.63962447,14.28090363,yML 673,Y7,1 mg/mL Caffeine,Y7*1 mg/mL Caffeine,0,0.056,0.056666667,0.052,0.045,0.030333333,0.062,0.085666667,0.193,0.260666667,0.335333333,0.420666667,0.536666667,0.657,0.775666667,0.901,1.023666667,1.138333333,1.228,1.250666667,1.274666667,1.305333333,1.335,1.369666667,1.406666667,1.421,1.467,1.492,1.516666667,1.540666667,1.561333333,1.582333333,1.6,1.619,1.633,1.648333333,1.663333333,1.676,1.689666667,1.701666667,1.712333333
