experiment,Line-Treatment,DT inflection,StDev_inf,DT interval,StDev_int,Lab strain,Strain,Treatment,Strain*Treatment,Time_0,Time_0.5,Time_1,Time_1.5,Time_2,Time_2.5,Time_3,Time_3.5,Time_4,Time_4.5,Time_5,Time_5.5,Time_6,Time_6.5,Time_7,Time_7.5,Time_8,Time_8.5,Time_9,Time_9.5,Time_10,Time_10.5,Time_11,Time_11.5,Time_12,Time_12.5,Time_13,Time_13.5,Time_14,Time_14.5,Time_15,Time_15.5,Time_16,Time_16.5,Time_17,Time_17.5,Time_18,Time_18.5,Time_19,Time_19.5,Time_20
SGRP_mTORinhibitsSCREEN_SET4_lowRAPA_MGK_10242017_D.xls,YML 687-2.5 ng/ml RAPA,73.5867163,5.701069233,89.06481283,4.293586591,yML 687,Y9.6,2.5 ng/mL RAPA,Y9.6*2.5 ng/mL RAPA,0,0.063,0.071,0.077,0.086333333,0.097666667,0.123666667,0.147,0.188,0.233333333,0.294,0.383333333,0.482333333,0.597666667,0.731,0.860666667,0.98,1.091666667,1.207,1.292333333,1.310666667,1.342333333,1.369,1.402666667,1.440333333,1.468666667,1.493333333,1.518,1.544666667,1.562333333,1.583,1.592333333,1.615,1.625333333,,,,,,,
SGRP_mTORinhibitsSCREEN_SET4_lowrapa_JEMBL_10262017_F.xls,YML 687-2.5 ng/ml RAPA,73.93685557,5.49099979,93.27636785,6.682450582,yML 687,Y9.6,2.5 ng/mL RAPA,Y9.6*2.5 ng/mL RAPA,0,0.051666667,0.054333333,0.058333333,0.076,0.098,0.138666667,0.167666667,0.217333333,0.268666667,0.337333333,0.435,0.540333333,0.662,0.776333333,0.892666667,1.007333333,1.12,1.196666667,1.275666667,1.306666667,1.331,1.366666667,1.393666667,1.423,1.453,1.481,1.504666667,1.527333333,1.547333333,1.569,1.584,1.605333333,,,,,,,,
