experiment,Line-Treatment,DT inflection,StDev_inf,DT interval,StDev_int,Lab strain,Strain,Treatment,Strain*Treatment,Time_0,Time_0.5,Time_1,Time_1.5,Time_2,Time_2.5,Time_3,Time_3.5,Time_4,Time_4.5,Time_5,Time_5.5,Time_6,Time_6.5,Time_7,Time_7.5,Time_8,Time_8.5,Time_9,Time_9.5,Time_10,Time_10.5,Time_11,Time_11.5,Time_12,Time_12.5,Time_13,Time_13.5,Time_14,Time_14.5,Time_15,Time_15.5,Time_16,Time_16.5,Time_17,Time_17.5,Time_18,Time_18.5,Time_19,Time_19.5,Time_20
SET1GDC_ARMBL_080217.xls,NCYC 3314-100 uM GDC0941,64.33457603,1.185771966,66.71636438,0.471164062,NCYC 3314,BC187,100 uM GDC0941,BC187*100 uM GDC0941,0,0.014666667,0.017,0.020333333,0.027,0.033,0.044666667,0.059666667,0.078333333,0.103666667,0.140666667,0.193,0.265333333,0.356,0.471,0.596,0.740666667,0.892666667,1.03,1.123333333,1.165,1.181,1.202,1.230333333,1.261333333,1.296,1.325666667,1.36,1.389,1.415666667,1.450333333,1.471,1.499,1.519666667,1.541333333,1.560666667,1.578666667,1.597,1.617,1.632666667,1.647333333
SGRP_mTOR_inhibitsSCREEN_SET1_GDC_redo_JE_092617.xls,NCYC 3314-100 uM GDC0941,70.39526098,1.278023049,74.61374215,0.57558522,NCYC 3314,BC187,100 uM GDC0941,BC187*100 uM GDC0941,0,0.073666667,0.083333333,0.096333333,0.119666667,0.150333333,0.199333333,0.261333333,0.349333333,0.459666667,0.587666667,0.736,0.890666667,1.035666667,1.155666667,1.219666667,1.236,1.255333333,1.277666667,1.307666667,1.336,1.363666667,1.392,1.421666667,1.445333333,1.471,1.498,1.518333333,1.542333333,1.562,1.583666667,1.600333333,1.618,1.633666667,1.651,1.664,1.677,1.691,1.703333333,1.713666667,1.727666667
