experiment,Line-Treatment,DT inflection,StDev_inf,DT interval,StDev_int,Lab strain,Strain,Treatment,Strain*Treatment,Time_0,Time_0.5,Time_1,Time_1.5,Time_2,Time_2.5,Time_3,Time_3.5,Time_4,Time_4.5,Time_5,Time_5.5,Time_6,Time_6.5,Time_7,Time_7.5,Time_8,Time_8.5,Time_9,Time_9.5,Time_10,Time_10.5,Time_11,Time_11.5,Time_12,Time_12.5,Time_13,Time_13.5,Time_14,Time_14.5,Time_15,Time_15.5,Time_16,Time_16.5,Time_17,Time_17.5,Time_18,Time_18.5,Time_19,Time_19.5,Time_20
SGRP_mTOR_inhibitsSCREEN_SET1_highTORIN_KGPUMBL_052817.xls,NCYC 3454-25uM Torin 1,78.93950347,1.204863028,86.01451539,0.085060454,NCYC 3454,YS9,25 uM Torin 1,YS9*25 uM Torin 1,0,0.057,0.059333333,0.061333333,0.065,0.066,0.067666667,0.069,0.072,0.074666667,0.079666667,0.083666667,0.087666667,0.093,0.102,0.114666667,0.135333333,0.165666667,0.204,0.258,0.332666667,0.431666667,0.548666667,0.685666667,0.829666667,0.968666667,1.071666667,1.140333333,1.172333333,1.203,1.232333333,1.263333333,1.298333333,1.336,1.373333333,1.405,1.434666667,1.459666667,1.482333333,1.507,1.528666667
