experiment,Line-Treatment,DT inflection,StDev_inf,DT interval,StDev_int,Lab strain,Strain,Treatment,Strain*Treatment,Time_0,Time_0.5,Time_1,Time_1.5,Time_2,Time_2.5,Time_3,Time_3.5,Time_4,Time_4.5,Time_5,Time_5.5,Time_6,Time_6.5,Time_7,Time_7.5,Time_8,Time_8.5,Time_9,Time_9.5,Time_10,Time_10.5,Time_11,Time_11.5,Time_12,Time_12.5,Time_13,Time_13.5,Time_14,Time_14.5,Time_15,Time_15.5,Time_16,Time_16.5,Time_17,Time_17.5,Time_18,Time_18.5,Time_19,Time_19.5,Time_20
SGRP_mTORinhibitsSCREEN_SET3_LOWRAPA_JEMBL_12012017_F,yML 675-1% DMSO,73.2733069,9.731118043,84.96708816,3.54157955,yML 675,Z1.1,1% DMSO,Z1.1*1% DMSO,0,0.019333333,0.021,0.021333333,0.019333333,0.028333333,0.215,0.279666667,0.359333333,0.460333333,0.572,0.705333333,0.850333333,0.983333333,1.105666667,1.211,1.250333333,1.274,1.302333333,1.328333333,1.361,1.404,1.429,1.453666667,1.477,1.498666667,1.523333333,1.539333333,1.558333333,1.573666667,1.59,1.603666667,1.619,1.632333333,1.648,1.655,1.664666667,1.678,1.686333333,1.694,1.702
