experiment,Line-Treatment,DT inflection,StDev_inf,DT interval,StDev_int,Lab strain,Strain,Treatment,Strain*Treatment,Time_0,Time_0.5,Time_1,Time_1.5,Time_2,Time_2.5,Time_3,Time_3.5,Time_4,Time_4.5,Time_5,Time_5.5,Time_6,Time_6.5,Time_7,Time_7.5,Time_8,Time_8.5,Time_9,Time_9.5,Time_10,Time_10.5,Time_11,Time_11.5,Time_12,Time_12.5,Time_13,Time_13.5,Time_14,Time_14.5,Time_15,Time_15.5,Time_16,Time_16.5,Time_17,Time_17.5,Time_18,Time_18.5,Time_19,Time_19.5,Time_20
SGRP_mTOR_inhibitsSCREEN_SET2_HighRAPA+LowTorin_Repeat_JEMBL_073,NCYC 3466-1% DMSO,76.0561798,0.703191457,77.19504054,1.216997728,NCYC 3466,S288c ,1% DMSO,S288c *1% DMSO,0,0.041333333,0.051,0.064,0.081,0.103,0.137,0.181,0.237666667,0.310666667,0.400333333,0.507333333,0.627333333,0.752,0.880333333,1.010333333,1.136333333,1.194666667,1.208333333,1.225,1.235666667,1.252333333,1.272666667,1.298,1.320666667,1.346333333,1.372,1.400333333,1.424,1.452,1.477,1.502666667,1.526,1.550666667,1.571,1.594666667,1.612666667,1.632666667,1.652333333,1.674333333,1.696333333
SGRP_mTORinhibitsSCREEN_SET2_LOWRAPA_highTORIN_MGK_12032017_F,NCYC 3466-1% DMSO,70.57460512,4.536258912,76.58004615,1.452906638,NCYC 3466,S288c ,1% DMSO,S288c *1% DMSO,0,0.037,0.038666667,0.045333333,0.056666667,0.071,0.096,0.126,0.169,0.227,0.297,0.383,0.485,0.598666667,0.722666667,0.847333333,0.976333333,1.097,1.187333333,1.206666667,1.221333333,1.234666667,1.251,1.271666667,1.295,1.318666667,1.345666667,1.370666667,1.395666667,1.420666667,1.444666667,1.468333333,1.491333333,1.513,1.536,1.556333333,1.575,1.592333333,1.608666667,1.627666667,1.641666667
