experiment,Line-Treatment,DT inflection,StDev_inf,DT interval,StDev_int,Lab strain,Strain,Treatment,Strain*Treatment,Time_0,Time_0.5,Time_1,Time_1.5,Time_2,Time_2.5,Time_3,Time_3.5,Time_4,Time_4.5,Time_5,Time_5.5,Time_6,Time_6.5,Time_7,Time_7.5,Time_8,Time_8.5,Time_9,Time_9.5,Time_10,Time_10.5,Time_11,Time_11.5,Time_12,Time_12.5,Time_13,Time_13.5,Time_14,Time_14.5,Time_15,Time_15.5,Time_16,Time_16.5,Time_17,Time_17.5,Time_18,Time_18.5,Time_19,Time_19.5,Time_20
SGRP_mTORinhibitsSCREEN_SET2_lowTORIN_JEMBL_100117.xls,yML566-1 uM Torin 1,54.86433055,1.770758345,64.08655193,0.931437809,yML 570,FM677,1 uM Torin 1,FM677*1 uM Torin 1,0,0.043,0.046333333,0.055333333,0.062333333,0.077333333,0.094,0.133333333,0.19,0.277666667,0.368666667,0.486666667,0.603333333,0.738,0.876,1.017666667,1.151,1.286666667,1.399333333,1.427,1.443333333,1.465333333,1.487333333,1.512333333,1.53,1.549333333,1.563333333,1.576,1.585333333,1.594333333,1.605333333,1.613333333,1.62,1.624666667,1.635,1.64,1.647666667,1.656666667,1.664333333,1.674333333,1.681666667
