experiment,Line-Treatment,DT inflection,StDev_inf,DT interval,StDev_int,Lab strain,Strain,Treatment,Strain*Treatment,Time_0,Time_0.5,Time_1,Time_1.5,Time_2,Time_2.5,Time_3,Time_3.5,Time_4,Time_4.5,Time_5,Time_5.5,Time_6,Time_6.5,Time_7,Time_7.5,Time_8,Time_8.5,Time_9,Time_9.5,Time_10,Time_10.5,Time_11,Time_11.5,Time_12,Time_12.5,Time_13,Time_13.5,Time_14,Time_14.5,Time_15,Time_15.5,Time_16,Time_16.5,Time_17,Time_17.5,Time_18,Time_18.5,Time_19,Time_19.5,Time_20
SGRP_mTORinhibits_SET3_CAFFEINE_MGK_100817_F.xls,YML672-1000 ug/ml Caffeine,79.25360298,16.12898981,101.6117715,35.236547,yML 672,S36.7,1 mg/mL Caffeine,S36.7*1 mg/mL Caffeine,0,0.047666667,0.041666667,0.037666667,0.042666667,0.041666667,0.046666667,0.045,0.063,0.181666667,0.239666667,0.262666667,0.316,0.379666667,0.451,0.566333333,0.648666667,0.761,0.877333333,0.976333333,1.082333333,1.138333333,1.183333333,1.221,1.258666667,1.284,1.302666667,1.339666667,1.361,1.389,1.414333333,1.441666667,1.464666667,1.490666667,1.51,1.531666667,1.550666667,1.564,1.583666667,1.602666667,1.613666667
SGRP_mTORinhibitsSCREEN_SET3_CAFFEINE_MGK_10082017_D.xls,YML672-1000 ug/ml Caffeine,88.62587385,5.584343685,105.7947049,3.32973956,yML 672,S36.7,1 mg/mL Caffeine,S36.7*1 mg/mL Caffeine,0,0.046333333,0.048,0.050666667,0.055333333,0.078,0.096666667,0.115,0.142,0.171,0.216333333,0.260333333,0.314666667,0.38,0.456,0.560333333,0.664,0.777,0.911333333,1.019,1.119333333,1.188666667,1.196666667,1.216666667,1.241666667,1.273333333,1.301666667,1.332,1.363,1.388,1.416,1.440666667,1.467,1.493,1.509666667,1.530333333,1.555666667,1.576666667,1.590666667,1.606,1.621666667
SGRP_mTORinhibitsSCREEN_SET3_Caffeine_NBMBL_07112017.xls,YML672-1000 ug/ml Caffeine,62.77223583,26.16751286,53.52774804,17.78012625,yML 672,S36.7,1 mg/mL Caffeine,S36.7*1 mg/mL Caffeine,0,0.045666667,0.053333333,0.048333333,0.041666667,0.033666667,0.038,0.041333333,0.085333333,0.205333333,0.264333333,0.378,0.475,0.591333333,0.703333333,0.82,0.940666667,1.060333333,1.158333333,1.225666667,1.262,1.285333333,1.306666667,1.335333333,1.370666667,1.399,1.426333333,1.453666667,1.48,1.506,1.527,1.546666667,1.565666667,1.583333333,1.597333333,1.613333333,1.628,1.642,1.653666667,1.667666667,1.68
