experiment,Line-Treatment,DT inflection,StDev_inf,DT interval,StDev_int,Lab strain,Strain,Treatment,Strain*Treatment,Time_0,Time_0.5,Time_1,Time_1.5,Time_2,Time_2.5,Time_3,Time_3.5,Time_4,Time_4.5,Time_5,Time_5.5,Time_6,Time_6.5,Time_7,Time_7.5,Time_8,Time_8.5,Time_9,Time_9.5,Time_10,Time_10.5,Time_11,Time_11.5,Time_12,Time_12.5,Time_13,Time_13.5,Time_14,Time_14.5,Time_15,Time_15.5,Time_16,Time_16.5,Time_17,Time_17.5,Time_18,Time_18.5,Time_19,Time_19.5,Time_20
SGRP_mTORinhibsSCREEN_SET1_lowRAPA_KGPUMBL_05062017.xls,NCYC 3315-2.5ng/ml RAPA,48.24517832,31.90497224,71.64492283,3.081590831,NCYC 3315,YPS606,2.5 ng/mL RAPA,YPS606*2.5 ng/mL RAPA,0,0.067,0.065666667,0.072,0.009,0.100666667,0.131,0.169,0.219,0.278333333,0.356,0.448666667,0.485,0.678333333,0.784333333,0.817333333,0.955666667,1.034333333,1.071,1.079333333,1.445333333,1.421666667,1.325,1.516,1.42,1.530666667,1.414666667,1.385,1.591,1.638666667,1.506666667,1.464666667,1.680666667,1.665666667,1.538,1.483,1.449333333,1.510666667,1.357666667,1.319333333,1.71
