experiment,Line-Treatment,DT inflection,StDev_inf,DT interval,StDev_int,Lab strain,Strain,Treatment,Strain*Treatment,Time_0,Time_0.5,Time_1,Time_1.5,Time_2,Time_2.5,Time_3,Time_3.5,Time_4,Time_4.5,Time_5,Time_5.5,Time_6,Time_6.5,Time_7,Time_7.5,Time_8,Time_8.5,Time_9,Time_9.5,Time_10,Time_10.5,Time_11,Time_11.5,Time_12,Time_12.5,Time_13,Time_13.5,Time_14,Time_14.5,Time_15,Time_15.5,Time_16,Time_16.5,Time_17,Time_17.5,Time_18,Time_18.5,Time_19,Time_19.5,Time_20
SGRP_mTORinhibitsSCREEN_SET1_CAFFEINE AND lowTORIN_MGK_12022017_,NCYC 3313-6.67% H2O,67.4628001,1.928417406,70.38202044,1.286931948,NCYC 3313,DBVPG 1853,6.67% H2O,DBVPG 1853*6.67% H2O,0,0.046,0.055333333,0.068333333,0.084333333,0.108,0.140333333,0.191,0.255666667,0.345,0.451333333,0.566333333,0.694333333,0.824,0.964333333,1.095666667,1.189333333,1.197666667,1.212666667,1.233,1.249333333,1.274333333,1.300666667,1.327333333,1.352666667,1.378333333,1.401666667,1.427333333,1.451666667,1.473,1.494333333,1.510666667,1.527666667,1.544333333,1.559,1.573333333,1.591666667,1.604333333,1.617666667,1.632666667,1.640333333
