experiment,Line-Treatment,DT inflection,StDev_inf,DT interval,StDev_int,Lab strain,Strain,Treatment,Strain*Treatment,Time_0,Time_0.5,Time_1,Time_1.5,Time_2,Time_2.5,Time_3,Time_3.5,Time_4,Time_4.5,Time_5,Time_5.5,Time_6,Time_6.5,Time_7,Time_7.5,Time_8,Time_8.5,Time_9,Time_9.5,Time_10,Time_10.5,Time_11,Time_11.5,Time_12,Time_12.5,Time_13,Time_13.5,Time_14,Time_14.5,Time_15,Time_15.5,Time_16,Time_16.5,Time_17,Time_17.5,Time_18,Time_18.5,Time_19,Time_19.5,Time_20
SGRP_mTORinhibitsSCREEN_SET1_AZD8055_KGPUARMBL_061817.xls,NCYC 3265-100uM AZD08055,78.82564946,2.083694323,82.14601641,3.738239781,NCYC 3265,SK1,100 uM AZD8055,SK1*100 uM AZD8055,0,0.046333333,0.051666667,0.061666667,0.074333333,0.093,0.119,0.154333333,0.199666667,0.259333333,0.332333333,0.418333333,0.526333333,0.644333333,0.728666667,0.774333333,0.795,0.815333333,0.834,0.854666667,0.871666667,0.891666667,0.910333333,0.929666667,0.95,0.969666667,0.988,1.006666667,1.024666667,1.040666667,1.055333333,1.073333333,1.087333333,1.103,1.115666667,1.131333333,1.144333333,1.157333333,1.171333333,1.182,1.195333333
