experiment,Line-Treatment,DT inflection,StDev_inf,DT interval,StDev_int,Lab strain,Strain,Treatment,Strain*Treatment,Time_0,Time_0.5,Time_1,Time_1.5,Time_2,Time_2.5,Time_3,Time_3.5,Time_4,Time_4.5,Time_5,Time_5.5,Time_6,Time_6.5,Time_7,Time_7.5,Time_8,Time_8.5,Time_9,Time_9.5,Time_10,Time_10.5,Time_11,Time_11.5,Time_12,Time_12.5,Time_13,Time_13.5,Time_14,Time_14.5,Time_15,Time_15.5,Time_16,Time_16.5,Time_17,Time_17.5,Time_18,Time_18.5,Time_19,Time_19.5,Time_20
SGRP_mTOR_inhibitsSCREEN_SET2_HighRAPA+LowTorin_Repeat_JEMBL_073,NCYC 3460-2.5% DMSO,47.90973675,6.099640349,48.75751102,3.657494742,NCYC 3460,Y9,2.5% DMSO,Y9*2.5% DMSO,0,0.045,0.049,0.050666667,0.054666667,0.06,0.071333333,0.095333333,0.131666667,0.222333333,0.322333333,0.455,0.591,0.737666667,0.868333333,0.995666667,1.105666667,1.204,1.148,1.045666667,0.776666667,0.763,0.630666667,0.671333333,0.655333333,0.646666667,0.693666667,0.723333333,0.725333333,0.722333333,0.705666667,0.721333333,0.722666667,0.73,0.737,0.749,0.76,0.788666667,0.807,0.842,0.853333333
SGRP_mTORinhibitsSCREEN_SET2_CAFFEINE AND lowTORIN_MGK_AR_120320,NCYC 3460-2.5% DMSO,38.34298593,4.334225147,32.07061497,3.729575857,NCYC 3460,Y9,2.5% DMSO,Y9*2.5% DMSO,0,0.015333333,0.018333333,0.018333333,0.019666667,0.019,0.025333333,0.101,0.115666667,0.221666667,0.375666667,0.600666667,0.63,0.642333333,0.734666667,0.733333333,0.826666667,0.831333333,0.79,0.708666667,0.607666667,0.458333333,0.499333333,0.421666667,0.370666667,0.375666667,0.388333333,0.421333333,0.46,0.487666667,0.552666667,0.595,0.637333333,0.701333333,0.751,0.808666667,0.856333333,0.905,0.943,0.982666667,0.999
