experiment,Line-Treatment,DT inflection,StDev_inf,DT interval,StDev_int,Lab strain,Strain,Treatment,Strain*Treatment,Time_0,Time_0.5,Time_1,Time_1.5,Time_2,Time_2.5,Time_3,Time_3.5,Time_4,Time_4.5,Time_5,Time_5.5,Time_6,Time_6.5,Time_7,Time_7.5,Time_8,Time_8.5,Time_9,Time_9.5,Time_10,Time_10.5,Time_11,Time_11.5,Time_12,Time_12.5,Time_13,Time_13.5,Time_14,Time_14.5,Time_15,Time_15.5,Time_16,Time_16.5,Time_17,Time_17.5,Time_18,Time_18.5,Time_19,Time_19.5,Time_20
SGRP_mTORinhibitsSCREEN_SET2_GDC_AR_062617.xls,NCYC 3469-100uM GDC0941,68.95684992,5.766853631,74.47950248,3.686610119,NCYC 3469,DBVPG 6040 ,100 uM GDC0941,DBVPG 6040 *100 uM GDC0941,0,0.043333333,0.045,0.064,0.077666667,0.093333333,0.116666667,0.149333333,0.202,0.262333333,0.350666667,0.459666667,0.580666667,0.720666667,0.875666667,1.011333333,1.149666667,1.221,1.245,1.261,1.295,1.326,1.346333333,1.392333333,1.412,1.442333333,1.474666667,1.491,1.510333333,1.542,1.554666667,1.575333333,1.591666667,1.602,1.62,1.63,1.646,1.665333333,1.681666667,1.687,1.693666667
