experiment,Line-Treatment,DT inflection,StDev_inf,DT interval,StDev_int,Lab strain,Strain,Treatment,Strain*Treatment,Time_0,Time_0.5,Time_1,Time_1.5,Time_2,Time_2.5,Time_3,Time_3.5,Time_4,Time_4.5,Time_5,Time_5.5,Time_6,Time_6.5,Time_7,Time_7.5,Time_8,Time_8.5,Time_9,Time_9.5,Time_10,Time_10.5,Time_11,Time_11.5,Time_12,Time_12.5,Time_13,Time_13.5,Time_14,Time_14.5,Time_15,Time_15.5,Time_16,Time_16.5,Time_17,Time_17.5,Time_18,Time_18.5,Time_19,Time_19.5,Time_20
SGRP_mTOR_inhibitsSCREEN_SET1_lowRAPA_redo2_KG_092317.xls,NCYC 3318-2.5 ng/ml RAPA,64.54952628,1.923551996,73.92475515,5.683753845,NCYC 3318,L-1374,2.5 ng/mL RAPA,L-1374*2.5 ng/mL RAPA,0,0.060333333,0.064333333,0.076666667,0.101,0.135333333,0.185333333,0.253666667,0.325,0.416666667,0.517666667,0.628333333,0.746666667,0.867333333,0.981333333,1.079,1.160333333,1.234,1.277333333,1.294666667,1.320333333,1.346333333,1.374666667,1.405333333,1.435,1.464333333,1.493666667,1.518333333,1.542,1.562666667,1.582666667,1.602,1.617666667,1.635,1.648666667,1.663,1.676,1.687666667,1.698666667,1.71,1.721
SGRP_mTORinhibitsSCREEN_SET1_lowRAPA_round4_KG_092417.xls,NCYC 3318-2.5 ng/ml RAPA,59.33881522,1.777540022,66.00614836,0.882027233,NCYC 3318,L-1374,2.5 ng/mL RAPA,L-1374*2.5 ng/mL RAPA,0,0.091666667,0.132,0.172333333,0.245,0.318666667,0.443666667,0.566,0.719333333,0.875333333,1.015666667,1.136333333,1.207666667,1.228333333,1.246,1.267333333,1.298,1.327,1.355333333,1.387333333,1.418333333,1.452333333,1.478,1.503333333,1.526333333,1.546666667,1.569,1.586666667,1.605666667,1.622,1.636333333,1.655666667,1.667333333,1.682666667,1.695,1.708,1.716666667,1.730333333,1.741666667,1.744,1.759
SGRP_mTORinhibsSCREEN_SET1_lowRAPA_JEMBL_08152017.xls,NCYC 3318-2.5 ng/ml RAPA,64.60371984,1.411529979,66.64655458,2.14576671,NCYC 3318,L-1374,2.5 ng/mL RAPA,L-1374*2.5 ng/mL RAPA,0,0.053,0.061,0.082333333,0.112666667,0.160333333,0.216,0.295666667,0.403666667,0.529,0.662333333,0.837666667,0.995333333,1.118,1.192666667,1.214666667,1.231666667,1.259666667,1.288666667,1.315333333,1.341666667,1.373,1.399666667,1.425,1.454333333,1.480333333,1.502,1.524666667,1.547,1.566,1.581333333,1.601666667,1.622333333,1.629333333,1.647666667,1.663,1.670333333,1.686666667,1.695333333,1.704333333,1.715333333
