experiment,Line-Treatment,DT inflection,StDev_inf,DT interval,StDev_int,Lab strain,Strain,Treatment,Strain*Treatment,Time_0,Time_0.5,Time_1,Time_1.5,Time_2,Time_2.5,Time_3,Time_3.5,Time_4,Time_4.5,Time_5,Time_5.5,Time_6,Time_6.5,Time_7,Time_7.5,Time_8,Time_8.5,Time_9,Time_9.5,Time_10,Time_10.5,Time_11,Time_11.5,Time_12,Time_12.5,Time_13,Time_13.5,Time_14,Time_14.5,Time_15,Time_15.5,Time_16,Time_16.5,Time_17,Time_17.5,Time_18,Time_18.5,Time_19,Time_19.5,Time_20
SGRP_mTORinhibits_SET3_highTORIN_MGK_101617_F.xls,YML673-25 uM Torin 1,92.1227983,2.888317293,97.80852794,6.180158346,yML 673,Y7,25 uM Torin 1,Y7*25 uM Torin 1,0,0.038666667,0.042333333,0.041,0.038,0.037666667,0.036666667,0.037,0.037666667,0.038333333,0.038333333,0.039,0.038666667,0.038666667,0.042333333,0.046,0.055666667,0.065666667,0.073,0.083666667,0.094666667,0.115666667,0.129333333,0.158333333,0.189666667,0.236,0.293,0.364666667,0.447666667,0.545,0.65,0.759666667,0.870333333,0.982333333,1.087333333,1.162,1.215333333,1.257,1.287,1.319,1.350333333
SGRP_mTORinhibitsSCREEN_SET3highTORIN_MGK_101617_D.xls,YML673-25 uM Torin 1,94.84315611,2.278908221,102.5835381,1.258294684,yML 673,Y7,25 uM Torin 1,Y7*25 uM Torin 1,0,0.05,0.054333333,0.054666667,0.05,0.049,0.048333333,0.049,0.049333333,0.050333333,0.051,0.051666667,0.053666667,0.061333333,0.067,0.067666667,0.080666667,0.089666667,0.106,0.128,0.152666667,0.185,0.229666667,0.28,0.339333333,0.420666667,0.517333333,0.619666667,0.720666667,0.836333333,0.940333333,1.051,1.139666667,1.200333333,1.227,1.250333333,1.288,1.318,1.351,1.385333333,1.415333333
