experiment,Line-Treatment,DT inflection,StDev_inf,DT interval,StDev_int,Lab strain,Strain,Treatment,Strain*Treatment,Time_0,Time_0.5,Time_1,Time_1.5,Time_2,Time_2.5,Time_3,Time_3.5,Time_4,Time_4.5,Time_5,Time_5.5,Time_6,Time_6.5,Time_7,Time_7.5,Time_8,Time_8.5,Time_9,Time_9.5,Time_10,Time_10.5,Time_11,Time_11.5,Time_12,Time_12.5,Time_13,Time_13.5,Time_14,Time_14.5,Time_15,Time_15.5,Time_16,Time_16.5,Time_17,Time_17.5,Time_18,Time_18.5,Time_19,Time_19.5,Time_20
SET2AZDredo+highTORINMBL_07302017.xls,NCYC 3458-100 uM AZD8055,68.09869664,1.970434922,70.25761373,1.005012507,NCYC 3458,YJM978,100 uM AZD8055,YJM978*100 uM AZD8055,0,0.038666667,0.045333333,0.057666667,0.074,0.097333333,0.132666667,0.176,0.238,0.319,0.418,0.527666667,0.67,0.824333333,0.978333333,1.096,1.138666667,1.161,1.182,1.213,1.245,1.274666667,1.309,1.344666667,1.38,1.409333333,1.438333333,1.46,1.485666667,1.506333333,1.533,1.551333333,1.57,1.590333333,1.606333333,1.619333333,1.635666667,1.649333333,1.661333333,1.673333333,1.68
