experiment,Line-Treatment,DT inflection,StDev_inf,DT interval,StDev_int,Lab strain,Strain,Treatment,Strain*Treatment,Time_0,Time_0.5,Time_1,Time_1.5,Time_2,Time_2.5,Time_3,Time_3.5,Time_4,Time_4.5,Time_5,Time_5.5,Time_6,Time_6.5,Time_7,Time_7.5,Time_8,Time_8.5,Time_9,Time_9.5,Time_10,Time_10.5,Time_11,Time_11.5,Time_12,Time_12.5,Time_13,Time_13.5,Time_14,Time_14.5,Time_15,Time_15.5,Time_16,Time_16.5,Time_17,Time_17.5,Time_18,Time_18.5,Time_19,Time_19.5,Time_20
SET3_Low Rapa_REDO_MGK_081117.xls,YML669-2.5 ng/ml RAPA,75.42626787,23.64862012,95.41543422,24.94066072,yML 669,T21.4,2.5 ng/mL RAPA,T21.4*2.5 ng/mL RAPA,0,0.053,0.055666667,0.051,0.054,0.066,0.074,0.038,0.050333333,0.256,0.297333333,0.396333333,0.504333333,0.607333333,0.727333333,0.843666667,0.957666667,1.072333333,1.175,1.245666667,1.263666667,1.287,1.313,1.341666667,1.375666667,1.406333333,1.437,1.465666667,1.486,1.512333333,1.529,1.548333333,1.562333333,1.584,1.6,1.616333333,1.625,1.635333333,1.652333333,1.664,1.674
