experiment,Line-Treatment,DT inflection,StDev_inf,DT interval,StDev_int,Lab strain,Strain,Treatment,Strain*Treatment,Time_0,Time_0.5,Time_1,Time_1.5,Time_2,Time_2.5,Time_3,Time_3.5,Time_4,Time_4.5,Time_5,Time_5.5,Time_6,Time_6.5,Time_7,Time_7.5,Time_8,Time_8.5,Time_9,Time_9.5,Time_10,Time_10.5,Time_11,Time_11.5,Time_12,Time_12.5,Time_13,Time_13.5,Time_14,Time_14.5,Time_15,Time_15.5,Time_16,Time_16.5,Time_17,Time_17.5,Time_18,Time_18.5,Time_19,Time_19.5,Time_20
SET4_highTORIN_REDO_NBMBL_080717.xls,yML 698-2.5% DMSO,86.24744579,0.589841792,88.94991134,0.331345358,yML 698,IFO1804,2.5% DMSO,IFO1804*2.5% DMSO,0,0.027333333,0.03,0.032666667,0.037333333,0.042666667,0.052666667,0.064,0.078666667,0.099,0.125333333,0.158666667,0.200666667,0.255,0.320666667,0.400666667,0.496333333,0.602666667,0.706,0.817666667,0.933333333,1.036666667,1.053333333,1.046666667,1.042,1.041666667,1.037666667,1.036,1.034,1.033666667,1.032666667,1.031666667,1.032,1.031333333,1.031,1.032666667,1.032,1.031333333,1.031,1.034,1.031666667
