experiment,Line-Treatment,DT inflection,StDev_inf,DT interval,StDev_int,Lab strain,Strain,Treatment,Strain*Treatment,Time_0,Time_0.5,Time_1,Time_1.5,Time_2,Time_2.5,Time_3,Time_3.5,Time_4,Time_4.5,Time_5,Time_5.5,Time_6,Time_6.5,Time_7,Time_7.5,Time_8,Time_8.5,Time_9,Time_9.5,Time_10,Time_10.5,Time_11,Time_11.5,Time_12,Time_12.5,Time_13,Time_13.5,Time_14,Time_14.5,Time_15,Time_15.5,Time_16,Time_16.5,Time_17,Time_17.5,Time_18,Time_18.5,Time_19,Time_19.5,Time_20
SGRP_mTORinhibitsSCREEN_SET1_LOWRAPA_highRAPA_lowTORIN_MGK_12022,NCYC 3312-20 ng/ml RAPA,154.7392082,7.703950323,207.4457373,0.780709328,NCYC 3312,DBVPG 1373,20 ng/mL RAPA,DBVPG 1373*20 ng/mL RAPA,0,0.033666667,0.043666667,0.052,0.061666667,0.068333333,0.077333333,0.085,0.094666667,0.103333333,0.115666667,0.129666667,0.142666667,0.16,0.180666667,0.198666667,0.219333333,0.248666667,0.278,0.308,0.342666667,0.376333333,0.411333333,0.448,0.485666667,0.527,0.567666667,0.613333333,0.663666667,0.717,0.766,0.819333333,0.871,0.920666667,0.97,1.014666667,1.059,1.101666667,1.140333333,1.175333333,1.205666667
SGRP_mTORinhibitsSCREEN_SET1_LOWRAPA_highRAPA_lowTORIN_MGK_12022,NCYC 3312-20 ng/ml RAPA,166.8005049,3.70121984,210.899547,1.537471171,NCYC 3312,DBVPG 1373,20 ng/mL RAPA,DBVPG 1373*20 ng/mL RAPA,0,0.035666667,0.044333333,0.054333333,0.063,0.071666667,0.079333333,0.088333333,0.098666667,0.108,0.118333333,0.132666667,0.145,0.163333333,0.182333333,0.202333333,0.224333333,0.251666667,0.279666667,0.311,0.346333333,0.38,0.414666667,0.450333333,0.491,0.529,0.566666667,0.614333333,0.664666667,0.718333333,0.768333333,0.819666667,0.870333333,0.918666667,0.967333333,1.012333333,1.055333333,1.097,1.134333333,1.169666667,1.203666667
