experiment,Line-Treatment,DT inflection,StDev_inf,DT interval,StDev_int,Lab strain,Strain,Treatment,Strain*Treatment,Time_0,Time_0.5,Time_1,Time_1.5,Time_2,Time_2.5,Time_3,Time_3.5,Time_4,Time_4.5,Time_5,Time_5.5,Time_6,Time_6.5,Time_7,Time_7.5,Time_8,Time_8.5,Time_9,Time_9.5,Time_10,Time_10.5,Time_11,Time_11.5,Time_12,Time_12.5,Time_13,Time_13.5,Time_14,Time_14.5,Time_15,Time_15.5,Time_16,Time_16.5,Time_17,Time_17.5,Time_18,Time_18.5,Time_19,Time_19.5,Time_20
SET4_highTORIN_REDO_NBMBL_080717.xls,yML 690-25 uM Torin 1,91.7615094,7.21723654,122.9255534,9.075825101,yML 690,W7,25 uM Torin 1,W7*25 uM Torin 1,0,0.022333333,0.028666667,0.034,0.046,0.058,0.069,0.093,0.110666667,0.125666667,0.144666667,0.169,0.189666667,0.230666667,0.268333333,0.324,0.377333333,0.466333333,0.567,0.679666667,0.813333333,0.917666667,1.023,1.099666667,1.129333333,1.127666667,1.155,1.200666667,1.228666667,1.257,1.285,1.312666667,1.345666667,1.369666667,1.398,1.420333333,1.453,1.473666667,1.499666667,1.514666667,1.536666667
