experiment,Line-Treatment,DT inflection,StDev_inf,DT interval,StDev_int,Lab strain,Strain,Treatment,Strain*Treatment,Time_0,Time_0.5,Time_1,Time_1.5,Time_2,Time_2.5,Time_3,Time_3.5,Time_4,Time_4.5,Time_5,Time_5.5,Time_6,Time_6.5,Time_7,Time_7.5,Time_8,Time_8.5,Time_9,Time_9.5,Time_10,Time_10.5,Time_11,Time_11.5,Time_12,Time_12.5,Time_13,Time_13.5,Time_14,Time_14.5,Time_15,Time_15.5,Time_16,Time_16.5,Time_17,Time_17.5,Time_18,Time_18.5,Time_19,Time_19.5,Time_20
SET4_highTORIN_REDO_NBMBL_080717.xls,yML 687-25 uM Torin 1,68.77397654,7.216027176,92.10782461,15.30145168,yML 687,Y9.6,25 uM Torin 1,Y9.6*25 uM Torin 1,0,0.043,0.044666667,0.042666667,0.040333333,0.040666667,0.038333333,0.042,0.046333333,0.059,0.062,0.074,0.082333333,0.119333333,0.138333333,0.168333333,0.228,0.274,0.344666667,0.44,0.558666667,0.684666667,0.812333333,0.939333333,1.060333333,1.167,1.245666667,1.271333333,1.296666667,1.323666667,1.355666667,1.389333333,1.419,1.446333333,1.470666667,1.496333333,1.519666667,1.54,1.555333333,1.572333333,1.588333333
