experiment,Line-Treatment,DT inflection,StDev_inf,DT interval,StDev_int,Lab strain,Strain,Treatment,Strain*Treatment,Time_0,Time_0.5,Time_1,Time_1.5,Time_2,Time_2.5,Time_3,Time_3.5,Time_4,Time_4.5,Time_5,Time_5.5,Time_6,Time_6.5,Time_7,Time_7.5,Time_8,Time_8.5,Time_9,Time_9.5,Time_10,Time_10.5,Time_11,Time_11.5,Time_12,Time_12.5,Time_13,Time_13.5,Time_14,Time_14.5,Time_15,Time_15.5,Time_16,Time_16.5,Time_17,Time_17.5,Time_18,Time_18.5,Time_19,Time_19.5,Time_20
SGRP_mTORinhibits_SET2_lowRAPA_KGPUMBL_080417.xls.xls,NCYC 3487-2.5 ng/ml RAPA,96.64016043,1.884705324,102.7587437,3.449932977,NCYC 3487,YS2 ,2.5 ng/mL RAPA,YS2 *2.5 ng/mL RAPA,0,0.044,0.048333333,0.054666667,0.063,0.071666667,0.081333333,0.091333333,0.109333333,0.127666667,0.153666667,0.182666667,0.221666667,0.272333333,0.337333333,0.414,0.503333333,0.602,0.715,0.827666667,0.949,1.045333333,1.094333333,1.118,1.144333333,1.169666667,1.192,1.217333333,1.246,1.275333333,1.308333333,1.341666667,1.376333333,1.406333333,1.435666667,1.462,1.484666667,1.508333333,1.529,1.547666667,1.568
SGRP_mTORinhibitsSCREEN_SET2_LOWRAPA_highTORIN_MGK_12032017_F,NCYC 3487-2.5 ng/ml RAPA,105.1572758,1.068470692,113.5022503,1.723866345,NCYC 3487,YS2 ,2.5 ng/mL RAPA,YS2 *2.5 ng/mL RAPA,0,0.032333333,0.033333333,0.04,0.047666667,0.057666667,0.065,0.069,0.086,0.105333333,0.119333333,0.131,0.147,0.173666667,0.205333333,0.244333333,0.297333333,0.359333333,0.436,0.523333333,0.629333333,0.742666667,0.864666667,0.990333333,1.070666667,1.088333333,1.112333333,1.135666667,1.157,1.178666667,1.203333333,1.230333333,1.258666667,1.289333333,1.323333333,1.358,1.392,1.423333333,1.450666667,1.479666667,1.504
SGRP_mTORinhibitsSCREEN_SET2_lowRAPA_KGPUMBL_100117.xls,NCYC 3487-2.5 ng/ml RAPA,80.29925628,4.999924353,85.15268549,1.559087124,NCYC 3487,YS2 ,2.5 ng/mL RAPA,YS2 *2.5 ng/mL RAPA,0,0.034333333,0.039333333,0.042666667,0.052,0.061666667,0.075333333,0.09,0.112666667,0.145333333,0.186666667,0.238,0.304666667,0.388333333,0.486666667,0.595666667,0.716666667,0.846666667,0.979333333,1.091,1.122,1.139,1.162666667,1.184666667,1.203,1.228,1.256,1.286666667,1.319,1.354,1.390333333,1.423,1.452666667,1.481,1.506,1.527333333,1.549333333,1.569666667,1.603,1.607333333,1.619
