experiment,Line-Treatment,DT inflection,StDev_inf,DT interval,StDev_int,Lab strain,Strain,Treatment,Strain*Treatment,Time_0,Time_0.5,Time_1,Time_1.5,Time_2,Time_2.5,Time_3,Time_3.5,Time_4,Time_4.5,Time_5,Time_5.5,Time_6,Time_6.5,Time_7,Time_7.5,Time_8,Time_8.5,Time_9,Time_9.5,Time_10,Time_10.5,Time_11,Time_11.5,Time_12,Time_12.5,Time_13,Time_13.5,Time_14,Time_14.5,Time_15,Time_15.5,Time_16,Time_16.5,Time_17,Time_17.5,Time_18,Time_18.5,Time_19,Time_19.5,Time_20
SGRP_mTORinhibits_SET3_highTORIN_MGK_101617_F.xls,YML669-25 uM Torin 1,81.84565434,10.88075616,107.6386255,9.36526564,yML 669,T21.4,25 uM Torin 1,T21.4*25 uM Torin 1,0,0.039333333,0.042666667,0.041333333,0.040333333,0.043,0.041333333,0.046666667,0.050666667,0.055333333,0.070333333,0.086,0.096333333,0.118,0.138,0.177333333,0.214333333,0.253333333,0.31,0.385333333,0.477666667,0.589333333,0.700333333,0.826333333,0.946666667,1.053666667,1.156,1.22,1.239333333,1.270333333,1.297,1.328666667,1.363666667,1.393,1.419,1.445,1.468333333,1.486666667,1.511333333,1.529333333,1.544666667
SGRP_mTORinhibitsSCREEN_SET3highTORIN_MGK_101617_D.xls,YML669-25 uM Torin 1,90.6303463,5.287694313,104.7653229,6.790633816,yML 669,T21.4,25 uM Torin 1,T21.4*25 uM Torin 1,0,0.047666667,0.051666667,0.054333333,0.051,0.051,0.052,0.055333333,0.058333333,0.070333333,0.081666667,0.093,0.110666667,0.139,0.158,0.174666667,0.214666667,0.254333333,0.320333333,0.393,0.487,0.591666667,0.709,0.815,0.929333333,1.040333333,1.139,1.19,1.225333333,1.253333333,1.282666667,1.321333333,1.354,1.391666667,1.418333333,1.44,1.472666667,1.489,1.511333333,1.526,1.548333333
