experiment,Line-Treatment,DT inflection,StDev_inf,DT interval,StDev_int,Lab strain,Strain,Treatment,Strain*Treatment,Time_0,Time_0.5,Time_1,Time_1.5,Time_2,Time_2.5,Time_3,Time_3.5,Time_4,Time_4.5,Time_5,Time_5.5,Time_6,Time_6.5,Time_7,Time_7.5,Time_8,Time_8.5,Time_9,Time_9.5,Time_10,Time_10.5,Time_11,Time_11.5,Time_12,Time_12.5,Time_13,Time_13.5,Time_14,Time_14.5,Time_15,Time_15.5,Time_16,Time_16.5,Time_17,Time_17.5,Time_18,Time_18.5,Time_19,Time_19.5,Time_20
SGRP_mTORinhibitsSCREEN_SET1_CAFFEINE AND lowTORIN_MGK_12022017_,NCYC 3455-6.67% H2O,56.61466561,4.15716719,58.91823587,3.933696418,NCYC 3455,322134 S ,6.67% H2O,322134 S *6.67% H2O,0,0.027,0.027666667,0.028666667,0.028333333,0.029666667,0.030666667,0.034333333,0.037666667,0.044,0.054,0.072333333,0.096333333,0.132,0.196666667,0.279,0.388,0.509333333,0.626,0.729,0.816666667,0.892,0.947,0.980666667,0.999333333,1.002333333,1.0,0.994333333,0.990333333,0.977666667,0.965,0.938,0.914666667,0.895333333,0.875,0.854333333,0.843333333,0.864666667,0.854333333,0.847,0.849333333
