experiment,Line-Treatment,DT inflection,StDev_inf,DT interval,StDev_int,Lab strain,Strain,Treatment,Strain*Treatment,Time_0,Time_0.5,Time_1,Time_1.5,Time_2,Time_2.5,Time_3,Time_3.5,Time_4,Time_4.5,Time_5,Time_5.5,Time_6,Time_6.5,Time_7,Time_7.5,Time_8,Time_8.5,Time_9,Time_9.5,Time_10,Time_10.5,Time_11,Time_11.5,Time_12,Time_12.5,Time_13,Time_13.5,Time_14,Time_14.5,Time_15,Time_15.5,Time_16,Time_16.5,Time_17,Time_17.5,Time_18,Time_18.5,Time_19,Time_19.5,Time_20
SGRP_mTOR_inhibitsSCREEN_SET1_highgdc-0941_AR_053117.xls,NCYC 3264-100uM GDC0941,72.89001727,3.850651332,81.2217581,1.117202457,NCYC 3264,DBVPG 6765,100 uM GDC0941,DBVPG 6765*100 uM GDC0941,0,0.094,0.100333333,0.111333333,0.134,0.158666667,0.203666667,0.26,0.341666667,0.452,0.576666667,0.712333333,0.854666667,0.996,1.122666667,1.179,1.195666667,1.219,1.244666667,1.275,1.305666667,1.333666667,1.363666667,1.392666667,1.423333333,1.448666667,1.48,1.502666667,1.522333333,1.540666667,1.559333333,1.576,1.589,1.607333333,1.621666667,1.634333333,1.647666667,1.658333333,1.669333333,1.677333333,1.686666667
