experiment,Line-Treatment,DT inflection,StDev_inf,DT interval,StDev_int,Lab strain,Strain,Treatment,Strain*Treatment,Time_0,Time_0.5,Time_1,Time_1.5,Time_2,Time_2.5,Time_3,Time_3.5,Time_4,Time_4.5,Time_5,Time_5.5,Time_6,Time_6.5,Time_7,Time_7.5,Time_8,Time_8.5,Time_9,Time_9.5,Time_10,Time_10.5,Time_11,Time_11.5,Time_12,Time_12.5,Time_13,Time_13.5,Time_14,Time_14.5,Time_15,Time_15.5,Time_16,Time_16.5,Time_17,Time_17.5,Time_18,Time_18.5,Time_19,Time_19.5,Time_20
SGRP_mTORinhibitsSCREEN_SET1_LOWRAPA_highRAPA_lowTORIN_MGK_12022,NCYC 3290-20 ng/ml RAPA,189.0549409,7.119564587,252.232141,3.332112645,NCYC 3290,DBVPG 6044,20 ng/mL RAPA,DBVPG 6044*20 ng/mL RAPA,0,0.016,0.018,0.035,0.041333333,0.053,0.069333333,0.083,0.094333333,0.105666667,0.122666667,0.135666667,0.149333333,0.165,0.182333333,0.201333333,0.218666667,0.240333333,0.264,0.287666667,0.312333333,0.339,0.366666667,0.395333333,0.425666667,0.458333333,0.496666667,0.536333333,0.577,0.620333333,0.660666667,0.703,0.743666667,0.786333333,0.827666667,0.869,0.909333333,0.948333333,0.985333333,1.022333333,1.055333333
SGRP_mTORinhibitsSCREEN_SET1_LOWRAPA_highRAPA_lowTORIN_MGK_12022,NCYC 3290-20 ng/ml RAPA,123.9433949,12.10886433,248.1128964,5.70745025,NCYC 3290,DBVPG 6044,20 ng/mL RAPA,DBVPG 6044*20 ng/mL RAPA,0,0.015,0.017666667,0.034333333,0.038666667,0.052666667,0.072,0.088666667,0.101666667,0.112333333,0.133,0.146333333,0.162333333,0.18,0.199666667,0.220333333,0.239333333,0.263666667,0.288333333,0.314333333,0.341666667,0.369333333,0.397666667,0.429,0.460333333,0.499333333,0.539,0.579666667,0.62,0.662666667,0.699333333,0.742,0.782333333,0.822333333,0.861666667,0.9,0.935,0.973333333,1.006333333,1.041,1.071
