experiment,Line-Treatment,DT inflection,StDev_inf,DT interval,StDev_int,Lab strain,Strain,Treatment,Strain*Treatment,Time_0,Time_0.5,Time_1,Time_1.5,Time_2,Time_2.5,Time_3,Time_3.5,Time_4,Time_4.5,Time_5,Time_5.5,Time_6,Time_6.5,Time_7,Time_7.5,Time_8,Time_8.5,Time_9,Time_9.5,Time_10,Time_10.5,Time_11,Time_11.5,Time_12,Time_12.5,Time_13,Time_13.5,Time_14,Time_14.5,Time_15,Time_15.5,Time_16,Time_16.5,Time_17,Time_17.5,Time_18,Time_18.5,Time_19,Time_19.5,Time_20
SGRP_mTORinhibitsSCREEN_SET4_lowRAPA_MGK_10242017_D.xls,YML688-2.5 ng/ml RAPA,69.95912327,6.435361811,77.35621827,9.416595792,yML 688,Q74.4,2.5 ng/mL RAPA,Q74.4*2.5 ng/mL RAPA,0,0.057333333,0.058333333,0.057666667,0.071,0.075666667,0.105666667,0.154666667,0.200333333,0.262333333,0.342666667,0.426,0.539333333,0.661,0.791333333,0.937,1.057333333,1.18,1.226666667,1.249666667,1.268666667,1.299666667,1.335,1.371,1.411,1.431333333,1.460666667,1.492333333,1.52,1.538,1.559333333,1.573333333,1.595333333,1.608,,,,,,,
SGRP_mTORinhibitsSCREEN_SET4_lowrapa_JEMBL_10262017_F.xls,YML688-2.5 ng/ml RAPA,69.68620256,7.695982417,88.32423199,9.103381286,yML 688,Q74.4,2.5 ng/mL RAPA,Q74.4*2.5 ng/mL RAPA,0,0.045,0.047333333,0.060666667,0.077333333,0.102666667,0.135333333,0.173333333,0.219,0.270666667,0.359333333,0.466333333,0.568,0.696666667,0.837666667,0.966666667,1.095666667,1.194,1.244,1.269,1.288,1.313,1.348666667,1.378333333,1.404666667,1.434333333,1.467,1.491666667,1.515,1.534666667,1.559666667,1.578666667,1.596,,,,,,,,
