experiment,Line-Treatment,DT inflection,StDev_inf,DT interval,StDev_int,Lab strain,Strain,Treatment,Strain*Treatment,Time_0,Time_0.5,Time_1,Time_1.5,Time_2,Time_2.5,Time_3,Time_3.5,Time_4,Time_4.5,Time_5,Time_5.5,Time_6,Time_6.5,Time_7,Time_7.5,Time_8,Time_8.5,Time_9,Time_9.5,Time_10,Time_10.5,Time_11,Time_11.5,Time_12,Time_12.5,Time_13,Time_13.5,Time_14,Time_14.5,Time_15,Time_15.5,Time_16,Time_16.5,Time_17,Time_17.5,Time_18,Time_18.5,Time_19,Time_19.5,Time_20
SGRP_mTOR_inhibitsSCREEN_SET1_highgdc-0941_AR_053117.xls,NCYC 3457-100uM GDC0941,105.6146252,0.858582725,126.1405608,9.150573334,NCYC 3457,273614 N,100 uM GDC0941,273614 N*100 uM GDC0941,0,0.097666667,0.102666667,0.112666667,0.133666667,0.158333333,0.183333333,0.212666667,0.247333333,0.293666667,0.351333333,0.425666667,0.514333333,0.616666667,0.732333333,0.857,0.978666667,1.099666667,1.195333333,1.226333333,1.26,1.297666667,1.335666667,1.370666667,1.401666667,1.436333333,1.465666667,1.491666667,1.517,1.539333333,1.559,1.578,1.597666667,1.613333333,1.629333333,1.642333333,1.655666667,1.669,1.681333333,1.690333333,1.7
