experiment,Line-Treatment,DT inflection,StDev_inf,DT interval,StDev_int,Lab strain,Strain,Treatment,Strain*Treatment,Time_0,Time_0.5,Time_1,Time_1.5,Time_2,Time_2.5,Time_3,Time_3.5,Time_4,Time_4.5,Time_5,Time_5.5,Time_6,Time_6.5,Time_7,Time_7.5,Time_8,Time_8.5,Time_9,Time_9.5,Time_10,Time_10.5,Time_11,Time_11.5,Time_12,Time_12.5,Time_13,Time_13.5,Time_14,Time_14.5,Time_15,Time_15.5,Time_16,Time_16.5,Time_17,Time_17.5,Time_18,Time_18.5,Time_19,Time_19.5,Time_20
SET4_highTORIN_REDO_NBMBL_080717.xls,yML 692-2.5% DMSO,80.57318688,3.14212443,79.07952747,10.92850667,yML 692,Y8.5,2.5% DMSO,Y8.5*2.5% DMSO,0,0.032,0.028666667,0.026666667,0.024666667,0.021,0.024333333,0.043666667,0.085,0.218333333,0.282,0.360333333,0.463666667,0.57,0.690666667,0.823333333,0.952,1.072666667,1.17,1.188,1.212,1.241,1.274666667,1.308333333,1.340333333,1.377,1.408333333,1.435666667,1.459666667,1.483333333,1.507,1.523,1.541333333,1.555666667,1.573,1.587666667,1.602666667,1.616,1.628,1.641333333,1.649333333
