experiment,Line-Treatment,DT inflection,StDev_inf,DT interval,StDev_int,Lab strain,Strain,Treatment,Strain*Treatment,Time_0,Time_0.5,Time_1,Time_1.5,Time_2,Time_2.5,Time_3,Time_3.5,Time_4,Time_4.5,Time_5,Time_5.5,Time_6,Time_6.5,Time_7,Time_7.5,Time_8,Time_8.5,Time_9,Time_9.5,Time_10,Time_10.5,Time_11,Time_11.5,Time_12,Time_12.5,Time_13,Time_13.5,Time_14,Time_14.5,Time_15,Time_15.5,Time_16,Time_16.5,Time_17,Time_17.5,Time_18,Time_18.5,Time_19,Time_19.5,Time_20
SGRP_mTORinhibits_SET4_GDC_MGK_09202017.xls,YML697-100 uM GDC0941,70.24051818,26.777807,103.7113632,16.47830939,yML 697,UFRJ50791,100 uM GDC0941,UFRJ50791*100 uM GDC0941,0,0.052666667,0.111,0.114666667,0.120333333,0.083333333,0.062333333,0.055666667,0.075,0.072,0.083,0.093,0.115666667,0.133666667,0.16,0.197333333,0.241666667,0.305,0.378,0.47,0.577333333,0.698666667,0.816666667,0.930666667,1.043666667,1.155333333,1.236666667,1.259333333,1.280666667,1.302333333,1.332,1.363666667,1.396666667,1.427333333,1.458333333,1.481,1.502333333,1.525666667,1.543333333,1.563333333,1.58
