experiment,Line-Treatment,DT inflection,StDev_inf,DT interval,StDev_int,Lab strain,Strain,Treatment,Strain*Treatment,Time_0,Time_0.5,Time_1,Time_1.5,Time_2,Time_2.5,Time_3,Time_3.5,Time_4,Time_4.5,Time_5,Time_5.5,Time_6,Time_6.5,Time_7,Time_7.5,Time_8,Time_8.5,Time_9,Time_9.5,Time_10,Time_10.5,Time_11,Time_11.5,Time_12,Time_12.5,Time_13,Time_13.5,Time_14,Time_14.5,Time_15,Time_15.5,Time_16,Time_16.5,Time_17,Time_17.5,Time_18,Time_18.5,Time_19,Time_19.5,Time_20
SGRP_mTORinhibitsSCREEN_SET1_CAFF_MGK_11012017_F.xls,NCYC 3451-1000 ug/ml Caffeine,82.05477577,1.802111341,85.61615858,0.97234792,NCYC 3451,NCYC361,1 mg/mL Caffeine,NCYC361*1 mg/mL Caffeine,0,0.025,0.043,0.045,0.026333333,0.060666667,0.063666667,0.083666667,0.121333333,0.157666667,0.201333333,0.257666667,0.329666667,0.411,0.502,0.621,0.756333333,0.877333333,0.990666667,1.097,1.180333333,1.207333333,1.22,1.244666667,1.268,1.299,1.321,1.351,1.381333333,1.409666667,1.438666667,1.465333333,1.489666667,1.519666667,1.539666667,1.560666667,1.58,1.599,1.618,1.637333333,1.654666667
