experiment,Line-Treatment,DT inflection,StDev_inf,DT interval,StDev_int,Lab strain,Strain,Treatment,Strain*Treatment,Time_0,Time_0.5,Time_1,Time_1.5,Time_2,Time_2.5,Time_3,Time_3.5,Time_4,Time_4.5,Time_5,Time_5.5,Time_6,Time_6.5,Time_7,Time_7.5,Time_8,Time_8.5,Time_9,Time_9.5,Time_10,Time_10.5,Time_11,Time_11.5,Time_12,Time_12.5,Time_13,Time_13.5,Time_14,Time_14.5,Time_15,Time_15.5,Time_16,Time_16.5,Time_17,Time_17.5,Time_18,Time_18.5,Time_19,Time_19.5,Time_20
SGRP_mTOR_inhibitsSCREEN_SET1_highTORIN_KGPUMBL_052817.xls,NCYC 3457-25uM Torin 1,110.0223942,6.589065134,141.8954407,19.11412361,NCYC 3457,273614 N,25 uM Torin 1,273614 N*25 uM Torin 1,0,0.067333333,0.066666667,0.066333333,0.066333333,0.067333333,0.068333333,0.071666667,0.074333333,0.078666667,0.087,0.095666667,0.103666667,0.114333333,0.124333333,0.137333333,0.150333333,0.167,0.185666667,0.209666667,0.24,0.284666667,0.333333333,0.394333333,0.474333333,0.567,0.667666667,0.783333333,0.9,1.026,1.132666667,1.212666667,1.259666667,1.292666667,1.328333333,1.359333333,1.391666667,1.418666667,1.446666667,1.473333333,1.497333333
