experiment,Line-Treatment,DT inflection,StDev_inf,DT interval,StDev_int,Lab strain,Strain,Treatment,Strain*Treatment,Time_0,Time_0.5,Time_1,Time_1.5,Time_2,Time_2.5,Time_3,Time_3.5,Time_4,Time_4.5,Time_5,Time_5.5,Time_6,Time_6.5,Time_7,Time_7.5,Time_8,Time_8.5,Time_9,Time_9.5,Time_10,Time_10.5,Time_11,Time_11.5,Time_12,Time_12.5,Time_13,Time_13.5,Time_14,Time_14.5,Time_15,Time_15.5,Time_16,Time_16.5,Time_17,Time_17.5,Time_18,Time_18.5,Time_19,Time_19.5,Time_20
SGRP_mTORinhibits_SET3_CAFFEINE_MGK_100817_F.xls,YML665-1000 ug/ml Caffeine,68.84034702,51.67456721,,,yML 665,N-45,1 mg/mL Caffeine,N-45*1 mg/mL Caffeine,0,0.063333333,0.060666667,0.062666667,0.076,0.050666667,0.087666667,0.043,0.044333333,0.046333333,0.05,0.058,0.458666667,0.556333333,0.683,0.800666667,0.915333333,1.025,1.121333333,1.167,1.188666667,1.222333333,1.214,1.230333333,1.258666667,1.282333333,1.287,1.332666667,1.363,1.39,1.411,1.452333333,1.48,1.498333333,1.522666667,1.542666667,1.567333333,1.576666667,1.604,1.624,1.641333333
SGRP_mTORinhibitsSCREEN_SET3_CAFFEINE_MGK_10082017_D.xls,YML665-1000 ug/ml Caffeine,74.96050445,9.784636735,104.3977622,4.995469527,yML 665,N-45,1 mg/mL Caffeine,N-45*1 mg/mL Caffeine,0,0.059333333,0.067,0.075666667,0.087666667,0.107666667,0.124333333,0.148,0.194333333,0.228666667,0.284,0.357666667,0.452666667,0.558666667,0.674333333,0.794,0.909,1.024666667,1.137,1.138333333,1.149666667,1.134,1.162666667,1.169666667,1.195,1.217666667,1.251333333,1.284666667,1.306666667,1.349333333,1.381666667,1.409666667,1.427333333,1.476333333,1.492666667,1.523333333,1.541333333,1.566666667,1.587666667,1.599666667,1.621333333
SGRP_mTORinhibitsSCREEN_SET3_Caffeine_NBMBL_07112017.xls,YML665-1000 ug/ml Caffeine,22.19868202,13.86950703,60.60155267,,yML 665,N-45,1 mg/mL Caffeine,N-45*1 mg/mL Caffeine,0,0.050666667,0.055666667,0.053,0.058,0.038333333,0.026333333,0.044,0.037,0.132333333,0.094333333,0.131666667,0.219666667,0.611333333,0.718,0.853666667,0.982333333,1.098666667,1.181,1.217333333,1.234333333,1.244,1.269333333,1.306333333,1.323666667,1.358333333,1.395333333,1.426,1.456333333,1.486666667,1.519333333,1.531333333,1.555,1.576333333,1.59,1.608333333,1.626333333,1.637333333,1.657,1.67,1.688333333
