experiment,Line-Treatment,DT inflection,StDev_inf,DT interval,StDev_int,Lab strain,Strain,Treatment,Strain*Treatment,Time_0,Time_0.5,Time_1,Time_1.5,Time_2,Time_2.5,Time_3,Time_3.5,Time_4,Time_4.5,Time_5,Time_5.5,Time_6,Time_6.5,Time_7,Time_7.5,Time_8,Time_8.5,Time_9,Time_9.5,Time_10,Time_10.5,Time_11,Time_11.5,Time_12,Time_12.5,Time_13,Time_13.5,Time_14,Time_14.5,Time_15,Time_15.5,Time_16,Time_16.5,Time_17,Time_17.5,Time_18,Time_18.5,Time_19,Time_19.5,Time_20
SGRP_mTORinhibitsSCREEN_SET1_LOWRAPA_highRAPA_lowTORIN_MGK_12022,NCYC 3455-1% DMSO,56.08819065,4.830152654,58.85804578,7.615625587,NCYC 3455,322134 S ,1% DMSO,322134 S *1% DMSO,0,0.022333333,0.022333333,0.023,0.024,0.026333333,0.028,0.032,0.037666667,0.047,0.062333333,0.089,0.13,0.190666667,0.277333333,0.383333333,0.496666667,0.607333333,0.708333333,0.797666667,0.875666667,0.947,1.005,1.049666667,1.077666667,1.097333333,1.108333333,1.109666667,1.098,1.077666667,1.055333333,1.026,1.007,0.998666667,0.984333333,0.977333333,0.998,0.985,0.989666667,0.986,0.986666667
