experiment,Line-Treatment,DT inflection,StDev_inf,DT interval,StDev_int,Lab strain,Strain,Treatment,Strain*Treatment,Time_0,Time_0.5,Time_1,Time_1.5,Time_2,Time_2.5,Time_3,Time_3.5,Time_4,Time_4.5,Time_5,Time_5.5,Time_6,Time_6.5,Time_7,Time_7.5,Time_8,Time_8.5,Time_9,Time_9.5,Time_10,Time_10.5,Time_11,Time_11.5,Time_12,Time_12.5,Time_13,Time_13.5,Time_14,Time_14.5,Time_15,Time_15.5,Time_16,Time_16.5,Time_17,Time_17.5,Time_18,Time_18.5,Time_19,Time_19.5,Time_20
SGRP_mTORinhibitsSCREEN_SET1_CAFFEINE AND lowTORIN_MGK_12022017_,NCYC 3447-6.67% H2O,61.04058802,4.898039651,68.78994855,1.040092685,NCYC 3447,DBVPG 1106,6.67% H2O,DBVPG 1106*6.67% H2O,0,0.052666667,0.064,0.084333333,0.102333333,0.132666667,0.174333333,0.245666667,0.322333333,0.426333333,0.551,0.683666667,0.818666667,0.963,1.101333333,1.163666667,1.186,1.201,1.227,1.259333333,1.288,1.313,1.343333333,1.375666667,1.410666667,1.439333333,1.461,1.485666667,1.511666667,1.530666667,1.553,1.572333333,1.590666667,1.603333333,1.620666667,1.632333333,1.646,1.659666667,1.670333333,1.683666667,1.692
