experiment,Line-Treatment,DT inflection,StDev_inf,DT interval,StDev_int,Lab strain,Strain,Treatment,Strain*Treatment,Time_0,Time_0.5,Time_1,Time_1.5,Time_2,Time_2.5,Time_3,Time_3.5,Time_4,Time_4.5,Time_5,Time_5.5,Time_6,Time_6.5,Time_7,Time_7.5,Time_8,Time_8.5,Time_9,Time_9.5,Time_10,Time_10.5,Time_11,Time_11.5,Time_12,Time_12.5,Time_13,Time_13.5,Time_14,Time_14.5,Time_15,Time_15.5,Time_16,Time_16.5,Time_17,Time_17.5,Time_18,Time_18.5,Time_19,Time_19.5,Time_20
SGRP_mTORinhibitsSCREEN_SET2_GDC_MGK_081917(fixed with adding wr,yML558-100 uM GDC0941,55.35943067,10.52632159,83.52024108,13.00079788,yML 558,FL100,100 uM GDC0941,FL100*100 uM GDC0941,0,0.057,0.085666667,0.099666667,0.116666667,0.131666667,0.192,0.239666667,0.311,0.408333333,0.529666667,0.653333333,0.788666667,0.931333333,1.059333333,1.172,1.235,1.265666667,1.288,1.312666667,1.344333333,1.371,1.400333333,1.430333333,1.457333333,1.483,1.506666667,1.528333333,1.551333333,1.568333333,1.586333333,1.604333333,1.623333333,1.64,1.654666667,1.669,1.683333333,1.700666667,1.713,1.721333333,1.734333333
