experiment,Line-Treatment,DT inflection,StDev_inf,DT interval,StDev_int,Lab strain,Strain,Treatment,Strain*Treatment,Time_0,Time_0.5,Time_1,Time_1.5,Time_2,Time_2.5,Time_3,Time_3.5,Time_4,Time_4.5,Time_5,Time_5.5,Time_6,Time_6.5,Time_7,Time_7.5,Time_8,Time_8.5,Time_9,Time_9.5,Time_10,Time_10.5,Time_11,Time_11.5,Time_12,Time_12.5,Time_13,Time_13.5,Time_14,Time_14.5,Time_15,Time_15.5,Time_16,Time_16.5,Time_17,Time_17.5,Time_18,Time_18.5,Time_19,Time_19.5,Time_20
SGRP_mTORinhibitsSCREEN_SET1HIGHrapaANDhighTORIN_PU_03162018_D.x,NCYC3447B-1%DMSO,68.57285812,1.93271244,73.28167241,0.979361954,NCYC 3447,DBVPG 1106,1% DMSO,DBVPG 1106*1% DMSO,0,0.054333333,0.067333333,0.083666667,0.111333333,0.145,0.197666667,0.261666667,0.344,0.44,0.576666667,0.710333333,0.843,0.985666667,1.125,1.202,1.22,1.238,1.266333333,1.292333333,1.322,1.349666667,1.376666667,1.403666667,1.438,1.469,1.529333333,1.519333333,1.540333333,1.563666667,1.584,1.600666667,1.621666667,1.640666667,1.654333333,1.668666667,1.684,1.697,1.708333333,1.718,1.731
