experiment,Line-Treatment,DT inflection,StDev_inf,DT interval,StDev_int,Lab strain,Strain,Treatment,Strain*Treatment,Time_0,Time_0.5,Time_1,Time_1.5,Time_2,Time_2.5,Time_3,Time_3.5,Time_4,Time_4.5,Time_5,Time_5.5,Time_6,Time_6.5,Time_7,Time_7.5,Time_8,Time_8.5,Time_9,Time_9.5,Time_10,Time_10.5,Time_11,Time_11.5,Time_12,Time_12.5,Time_13,Time_13.5,Time_14,Time_14.5,Time_15,Time_15.5,Time_16,Time_16.5,Time_17,Time_17.5,Time_18,Time_18.5,Time_19,Time_19.5,Time_20
SET3_Low Rapa_REDO_MGK_081117.xls,YML675-2.5 ng/ml RAPA,58.78722293,1.662784884,93.86602611,5.058374857,yML 675,Z1.1,2.5 ng/mL RAPA,Z1.1*2.5 ng/mL RAPA,0,0.062,0.061,0.059,0.073,0.093333333,0.142666667,0.168666667,0.240333333,0.283333333,0.352333333,0.443333333,0.565666667,0.684666667,0.804333333,0.919333333,1.029666667,1.136666667,1.238,1.289333333,1.306666667,1.328666667,1.356,1.379,1.412666667,1.437,1.462666667,1.489333333,1.510666667,1.532666667,1.546333333,1.568,1.578333333,1.6,1.613,1.626333333,1.636666667,1.649,1.66,1.672,1.681666667
