experiment,Line-Treatment,DT inflection,StDev_inf,DT interval,StDev_int,Lab strain,Strain,Treatment,Strain*Treatment,Time_0,Time_0.5,Time_1,Time_1.5,Time_2,Time_2.5,Time_3,Time_3.5,Time_4,Time_4.5,Time_5,Time_5.5,Time_6,Time_6.5,Time_7,Time_7.5,Time_8,Time_8.5,Time_9,Time_9.5,Time_10,Time_10.5,Time_11,Time_11.5,Time_12,Time_12.5,Time_13,Time_13.5,Time_14,Time_14.5,Time_15,Time_15.5,Time_16,Time_16.5,Time_17,Time_17.5,Time_18,Time_18.5,Time_19,Time_19.5,Time_20
SGRP_mTORinhibitsSCREEN_SET3_LOWRAPA_JEMBL_12012017_F,yML 673-1% DMSO,78.45840011,2.19407596,76.00310478,4.247575706,yML 673,Y7,1% DMSO,Y7*1% DMSO,0,0.016666667,0.017,0.026666667,0.019333333,0.025,0.208333333,0.279,0.361666667,0.462,0.579666667,0.724666667,0.869,1.003,1.128333333,1.215,1.237666667,1.265,1.290333333,1.32,1.356666667,1.391,1.423,1.449333333,1.472333333,1.494,1.515666667,1.532666667,1.551333333,1.567666667,1.584666667,1.597333333,1.611666667,1.625,1.636333333,1.647666667,1.660333333,1.671333333,1.679666667,1.689666667,1.698333333
