experiment,Line-Treatment,DT inflection,StDev_inf,DT interval,StDev_int,Lab strain,Strain,Treatment,Strain*Treatment,Time_0,Time_0.5,Time_1,Time_1.5,Time_2,Time_2.5,Time_3,Time_3.5,Time_4,Time_4.5,Time_5,Time_5.5,Time_6,Time_6.5,Time_7,Time_7.5,Time_8,Time_8.5,Time_9,Time_9.5,Time_10,Time_10.5,Time_11,Time_11.5,Time_12,Time_12.5,Time_13,Time_13.5,Time_14,Time_14.5,Time_15,Time_15.5,Time_16,Time_16.5,Time_17,Time_17.5,Time_18,Time_18.5,Time_19,Time_19.5,Time_20
SGRP_mTORinhibitsSCREEN_SET4_lowRAPA_MGK_10242017_D.xls,YML707-2.5 ng/ml RAPA,61.04740074,0.693117053,61.32342695,0.801833339,yML 707,CLIB324,2.5 ng/mL RAPA,CLIB324*2.5 ng/mL RAPA,0,0.045666667,0.046,0.054666667,0.073333333,0.099,0.145333333,0.203666667,0.286333333,0.388333333,0.505666667,0.648,0.789666667,0.921666667,1.053666667,1.179666667,1.24,1.257666667,1.284333333,1.309,1.337666667,1.37,1.401666667,1.433333333,1.466,1.493666667,1.520333333,1.548,1.570666667,1.593,1.615333333,1.628666667,1.647333333,1.66,,,,,,,
SGRP_mTORinhibitsSCREEN_SET4_lowrapa_JEMBL_10262017_F.xls,YML707-2.5 ng/ml RAPA,72.103572,6.355860198,87.34679281,1.841060063,yML 707,CLIB324,2.5 ng/mL RAPA,CLIB324*2.5 ng/mL RAPA,0,0.042666667,0.049333333,0.051333333,0.061333333,0.088666667,0.116666667,0.154333333,0.191666667,0.248,0.313,0.386666667,0.471,0.57,0.687,0.812,0.947,1.084333333,1.194666667,1.276333333,1.307333333,1.329666667,1.36,1.389333333,1.421666667,1.452666667,1.481,1.510333333,1.532333333,1.553666667,1.579666667,1.592333333,1.611,,,,,,,,
