experiment,Line-Treatment,DT inflection,StDev_inf,DT interval,StDev_int,Lab strain,Strain,Treatment,Strain*Treatment,Time_0,Time_0.5,Time_1,Time_1.5,Time_2,Time_2.5,Time_3,Time_3.5,Time_4,Time_4.5,Time_5,Time_5.5,Time_6,Time_6.5,Time_7,Time_7.5,Time_8,Time_8.5,Time_9,Time_9.5,Time_10,Time_10.5,Time_11,Time_11.5,Time_12,Time_12.5,Time_13,Time_13.5,Time_14,Time_14.5,Time_15,Time_15.5,Time_16,Time_16.5,Time_17,Time_17.5,Time_18,Time_18.5,Time_19,Time_19.5,Time_20
SGRP_mTORinhibitsSCREEN_SET1HIGHrapaANDhighTORIN_PU_03162018_D.x,NCYC3314-25 uM Torin,45.94164437,1.344994549,72.62058885,0.790738286,NCYC 3314,BC187,25 uM Torin 1,BC187*25 uM Torin 1,0,0.049666667,0.050333333,0.054666667,0.057333333,0.065666667,0.079,0.091333333,0.1,0.123333333,0.142,0.223333333,0.213666667,0.272333333,0.346666667,0.442,0.534666667,0.650333333,0.785,0.910666667,1.034,1.146666667,1.231333333,1.250333333,1.270666667,1.294333333,1.368333333,1.351333333,1.374666667,1.407,1.431,1.450333333,1.477333333,1.534,1.522333333,1.538333333,1.563666667,1.581666667,1.599333333,1.610333333,1.625333333
