experiment,Line-Treatment,DT inflection,StDev_inf,DT interval,StDev_int,Lab strain,Strain,Treatment,Strain*Treatment,Time_0,Time_0.5,Time_1,Time_1.5,Time_2,Time_2.5,Time_3,Time_3.5,Time_4,Time_4.5,Time_5,Time_5.5,Time_6,Time_6.5,Time_7,Time_7.5,Time_8,Time_8.5,Time_9,Time_9.5,Time_10,Time_10.5,Time_11,Time_11.5,Time_12,Time_12.5,Time_13,Time_13.5,Time_14,Time_14.5,Time_15,Time_15.5,Time_16,Time_16.5,Time_17,Time_17.5,Time_18,Time_18.5,Time_19,Time_19.5,Time_20
SGRP_mTORinhibitsSCREEN_SET1_AZD8055_KGPUARMBL_061817.xls,NCYC 3453-100uM AZD08055,70.37242722,4.874132354,73.14876777,4.015444638,NCYC 3453,YS4,100 uM AZD8055,YS4*100 uM AZD8055,0,0.050666667,0.06,0.072666667,0.091,0.121,0.152,0.200666667,0.264666667,0.354666667,0.465333333,0.597,0.745333333,0.900333333,1.037333333,1.116,1.125,1.134333333,1.145333333,1.162,1.178666667,1.194666667,1.211333333,1.227666667,1.243333333,1.258,1.273333333,1.289666667,1.304333333,1.318666667,1.334,1.354333333,1.364333333,1.380333333,1.394666667,1.408666667,1.424,1.436333333,1.45,1.462333333,1.474666667
