experiment,Line-Treatment,DT inflection,StDev_inf,DT interval,StDev_int,Lab strain,Strain,Treatment,Strain*Treatment,Time_0,Time_0.5,Time_1,Time_1.5,Time_2,Time_2.5,Time_3,Time_3.5,Time_4,Time_4.5,Time_5,Time_5.5,Time_6,Time_6.5,Time_7,Time_7.5,Time_8,Time_8.5,Time_9,Time_9.5,Time_10,Time_10.5,Time_11,Time_11.5,Time_12,Time_12.5,Time_13,Time_13.5,Time_14,Time_14.5,Time_15,Time_15.5,Time_16,Time_16.5,Time_17,Time_17.5,Time_18,Time_18.5,Time_19,Time_19.5,Time_20
SGRP_mTORinhibitsSCREEN_Set2_highRAPA_KGPU_11202017_F.xls,yML565-20 ng/ml RAPA,122.0208068,8.566446656,151.6532522,0.827438292,yML 565,CBS7960,20 ng/mL RAPA,CBS7960*20 ng/mL RAPA,0,0.020333333,0.024,0.034333333,0.044333333,0.052,0.061,0.070666667,0.082,0.092666667,0.107333333,0.124333333,0.147,0.171,0.195333333,0.23,0.264666667,0.301,0.347666667,0.396666667,0.448,0.507666667,0.570666667,0.631666667,0.692666667,0.757666667,0.819666667,0.885666667,0.948,1.008333333,1.068,1.125,1.179,1.231,1.281,1.327666667,1.369666667,1.406,1.436333333,1.454333333,1.47
