experiment,Line-Treatment,DT inflection,StDev_inf,DT interval,StDev_int,Lab strain,Strain,Treatment,Strain*Treatment,Time_0,Time_0.5,Time_1,Time_1.5,Time_2,Time_2.5,Time_3,Time_3.5,Time_4,Time_4.5,Time_5,Time_5.5,Time_6,Time_6.5,Time_7,Time_7.5,Time_8,Time_8.5,Time_9,Time_9.5,Time_10,Time_10.5,Time_11,Time_11.5,Time_12,Time_12.5,Time_13,Time_13.5,Time_14,Time_14.5,Time_15,Time_15.5,Time_16,Time_16.5,Time_17,Time_17.5,Time_18,Time_18.5,Time_19,Time_19.5,Time_20
SGRP_mTORinhibits_SET3_GDC_Redo_JEMBL_08102017.xls,YML 618-100 uM GDC0941,30.25372771,1.090111477,48.64357405,2.713295182,yML 618,NCYC361,100 uM GDC0941,NCYC361*100 uM GDC0941,0,0.102333333,0.114333333,0.097666667,0.097333333,0.106,0.07,0.115333333,0.097,0.11,0.127666667,0.210333333,0.231666667,0.318,0.520333333,0.728,0.968,1.083,1.109666667,1.099333333,1.081333333,1.127,1.145,1.167666667,1.237333333,1.280333333,1.305,1.361333333,1.372,1.397333333,1.463,1.463666667,1.481666667,1.524666667,1.573,1.559333333,1.586666667,1.583666667,1.601333333,1.647666667,1.668333333
SGRP_mTORinhibitsSCREEN_SET3_round2_GDC_KG_09142017_D.xls,YML 618-100 uM GDC0941,101.2732483,6.169244559,115.1871015,1.30897588,yML 618,NCYC361,100 uM GDC0941,NCYC361*100 uM GDC0941,0,0.055,0.059333333,0.064333333,0.071333333,0.082,0.093666667,0.105666667,0.123666667,0.142666667,0.168,0.192666667,0.229,0.271666667,0.334,0.4,0.474333333,0.56,0.661,0.763666667,0.858333333,0.946,1.036666667,1.122333333,1.155,1.153333333,1.155,1.157666667,1.163,1.165666667,1.174,1.184666667,1.192,1.204666667,1.217333333,1.224666667,1.240666667,1.252666667,1.261333333,1.267666667,1.278
