experiment,Line-Treatment,DT inflection,StDev_inf,DT interval,StDev_int,Lab strain,Strain,Treatment,Strain*Treatment,Time_0,Time_0.5,Time_1,Time_1.5,Time_2,Time_2.5,Time_3,Time_3.5,Time_4,Time_4.5,Time_5,Time_5.5,Time_6,Time_6.5,Time_7,Time_7.5,Time_8,Time_8.5,Time_9,Time_9.5,Time_10,Time_10.5,Time_11,Time_11.5,Time_12,Time_12.5,Time_13,Time_13.5,Time_14,Time_14.5,Time_15,Time_15.5,Time_16,Time_16.5,Time_17,Time_17.5,Time_18,Time_18.5,Time_19,Time_19.5,Time_20
SGRP_mTORinhibitsSCREEN_SET3_round3_highRAPA_KG_091517_D.xls,YML 570-20 ng/ml RAPA,168.3651695,2.538713373,228.6049956,6.44162804,yML 570,FM677,20 ng/mL RAPA,FM677*20 ng/mL RAPA,0,0.026333333,0.030666667,0.03,0.031666667,0.031666667,0.033,0.033666667,0.037,0.039,0.041666667,0.045,0.048333333,0.052666667,0.057333333,0.064,0.07,0.078333333,0.085666667,0.096333333,0.106,0.116333333,0.131666667,0.145666667,0.162,0.178666667,0.196666667,0.219333333,0.243333333,0.266,0.296333333,0.321333333,0.347,0.379,0.416,0.453666667,0.492333333,0.53,0.571,0.613333333,0.657333333
