experiment,Line-Treatment,DT inflection,StDev_inf,DT interval,StDev_int,Lab strain,Strain,Treatment,Strain*Treatment,Time_0,Time_0.5,Time_1,Time_1.5,Time_2,Time_2.5,Time_3,Time_3.5,Time_4,Time_4.5,Time_5,Time_5.5,Time_6,Time_6.5,Time_7,Time_7.5,Time_8,Time_8.5,Time_9,Time_9.5,Time_10,Time_10.5,Time_11,Time_11.5,Time_12,Time_12.5,Time_13,Time_13.5,Time_14,Time_14.5,Time_15,Time_15.5,Time_16,Time_16.5,Time_17,Time_17.5,Time_18,Time_18.5,Time_19,Time_19.5,Time_20
SGRP_mTORinhibitsSCREEN_SET3_LOWRAPA_JEMBL_12012017_F,yML 676-1% DMSO,76.18814346,2.020677062,104.6436867,8.886153684,yML 676,DBVPG 4650,1% DMSO,DBVPG 4650*1% DMSO,0,0.005666667,0.004333333,0.006333333,0.012,0.011333333,0.17,0.207666667,0.263666667,0.329666667,0.426666667,0.511,0.619333333,0.735,0.840666667,0.926666667,0.978666667,1.006,1.037666667,1.038,1.071666667,1.102333333,1.133333333,1.152333333,1.189333333,1.216333333,1.243,1.253333333,1.283,1.313333333,1.336666667,1.364666667,1.377333333,1.408666667,1.409666667,1.430666667,1.471,1.494666667,1.498,1.519666667,1.530333333
