experiment,Line-Treatment,DT inflection,StDev_inf,DT interval,StDev_int,Lab strain,Strain,Treatment,Strain*Treatment,Time_0,Time_0.5,Time_1,Time_1.5,Time_2,Time_2.5,Time_3,Time_3.5,Time_4,Time_4.5,Time_5,Time_5.5,Time_6,Time_6.5,Time_7,Time_7.5,Time_8,Time_8.5,Time_9,Time_9.5,Time_10,Time_10.5,Time_11,Time_11.5,Time_12,Time_12.5,Time_13,Time_13.5,Time_14,Time_14.5,Time_15,Time_15.5,Time_16,Time_16.5,Time_17,Time_17.5,Time_18,Time_18.5,Time_19,Time_19.5,Time_20
SGRP_mTORinhibitsSCREEN_SET1_CAFF_MGK_11012017_F.xls,NCYC 3456-1000 ug/ml Caffeine,84.64010465,1.729391395,98.0478404,4.405452596,NCYC 3456,378604 X,1 mg/mL Caffeine,378604 X*1 mg/mL Caffeine,0,0.034666667,0.052333333,0.057666667,0.035,0.069,0.073666667,0.096666667,0.131666667,0.164666667,0.204333333,0.254,0.324666667,0.383,0.461333333,0.565,0.672333333,0.790333333,0.911666667,1.026,1.136333333,1.222,1.247666667,1.260666667,1.273333333,1.286333333,1.300333333,1.319666667,1.339666667,1.363666667,1.390333333,1.417,1.440666667,1.472666667,1.495333333,1.521,1.544,1.565333333,1.584333333,1.606,1.623333333
SGRP_mTORinhibitsSCREEN_SET1_CAFFEINE AND lowTORIN_MGK_12022017_,NCYC 3456-1000 ug/ml Caffeine,89.49011925,1.228623858,96.02040177,0.247770538,NCYC 3456,378604 X,1 mg/mL Caffeine,378604 X*1 mg/mL Caffeine,0,0.069666667,0.073666667,0.081333333,0.094,0.111,0.132333333,0.16,0.195333333,0.246333333,0.308333333,0.375333333,0.458333333,0.553,0.665666667,0.779333333,0.9,1.021333333,1.137666667,1.192666667,1.203333333,1.213666667,1.228333333,1.241666667,1.261333333,1.278666667,1.303,1.332,1.359666667,1.391,1.423666667,1.453,1.480666667,1.509666667,1.532666667,1.554,1.575,1.595666667,1.615,1.631333333,1.647666667
