experiment,Line-Treatment,DT inflection,StDev_inf,DT interval,StDev_int,Lab strain,Strain,Treatment,Strain*Treatment,Time_0,Time_0.5,Time_1,Time_1.5,Time_2,Time_2.5,Time_3,Time_3.5,Time_4,Time_4.5,Time_5,Time_5.5,Time_6,Time_6.5,Time_7,Time_7.5,Time_8,Time_8.5,Time_9,Time_9.5,Time_10,Time_10.5,Time_11,Time_11.5,Time_12,Time_12.5,Time_13,Time_13.5,Time_14,Time_14.5,Time_15,Time_15.5,Time_16,Time_16.5,Time_17,Time_17.5,Time_18,Time_18.5,Time_19,Time_19.5,Time_20
SGRP_mTORinhibitsSCREEN_SET3_CAFFEINE AND lowTORIN_JEMBL_1201201,yML667-2.5% DMSO,63.7633665,29.46052697,52.68620894,31.61729185,yML 667,N-44,2.5% DMSO,N-44*2.5% DMSO,0,0.061333333,0.061666667,0.048,0.039333333,0.021666667,0.018,0.015,0.021,0.017,0.267,0.318,0.413333333,0.556666667,0.684333333,0.924333333,1.05,1.126333333,1.163666667,1.150333333,1.165666667,1.193333333,1.203333333,1.252666667,1.272666667,1.310666667,1.335666667,1.374666667,1.403,1.428,1.463333333,1.477333333,1.508333333,1.522666667,1.537,1.571,1.574,1.596666667,1.61,1.628666667,1.633666667
SGRP_mTORinhibitsSCREEN_SET3_CAFFEINE AND lowTORIN_JEMBL_1201201,yML667-2.5% DMSO,79.01193116,2.28097215,,,yML 667,N-44,2.5% DMSO,N-44*2.5% DMSO,0,0.058666667,0.057,0.050333333,0.026333333,0.020333333,0.017333333,0.014333333,0.011666667,0.012333333,0.332333333,0.431333333,0.558,0.686,0.835,0.963,1.108666667,1.198666667,1.212,1.248666667,1.261666667,1.279,1.306666667,1.332,1.364333333,1.391,1.421,1.454,1.471333333,1.505,1.529,1.542666667,1.558,1.585333333,1.600333333,1.616,1.624333333,1.637333333,1.661,1.665333333,1.676
