experiment,Line-Treatment,DT inflection,StDev_inf,DT interval,StDev_int,Lab strain,Strain,Treatment,Strain*Treatment,Time_0,Time_0.5,Time_1,Time_1.5,Time_2,Time_2.5,Time_3,Time_3.5,Time_4,Time_4.5,Time_5,Time_5.5,Time_6,Time_6.5,Time_7,Time_7.5,Time_8,Time_8.5,Time_9,Time_9.5,Time_10,Time_10.5,Time_11,Time_11.5,Time_12,Time_12.5,Time_13,Time_13.5,Time_14,Time_14.5,Time_15,Time_15.5,Time_16,Time_16.5,Time_17,Time_17.5,Time_18,Time_18.5,Time_19,Time_19.5,Time_20
RB_RUN1_F_SGRPmTORscreen_KGA_11082018.xls,yML692-A-2.5%DMSO,74.88593106,3.565760076,77.40130074,1.819895632,yML 692,Y8.5,2.5% DMSO,Y8.5*2.5% DMSO,0,0.031666667,0.033333333,0.034666667,0.047333333,0.051666667,0.120333333,0.159333333,0.210666667,0.275,0.356333333,0.439,0.534,0.637,0.74,0.844333333,0.929333333,1.001,1.048,1.093,1.120666667,1.148333333,1.174,1.199666667,1.223666667,1.253666667,1.278333333,1.305333333,1.328333333,1.345666667,1.363,1.378666667,1.395666667,1.411,1.43,1.442666667,1.454666667,1.468666667,1.477,1.493,1.502333333
