experiment,Line-Treatment,DT inflection,StDev_inf,DT interval,StDev_int,Lab strain,Strain,Treatment,Strain*Treatment,Time_0,Time_0.5,Time_1,Time_1.5,Time_2,Time_2.5,Time_3,Time_3.5,Time_4,Time_4.5,Time_5,Time_5.5,Time_6,Time_6.5,Time_7,Time_7.5,Time_8,Time_8.5,Time_9,Time_9.5,Time_10,Time_10.5,Time_11,Time_11.5,Time_12,Time_12.5,Time_13,Time_13.5,Time_14,Time_14.5,Time_15,Time_15.5,Time_16,Time_16.5,Time_17,Time_17.5,Time_18,Time_18.5,Time_19,Time_19.5,Time_20
SGRP_mTORinhibitsSCREEN_Set2_highRAPA_KGPU_11202017_F.xls,yML564-20 ng/ml RAPA,143.7093765,7.273106511,185.4587063,3.331797727,yML 564,CLIB382,20 ng/mL RAPA,CLIB382*20 ng/mL RAPA,0,0.040333333,0.045666667,0.054,0.061333333,0.071,0.082333333,0.096666667,0.110333333,0.125666667,0.145,0.166666667,0.191,0.216,0.242333333,0.273666667,0.308333333,0.341333333,0.379,0.421,0.466,0.515,0.563333333,0.615,0.666333333,0.719666667,0.772666667,0.828333333,0.884333333,0.942,0.998333333,1.055,1.112666667,1.164666667,1.224666667,1.280666667,1.333333333,1.386333333,1.43,1.471666667,1.509666667
