experiment,Line-Treatment,DT inflection,StDev_inf,DT interval,StDev_int,Lab strain,Strain,Treatment,Strain*Treatment,Time_0,Time_0.5,Time_1,Time_1.5,Time_2,Time_2.5,Time_3,Time_3.5,Time_4,Time_4.5,Time_5,Time_5.5,Time_6,Time_6.5,Time_7,Time_7.5,Time_8,Time_8.5,Time_9,Time_9.5,Time_10,Time_10.5,Time_11,Time_11.5,Time_12,Time_12.5,Time_13,Time_13.5,Time_14,Time_14.5,Time_15,Time_15.5,Time_16,Time_16.5,Time_17,Time_17.5,Time_18,Time_18.5,Time_19,Time_19.5,Time_20
SGRP_mTORinhibits_SET2_lowRAPA_KGPUMBL_080417.xls.xls,yML566-2.5 ng/ml RAPA,69.19102726,3.478916386,78.14095666,4.432489995,yML 566,FM479,2.5 ng/mL RAPA,FM479*2.5 ng/mL RAPA,0,0.047333333,0.051666667,0.06,0.074666667,0.094666667,0.123666667,0.165,0.219666667,0.280666667,0.376666667,0.481,0.599,0.728,0.855,0.982,1.109,1.229333333,1.328333333,1.400666667,1.429,1.443333333,1.465666667,1.488333333,1.51,1.529,1.543333333,1.555666667,1.569666667,1.582,1.594,1.603666667,1.613666667,1.622666667,1.63,1.634333333,1.638333333,1.641,1.645,1.648,1.647666667
SGRP_mTORinhibitsSCREEN_SET2_lowRAPA_KGPUMBL_100117.xls,yML566-2.5 ng/ml RAPA,54.96177519,1.586932736,55.38206508,2.026964082,yML 566,FM479,2.5 ng/mL RAPA,FM479*2.5 ng/mL RAPA,0,0.039666667,0.044666667,0.051666667,0.061333333,0.077666667,0.108666667,0.156666667,0.229333333,0.331666667,0.455,0.595666667,0.747,0.901333333,1.051,1.193666667,1.332,1.433666667,1.466,1.483666667,1.507,1.529333333,1.549333333,1.568333333,1.58,1.592333333,1.604333333,1.615,1.625,1.633666667,1.645,1.654666667,1.663,1.671666667,1.679333333,1.687,1.694333333,1.701333333,1.710666667,1.716666667,1.719666667
