experiment,Line-Treatment,DT inflection,StDev_inf,DT interval,StDev_int,Lab strain,Strain,Treatment,Strain*Treatment,Time_0,Time_0.5,Time_1,Time_1.5,Time_2,Time_2.5,Time_3,Time_3.5,Time_4,Time_4.5,Time_5,Time_5.5,Time_6,Time_6.5,Time_7,Time_7.5,Time_8,Time_8.5,Time_9,Time_9.5,Time_10,Time_10.5,Time_11,Time_11.5,Time_12,Time_12.5,Time_13,Time_13.5,Time_14,Time_14.5,Time_15,Time_15.5,Time_16,Time_16.5,Time_17,Time_17.5,Time_18,Time_18.5,Time_19,Time_19.5,Time_20
SGRP_mTORinhibitsSCREEN_SET2_GDC_AR_062617.xls,yML560-100uM GDC0941,75.08588332,2.96232254,97.10986213,3.252755227,yML 560,UC5,100 uM GDC0941,UC5*100 uM GDC0941,0,0.011333333,0.012666667,0.025,0.030333333,0.032,0.035333333,0.038666667,0.050333333,0.06,0.077333333,0.101,0.126,0.164666667,0.217333333,0.258,0.322333333,0.416333333,0.516666667,0.608666667,0.732,0.845666667,0.948,1.041,1.053333333,1.07,1.088,1.104,1.129333333,1.16,1.182,1.212333333,1.244333333,1.269,1.302333333,1.325666667,1.356,1.387333333,1.415666667,1.430333333,1.443666667
