experiment,Line-Treatment,DT inflection,StDev_inf,DT interval,StDev_int,Lab strain,Strain,Treatment,Strain*Treatment,Time_0,Time_0.5,Time_1,Time_1.5,Time_2,Time_2.5,Time_3,Time_3.5,Time_4,Time_4.5,Time_5,Time_5.5,Time_6,Time_6.5,Time_7,Time_7.5,Time_8,Time_8.5,Time_9,Time_9.5,Time_10,Time_10.5,Time_11,Time_11.5,Time_12,Time_12.5,Time_13,Time_13.5,Time_14,Time_14.5,Time_15,Time_15.5,Time_16,Time_16.5,Time_17,Time_17.5,Time_18,Time_18.5,Time_19,Time_19.5,Time_20
SET2AZDredo+highTORINMBL_07302017.xls,NCYC 3467-100 uM AZD8055,108.9031478,7.199839288,125.8943701,3.136201193,NCYC 3467,W303,100 uM AZD8055,W303*100 uM AZD8055,0,0.025333333,0.025666667,0.027,0.028333333,0.030333333,0.034666667,0.036,0.042,0.048333333,0.055666667,0.066,0.078333333,0.093,0.110666667,0.131666667,0.154666667,0.187333333,0.221,0.262333333,0.310666667,0.360333333,0.424333333,0.494333333,0.565666667,0.635,0.696,0.732666667,0.777,0.816666667,0.864,0.897666667,0.934333333,0.975333333,1.005,1.035,1.066,1.081,1.078666667,1.084666667,1.089333333
