experiment,Line-Treatment,DT inflection,StDev_inf,DT interval,StDev_int,Lab strain,Strain,Treatment,Strain*Treatment,Time_0,Time_0.5,Time_1,Time_1.5,Time_2,Time_2.5,Time_3,Time_3.5,Time_4,Time_4.5,Time_5,Time_5.5,Time_6,Time_6.5,Time_7,Time_7.5,Time_8,Time_8.5,Time_9,Time_9.5,Time_10,Time_10.5,Time_11,Time_11.5,Time_12,Time_12.5,Time_13,Time_13.5,Time_14,Time_14.5,Time_15,Time_15.5,Time_16,Time_16.5,Time_17,Time_17.5,Time_18,Time_18.5,Time_19,Time_19.5,Time_20
SGRP_mTORinhibitsSCREEN_SET3_LOWRAPA_JEMBL_12012017_F,yML 674-2.5 ng/ml RAPA,58.58638849,15.00198954,102.7063867,46.20126014,yML 674,Q32.3,2.5 ng/mL RAPA,Q32.3*2.5 ng/mL RAPA,0,0.004666667,0.005666667,0.002,0.007,0.042666667,0.153333333,0.199333333,0.228333333,0.334,0.422666667,0.51,0.616333333,0.747333333,0.879666667,1.010333333,1.115666667,1.136,1.15,1.157,1.171666667,1.193333333,1.212333333,1.236,1.261333333,1.287333333,1.309333333,1.326333333,1.362666667,1.366666667,1.395,1.377,1.407,1.427333333,1.419666667,1.469,1.502,1.517333333,1.55,1.567333333,1.571666667
