experiment,Line-Treatment,DT inflection,StDev_inf,DT interval,StDev_int,Lab strain,Strain,Treatment,Strain*Treatment,Time_0,Time_0.5,Time_1,Time_1.5,Time_2,Time_2.5,Time_3,Time_3.5,Time_4,Time_4.5,Time_5,Time_5.5,Time_6,Time_6.5,Time_7,Time_7.5,Time_8,Time_8.5,Time_9,Time_9.5,Time_10,Time_10.5,Time_11,Time_11.5,Time_12,Time_12.5,Time_13,Time_13.5,Time_14,Time_14.5,Time_15,Time_15.5,Time_16,Time_16.5,Time_17,Time_17.5,Time_18,Time_18.5,Time_19,Time_19.5,Time_20
SGRP_mTORinhibitsSCREEN_SET4_lowRAPA_MGK_10242017_D.xls,YML698-2.5 ng/ml RAPA,86.96526317,3.570871883,101.2280779,3.467793841,yML 698,IFO1804,2.5 ng/mL RAPA,IFO1804*2.5 ng/mL RAPA,0,0.026333333,0.031,0.033666667,0.040333333,0.042666667,0.053666667,0.063,0.078,0.093666667,0.112666667,0.135333333,0.165333333,0.197,0.250333333,0.308333333,0.370666667,0.444,0.544,0.647666667,0.749666667,0.857,0.966333333,1.073,1.103333333,1.098333333,1.093666667,1.086666667,1.086,1.083,1.081666667,1.075666667,1.074333333,1.072333333,,,,,,,
SGRP_mTORinhibitsSCREEN_SET4_lowrapa_JEMBL_10262017_F.xls,YML698-2.5 ng/ml RAPA,84.7174039,2.706130818,90.08792533,0.723346096,yML 698,IFO1804,2.5 ng/mL RAPA,IFO1804*2.5 ng/mL RAPA,0,0.025666667,0.03,0.033666667,0.039,0.046,0.054666667,0.066666667,0.083666667,0.103666667,0.128666667,0.163666667,0.207333333,0.262,0.327666667,0.404333333,0.498,0.601666667,0.715333333,0.826666667,0.938333333,1.017333333,1.086,1.11,1.105,1.099666667,1.098333333,1.096666667,1.095333333,1.092666667,1.093666667,1.093,1.090333333,,,,,,,,
