experiment,Line-Treatment,DT inflection,StDev_inf,DT interval,StDev_int,Lab strain,Strain,Treatment,Strain*Treatment,Time_0,Time_0.5,Time_1,Time_1.5,Time_2,Time_2.5,Time_3,Time_3.5,Time_4,Time_4.5,Time_5,Time_5.5,Time_6,Time_6.5,Time_7,Time_7.5,Time_8,Time_8.5,Time_9,Time_9.5,Time_10,Time_10.5,Time_11,Time_11.5,Time_12,Time_12.5,Time_13,Time_13.5,Time_14,Time_14.5,Time_15,Time_15.5,Time_16,Time_16.5,Time_17,Time_17.5,Time_18,Time_18.5,Time_19,Time_19.5,Time_20
SET1GDC_ARMBL_080217.xls,NCYC 3452-100 uM GDC0941,93.32896399,5.252180293,123.0135172,2.648770207,NCYC 3452,K11,100 uM GDC0941,K11*100 uM GDC0941,0,0.000666667,0.001,0.000666667,0.000666667,0.000666667,0.001666667,0.001666667,0.002,0.002,0.002666667,0.003333333,0.004666667,0.005666667,0.007666667,0.009,0.011666667,0.014666667,0.017333333,0.022,0.027666667,0.032,0.039666667,0.048,0.058333333,0.072333333,0.086666667,0.106666667,0.129333333,0.157333333,0.196333333,0.229333333,0.281,0.324666667,0.38,0.439666667,0.503333333,0.569666667,0.640333333,0.703666667,0.77
SGRP_mTOR_inhibitsSCREEN_SET1_GDC_redo_JE_092617.xls,NCYC 3452-100 uM GDC0941,43.43292473,3.824579204,53.46968732,20.40535017,NCYC 3452,K11,100 uM GDC0941,K11*100 uM GDC0941,0,0.067666667,0.085333333,0.102333333,0.132333333,0.183333333,0.295333333,0.429333333,0.601,0.768333333,0.891666667,1.016666667,1.108,1.176666667,1.251,1.318666667,1.393666667,1.385333333,1.413666667,1.457666667,1.429333333,1.431,1.443,1.475666667,1.462333333,1.511666667,1.487,1.482666667,1.498,1.517333333,1.561333333,1.529,1.536333333,1.546666667,1.614666667,1.554333333,1.558666667,1.615333333,1.581,1.603333333,1.681666667
