experiment,Line-Treatment,DT inflection,StDev_inf,DT interval,StDev_int,Lab strain,Strain,Treatment,Strain*Treatment,Time_0,Time_0.5,Time_1,Time_1.5,Time_2,Time_2.5,Time_3,Time_3.5,Time_4,Time_4.5,Time_5,Time_5.5,Time_6,Time_6.5,Time_7,Time_7.5,Time_8,Time_8.5,Time_9,Time_9.5,Time_10,Time_10.5,Time_11,Time_11.5,Time_12,Time_12.5,Time_13,Time_13.5,Time_14,Time_14.5,Time_15,Time_15.5,Time_16,Time_16.5,Time_17,Time_17.5,Time_18,Time_18.5,Time_19,Time_19.5,Time_20
SGRP_mTORinhibits_SET2_Caffeine_JE_092817.xls,yML563-1 mg/mL Caffeine,176.2717523,8.952854873,219.3318847,,yML 563,YJM269,1 mg/mL Caffeine,YJM269*1 mg/mL Caffeine,0,0.053666667,0.052333333,0.047666667,0.042,0.040666667,0.041,0.044333333,0.043333333,0.043666667,0.043333333,0.043333333,0.043,0.042666667,0.042666667,0.042333333,0.043,0.043333333,0.043666667,0.044333333,0.044666667,0.045666667,0.046333333,0.046666667,0.048666667,0.05,0.052333333,0.053666667,0.055666667,0.058666667,0.062,0.064333333,0.069333333,0.073333333,0.079333333,0.085333333,0.093,0.100333333,0.110666667,0.121333333,0.133666667
