experiment,Line-Treatment,DT inflection,StDev_inf,DT interval,StDev_int,Lab strain,Strain,Treatment,Strain*Treatment,Time_0,Time_0.5,Time_1,Time_1.5,Time_2,Time_2.5,Time_3,Time_3.5,Time_4,Time_4.5,Time_5,Time_5.5,Time_6,Time_6.5,Time_7,Time_7.5,Time_8,Time_8.5,Time_9,Time_9.5,Time_10,Time_10.5,Time_11,Time_11.5,Time_12,Time_12.5,Time_13,Time_13.5,Time_14,Time_14.5,Time_15,Time_15.5,Time_16,Time_16.5,Time_17,Time_17.5,Time_18,Time_18.5,Time_19,Time_19.5,Time_20
SGRP_mTORinhibitsSCREEN_SET 1 2 3 4 High-Low Rapa High-Low Torin,yML672-20 ng/ml RAPA,88.55619869,44.39033216,136.2693403,17.2926294,yML 672,S36.7,20 ng/mL RAPA,S36.7*20 ng/mL RAPA,0,0.049,0.045666667,0.040666667,0.033666667,0.028666667,0.025666667,0.023666667,0.027,0.028,0.031333333,0.113333333,0.121333333,0.241,0.299333333,0.339666667,0.411333333,0.478666667,0.533333333,0.594333333,0.653666667,0.72,0.782666667,0.845333333,0.910666667,0.975666667,1.040666667,1.100666667,1.160333333,1.218666667,1.265666667,1.314333333,1.355,1.397666667,1.438666667,1.476,1.502666667,1.526666667,1.552333333,1.574333333,1.589666667
