experiment,Line-Treatment,DT inflection,StDev_inf,DT interval,StDev_int,Lab strain,Strain,Treatment,Strain*Treatment,Time_0,Time_0.5,Time_1,Time_1.5,Time_2,Time_2.5,Time_3,Time_3.5,Time_4,Time_4.5,Time_5,Time_5.5,Time_6,Time_6.5,Time_7,Time_7.5,Time_8,Time_8.5,Time_9,Time_9.5,Time_10,Time_10.5,Time_11,Time_11.5,Time_12,Time_12.5,Time_13,Time_13.5,Time_14,Time_14.5,Time_15,Time_15.5,Time_16,Time_16.5,Time_17,Time_17.5,Time_18,Time_18.5,Time_19,Time_19.5,Time_20
SGRP_mTORinhibits_SET4_GDC_MGK_09202017.xls,YML694-100 uM GDC0941,61.85662508,32.47922941,87.33532522,8.094410892,yML 694,CBS432,100 uM GDC0941,CBS432*100 uM GDC0941,0,0.067333333,0.042333333,0.093333333,0.064333333,0.057666667,0.051333333,0.049666667,0.052333333,0.062,0.065666667,0.083,0.153,0.158666667,0.198333333,0.248,0.315,0.397333333,0.500333333,0.608666667,0.733,0.865666667,0.987666667,1.096666667,1.114333333,1.122,1.133,1.148333333,1.173,1.205666667,1.244666667,1.283,1.318666667,1.353333333,1.385666667,1.413333333,1.442,1.464333333,1.486333333,1.508333333,1.525333333
