experiment,Line-Treatment,DT inflection,StDev_inf,DT interval,StDev_int,Lab strain,Strain,Treatment,Strain*Treatment,Time_0,Time_0.5,Time_1,Time_1.5,Time_2,Time_2.5,Time_3,Time_3.5,Time_4,Time_4.5,Time_5,Time_5.5,Time_6,Time_6.5,Time_7,Time_7.5,Time_8,Time_8.5,Time_9,Time_9.5,Time_10,Time_10.5,Time_11,Time_11.5,Time_12,Time_12.5,Time_13,Time_13.5,Time_14,Time_14.5,Time_15,Time_15.5,Time_16,Time_16.5,Time_17,Time_17.5,Time_18,Time_18.5,Time_19,Time_19.5,Time_20
SGRP_mTORinhibits_SET1_CAFF_REDO_NBMBL_08032017.xls,NCYC 3318-Drug,78.6707494,2.761114835,83.6541706,2.302803311,NCYC 3318,L-1374,1 mg/mL Caffeine,L-1374*1 mg/mL Caffeine,0,0.042,0.046,0.053666667,0.066,0.084,0.108,0.136666667,0.176666667,0.225333333,0.290666667,0.369666667,0.463,0.569,0.699333333,0.828333333,0.953333333,1.070333333,1.142666667,1.175666667,1.197333333,1.22,1.245333333,1.277333333,1.306333333,1.340333333,1.374333333,1.405666667,1.431666667,1.457666667,1.484333333,1.496,1.530333333,1.551333333,1.57,1.589,1.606,1.62,1.660333333,1.648333333,1.662333333
