experiment,Line-Treatment,DT inflection,StDev_inf,DT interval,StDev_int,Lab strain,Strain,Treatment,Strain*Treatment,Time_0,Time_0.5,Time_1,Time_1.5,Time_2,Time_2.5,Time_3,Time_3.5,Time_4,Time_4.5,Time_5,Time_5.5,Time_6,Time_6.5,Time_7,Time_7.5,Time_8,Time_8.5,Time_9,Time_9.5,Time_10,Time_10.5,Time_11,Time_11.5,Time_12,Time_12.5,Time_13,Time_13.5,Time_14,Time_14.5,Time_15,Time_15.5,Time_16,Time_16.5,Time_17,Time_17.5,Time_18,Time_18.5,Time_19,Time_19.5,Time_20
SET2AZDredo+highTORINMBL_07302017.xls,yML561-100 uM AZD8055,78.08031042,8.113912331,86.66445934,5.03357898,yML 561,T73,100 uM AZD8055,T73*100 uM AZD8055,0,0.032333333,0.036666667,0.044,0.049666667,0.062,0.078333333,0.091666667,0.117333333,0.154333333,0.189666667,0.241,0.308666667,0.391666667,0.492,0.604333333,0.724,0.849333333,0.966333333,1.06,1.12,1.155333333,1.173333333,1.192666667,1.213,1.236,1.267333333,1.294666667,1.327,1.358333333,1.391666667,1.419,1.445666667,1.474333333,1.495333333,1.516666667,1.541666667,1.564,1.575,1.593,1.606333333
