experiment,Line-Treatment,DT inflection,StDev_inf,DT interval,StDev_int,Lab strain,Strain,Treatment,Strain*Treatment,Time_0,Time_0.5,Time_1,Time_1.5,Time_2,Time_2.5,Time_3,Time_3.5,Time_4,Time_4.5,Time_5,Time_5.5,Time_6,Time_6.5,Time_7,Time_7.5,Time_8,Time_8.5,Time_9,Time_9.5,Time_10,Time_10.5,Time_11,Time_11.5,Time_12,Time_12.5,Time_13,Time_13.5,Time_14,Time_14.5,Time_15,Time_15.5,Time_16,Time_16.5,Time_17,Time_17.5,Time_18,Time_18.5,Time_19,Time_19.5,Time_20
SGRP_mTOR_inhibitsSCREEN_SET3_round3_lowTORIN_KG_091517_F.xls,YML682-1 uM Torin 1,72.77037922,3.067884025,75.93741262,3.697695823,yML 682,A12,1 uM Torin 1,A12*1 uM Torin 1,0,0.074333333,0.081666667,0.091,0.111666667,0.140333333,0.182666667,0.239,0.315,0.418666667,0.541,0.68,0.821666667,0.957,1.095333333,1.229333333,1.342666667,1.393,1.410666667,1.427666667,1.444666667,1.463666667,1.481666667,1.501,1.520333333,1.539333333,1.561666667,1.582333333,1.604666667,1.623333333,1.637666667,1.652666667,1.674,1.676666667,1.687,1.701,1.730666667,1.722333333,1.73,1.739333333,1.747333333
SGRP_mTORinhibitsSCREEN_SET3_LOWTORIN_PUMT_062817.xls,YML682-1 uM Torin 1,67.39544723,2.217207544,68.71457941,0.772429406,yML 682,A12,1 uM Torin 1,A12*1 uM Torin 1,0,0.047333333,0.054,0.064,0.083666667,0.109666667,0.146,0.198,0.267,0.36,0.469666667,0.601333333,0.734666667,0.879333333,1.019666667,1.149666667,1.229333333,1.249333333,1.273333333,1.300333333,1.33,1.361333333,1.392666667,1.421,1.448333333,1.474666667,1.498333333,1.521666667,1.540333333,1.558,1.575666667,1.591,1.606,1.617666667,1.632,1.644666667,1.654333333,1.665333333,1.675333333,1.684666667,1.694
