experiment,Line-Treatment,DT inflection,StDev_inf,DT interval,StDev_int,Lab strain,Strain,Treatment,Strain*Treatment,Time_0,Time_0.5,Time_1,Time_1.5,Time_2,Time_2.5,Time_3,Time_3.5,Time_4,Time_4.5,Time_5,Time_5.5,Time_6,Time_6.5,Time_7,Time_7.5,Time_8,Time_8.5,Time_9,Time_9.5,Time_10,Time_10.5,Time_11,Time_11.5,Time_12,Time_12.5,Time_13,Time_13.5,Time_14,Time_14.5,Time_15,Time_15.5,Time_16,Time_16.5,Time_17,Time_17.5,Time_18,Time_18.5,Time_19,Time_19.5,Time_20
SGRP_mTORinhibitsSCREEN_SET2_GDC_AR_062617.xls,NCYC 3471-100uM GDC0941,72.56478949,3.930298385,79.0362622,1.911698844,NCYC 3471,YJM981 ,100 uM GDC0941,YJM981 *100 uM GDC0941,0,0.037666667,0.047666667,0.067666667,0.088666667,0.109666667,0.139666667,0.179333333,0.239,0.303,0.4,0.494666667,0.616666667,0.766,0.918333333,1.046,1.134,1.167,1.191,1.201,1.232666667,1.257333333,1.270666667,1.312333333,1.330333333,1.359666667,1.392333333,1.413666667,1.434666667,1.464333333,1.476666667,1.497,1.513666667,1.525333333,1.542666667,1.558,1.576666667,1.597333333,1.615333333,1.620666667,1.627
