experiment,Line-Treatment,DT inflection,StDev_inf,DT interval,StDev_int,Lab strain,Strain,Treatment,Strain*Treatment,Time_0,Time_0.5,Time_1,Time_1.5,Time_2,Time_2.5,Time_3,Time_3.5,Time_4,Time_4.5,Time_5,Time_5.5,Time_6,Time_6.5,Time_7,Time_7.5,Time_8,Time_8.5,Time_9,Time_9.5,Time_10,Time_10.5,Time_11,Time_11.5,Time_12,Time_12.5,Time_13,Time_13.5,Time_14,Time_14.5,Time_15,Time_15.5,Time_16,Time_16.5,Time_17,Time_17.5,Time_18,Time_18.5,Time_19,Time_19.5,Time_20
SGRP_mTOR_inhibitsSCREEN_SET2_HighRAPA+LowTorin_Repeat_JEMBL_073,NCYC 3462-1% DMSO,34.35034192,3.131328344,40.19053663,12.15341874,NCYC 3462,UWOPS05-217.3 ,1% DMSO,UWOPS05-217.3 *1% DMSO,0,0.013333333,0.030666667,0.049666667,0.053333333,0.089,0.104,0.135666667,0.234666667,0.316666667,0.480333333,0.684,0.887333333,1.064,1.158,1.193666667,1.225666667,1.258666667,1.295333333,1.335666667,1.381666667,1.412666667,1.453333333,1.478,1.514,1.540666667,1.572,1.583666667,1.617,1.634333333,1.654666667,1.669,1.686666667,1.702666667,1.717,1.735666667,1.747666667,1.762333333,1.768666667,1.792,1.807
SGRP_mTORinhibitsSCREEN_SET2_LOWRAPA_highTORIN_MGK_12032017_F,NCYC 3462-1% DMSO,14.98177575,1.750431915,57.56283571,19.86166636,NCYC 3462,UWOPS05-217.3 ,1% DMSO,UWOPS05-217.3 *1% DMSO,0,0.063333333,0.039,0.017666667,0.005,0.012666667,0.070666667,0.020666667,0.089666667,0.156333333,0.183333333,0.246,0.200333333,0.577,0.767,0.91,0.994,1.002666667,1.095333333,1.168,1.204666667,1.235666667,1.285,1.293666667,1.339666667,1.359666667,1.402,1.419666667,1.426,1.458333333,1.47,1.497666667,1.477,1.508333333,1.561333333,1.509,1.520666667,1.51,1.508,1.548,1.563333333
