experiment,Line-Treatment,DT inflection,StDev_inf,DT interval,StDev_int,Lab strain,Strain,Treatment,Strain*Treatment,Time_0,Time_0.5,Time_1,Time_1.5,Time_2,Time_2.5,Time_3,Time_3.5,Time_4,Time_4.5,Time_5,Time_5.5,Time_6,Time_6.5,Time_7,Time_7.5,Time_8,Time_8.5,Time_9,Time_9.5,Time_10,Time_10.5,Time_11,Time_11.5,Time_12,Time_12.5,Time_13,Time_13.5,Time_14,Time_14.5,Time_15,Time_15.5,Time_16,Time_16.5,Time_17,Time_17.5,Time_18,Time_18.5,Time_19,Time_19.5,Time_20
SGRP_mTORinhibitsSCREEN_SET1_AZD8055_KGPUARMBL_061817.xls,yML742-100 uM AZD08055,78.85839261,0.564936965,80.91693503,1.273082381,BY4743,BY4743,100 uM AZD8055,BY4743*100 uM AZD8055,0,0.043666667,0.045,0.048,0.054333333,0.063333333,0.076333333,0.094666667,0.119666667,0.155,0.199333333,0.258666667,0.335,0.424,0.535333333,0.660333333,0.781666667,0.903333333,1.011333333,1.089333333,1.116333333,1.119666667,1.125,1.134666667,1.145333333,1.156,1.168,1.179666667,1.193,1.207333333,1.219666667,1.236,1.251,1.266666667,1.281333333,1.296333333,1.315333333,1.325333333,1.342333333,1.359666667,1.379666667
