experiment,Line-Treatment,DT inflection,StDev_inf,DT interval,StDev_int,Lab strain,Strain,Treatment,Strain*Treatment,Time_0,Time_0.5,Time_1,Time_1.5,Time_2,Time_2.5,Time_3,Time_3.5,Time_4,Time_4.5,Time_5,Time_5.5,Time_6,Time_6.5,Time_7,Time_7.5,Time_8,Time_8.5,Time_9,Time_9.5,Time_10,Time_10.5,Time_11,Time_11.5,Time_12,Time_12.5,Time_13,Time_13.5,Time_14,Time_14.5,Time_15,Time_15.5,Time_16,Time_16.5,Time_17,Time_17.5,Time_18,Time_18.5,Time_19,Time_19.5,Time_20
SGRP_mTOR_inhibitsSCREEN_SET1_lowRAPA_redo2_KG_092317.xls,NCYC 3290-2.5 ng/ml RAPA,56.72268221,3.344693638,63.69696721,6.306330828,NCYC 3290,DBVPG 6044,2.5 ng/mL RAPA,DBVPG 6044*2.5 ng/mL RAPA,0,0.029666667,0.034666667,0.037,0.043666667,0.056333333,0.075,0.131666667,0.164333333,0.227333333,0.328666667,0.410333333,0.523,0.637,0.756333333,0.880333333,1.009333333,1.121666667,1.233333333,1.323666667,1.356333333,1.378666667,1.404666667,1.43,1.454,1.477666667,1.502666667,1.528333333,1.555666667,1.574,1.599,1.616,1.632333333,1.644333333,1.658,1.671,1.679333333,1.686666667,1.696666667,1.706,1.714666667
SGRP_mTORinhibitsSCREEN_SET1_lowRAPA_round4_KG_092417.xls,NCYC 3290-2.5 ng/ml RAPA,51.99334454,4.048916119,71.01568797,1.907186856,NCYC 3290,DBVPG 6044,2.5 ng/mL RAPA,DBVPG 6044*2.5 ng/mL RAPA,0,0.063,0.084666667,0.106666667,0.183,0.223,0.332666667,0.413666667,0.541,0.675333333,0.806,0.943,1.072333333,1.195,1.284666667,1.323333333,1.354666667,1.378,1.401666667,1.426333333,1.429333333,1.464333333,1.487333333,1.509,1.522,1.534333333,1.544,1.551,1.559333333,1.563333333,1.567,1.574,1.580333333,1.584333333,1.59,1.594,1.596,1.602333333,1.608,1.611666667,1.616
SGRP_mTORinhibsSCREEN_SET1_lowRAPA_JEMBL_08152017.xls,NCYC 3290-2.5 ng/ml RAPA,68.24974571,7.376395619,73.40239615,5.866738692,NCYC 3290,DBVPG 6044,2.5 ng/mL RAPA,DBVPG 6044*2.5 ng/mL RAPA,0,0.025333333,0.026666667,0.033666667,0.053666667,0.130333333,0.165666667,0.231666667,0.305666667,0.398666667,0.505333333,0.637666667,0.785333333,0.914333333,1.054666667,1.182666667,1.271333333,1.302333333,1.329666667,1.351333333,1.374666667,1.403333333,1.428333333,1.446,1.473333333,1.499,1.523666667,1.548333333,1.571,1.592666667,1.609,1.628333333,1.652666667,1.662333333,1.685333333,1.698,1.712666667,1.729333333,1.741,1.750666667,1.767
