experiment,Line-Treatment,DT inflection,StDev_inf,DT interval,StDev_int,Lab strain,Strain,Treatment,Strain*Treatment,Time_0,Time_0.5,Time_1,Time_1.5,Time_2,Time_2.5,Time_3,Time_3.5,Time_4,Time_4.5,Time_5,Time_5.5,Time_6,Time_6.5,Time_7,Time_7.5,Time_8,Time_8.5,Time_9,Time_9.5,Time_10,Time_10.5,Time_11,Time_11.5,Time_12,Time_12.5,Time_13,Time_13.5,Time_14,Time_14.5,Time_15,Time_15.5,Time_16,Time_16.5,Time_17,Time_17.5,Time_18,Time_18.5,Time_19,Time_19.5,Time_20
SGRP_mTOR_inhibitsSCREEN_SET1_highTORIN_KGPUMBL_052817.xls,NCYC 3455-25uM Torin 1,134.5269001,4.00510255,147.4230353,2.75525314,NCYC 3455,322134 S ,25 uM Torin 1,322134 S *25 uM Torin 1,0,0.032333333,0.034333333,0.034,0.034666667,0.035,0.035666667,0.035333333,0.037333333,0.038,0.043666667,0.050666667,0.053,0.053,0.055,0.057333333,0.058,0.058333333,0.059666667,0.062,0.065,0.068,0.07,0.074,0.081666667,0.087333333,0.096333333,0.104333333,0.113333333,0.130666667,0.143333333,0.160666667,0.183666667,0.209333333,0.240666667,0.274666667,0.316666667,0.369666667,0.428,0.495,0.568
