experiment,Line-Treatment,DT inflection,StDev_inf,DT interval,StDev_int,Lab strain,Strain,Treatment,Strain*Treatment,Time_0,Time_0.5,Time_1,Time_1.5,Time_2,Time_2.5,Time_3,Time_3.5,Time_4,Time_4.5,Time_5,Time_5.5,Time_6,Time_6.5,Time_7,Time_7.5,Time_8,Time_8.5,Time_9,Time_9.5,Time_10,Time_10.5,Time_11,Time_11.5,Time_12,Time_12.5,Time_13,Time_13.5,Time_14,Time_14.5,Time_15,Time_15.5,Time_16,Time_16.5,Time_17,Time_17.5,Time_18,Time_18.5,Time_19,Time_19.5,Time_20
SGRP_mTORinhibitsSCREEN_SET2_LOWRAPA_highTORIN_MGK_12032017_F,yML 557-2.5 ng/ml RAPA,68.08942582,10.05543807,79.73605961,5.158369445,yML 557,T7,2.5 ng/mL RAPA,T7*2.5 ng/mL RAPA,0,0.057,0.059666667,0.059666667,0.116666667,0.168333333,0.216666667,0.293666667,0.373,0.488333333,0.629666667,0.789,0.954333333,1.1,1.237333333,1.319666667,1.352333333,1.381666667,1.413333333,1.448666667,1.48,1.515,1.547666667,1.575333333,1.597,1.620333333,1.644,1.661333333,1.676,1.694,1.708333333,1.722666667,1.736,1.748333333,1.762666667,1.770333333,1.781666667,1.788333333,1.796666667,1.807333333,1.814333333
