experiment,Line-Treatment,DT inflection,StDev_inf,DT interval,StDev_int,Lab strain,Strain,Treatment,Strain*Treatment,Time_0,Time_0.5,Time_1,Time_1.5,Time_2,Time_2.5,Time_3,Time_3.5,Time_4,Time_4.5,Time_5,Time_5.5,Time_6,Time_6.5,Time_7,Time_7.5,Time_8,Time_8.5,Time_9,Time_9.5,Time_10,Time_10.5,Time_11,Time_11.5,Time_12,Time_12.5,Time_13,Time_13.5,Time_14,Time_14.5,Time_15,Time_15.5,Time_16,Time_16.5,Time_17,Time_17.5,Time_18,Time_18.5,Time_19,Time_19.5,Time_20
SGRP_mTORinhibitsSCREEN_SET3_LOWRAPA_JEMBL_12012017_F,yML 675-2.5 ng/ml RAPA,79.14198862,3.869758348,116.3958384,19.63527042,yML 675,Z1.1,2.5 ng/mL RAPA,Z1.1*2.5 ng/mL RAPA,0,0.010333333,0.010333333,0.01,0.009666667,0.009333333,0.217666667,0.251666667,0.322666667,0.405,0.516333333,0.634666667,0.766333333,0.897,1.023333333,1.128666667,1.240666667,1.282666667,1.308333333,1.329,1.357,1.389666667,1.420666667,1.448,1.471666667,1.495333333,1.517,1.537333333,1.559333333,1.574,1.593666667,1.607,1.624,1.638333333,1.649333333,1.661333333,1.674,1.688,1.698,1.706666667,1.714666667
