experiment,Line-Treatment,DT inflection,StDev_inf,DT interval,StDev_int,Lab strain,Strain,Treatment,Strain*Treatment,Time_0,Time_0.5,Time_1,Time_1.5,Time_2,Time_2.5,Time_3,Time_3.5,Time_4,Time_4.5,Time_5,Time_5.5,Time_6,Time_6.5,Time_7,Time_7.5,Time_8,Time_8.5,Time_9,Time_9.5,Time_10,Time_10.5,Time_11,Time_11.5,Time_12,Time_12.5,Time_13,Time_13.5,Time_14,Time_14.5,Time_15,Time_15.5,Time_16,Time_16.5,Time_17,Time_17.5,Time_18,Time_18.5,Time_19,Time_19.5,Time_20
RB_RUN1_F_SGRPmTORscreen_KGA_11082018.xls,yML698-B-2.5%DMSO,81.84390435,2.167978856,89.95555616,0.352086972,yML 698,IFO1804,2.5% DMSO,IFO1804*2.5% DMSO,0,0.034666667,0.038,0.043333333,0.05,0.046666667,0.076333333,0.097,0.125333333,0.163,0.206333333,0.258,0.326,0.404333333,0.485,0.579333333,0.675333333,0.775,0.869666667,0.905,0.940333333,0.964666667,0.961333333,0.959,0.955666667,0.956,0.955333333,0.957,0.956666667,0.953,0.954666667,0.955,0.956333333,0.957333333,0.959666667,0.958,0.959333333,0.959333333,0.960333333,0.962,0.962333333
