experiment,Line-Treatment,DT inflection,StDev_inf,DT interval,StDev_int,Lab strain,Strain,Treatment,Strain*Treatment,Time_0,Time_0.5,Time_1,Time_1.5,Time_2,Time_2.5,Time_3,Time_3.5,Time_4,Time_4.5,Time_5,Time_5.5,Time_6,Time_6.5,Time_7,Time_7.5,Time_8,Time_8.5,Time_9,Time_9.5,Time_10,Time_10.5,Time_11,Time_11.5,Time_12,Time_12.5,Time_13,Time_13.5,Time_14,Time_14.5,Time_15,Time_15.5,Time_16,Time_16.5,Time_17,Time_17.5,Time_18,Time_18.5,Time_19,Time_19.5,Time_20
_lowTORIN_KGPUMBL_052817.xls,NCYC 3312-2.5% DMSO,54.02802736,31.41936887,67.40633641,43.05151032,NCYC 3312,DBVPG 1373,2.5% DMSO,DBVPG 1373*2.5% DMSO,0,0.096,0.109666667,0.104333333,0.107666667,0.201333333,0.261,0.337333333,0.411666667,0.519666667,0.640333333,0.753,0.872,0.964,1.048333333,1.136666667,1.200333333,1.235,1.269666667,1.303,1.335,1.370333333,1.400666667,1.424333333,1.454666667,1.471333333,1.493666667,1.513666667,1.525333333,1.555,1.577,1.595333333,1.612,1.624333333,1.639666667,1.652666667,1.671,1.673666667,1.687,1.7,1.71
SGRP_mTORinhibits_SET1_lowTORINredo_JEMBL_08032017.xls,NCYC 3312-2.5% DMSO,71.04375521,3.570783265,78.45802912,3.546833319,NCYC 3312,DBVPG 1373,2.5% DMSO,DBVPG 1373*2.5% DMSO,0,0.018666667,0.033666667,0.040666667,0.049,0.060666667,0.078666667,0.100333333,0.130666667,0.17,0.214,0.286666667,0.372666667,0.476,0.573666667,0.678666667,0.783333333,0.884333333,0.982666667,1.072666667,1.125333333,1.154,1.184333333,1.218666667,1.256333333,1.292666667,1.324333333,1.355,1.381,1.409,1.431,1.453666667,1.474,1.494,1.514,1.530333333,1.548,1.561,1.579666667,1.593333333,1.604
SGRP_mTORinhibitsSCREEN_SET1_LOW_TORIN_MGK_081617.xls,NCYC 3312-2.5% DMSO,74.0590578,4.796803512,82.47513222,2.435333002,NCYC 3312,DBVPG 1373,2.5% DMSO,DBVPG 1373*2.5% DMSO,0,0.038666667,0.044333333,0.053333333,0.068,0.085333333,0.112,0.141333333,0.181666667,0.233,0.299333333,0.373666667,0.472,0.569,0.667,0.766,0.863,0.945666667,1.019333333,1.081333333,1.133,1.181666667,1.212,1.244666667,1.280666667,1.314,1.346333333,1.375333333,1.407666667,1.433,1.454333333,1.476333333,1.497666667,1.519666667,1.534666667,1.556333333,1.57,1.586,1.598666667,1.610666667,1.625666667
