experiment,Line-Treatment,DT inflection,StDev_inf,DT interval,StDev_int,Lab strain,Strain,Treatment,Strain*Treatment,Time_0,Time_0.5,Time_1,Time_1.5,Time_2,Time_2.5,Time_3,Time_3.5,Time_4,Time_4.5,Time_5,Time_5.5,Time_6,Time_6.5,Time_7,Time_7.5,Time_8,Time_8.5,Time_9,Time_9.5,Time_10,Time_10.5,Time_11,Time_11.5,Time_12,Time_12.5,Time_13,Time_13.5,Time_14,Time_14.5,Time_15,Time_15.5,Time_16,Time_16.5,Time_17,Time_17.5,Time_18,Time_18.5,Time_19,Time_19.5,Time_20
SGRP_mTORinhibitsSCREEN_SET2_CAFFEINE AND lowTORIN_MGK_AR_120320,NCYC 3466-1 uM Torin 1,82.03198801,1.340260136,87.22503344,1.738536312,NCYC 3466,S288c ,1 uM Torin 1,S288c *1 uM Torin 1,0,0.047666667,0.054333333,0.065666667,0.077666667,0.098333333,0.124333333,0.157333333,0.195333333,0.251666667,0.316666667,0.401,0.491333333,0.593,0.702333333,0.811666667,0.925333333,1.036666667,1.141,1.179333333,1.193,1.200333333,1.216,1.229666667,1.248333333,1.271666667,1.296666667,1.320333333,1.344,1.364666667,1.392666667,1.416,1.436333333,1.462666667,1.486,1.507333333,1.529,1.548666667,1.565666667,1.583333333,1.598
SGRP_mTORinhibitsSCREEN_SET2_LOWTORIN_ARMBL_09192017.xls,NCYC 3466-1 uM Torin 1,74.50799237,4.288590908,85.30426988,1.118103004,NCYC 3466,S288c ,1 uM Torin 1,S288c *1 uM Torin 1,0,0.029333333,0.030333333,0.029333333,0.028666667,0.028333333,0.028666667,0.029666667,0.032666667,0.037,0.040666667,0.046,0.052666667,0.061,0.078666667,0.096,0.115,0.147333333,0.192666667,0.240666667,0.31,0.401333333,0.512333333,0.645666667,0.773333333,0.877333333,0.926,0.97,1.010333333,1.060333333,1.111666667,1.160333333,1.204333333,1.243333333,1.279,1.310333333,1.337333333,1.363666667,1.388666667,1.408,1.428333333
SGRP_mTORinhibitsSCREEN_SET2_lowTORIN_JEMBL_100117.xls,NCYC 3466-1 uM Torin 1,79.49860078,1.197234226,89.51658147,1.330104751,NCYC 3466,S288c ,1 uM Torin 1,S288c *1 uM Torin 1,0,0.030666667,0.041,0.041666667,0.051333333,0.068666667,0.088,0.106333333,0.139333333,0.181,0.230666667,0.292666667,0.364,0.454,0.552,0.666333333,0.776,0.892333333,1.008333333,1.119333333,1.182666667,1.197,1.206,1.222,1.234333333,1.253666667,1.277,1.302,1.327666667,1.351,1.377,1.402666667,1.426666667,1.450666667,1.476,1.5,1.522,1.543333333,1.564,1.583333333,1.601
