experiment,Line-Treatment,DT inflection,StDev_inf,DT interval,StDev_int,Lab strain,Strain,Treatment,Strain*Treatment,Time_0,Time_0.5,Time_1,Time_1.5,Time_2,Time_2.5,Time_3,Time_3.5,Time_4,Time_4.5,Time_5,Time_5.5,Time_6,Time_6.5,Time_7,Time_7.5,Time_8,Time_8.5,Time_9,Time_9.5,Time_10,Time_10.5,Time_11,Time_11.5,Time_12,Time_12.5,Time_13,Time_13.5,Time_14,Time_14.5,Time_15,Time_15.5,Time_16,Time_16.5,Time_17,Time_17.5,Time_18,Time_18.5,Time_19,Time_19.5,Time_20
SGRP_mTORinhibitsSCREEN_SET3_CAFFEINE AND lowTORIN_JEMBL_1201201,yML678-6.67% H2O,99.45672269,4.794096529,94.94424711,13.83807278,yML 678,N-43,6.67% H2O,N-43*6.67% H2O,0,0.024333333,0.021666667,0.016666667,0.018333333,0.016,0.015,0.018,0.055,0.127666667,0.219666667,0.269,0.324666667,0.389666667,0.459666667,0.538666667,0.623,0.709333333,0.803666667,0.891,0.98,1.010666667,1.020666667,1.048333333,1.067333333,1.101,1.135333333,1.169333333,1.201666667,1.231666667,1.260666667,1.292,1.331333333,1.347666667,1.37,1.398,1.426333333,1.447,1.463,1.482333333,1.495
