experiment,Line-Treatment,DT inflection,StDev_inf,DT interval,StDev_int,Lab strain,Strain,Treatment,Strain*Treatment,Time_0,Time_0.5,Time_1,Time_1.5,Time_2,Time_2.5,Time_3,Time_3.5,Time_4,Time_4.5,Time_5,Time_5.5,Time_6,Time_6.5,Time_7,Time_7.5,Time_8,Time_8.5,Time_9,Time_9.5,Time_10,Time_10.5,Time_11,Time_11.5,Time_12,Time_12.5,Time_13,Time_13.5,Time_14,Time_14.5,Time_15,Time_15.5,Time_16,Time_16.5,Time_17,Time_17.5,Time_18,Time_18.5,Time_19,Time_19.5,Time_20
SGRP_mTOR_inhibitsSCREEN_SET2_HighRAPA+LowTorin_Repeat_JEMBL_073,NCYC 3461-20 ng/ml RAPA,72.8511326,5.502876237,176.9083196,29.58599207,NCYC 3461,UWOPS03-461.4 ,20 ng/mL RAPA,UWOPS03-461.4 *20 ng/mL RAPA,0,0.047333333,0.051,0.065,0.076666667,0.074,0.085333333,0.108333333,0.133,0.16,0.185333333,0.230333333,0.271666667,0.314333333,0.348666667,0.387666667,0.427666667,0.484,0.535666667,0.582666667,0.655333333,0.708666667,0.775666667,0.825,0.894,0.961666667,1.028666667,1.081666667,1.149333333,1.204333333,1.262666667,1.32,1.361,1.390666667,1.409666667,1.435666667,1.456,1.482666667,1.504333333,1.523,1.544666667
SGRP_mTORinhibitsSCREEN_Set2_highRAPA_KGPU_11202017_F.xls,NCYC 3461-20 ng/ml RAPA,125.0616196,12.44206739,186.4044406,2.80183716,NCYC 3461,UWOPS03-461.4 ,20 ng/mL RAPA,UWOPS03-461.4 *20 ng/mL RAPA,0,0.052,0.056333333,0.066,0.084666667,0.088666667,0.1,0.119,0.136333333,0.147666667,0.170333333,0.188,0.221666667,0.243666667,0.271,0.308333333,0.343,0.385,0.427333333,0.471333333,0.525,0.582333333,0.642666667,0.703666667,0.763333333,0.826,0.888333333,0.956666667,1.018,1.080666667,1.14,1.197666667,1.254333333,1.308333333,1.355,1.386333333,1.408666667,1.431,1.453,1.476,1.498
