experiment,Line-Treatment,DT inflection,StDev_inf,DT interval,StDev_int,Lab strain,Strain,Treatment,Strain*Treatment,Time_0,Time_0.5,Time_1,Time_1.5,Time_2,Time_2.5,Time_3,Time_3.5,Time_4,Time_4.5,Time_5,Time_5.5,Time_6,Time_6.5,Time_7,Time_7.5,Time_8,Time_8.5,Time_9,Time_9.5,Time_10,Time_10.5,Time_11,Time_11.5,Time_12,Time_12.5,Time_13,Time_13.5,Time_14,Time_14.5,Time_15,Time_15.5,Time_16,Time_16.5,Time_17,Time_17.5,Time_18,Time_18.5,Time_19,Time_19.5,Time_20
RB_RUN1_F_SGRPmTORscreen_KGA_11082018.xls,yML708-1 uM Torin 1,53.26648526,1.328087475,57.20115021,3.553842716,yML 708,PW5,1 uM Torin 1,PW5*1 uM Torin 1,0,0.08,0.099333333,0.130666667,0.189,0.251,0.353333333,0.464666667,0.582666667,0.727333333,0.844333333,0.969,1.052333333,1.115666667,1.144,1.163333333,1.188333333,1.217666667,1.241333333,1.271333333,1.304,1.333333333,1.362,1.382333333,1.400333333,1.426,1.443,1.461666667,1.480333333,1.495666667,1.510333333,1.523666667,1.564333333,1.546,1.557333333,1.572666667,1.58,1.584666667,1.594666667,1.606333333,1.616333333
