experiment,Line-Treatment,DT inflection,StDev_inf,DT interval,StDev_int,Lab strain,Strain,Treatment,Strain*Treatment,Time_0,Time_0.5,Time_1,Time_1.5,Time_2,Time_2.5,Time_3,Time_3.5,Time_4,Time_4.5,Time_5,Time_5.5,Time_6,Time_6.5,Time_7,Time_7.5,Time_8,Time_8.5,Time_9,Time_9.5,Time_10,Time_10.5,Time_11,Time_11.5,Time_12,Time_12.5,Time_13,Time_13.5,Time_14,Time_14.5,Time_15,Time_15.5,Time_16,Time_16.5,Time_17,Time_17.5,Time_18,Time_18.5,Time_19,Time_19.5,Time_20
SGRP_mTORinhibitsSCREEN_SET2_CAFFEINE AND lowTORIN_MGK_AR_120320,yML 558-2.5% DMSO,69.92519822,2.255407801,75.2132264,2.24040955,yML 558,FL100,2.5% DMSO,FL100*2.5% DMSO,0,0.068666667,0.079666667,0.102,0.130333333,0.174,0.225333333,0.303333333,0.391333333,0.516666667,0.639,0.783333333,0.927333333,1.058,1.175,1.216333333,1.240666667,1.265,1.287666667,1.318333333,1.344,1.366,1.397,1.421666667,1.449,1.475,1.498,1.52,1.542666667,1.556666667,1.583333333,1.601,1.619333333,1.634333333,1.652,1.670333333,1.683,1.694,1.709333333,1.722333333,1.734
SGRP_mTORinhibitsSCREEN_SET2_LOWRAPA_highTORIN_MGK_12032017_F,yML 558-2.5% DMSO,62.39409461,1.455464619,63.32228218,0.707793907,yML 558,FL100,2.5% DMSO,FL100*2.5% DMSO,0,0.036666667,0.042666667,0.051666667,0.067666667,0.089333333,0.125666667,0.174333333,0.243333333,0.336333333,0.450666667,0.584,0.727,0.878666667,1.017333333,1.134666667,1.193,1.216,1.238,1.262666667,1.292666667,1.325,1.353666667,1.384,1.415,1.447,1.474333333,1.500333333,1.525666667,1.55,1.572,1.593,1.610333333,1.63,1.650666667,1.664333333,1.681666667,1.693333333,1.706,1.721333333,1.731
