experiment,Line-Treatment,DT inflection,StDev_inf,DT interval,StDev_int,Lab strain,Strain,Treatment,Strain*Treatment,Time_0,Time_0.5,Time_1,Time_1.5,Time_2,Time_2.5,Time_3,Time_3.5,Time_4,Time_4.5,Time_5,Time_5.5,Time_6,Time_6.5,Time_7,Time_7.5,Time_8,Time_8.5,Time_9,Time_9.5,Time_10,Time_10.5,Time_11,Time_11.5,Time_12,Time_12.5,Time_13,Time_13.5,Time_14,Time_14.5,Time_15,Time_15.5,Time_16,Time_16.5,Time_17,Time_17.5,Time_18,Time_18.5,Time_19,Time_19.5,Time_20
SGRP_mTOR_inhibitsSCREEN_SET2_HighRAPA+LowTorin_Repeat_JEMBL_073,yML 558-1% DMSO,59.84054624,0.225772264,60.64750569,0.41308549,yML 558,FL100,1% DMSO,FL100*1% DMSO,0,0.037666667,0.046,0.06,0.081666667,0.113,0.160333333,0.227,0.318333333,0.444,0.583333333,0.741666667,0.909333333,1.052333333,1.170333333,1.208333333,1.231333333,1.256,1.285666667,1.32,1.349,1.383666667,1.416,1.447666667,1.474,1.501666667,1.526666667,1.553,1.573333333,1.593,1.611,1.629333333,1.646,1.664333333,1.679,1.7,1.714,1.730333333,1.744666667,1.759333333,1.779333333
SGRP_mTORinhibitsSCREEN_SET2_LOWRAPA_highTORIN_MGK_12032017_F,yML 558-1% DMSO,57.97507891,1.63382993,57.97507891,1.63382993,yML 558,FL100,1% DMSO,FL100*1% DMSO,0,0.041666667,0.042333333,0.053333333,0.070666667,0.096333333,0.133666667,0.190666667,0.273,0.380333333,0.510666667,0.657,0.813666667,0.963,1.088666667,1.181333333,1.208666667,1.229666667,1.254,1.283666667,1.310666667,1.339,1.366333333,1.396333333,1.427333333,1.455666667,1.481,1.505333333,1.531,1.553666667,1.573666667,1.595,1.612666667,1.630333333,1.649,1.662,1.676666667,1.689,1.700333333,1.717333333,1.726666667
