experiment,Line-Treatment,DT inflection,StDev_inf,DT interval,StDev_int,Lab strain,Strain,Treatment,Strain*Treatment,Time_0,Time_0.5,Time_1,Time_1.5,Time_2,Time_2.5,Time_3,Time_3.5,Time_4,Time_4.5,Time_5,Time_5.5,Time_6,Time_6.5,Time_7,Time_7.5,Time_8,Time_8.5,Time_9,Time_9.5,Time_10,Time_10.5,Time_11,Time_11.5,Time_12,Time_12.5,Time_13,Time_13.5,Time_14,Time_14.5,Time_15,Time_15.5,Time_16,Time_16.5,Time_17,Time_17.5,Time_18,Time_18.5,Time_19,Time_19.5,Time_20
SET1GDC_ARMBL_080217.xls,NCYC 3454-100 uM GDC0941,70.94910315,1.294734662,73.14351586,0.452112622,NCYC 3454,YS9,100 uM GDC0941,YS9*100 uM GDC0941,0,0.002666667,0.003333333,0.003333333,0.003333333,0.004333333,0.005666667,0.005666667,0.007,0.008333333,0.010333333,0.013333333,0.017666667,0.022333333,0.029333333,0.038,0.050333333,0.068333333,0.093333333,0.125333333,0.173,0.228,0.305666667,0.404333333,0.52,0.647666667,0.789666667,0.939333333,1.071333333,1.114666667,1.147,1.164666667,1.196,1.225,1.259333333,1.294,1.326,1.361333333,1.394333333,1.421666667,1.447
SGRP_mTOR_inhibitsSCREEN_SET1_GDC_redo_JE_092617.xls,NCYC 3454-100 uM GDC0941,72.7896021,1.591883975,77.23176424,1.233749678,NCYC 3454,YS9,100 uM GDC0941,YS9*100 uM GDC0941,0,0.063333333,0.071,0.085,0.103666667,0.127666667,0.159666667,0.207666667,0.27,0.358,0.476,0.610666667,0.761333333,0.909,1.054,1.177,1.209666667,1.240666667,1.264333333,1.293333333,1.322,1.353,1.367666667,1.419,1.447333333,1.479,1.506333333,1.526666667,1.550666667,1.572666667,1.595333333,1.613,1.630333333,1.645333333,1.665,1.676666667,1.689333333,1.703,1.714,1.725333333,1.737
