experiment,Line-Treatment,DT inflection,StDev_inf,DT interval,StDev_int,Lab strain,Strain,Treatment,Strain*Treatment,Time_0,Time_0.5,Time_1,Time_1.5,Time_2,Time_2.5,Time_3,Time_3.5,Time_4,Time_4.5,Time_5,Time_5.5,Time_6,Time_6.5,Time_7,Time_7.5,Time_8,Time_8.5,Time_9,Time_9.5,Time_10,Time_10.5,Time_11,Time_11.5,Time_12,Time_12.5,Time_13,Time_13.5,Time_14,Time_14.5,Time_15,Time_15.5,Time_16,Time_16.5,Time_17,Time_17.5,Time_18,Time_18.5,Time_19,Time_19.5,Time_20
SGRP_mTORinhibitsSCREEN_SET3_round3_highRAPA_KG_091517_D.xls,YML667-20 ng/ml RAPA,70.9232086,18.65735464,206.5936319,162.4892614,yML 667,N-44,20 ng/mL RAPA,N-44*20 ng/mL RAPA,0,0.069666667,0.069666667,0.066333333,0.054333333,0.058,0.039,0.072,0.095666667,0.123666667,0.135333333,0.181333333,0.187,0.223,0.247,0.287,0.354666667,0.389666667,0.459666667,0.516666667,0.596666667,0.661333333,0.732333333,0.786333333,0.867333333,0.923,0.983,1.028666667,1.107,1.133333333,1.190666667,1.236333333,1.296333333,1.349666667,1.383666667,1.429666667,1.468666667,1.494333333,1.530333333,1.544666667,1.570333333
