experiment,Line-Treatment,DT inflection,StDev_inf,DT interval,StDev_int,Lab strain,Strain,Treatment,Strain*Treatment,Time_0,Time_0.5,Time_1,Time_1.5,Time_2,Time_2.5,Time_3,Time_3.5,Time_4,Time_4.5,Time_5,Time_5.5,Time_6,Time_6.5,Time_7,Time_7.5,Time_8,Time_8.5,Time_9,Time_9.5,Time_10,Time_10.5,Time_11,Time_11.5,Time_12,Time_12.5,Time_13,Time_13.5,Time_14,Time_14.5,Time_15,Time_15.5,Time_16,Time_16.5,Time_17,Time_17.5,Time_18,Time_18.5,Time_19,Time_19.5,Time_20
SET2_caffeine_KGPU_080517.xls,yML558-1000 ug/ml Caffeine,77.11688152,7.975726306,89.19114338,4.350209324,yML 558,FL100,1 mg/mL Caffeine,FL100*1 mg/mL Caffeine,0,0.030333333,0.03,0.033333333,0.04,0.048,0.059666667,0.079,0.102,0.13,0.172666667,0.213666667,0.263666667,0.341,0.42,0.514666667,0.629333333,0.736,0.863666667,0.99,1.081666667,1.169333333,1.238666667,1.279,1.310666667,1.337333333,1.378,1.401,1.436,1.47,1.498333333,1.520333333,1.547666667,1.569,1.587333333,1.608333333,1.63,1.647,1.666,1.685,1.699333333
SGRP_mTORinhibits_SET2_Caffeine_JE_092817.xls,yML558-1000 ug/ml Caffeine,73.15451965,4.116775762,109.2561087,22.42268249,yML 558,FL100,1 mg/mL Caffeine,FL100*1 mg/mL Caffeine,0,0.053333333,0.055666667,0.059333333,0.067,0.076333333,0.096,0.126666667,0.156333333,0.207666667,0.261,0.331,0.383,0.491666667,0.613333333,0.762666667,0.877666667,1.017,1.164666667,1.259666667,1.328666667,1.350333333,1.382666667,1.411,1.441666667,1.466666667,1.502666667,1.533,1.553333333,1.576333333,1.597333333,1.618333333,1.637666667,1.653,1.672,1.691,1.701333333,1.714,1.732666667,1.725333333,1.759
SGRP_mTORinhibitsSCREEN_SET2_Caffeine_JE_092717.xls,yML558-1000 ug/ml Caffeine,82.08348938,1.222086805,98.82185334,0.490846326,yML 558,FL100,1 mg/mL Caffeine,FL100*1 mg/mL Caffeine,0,0.058333333,0.061666667,0.068,0.081333333,0.097,0.11,0.140666667,0.181,0.23,0.282666667,0.343666667,0.416666667,0.509333333,0.619666667,0.731,0.850333333,0.988,1.118,1.228,1.282333333,1.307333333,1.329333333,1.371333333,1.394666667,1.421333333,1.462,1.498333333,1.522666667,1.548333333,1.575,1.594333333,1.616666667,1.632666667,1.651,1.670333333,1.688333333,1.707,1.722,1.736,1.751333333
