experiment,Line-Treatment,DT inflection,StDev_inf,DT interval,StDev_int,Lab strain,Strain,Treatment,Strain*Treatment,Time_0,Time_0.5,Time_1,Time_1.5,Time_2,Time_2.5,Time_3,Time_3.5,Time_4,Time_4.5,Time_5,Time_5.5,Time_6,Time_6.5,Time_7,Time_7.5,Time_8,Time_8.5,Time_9,Time_9.5,Time_10,Time_10.5,Time_11,Time_11.5,Time_12,Time_12.5,Time_13,Time_13.5,Time_14,Time_14.5,Time_15,Time_15.5,Time_16,Time_16.5,Time_17,Time_17.5,Time_18,Time_18.5,Time_19,Time_19.5,Time_20
SGRP_mTORinhibitsSCREEN_SET1_AZD8055_KGPUARMBL_061817.xls,NCYC 3452-100uM AZD08055,56.24393539,2.213964755,63.26888004,4.136749553,NCYC 3452,K11,100 uM AZD8055,K11*100 uM AZD8055,0,0.096,0.115,0.149333333,0.202,0.288666667,0.409666667,0.563333333,0.731333333,0.910333333,1.053666667,1.174,1.289333333,1.381666667,1.477666667,1.527,1.517333333,1.537333333,1.551666667,1.555,1.588,1.611666667,1.623666667,1.635333333,1.654333333,1.657,1.661,1.701,1.715,1.702333333,1.640666667,1.737666667,1.668666667,1.683333333,1.682333333,1.724,1.718333333,1.740333333,1.749,1.736333333,1.802
