experiment,Line-Treatment,DT inflection,StDev_inf,DT interval,StDev_int,Lab strain,Strain,Treatment,Strain*Treatment,Time_0,Time_0.5,Time_1,Time_1.5,Time_2,Time_2.5,Time_3,Time_3.5,Time_4,Time_4.5,Time_5,Time_5.5,Time_6,Time_6.5,Time_7,Time_7.5,Time_8,Time_8.5,Time_9,Time_9.5,Time_10,Time_10.5,Time_11,Time_11.5,Time_12,Time_12.5,Time_13,Time_13.5,Time_14,Time_14.5,Time_15,Time_15.5,Time_16,Time_16.5,Time_17,Time_17.5,Time_18,Time_18.5,Time_19,Time_19.5,Time_20
SGRP_mTORinhibitsSCREEN_SET3_CAFFEINE AND lowTORIN_JEMBL_1201201,yML666-1 uM Torin 11,69.97512507,4.432848348,99.45928788,28.46205084,yML 666,UFRJ50816,1 uM Torin 1,UFRJ50816*1 uM Torin 1,0,0.067666667,0.067333333,0.052666667,0.032666667,0.024666667,0.021666667,0.016,0.012333333,0.012,0.311333333,0.377666667,0.476333333,0.642,0.798,0.893,1.045,1.128,1.213333333,1.247,1.257333333,1.264333333,1.298333333,1.314666667,1.357,1.379666667,1.414,1.427333333,1.455,1.484333333,1.508,1.526666667,1.528,1.568666667,1.573333333,1.601,1.592666667,1.609,1.640333333,1.642,1.658333333
