experiment,Line-Treatment,DT inflection,StDev_inf,DT interval,StDev_int,Lab strain,Strain,Treatment,Strain*Treatment,Time_0,Time_0.5,Time_1,Time_1.5,Time_2,Time_2.5,Time_3,Time_3.5,Time_4,Time_4.5,Time_5,Time_5.5,Time_6,Time_6.5,Time_7,Time_7.5,Time_8,Time_8.5,Time_9,Time_9.5,Time_10,Time_10.5,Time_11,Time_11.5,Time_12,Time_12.5,Time_13,Time_13.5,Time_14,Time_14.5,Time_15,Time_15.5,Time_16,Time_16.5,Time_17,Time_17.5,Time_18,Time_18.5,Time_19,Time_19.5,Time_20
RB_RUN1_F_SGRPmTORscreen_KGA_11082018.xls,yML742-1 uM Torin 1,72.52011549,5.558709703,87.7286963,1.069446493,BY4743,BY4743,1 uM Torin 1,BY4743*1 uM Torin 1,0,0.031,0.033,0.036666667,0.044333333,0.043666667,0.073333333,0.096333333,0.129333333,0.178666667,0.222,0.290666667,0.366,0.458,0.557333333,0.654,0.754,0.845333333,0.919666667,0.955333333,0.963,0.965,0.972333333,0.976,0.982666667,0.989666667,0.997666667,1.006666667,1.016333333,1.023666667,1.033333333,1.043666667,1.054333333,1.065,1.076,1.088666667,1.096333333,1.106333333,1.117666667,1.127666667,1.136
