experiment,Line-Treatment,DT inflection,StDev_inf,DT interval,StDev_int,Lab strain,Strain,Treatment,Strain*Treatment,Time_0,Time_0.5,Time_1,Time_1.5,Time_2,Time_2.5,Time_3,Time_3.5,Time_4,Time_4.5,Time_5,Time_5.5,Time_6,Time_6.5,Time_7,Time_7.5,Time_8,Time_8.5,Time_9,Time_9.5,Time_10,Time_10.5,Time_11,Time_11.5,Time_12,Time_12.5,Time_13,Time_13.5,Time_14,Time_14.5,Time_15,Time_15.5,Time_16,Time_16.5,Time_17,Time_17.5,Time_18,Time_18.5,Time_19,Time_19.5,Time_20
SGRP_mTORinhibitsSCREEN_SET4_Caff_MGK_10252017_D.xls,YML693-1000 ug/ml Caffeine,93.79905689,8.881574442,114.3067766,13.09960879,yML 693,Z1,1 mg/mL Caffeine,Z1*1 mg/mL Caffeine,0,0.046,0.052333333,0.054333333,0.055,0.065666667,0.08,0.094,0.119666667,0.14,0.174,0.201666667,0.248333333,0.295,0.364666667,0.443666667,0.528333333,0.643333333,0.764,0.879666667,0.991333333,1.105,1.151,1.175666667,1.188666667,1.212333333,1.238,1.271333333,1.299333333,1.342333333,1.363666667,1.399666667,1.425666667,1.451333333,1.471,1.498,1.52,1.544,1.561666667,1.577333333,1.600666667
SGRP_mTORinhibitsSCREEN_SET4_Caffeine_MGK_09202017.xls,YML693-1000 ug/ml Caffeine,65.13489959,27.49806421,104.8509205,15.30912213,yML 693,Z1,1 mg/mL Caffeine,Z1*1 mg/mL Caffeine,0,0.101666667,0.097333333,0.1,0.103666667,0.105,0.072,0.111,0.16,0.186666667,0.225666667,0.274666667,0.351,0.403666667,0.465,0.550666667,0.641666667,0.753333333,0.829,0.917666667,1.008,1.094333333,1.172333333,1.238666667,1.252,1.251666667,1.290666667,1.317666667,1.346,1.373333333,1.401333333,1.440666667,1.464666667,1.492,1.513,1.538666667,1.555333333,1.576333333,1.597333333,1.616,1.633666667
