experiment,Line-Treatment,DT inflection,StDev_inf,DT interval,StDev_int,Lab strain,Strain,Treatment,Strain*Treatment,Time_0,Time_0.5,Time_1,Time_1.5,Time_2,Time_2.5,Time_3,Time_3.5,Time_4,Time_4.5,Time_5,Time_5.5,Time_6,Time_6.5,Time_7,Time_7.5,Time_8,Time_8.5,Time_9,Time_9.5,Time_10,Time_10.5,Time_11,Time_11.5,Time_12,Time_12.5,Time_13,Time_13.5,Time_14,Time_14.5,Time_15,Time_15.5,Time_16,Time_16.5,Time_17,Time_17.5,Time_18,Time_18.5,Time_19,Time_19.5,Time_20
RB_RUN1_F_SGRPmTORscreen_KGA_11082018.xls,NCYC3456-2.5 ng/mL Rapa,62.89535167,4.222174086,75.33112114,5.15644237,NCYC 3456,378604 X,2.5 ng/mL RAPA,378604 X*2.5 ng/mL RAPA,0,0.074333333,0.085333333,0.099,0.123,0.146333333,0.204,0.269333333,0.346666667,0.441666667,0.520333333,0.616,0.714666667,0.812333333,0.908,1.007,1.096333333,1.150666667,1.18,1.187333333,1.203,1.211333333,1.226,1.239,1.254666667,1.273,1.291666667,1.309333333,1.337666667,1.359,1.384333333,1.406,1.428,1.449,1.481333333,1.497666667,1.515,1.532333333,1.546333333,1.567,1.577
