experiment,Line-Treatment,DT inflection,StDev_inf,DT interval,StDev_int,Lab strain,Strain,Treatment,Strain*Treatment,Time_0,Time_0.5,Time_1,Time_1.5,Time_2,Time_2.5,Time_3,Time_3.5,Time_4,Time_4.5,Time_5,Time_5.5,Time_6,Time_6.5,Time_7,Time_7.5,Time_8,Time_8.5,Time_9,Time_9.5,Time_10,Time_10.5,Time_11,Time_11.5,Time_12,Time_12.5,Time_13,Time_13.5,Time_14,Time_14.5,Time_15,Time_15.5,Time_16,Time_16.5,Time_17,Time_17.5,Time_18,Time_18.5,Time_19,Time_19.5,Time_20
SGRP_mTOR_inhibitsSCREEN_SET2_HighRAPA+LowTorin_Repeat_JEMBL_073,NCYC 3461-1% DMSO,52.74974063,8.233286709,103.7737693,58.08572863,NCYC 3461,UWOPS03-461.4 ,1% DMSO,UWOPS03-461.4 *1% DMSO,0,0.021666667,0.031,0.065,0.085333333,0.120333333,0.16,0.226666667,0.295333333,0.425666667,0.581,0.777666667,0.981333333,1.138333333,1.193,1.229666667,1.263666667,1.300333333,1.342333333,1.376,1.422333333,1.457333333,1.497,1.520666667,1.557666667,1.581666667,1.611333333,1.622666667,1.654333333,1.670666667,1.688666667,1.705333333,1.723333333,1.733333333,1.751,1.761,1.775666667,1.790666667,1.798,1.814333333,1.829666667
SGRP_mTORinhibitsSCREEN_SET2_LOWRAPA_highTORIN_MGK_12032017_F,NCYC 3461-1% DMSO,33.41373912,25.09455149,142.453357,137.2270129,NCYC 3461,UWOPS03-461.4 ,1% DMSO,UWOPS03-461.4 *1% DMSO,0,0.066,0.055666667,0.048333333,0.056666667,0.046666667,0.083666667,0.111333333,0.195333333,0.262666667,0.391666667,0.566333333,0.739,0.961666667,1.126666667,1.18,1.218333333,1.248666667,1.288333333,1.338,1.368666667,1.415333333,1.447333333,1.478,1.505,1.526,1.558666667,1.585,1.596,1.615333333,1.634,1.649666667,1.662,1.685,1.695666667,1.695,1.71,1.718333333,1.723,1.748666667,1.766
