experiment,Line-Treatment,DT inflection,StDev_inf,DT interval,StDev_int,Lab strain,Strain,Treatment,Strain*Treatment,Time_0,Time_0.5,Time_1,Time_1.5,Time_2,Time_2.5,Time_3,Time_3.5,Time_4,Time_4.5,Time_5,Time_5.5,Time_6,Time_6.5,Time_7,Time_7.5,Time_8,Time_8.5,Time_9,Time_9.5,Time_10,Time_10.5,Time_11,Time_11.5,Time_12,Time_12.5,Time_13,Time_13.5,Time_14,Time_14.5,Time_15,Time_15.5,Time_16,Time_16.5,Time_17,Time_17.5,Time_18,Time_18.5,Time_19,Time_19.5,Time_20
SGRP_mTORinhibitsSCREEN_Set2_highRAPA_KGPU_11202017_F.xls,yML563-20 ng/ml RAPA,315.9970542,49.53210754,880.702544,218.0554887,yML 563,YJM269,20 ng/mL RAPA,YJM269*20 ng/mL RAPA,0,0.038666667,0.044666667,0.049333333,0.052666667,0.055,0.057666667,0.061666667,0.065666667,0.069666667,0.074666667,0.079333333,0.085666667,0.091666667,0.097333333,0.104333333,0.111333333,0.117,0.123,0.13,0.137333333,0.144333333,0.152,0.157333333,0.164666667,0.171666667,0.177,0.185333333,0.190666667,0.197333333,0.202333333,0.212,0.217666667,0.221666667,0.229666667,0.237,0.242333333,0.248666667,0.257333333,0.262,0.270666667
