experiment,Line-Treatment,DT inflection,StDev_inf,DT interval,StDev_int,Lab strain,Strain,Treatment,Strain*Treatment,Time_0,Time_0.5,Time_1,Time_1.5,Time_2,Time_2.5,Time_3,Time_3.5,Time_4,Time_4.5,Time_5,Time_5.5,Time_6,Time_6.5,Time_7,Time_7.5,Time_8,Time_8.5,Time_9,Time_9.5,Time_10,Time_10.5,Time_11,Time_11.5,Time_12,Time_12.5,Time_13,Time_13.5,Time_14,Time_14.5,Time_15,Time_15.5,Time_16,Time_16.5,Time_17,Time_17.5,Time_18,Time_18.5,Time_19,Time_19.5,Time_20
SGRP_mTORinhibitsSCREEN_SET1_LOWRAPA_highRAPA_lowTORIN_MGK_12022,NCYC 3319-20 ng/ml RAPA,159.973457,8.524026799,200.8241936,1.538146464,NCYC 3319,L-1528,20 ng/mL RAPA,L-1528*20 ng/mL RAPA,0,0.050666667,0.061333333,0.075,0.088,0.102,0.117,0.132333333,0.15,0.167333333,0.186666667,0.21,0.234333333,0.261333333,0.290666667,0.322,0.353,0.392333333,0.430333333,0.481666667,0.538333333,0.598333333,0.664,0.732,0.802333333,0.870666667,0.939333333,1.007,1.072666667,1.134333333,1.193333333,1.250333333,1.303,1.351,1.391666667,1.407666667,1.425666667,1.444333333,1.459,1.472666667,1.486
SGRP_mTORinhibitsSCREEN_SET1_LOWRAPA_highRAPA_lowTORIN_MGK_12022,NCYC 3319-20 ng/ml RAPA,170.0546494,5.062791892,201.084853,1.647134532,NCYC 3319,L-1528,20 ng/mL RAPA,L-1528*20 ng/mL RAPA,0,0.053,0.063666667,0.078,0.091,0.104,0.119666667,0.134333333,0.149666667,0.166666667,0.185333333,0.207,0.232333333,0.259,0.289,0.321,0.35,0.388333333,0.427333333,0.473666667,0.529666667,0.589666667,0.656,0.722666667,0.792333333,0.857666667,0.925666667,0.998333333,1.062333333,1.125333333,1.184666667,1.241333333,1.294,1.342333333,1.382666667,1.402333333,1.419333333,1.436,1.451333333,1.465,1.477666667
