experiment,Line-Treatment,DT inflection,StDev_inf,DT interval,StDev_int,Lab strain,Strain,Treatment,Strain*Treatment,Time_0,Time_0.5,Time_1,Time_1.5,Time_2,Time_2.5,Time_3,Time_3.5,Time_4,Time_4.5,Time_5,Time_5.5,Time_6,Time_6.5,Time_7,Time_7.5,Time_8,Time_8.5,Time_9,Time_9.5,Time_10,Time_10.5,Time_11,Time_11.5,Time_12,Time_12.5,Time_13,Time_13.5,Time_14,Time_14.5,Time_15,Time_15.5,Time_16,Time_16.5,Time_17,Time_17.5,Time_18,Time_18.5,Time_19,Time_19.5,Time_20
SGRP_mTORinhibitsSCREEN_SET2_LOWRAPA_highTORIN_MGK_12032017_F,yML 566-25 uM Torin 1,86.10904758,7.719183118,105.2373701,9.631568298,yML 566,FM479,25 uM Torin 1,FM479*25 uM Torin 1,0,0.038333333,0.038666667,0.034666667,0.035,0.036666667,0.043666667,0.046333333,0.05,0.057666667,0.061,0.065333333,0.071333333,0.083333333,0.100333333,0.119666667,0.152333333,0.184333333,0.232666667,0.280666667,0.343,0.420666667,0.510666667,0.612,0.724333333,0.842333333,0.963333333,1.082666667,1.202333333,1.306333333,1.358,1.405,1.429,1.450333333,1.471,1.491666667,1.507333333,1.520666667,1.532,1.546333333,1.557666667
