experiment,Line-Treatment,DT inflection,StDev_inf,DT interval,StDev_int,Lab strain,Strain,Treatment,Strain*Treatment,Time_0,Time_0.5,Time_1,Time_1.5,Time_2,Time_2.5,Time_3,Time_3.5,Time_4,Time_4.5,Time_5,Time_5.5,Time_6,Time_6.5,Time_7,Time_7.5,Time_8,Time_8.5,Time_9,Time_9.5,Time_10,Time_10.5,Time_11,Time_11.5,Time_12,Time_12.5,Time_13,Time_13.5,Time_14,Time_14.5,Time_15,Time_15.5,Time_16,Time_16.5,Time_17,Time_17.5,Time_18,Time_18.5,Time_19,Time_19.5,Time_20
SGRP_mTORinhibits_SET3_CAFFEINE_MGK_100817_F.xls,YML666-1000 ug/ml Caffeine,97.93396103,20.28237425,178.8340512,3.516369149,yML 666,UFRJ50816,1 mg/mL Caffeine,UFRJ50816*1 mg/mL Caffeine,0,0.042666667,0.046666667,0.045,0.068666667,0.087333333,0.131333333,0.166333333,0.183666667,0.179333333,0.219,0.246,0.273,0.309,0.338,0.406,0.474666667,0.553333333,0.620333333,0.711,0.824666667,0.941666667,1.032,1.113333333,1.169333333,1.193,1.179333333,1.220333333,1.245666667,1.278666667,1.292333333,1.336,1.370666667,1.389666667,1.423666667,1.457666667,1.485333333,1.494,1.527333333,1.561,1.568333333
SGRP_mTORinhibitsSCREEN_SET3_CAFFEINE_MGK_10082017_D.xls,YML666-1000 ug/ml Caffeine,118.1928535,4.690205801,163.3305182,11.06862646,yML 666,UFRJ50816,1 mg/mL Caffeine,UFRJ50816*1 mg/mL Caffeine,0,0.034333333,0.053666667,0.062,0.076666667,0.099333333,0.114,0.13,0.147333333,0.163666667,0.185333333,0.216666667,0.242333333,0.28,0.313666667,0.360333333,0.416,0.486,0.571,0.638666667,0.746666667,0.813,0.923,1.013666667,1.089,1.122,1.131666667,1.158666667,1.175666667,1.207333333,1.245,1.268666667,1.299666667,1.341,1.365,1.400666667,1.43,1.458666667,1.483,1.506333333,1.532666667
SGRP_mTORinhibitsSCREEN_SET3_Caffeine_NBMBL_07112017.xls,YML666-1000 ug/ml Caffeine,81.69924658,7.056580913,105.3082093,7.4987416,yML 666,UFRJ50816,1 mg/mL Caffeine,UFRJ50816*1 mg/mL Caffeine,0,0.035,0.040666667,0.031333333,0.046,0.020333333,0.145333333,0.185666667,0.221333333,0.263666667,0.339,0.422,0.537,0.649666667,0.778333333,0.908333333,1.04,1.140666667,1.174666667,1.195666667,1.211666667,1.227333333,1.250666667,1.282333333,1.318333333,1.347666667,1.38,1.412,1.443,1.475333333,1.501,1.529,1.549333333,1.577333333,1.591333333,1.612666667,1.631666667,1.648666667,1.662,1.679,1.696
