experiment,Line-Treatment,DT inflection,StDev_inf,DT interval,StDev_int,Lab strain,Strain,Treatment,Strain*Treatment,Time_0,Time_0.5,Time_1,Time_1.5,Time_2,Time_2.5,Time_3,Time_3.5,Time_4,Time_4.5,Time_5,Time_5.5,Time_6,Time_6.5,Time_7,Time_7.5,Time_8,Time_8.5,Time_9,Time_9.5,Time_10,Time_10.5,Time_11,Time_11.5,Time_12,Time_12.5,Time_13,Time_13.5,Time_14,Time_14.5,Time_15,Time_15.5,Time_16,Time_16.5,Time_17,Time_17.5,Time_18,Time_18.5,Time_19,Time_19.5,Time_20
_lowTORIN_KGPUMBL_052817.xls,NCYC 3447-2.5% DMSO,67.09935967,5.141812268,76.35537856,2.606473591,NCYC 3447,DBVPG 1106,2.5% DMSO,DBVPG 1106*2.5% DMSO,0,0.081666667,0.106333333,0.128666667,0.166333333,0.220666667,0.291666667,0.387333333,0.510666667,0.641333333,0.785333333,0.908666667,1.071333333,1.165666667,1.205,1.227,1.248,1.271333333,1.299,1.327333333,1.358,1.394666667,1.426333333,1.451333333,1.481,1.497333333,1.517333333,1.538,1.549,1.578,1.602,1.618333333,1.634,1.648333333,1.666,1.676333333,1.688333333,1.691666667,1.703,1.716,1.719
SGRP_mTORinhibits_SET1_lowTORINredo_JEMBL_08032017.xls,NCYC 3447-2.5% DMSO,62.90550751,4.806765467,76.31550407,3.796140895,NCYC 3447,DBVPG 1106,2.5% DMSO,DBVPG 1106*2.5% DMSO,0,0.023,0.047,0.057666667,0.070666667,0.093,0.126,0.171666667,0.223333333,0.297333333,0.412333333,0.554666667,0.699,0.845,0.995,1.123,1.165333333,1.184666667,1.201,1.23,1.259666667,1.291666667,1.324333333,1.354666667,1.391333333,1.423333333,1.449666667,1.474333333,1.497,1.519,1.540333333,1.558666667,1.576666667,1.595666667,1.611333333,1.625333333,1.641666667,1.652333333,1.666333333,1.679,1.688666667
SGRP_mTORinhibitsSCREEN_SET1_LOW_TORIN_MGK_081617.xls,NCYC 3447-2.5% DMSO,67.24638127,2.721231934,70.44203408,0.165848122,NCYC 3447,DBVPG 1106,2.5% DMSO,DBVPG 1106*2.5% DMSO,0,0.045333333,0.051,0.063666667,0.082,0.111333333,0.148666667,0.203,0.271,0.365,0.477,0.605666667,0.749333333,0.893666667,1.035333333,1.133333333,1.168666667,1.188666667,1.209666667,1.237666667,1.270666667,1.303,1.334,1.367333333,1.402,1.432666667,1.459333333,1.482,1.511333333,1.53,1.552,1.571,1.591666667,1.609,1.624,1.641333333,1.654666667,1.664333333,1.677333333,1.687333333,1.698
