experiment,Line-Treatment,DT inflection,StDev_inf,DT interval,StDev_int,Lab strain,Strain,Treatment,Strain*Treatment,Time_0,Time_0.5,Time_1,Time_1.5,Time_2,Time_2.5,Time_3,Time_3.5,Time_4,Time_4.5,Time_5,Time_5.5,Time_6,Time_6.5,Time_7,Time_7.5,Time_8,Time_8.5,Time_9,Time_9.5,Time_10,Time_10.5,Time_11,Time_11.5,Time_12,Time_12.5,Time_13,Time_13.5,Time_14,Time_14.5,Time_15,Time_15.5,Time_16,Time_16.5,Time_17,Time_17.5,Time_18,Time_18.5,Time_19,Time_19.5,Time_20
SGRP_mTORinhibitsSCREEN_SET1_LOWRAPA_highRAPA_lowTORIN_MGK_12022,NCYC 3313-20 ng/ml RAPA,175.5372003,7.219633277,225.3302319,0.969322771,NCYC 3313,DBVPG 1853,20 ng/mL RAPA,DBVPG 1853*20 ng/mL RAPA,0,0.048666667,0.059666667,0.070666667,0.080333333,0.091,0.102333333,0.115,0.127,0.142,0.158333333,0.175333333,0.196,0.218333333,0.243333333,0.269666667,0.295333333,0.327,0.357333333,0.390666667,0.423666667,0.456333333,0.489666667,0.538333333,0.584333333,0.629333333,0.675666667,0.723,0.77,0.818333333,0.864666667,0.913333333,0.957,1.002333333,1.044,1.086333333,1.125666667,1.165333333,1.201,1.239,1.274
SGRP_mTORinhibitsSCREEN_SET1_LOWRAPA_highRAPA_lowTORIN_MGK_12022,NCYC 3313-20 ng/ml RAPA,174.1219889,5.540448008,240.9607257,14.84950858,NCYC 3313,DBVPG 1853,20 ng/mL RAPA,DBVPG 1853*20 ng/mL RAPA,0,0.035333333,0.043333333,0.049666667,0.055666667,0.062,0.068,0.074666667,0.082666667,0.090333333,0.101,0.112,0.123666667,0.138666667,0.153333333,0.171333333,0.189333333,0.21,0.232,0.254333333,0.278333333,0.302333333,0.329666667,0.356666667,0.384666667,0.420333333,0.456,0.494333333,0.531666667,0.572,0.61,0.651,0.691666667,0.733,0.776333333,0.816,0.858333333,0.898666667,0.936333333,0.976333333,1.013666667
