experiment,Line-Treatment,DT inflection,StDev_inf,DT interval,StDev_int,Lab strain,Strain,Treatment,Strain*Treatment,Time_0,Time_0.5,Time_1,Time_1.5,Time_2,Time_2.5,Time_3,Time_3.5,Time_4,Time_4.5,Time_5,Time_5.5,Time_6,Time_6.5,Time_7,Time_7.5,Time_8,Time_8.5,Time_9,Time_9.5,Time_10,Time_10.5,Time_11,Time_11.5,Time_12,Time_12.5,Time_13,Time_13.5,Time_14,Time_14.5,Time_15,Time_15.5,Time_16,Time_16.5,Time_17,Time_17.5,Time_18,Time_18.5,Time_19,Time_19.5,Time_20
SGRP_mTORinhibitsSCREEN_SET2_CAFFEINE AND lowTORIN_MGK_AR_120320,yML 563-2.5% DMSO,77.14713907,3.695858461,93.87363539,2.316774205,yML 563,YJM269,2.5% DMSO,YJM269*2.5% DMSO,0,0.076666667,0.087333333,0.099666667,0.114333333,0.129333333,0.156,0.194,0.235333333,0.308,0.380666667,0.477333333,0.582666667,0.695666667,0.813,0.937333333,1.056666667,1.171666667,1.267666667,1.309666667,1.333666667,1.355,1.385,1.408,1.434,1.463333333,1.491666667,1.516333333,1.537,1.552333333,1.579333333,1.598,1.610333333,1.631,1.651666667,1.665666667,1.683,1.694666667,1.709,1.721333333,1.729333333
