experiment,Line-Treatment,DT inflection,StDev_inf,DT interval,StDev_int,Lab strain,Strain,Treatment,Strain*Treatment,Time_0,Time_0.5,Time_1,Time_1.5,Time_2,Time_2.5,Time_3,Time_3.5,Time_4,Time_4.5,Time_5,Time_5.5,Time_6,Time_6.5,Time_7,Time_7.5,Time_8,Time_8.5,Time_9,Time_9.5,Time_10,Time_10.5,Time_11,Time_11.5,Time_12,Time_12.5,Time_13,Time_13.5,Time_14,Time_14.5,Time_15,Time_15.5,Time_16,Time_16.5,Time_17,Time_17.5,Time_18,Time_18.5,Time_19,Time_19.5,Time_20
SGRP_mTORinhibitsSCREEN_SET 1 2 3 4 High-Low Rapa High-Low Torin,yML 567-1% DMSO,92.41650724,15.163534,103.6977183,6.877843143,yML 567,FM476,1% DMSO,FM476*1% DMSO,0,0.006333333,0.009,0.010666667,0.013,0.016,0.023,0.029666667,0.036,0.047,0.049666667,0.061666667,0.076333333,0.109333333,0.154,0.180666667,0.223666667,0.272666667,0.327,0.391,0.464333333,0.547,0.626666667,0.692,0.757666667,0.830333333,0.886666667,0.921666667,0.925666667,0.932,0.932666667,0.939666667,0.939,0.944333333,0.947333333,0.952333333,0.955333333,0.956,0.959666667,0.965333333,0.969
SGRP_mTORinhibitsSCREEN_SET3_LOWRAPA_JEMBL_12012017_F,yML 567-1% DMSO,112.0721382,4.81375483,118.8636827,2.391436927,yML 567,FM476,1% DMSO,FM476*1% DMSO,0,0.024666667,0.03,0.035,0.041333333,0.049,0.065333333,0.076,0.086333333,0.1,0.115,0.133666667,0.154,0.181666667,0.215666667,0.255,0.304666667,0.366666667,0.435666667,0.514333333,0.604,0.7,0.795333333,0.853666667,0.893666667,0.919,0.926,0.929333333,0.934,0.936666667,0.94,0.941333333,0.945666667,0.946666667,0.949333333,0.954,0.955333333,0.959666667,0.961333333,0.966,0.965
