experiment,Line-Treatment,DT inflection,StDev_inf,DT interval,StDev_int,Lab strain,Strain,Treatment,Strain*Treatment,Time_0,Time_0.5,Time_1,Time_1.5,Time_2,Time_2.5,Time_3,Time_3.5,Time_4,Time_4.5,Time_5,Time_5.5,Time_6,Time_6.5,Time_7,Time_7.5,Time_8,Time_8.5,Time_9,Time_9.5,Time_10,Time_10.5,Time_11,Time_11.5,Time_12,Time_12.5,Time_13,Time_13.5,Time_14,Time_14.5,Time_15,Time_15.5,Time_16,Time_16.5,Time_17,Time_17.5,Time_18,Time_18.5,Time_19,Time_19.5,Time_20
SET3_Low Rapa_REDO_MGK_081117.xls,YML668-2.5 ng/ml RAPA,86.22949293,7.035243343,149.6124835,14.26276767,yML 668,N-17,2.5 ng/mL RAPA,N-17*2.5 ng/mL RAPA,0,0.047,0.05,0.053666667,0.061333333,0.068666667,0.078666667,0.083333333,0.101333333,0.134,0.158666667,0.196,0.237,0.274,0.317,0.357666667,0.399,0.452333333,0.500333333,0.558333333,0.611333333,0.673666667,0.736666667,0.795333333,0.860333333,0.920333333,0.984333333,1.051333333,1.103333333,1.147666667,1.177,1.211,1.237,1.269666667,1.297333333,1.328,1.353,1.379,1.404333333,1.426,1.449
