experiment,Line-Treatment,DT inflection,StDev_inf,DT interval,StDev_int,Lab strain,Strain,Treatment,Strain*Treatment,Time_0,Time_0.5,Time_1,Time_1.5,Time_2,Time_2.5,Time_3,Time_3.5,Time_4,Time_4.5,Time_5,Time_5.5,Time_6,Time_6.5,Time_7,Time_7.5,Time_8,Time_8.5,Time_9,Time_9.5,Time_10,Time_10.5,Time_11,Time_11.5,Time_12,Time_12.5,Time_13,Time_13.5,Time_14,Time_14.5,Time_15,Time_15.5,Time_16,Time_16.5,Time_17,Time_17.5,Time_18,Time_18.5,Time_19,Time_19.5,Time_20
SGRP_mTORinhibitsSCREEN_Set2_highRAPA_KGPU_11202017_F.xls,yML561-20 ng/ml RAPA,400.1947989,60.87194395,733.0943534,25.58627512,yML 561,T73,20 ng/mL RAPA,T73*20 ng/mL RAPA,0,0.041333333,0.049333333,0.053333333,0.055333333,0.056,0.058,0.06,0.062333333,0.064333333,0.067,0.070666667,0.074333333,0.078,0.082,0.086666667,0.091333333,0.096666667,0.101,0.106666667,0.112666667,0.118666667,0.124,0.129333333,0.134,0.139666667,0.145,0.152,0.157,0.161333333,0.167333333,0.172333333,0.179333333,0.183666667,0.190333333,0.196666667,0.201,0.208333333,0.215,0.220333333,0.226333333
