experiment,Line-Treatment,DT inflection,StDev_inf,DT interval,StDev_int,Lab strain,Strain,Treatment,Strain*Treatment,Time_0,Time_0.5,Time_1,Time_1.5,Time_2,Time_2.5,Time_3,Time_3.5,Time_4,Time_4.5,Time_5,Time_5.5,Time_6,Time_6.5,Time_7,Time_7.5,Time_8,Time_8.5,Time_9,Time_9.5,Time_10,Time_10.5,Time_11,Time_11.5,Time_12,Time_12.5,Time_13,Time_13.5,Time_14,Time_14.5,Time_15,Time_15.5,Time_16,Time_16.5,Time_17,Time_17.5,Time_18,Time_18.5,Time_19,Time_19.5,Time_20
SGRP_mTORinhibitsSCREEN_SET3_round3_highRAPA_KG_091517_D.xls,YML666-20 ng/ml RAPA,136.4749174,36.13030267,834.5167091,245.2304183,yML 666,UFRJ50816,20 ng/mL RAPA,UFRJ50816*20 ng/mL RAPA,0,0.043,0.048333333,0.055666667,0.068333333,0.077666667,0.088666667,0.091,0.104666667,0.111333333,0.123,0.128333333,0.135,0.15,0.159333333,0.175,0.190666667,0.194,0.212666667,0.222,0.227666667,0.253333333,0.271,0.272666667,0.296333333,0.312333333,0.316666667,0.323333333,0.356666667,0.358666667,0.383666667,0.408666667,0.431333333,0.449666667,0.480333333,0.531,0.541333333,0.553666667,0.611333333,0.631333333,0.685333333
