experiment,Line-Treatment,DT inflection,StDev_inf,DT interval,StDev_int,Lab strain,Strain,Treatment,Strain*Treatment,Time_0,Time_0.5,Time_1,Time_1.5,Time_2,Time_2.5,Time_3,Time_3.5,Time_4,Time_4.5,Time_5,Time_5.5,Time_6,Time_6.5,Time_7,Time_7.5,Time_8,Time_8.5,Time_9,Time_9.5,Time_10,Time_10.5,Time_11,Time_11.5,Time_12,Time_12.5,Time_13,Time_13.5,Time_14,Time_14.5,Time_15,Time_15.5,Time_16,Time_16.5,Time_17,Time_17.5,Time_18,Time_18.5,Time_19,Time_19.5,Time_20
SGRP_mTORinhibitsSCREEN_SET2_CAFFEINE AND lowTORIN_MGK_AR_120320,NCYC 3467-1000 ug/mL Caffeine,290.4238591,72.37415986,,,NCYC 3467,W303,1 mg/mL Caffeine,W303*1 mg/mL Caffeine,0,0.022666667,0.021333333,0.021666667,0.021333333,0.022,0.023,0.023666667,0.025333333,0.026666667,0.03,0.032666667,0.035333333,0.037666667,0.039666667,0.042,0.045333333,0.045,0.045333333,0.048666667,0.053666667,0.052666667,0.058,0.057666667,0.059,0.067,0.067666667,0.075666667,0.072,0.070666667,0.083666667,0.080666667,0.083333333,0.090333333,0.091666667,0.096666667,0.100666667,0.104333333,0.109,0.109333333,0.113
