experiment,Line-Treatment,DT inflection,StDev_inf,DT interval,StDev_int,Lab strain,Strain,Treatment,Strain*Treatment,Time_0,Time_0.5,Time_1,Time_1.5,Time_2,Time_2.5,Time_3,Time_3.5,Time_4,Time_4.5,Time_5,Time_5.5,Time_6,Time_6.5,Time_7,Time_7.5,Time_8,Time_8.5,Time_9,Time_9.5,Time_10,Time_10.5,Time_11,Time_11.5,Time_12,Time_12.5,Time_13,Time_13.5,Time_14,Time_14.5,Time_15,Time_15.5,Time_16,Time_16.5,Time_17,Time_17.5,Time_18,Time_18.5,Time_19,Time_19.5,Time_20
SGRP_mTORinhibitsSCREEN_SET2_GDC_MGK_081917(fixed with adding wr,yML557-100 uM GDC0941,61.22392763,5.747698529,75.03261606,8.112609367,yML 557,T7,100 uM GDC0941,T7*100 uM GDC0941,0,0.048333333,0.097666667,0.085666667,0.088333333,0.109666667,0.154333333,0.212666667,0.271666667,0.379,0.505,0.639666667,0.785333333,0.922333333,1.060333333,1.189666667,1.280333333,1.315666667,1.340333333,1.373333333,1.408666667,1.438666667,1.478,1.509333333,1.533,1.558,1.582333333,1.601666667,1.618666667,1.635333333,1.655,1.667666667,1.683666667,1.695,1.708,1.721333333,1.732333333,1.743333333,1.752666667,1.762,1.773333333
