experiment,Line-Treatment,DT inflection,StDev_inf,DT interval,StDev_int,Lab strain,Strain,Treatment,Strain*Treatment,Time_0,Time_0.5,Time_1,Time_1.5,Time_2,Time_2.5,Time_3,Time_3.5,Time_4,Time_4.5,Time_5,Time_5.5,Time_6,Time_6.5,Time_7,Time_7.5,Time_8,Time_8.5,Time_9,Time_9.5,Time_10,Time_10.5,Time_11,Time_11.5,Time_12,Time_12.5,Time_13,Time_13.5,Time_14,Time_14.5,Time_15,Time_15.5,Time_16,Time_16.5,Time_17,Time_17.5,Time_18,Time_18.5,Time_19,Time_19.5,Time_20
SGRP_mTORinhibitsSCREEN_SET1_CAFFEINE AND lowTORIN_MGK_12022017_,NCYC 3266-6.67% H2O,74.40502614,5.641353561,78.4100166,4.040672248,NCYC 3266,Y55,6.67% H2O,Y55*6.67% H2O,0,0.053333333,0.066,0.084,0.109666667,0.139,0.175666667,0.228,0.3,0.389666667,0.498,0.615333333,0.744333333,0.877666667,1.020666667,1.147,1.169666667,1.186,1.205,1.235,1.263333333,1.297666667,1.330333333,1.362666667,1.397,1.433,1.461333333,1.487333333,1.517,1.54,1.561,1.587333333,1.605,1.625666667,1.641333333,1.660666667,1.674333333,1.690666667,1.698666667,1.712666667,1.723666667
