experiment,Line-Treatment,DT inflection,StDev_inf,DT interval,StDev_int,Lab strain,Strain,Treatment,Strain*Treatment,Time_0,Time_0.5,Time_1,Time_1.5,Time_2,Time_2.5,Time_3,Time_3.5,Time_4,Time_4.5,Time_5,Time_5.5,Time_6,Time_6.5,Time_7,Time_7.5,Time_8,Time_8.5,Time_9,Time_9.5,Time_10,Time_10.5,Time_11,Time_11.5,Time_12,Time_12.5,Time_13,Time_13.5,Time_14,Time_14.5,Time_15,Time_15.5,Time_16,Time_16.5,Time_17,Time_17.5,Time_18,Time_18.5,Time_19,Time_19.5,Time_20
SGRP_mTORinhibitsSCREEN_SET1HIGHrapaANDhighTORIN_PU_03162018_D.x,NCYC3447A-20 ng/mL Rapamycin,73.65168029,1.704549003,199.624846,5.787080476,NCYC 3447,DBVPG 1106,20 ng/mL RAPA,DBVPG 1106*20 ng/mL RAPA,0,0.058333333,0.072666667,0.091,0.105666667,0.122,0.139666667,0.157666667,0.173333333,0.195,0.213333333,0.283,0.263666667,0.295666667,0.330666667,0.377,0.402,0.434333333,0.490333333,0.539333333,0.596333333,0.657,0.712666667,0.774333333,0.840666667,0.903333333,1.011333333,1.033333333,1.090666667,1.151333333,1.207666667,1.257666667,1.308,1.349,1.364666667,1.375,1.395333333,1.411666667,1.427666667,1.44,1.453333333
