experiment,Line-Treatment,DT inflection,StDev_inf,DT interval,StDev_int,Lab strain,Strain,Treatment,Strain*Treatment,Time_0,Time_0.5,Time_1,Time_1.5,Time_2,Time_2.5,Time_3,Time_3.5,Time_4,Time_4.5,Time_5,Time_5.5,Time_6,Time_6.5,Time_7,Time_7.5,Time_8,Time_8.5,Time_9,Time_9.5,Time_10,Time_10.5,Time_11,Time_11.5,Time_12,Time_12.5,Time_13,Time_13.5,Time_14,Time_14.5,Time_15,Time_15.5,Time_16,Time_16.5,Time_17,Time_17.5,Time_18,Time_18.5,Time_19,Time_19.5,Time_20
SGRP_mTORinhibitsSCREEN_SET1HIGHrapaANDhighTORIN_PU_03162018_D.x,NCYC3447A-1%DMSO,65.29574522,2.697208671,71.07159796,0.661320826,NCYC 3447,DBVPG 1106,1% DMSO,DBVPG 1106*1% DMSO,0,0.057,0.07,0.089666667,0.118333333,0.155333333,0.213666667,0.286666667,0.375333333,0.486333333,0.617,0.755,0.892333333,1.035666667,1.166666667,1.202333333,1.218333333,1.237666667,1.270666667,1.299,1.329,1.359666667,1.391333333,1.423666667,1.456666667,1.486333333,1.548,1.537333333,1.559666667,1.583666667,1.602333333,1.62,1.639666667,1.656,1.670666667,1.683666667,1.698333333,1.709666667,1.724333333,1.730333333,1.743333333
