experiment,Line-Treatment,DT inflection,StDev_inf,DT interval,StDev_int,Lab strain,Strain,Treatment,Strain*Treatment,Time_0,Time_0.5,Time_1,Time_1.5,Time_2,Time_2.5,Time_3,Time_3.5,Time_4,Time_4.5,Time_5,Time_5.5,Time_6,Time_6.5,Time_7,Time_7.5,Time_8,Time_8.5,Time_9,Time_9.5,Time_10,Time_10.5,Time_11,Time_11.5,Time_12,Time_12.5,Time_13,Time_13.5,Time_14,Time_14.5,Time_15,Time_15.5,Time_16,Time_16.5,Time_17,Time_17.5,Time_18,Time_18.5,Time_19,Time_19.5,Time_20
SGRP_mTORinhibits_SET3_CAFFEINE_MGK_100817_F.xls,YML682-1000 ug/ml Caffeine,81.26955023,3.88961438,84.59537621,5.246304322,yML 682,A12,1 mg/mL Caffeine,A12*1 mg/mL Caffeine,0,0.062333333,0.067,0.075333333,0.089333333,0.106,0.131,0.163666667,0.207333333,0.267,0.340666667,0.433333333,0.546333333,0.668333333,0.798333333,0.937,1.071666667,1.186,1.26,1.286333333,1.312,1.340666667,1.370333333,1.401666667,1.430333333,1.46,1.491,1.518333333,1.539666667,1.560333333,1.583666667,1.600333333,1.616,1.634333333,1.643666667,1.658,1.668666667,1.679,1.687333333,1.693666667,1.704666667
SGRP_mTORinhibitsSCREEN_SET3_CAFFEINE_MGK_10082017_D.xls,YML682-1000 ug/ml Caffeine,91.37009865,1.059923867,97.23595372,1.599953619,yML 682,A12,1 mg/mL Caffeine,A12*1 mg/mL Caffeine,0,0.069333333,0.078,0.091,0.107,0.126,0.150666667,0.185666667,0.226666667,0.284333333,0.352,0.439,0.54,0.652,0.774,0.903,1.038666667,1.158333333,1.243,1.268,1.290333333,1.328333333,1.353333333,1.389333333,1.418666667,1.448666667,1.475333333,1.504333333,1.530333333,1.55,1.570666667,1.590333333,1.609666667,1.626,1.637666667,1.655333333,1.670333333,1.680666667,1.687666667,1.699333333,1.716666667
SGRP_mTORinhibitsSCREEN_SET3_Caffeine_NBMBL_07112017.xls,YML682-1000 ug/ml Caffeine,66.96239654,1.806134302,68.43289294,0.888812804,yML 682,A12,1 mg/mL Caffeine,A12*1 mg/mL Caffeine,0,0.043333333,0.049666667,0.058333333,0.076666667,0.102666667,0.138,0.185666667,0.253,0.341666667,0.453666667,0.579333333,0.718,0.861333333,1.008333333,1.144,1.241333333,1.283666667,1.304333333,1.333333333,1.365333333,1.400666667,1.428666667,1.458666667,1.489,1.514333333,1.538666667,1.563,1.584666667,1.605666667,1.622333333,1.64,1.653666667,1.669333333,1.682,1.694666667,1.704666667,1.717,1.727666667,1.739333333,1.747
