experiment,Line-Treatment,DT inflection,StDev_inf,DT interval,StDev_int,Lab strain,Strain,Treatment,Strain*Treatment,Time_0,Time_0.5,Time_1,Time_1.5,Time_2,Time_2.5,Time_3,Time_3.5,Time_4,Time_4.5,Time_5,Time_5.5,Time_6,Time_6.5,Time_7,Time_7.5,Time_8,Time_8.5,Time_9,Time_9.5,Time_10,Time_10.5,Time_11,Time_11.5,Time_12,Time_12.5,Time_13,Time_13.5,Time_14,Time_14.5,Time_15,Time_15.5,Time_16,Time_16.5,Time_17,Time_17.5,Time_18,Time_18.5,Time_19,Time_19.5,Time_20
SGRP_mTORinhibitsSCREEN_SET 1 2 3 4 High-Low Rapa High-Low Torin,yML698-2.5% DMSO,86.53038983,3.15056322,95.10369749,3.447677592,yML 698,IFO1804,2.5% DMSO,IFO1804*2.5% DMSO,0,0.025,0.03,0.033,0.036,0.040333333,0.047333333,0.056666667,0.068333333,0.082,0.100666667,0.125,0.158333333,0.196333333,0.242666667,0.298333333,0.366333333,0.444666667,0.523333333,0.619333333,0.711666667,0.795,0.861,0.92,0.952,0.989,1.021,1.037666667,1.034,1.030666667,1.03,1.028333333,1.026333333,1.023333333,1.024666667,1.024,1.022666667,1.021666667,1.021666667,1.022333333,1.021333333
