experiment,Line-Treatment,DT inflection,StDev_inf,DT interval,StDev_int,Lab strain,Strain,Treatment,Strain*Treatment,Time_0,Time_0.5,Time_1,Time_1.5,Time_2,Time_2.5,Time_3,Time_3.5,Time_4,Time_4.5,Time_5,Time_5.5,Time_6,Time_6.5,Time_7,Time_7.5,Time_8,Time_8.5,Time_9,Time_9.5,Time_10,Time_10.5,Time_11,Time_11.5,Time_12,Time_12.5,Time_13,Time_13.5,Time_14,Time_14.5,Time_15,Time_15.5,Time_16,Time_16.5,Time_17,Time_17.5,Time_18,Time_18.5,Time_19,Time_19.5,Time_20
SGRP_mTOR_inhibitsSCREEN_SET2_HighRAPA+LowTorin_Repeat_JEMBL_073,NCYC 3466-20 ng/ml RAPA,208.8895656,8.78087572,297.3086612,9.866759647,NCYC 3466,S288c ,20 ng/mL RAPA,S288c *20 ng/mL RAPA,0,0.046,0.054,0.064666667,0.076666667,0.085333333,0.093666667,0.104,0.114666667,0.126333333,0.139,0.151333333,0.166333333,0.181333333,0.197666667,0.214333333,0.232666667,0.252,0.273,0.294333333,0.317666667,0.338666667,0.361666667,0.386333333,0.411666667,0.436333333,0.463666667,0.489,0.514,0.539333333,0.567333333,0.594333333,0.620333333,0.649666667,0.676,0.703333333,0.726333333,0.754333333,0.781333333,0.807,0.832666667
SGRP_mTORinhibitsSCREEN_Set2_highRAPA_KGPU_11202017_F.xls,NCYC 3466-20 ng/ml RAPA,238.2493576,4.615562838,347.9892432,25.60156184,NCYC 3466,S288c ,20 ng/mL RAPA,S288c *20 ng/mL RAPA,0,0.032333333,0.038,0.046333333,0.052333333,0.055666667,0.06,0.066333333,0.072,0.079333333,0.086333333,0.094666667,0.103,0.112,0.121666667,0.132,0.143666667,0.155333333,0.167,0.181333333,0.196333333,0.210666667,0.227333333,0.243,0.259,0.278333333,0.296,0.315,0.335333333,0.354666667,0.375666667,0.397,0.418,0.439666667,0.463333333,0.483666667,0.508,0.531,0.553666667,0.577,0.601
