experiment,Line-Treatment,DT inflection,StDev_inf,DT interval,StDev_int,Lab strain,Strain,Treatment,Strain*Treatment,Time_0,Time_0.5,Time_1,Time_1.5,Time_2,Time_2.5,Time_3,Time_3.5,Time_4,Time_4.5,Time_5,Time_5.5,Time_6,Time_6.5,Time_7,Time_7.5,Time_8,Time_8.5,Time_9,Time_9.5,Time_10,Time_10.5,Time_11,Time_11.5,Time_12,Time_12.5,Time_13,Time_13.5,Time_14,Time_14.5,Time_15,Time_15.5,Time_16,Time_16.5,Time_17,Time_17.5,Time_18,Time_18.5,Time_19,Time_19.5,Time_20
SGRP_mTORinhibitsSCREEN_SET3_round2_GDC_KG_09142017_D.xls,YML667-100 uM GDC0941,17.27341866,1.074618315,37.3352364,30.12646615,yML 667,N-44,100 uM GDC0941,N-44*100 uM GDC0941,0,0.074,0.080333333,0.072333333,0.049333333,0.065333333,0.054666667,0.060666667,0.080666667,0.066,0.065,0.064666667,0.095333333,0.099666667,0.119333333,0.364666667,0.428333333,0.547,0.674,1.100333333,1.210666667,1.319666667,1.374,1.372,1.382666667,1.394,1.416333333,1.438666667,1.465333333,1.491333333,1.518333333,1.537333333,1.562333333,1.582,1.606666667,1.620333333,1.634,1.647666667,1.678333333,1.679333333,1.696
