experiment,Line-Treatment,DT inflection,StDev_inf,DT interval,StDev_int,Lab strain,Strain,Treatment,Strain*Treatment,Time_0,Time_0.5,Time_1,Time_1.5,Time_2,Time_2.5,Time_3,Time_3.5,Time_4,Time_4.5,Time_5,Time_5.5,Time_6,Time_6.5,Time_7,Time_7.5,Time_8,Time_8.5,Time_9,Time_9.5,Time_10,Time_10.5,Time_11,Time_11.5,Time_12,Time_12.5,Time_13,Time_13.5,Time_14,Time_14.5,Time_15,Time_15.5,Time_16,Time_16.5,Time_17,Time_17.5,Time_18,Time_18.5,Time_19,Time_19.5,Time_20
SGRP_mTOR_inhibitsSCREEN_SET3_round3_lowTORIN_KG_091517_F.xls,YML676-1 uM Torin 1,81.827896,2.705815584,119.2312643,5.846538965,yML 676,DBVPG 4650,1 uM Torin 1,DBVPG 4650*1 uM Torin 1,0,0.026666667,0.029666667,0.036,0.048333333,0.062,0.077666667,0.094,0.119333333,0.151,0.178,0.224333333,0.268,0.314,0.388666667,0.466333333,0.564,0.658333333,0.762666667,0.880333333,0.987,1.095333333,1.171666667,1.224,1.24,1.262333333,1.273,1.29,1.306,1.327666667,1.346,1.370333333,1.389666667,1.413,1.429333333,1.456666667,1.483666667,1.506666667,1.526666667,1.546,1.56
SGRP_mTORinhibitsSCREEN_SET3_LOWTORIN_MGK_09112017F.xls,YML676-1 uM Torin 1,64.18560664,0.478501448,66.46517777,0.682273866,yML 676,DBVPG 4650,1 uM Torin 1,DBVPG 4650*1 uM Torin 1,0,0.042,0.046666667,0.052666667,0.066666667,0.088666667,0.121,0.165333333,0.228666667,0.309333333,0.413333333,0.543333333,0.673333333,0.819666667,0.967666667,1.112666667,1.221333333,1.257333333,1.280666667,1.307,1.339333333,1.375333333,1.405666667,1.439,1.471333333,1.497333333,1.524,1.549666667,1.569333333,1.588666667,1.607,1.623333333,1.637333333,1.652,1.661666667,1.674666667,1.686666667,1.700333333,1.709,1.718333333,1.725666667
SGRP_mTORinhibitsSCREEN_SET3_LOWTORIN_PUMT_062817.xls,YML676-1 uM Torin 1,89.35884993,11.52266757,144.2811873,9.723608292,yML 676,DBVPG 4650,1 uM Torin 1,DBVPG 4650*1 uM Torin 1,0,0.015,0.017666667,0.014,0.017666667,0.029,0.048333333,0.058,0.095666667,0.109333333,0.138,0.168666667,0.193666667,0.229666667,0.265666667,0.302666667,0.354666667,0.407333333,0.477333333,0.550666667,0.645,0.715333333,0.794333333,0.876,0.958333333,1.005333333,1.029666667,1.048,1.065,1.083666667,1.110333333,1.133666667,1.170666667,1.201,1.231333333,1.258333333,1.293666667,1.317333333,1.351,1.370666667,1.396666667
