experiment,Line-Treatment,DT inflection,StDev_inf,DT interval,StDev_int,Lab strain,Strain,Treatment,Strain*Treatment,Time_0,Time_0.5,Time_1,Time_1.5,Time_2,Time_2.5,Time_3,Time_3.5,Time_4,Time_4.5,Time_5,Time_5.5,Time_6,Time_6.5,Time_7,Time_7.5,Time_8,Time_8.5,Time_9,Time_9.5,Time_10,Time_10.5,Time_11,Time_11.5,Time_12,Time_12.5,Time_13,Time_13.5,Time_14,Time_14.5,Time_15,Time_15.5,Time_16,Time_16.5,Time_17,Time_17.5,Time_18,Time_18.5,Time_19,Time_19.5,Time_20
SGRP_mTORinhibitsSCREEN_SET3_LOWRAPA_JEMBL_12012017_F,yML 667-1% DMSO,37.69686331,3.381492689,42.72530451,12.09083144,yML 667,N-44,1% DMSO,N-44*1% DMSO,0,0.026333333,0.020666667,0.015333333,0.011666667,0.009666667,0.14,0.151,0.126,0.158666667,0.262333333,0.405333333,0.513666667,0.76,1.013,1.195,1.208666667,1.240666667,1.235,1.242666667,1.276333333,1.304666667,1.327,1.322,1.352666667,1.377666667,1.415333333,1.442,1.474,1.508666667,1.516666667,1.535666667,1.575666667,1.570666667,1.588,1.599333333,1.620333333,1.640666667,1.64,1.665333333,1.661666667
SGRP_mTORinhibitsSCREEN_SET3_LOWRAPA_JEMBL_12012017_F,yML 667-1% DMSO,31.95336995,7.997101952,120.0771259,69.81471752,yML 667,N-44,1% DMSO,N-44*1% DMSO,0,0.029,0.020333333,0.014,0.011,0.01,0.146333333,0.173,0.180333333,0.225,0.427,0.554,0.725333333,0.927333333,1.150333333,1.265,1.274,1.285333333,1.305333333,1.311666667,1.329666667,1.365666667,1.410333333,1.437,1.446666667,1.477333333,1.501666667,1.524666667,1.55,1.569,1.589,1.595,1.611,1.631333333,1.639333333,1.650666667,1.665666667,1.678666667,1.689333333,1.696333333,1.702666667
