experiment,Line-Treatment,DT inflection,StDev_inf,DT interval,StDev_int,Lab strain,Strain,Treatment,Strain*Treatment,Time_0,Time_0.5,Time_1,Time_1.5,Time_2,Time_2.5,Time_3,Time_3.5,Time_4,Time_4.5,Time_5,Time_5.5,Time_6,Time_6.5,Time_7,Time_7.5,Time_8,Time_8.5,Time_9,Time_9.5,Time_10,Time_10.5,Time_11,Time_11.5,Time_12,Time_12.5,Time_13,Time_13.5,Time_14,Time_14.5,Time_15,Time_15.5,Time_16,Time_16.5,Time_17,Time_17.5,Time_18,Time_18.5,Time_19,Time_19.5,Time_20
SGRP_mTORinhibitsSCREEN_SET3_CAFFEINE_MGK_10082017_D.xls,YML667-vehicle,39.42460841,5.591692972,77.51685457,41.79519782,yML 667,N-44,6.67% H2O,N-44*6.67% H2O,0,0.046,0.047,0.046,0.024666667,0.058333333,0.060666667,0.081666667,0.1,0.116333333,0.152,0.220333333,0.257333333,0.390666667,0.553333333,0.756,1.017333333,1.111333333,1.169333333,1.191333333,1.221,1.229666667,1.264,1.289666667,1.339,1.38,1.391,1.411666667,1.45,1.463,1.482,1.493666667,1.516666667,1.546666667,1.556,1.573666667,1.595,1.613,1.631,1.642666667,1.659
SGRP_mTORinhibitsSCREEN_SET3_LOWTORIN_MGK_09112017F.xls,YML667-vehicle,19.82473065,9.760719989,61.80445432,73.11529351,yML 667,N-44,2.5% DMSO,N-44*2.5% DMSO,0,0.043666667,0.040333333,0.026666667,0.013666667,0.010333333,0.011,0.006,0.066333333,0.080333333,0.027666667,0.222666667,0.169666667,0.461666667,0.625333333,0.577666667,0.906333333,1.048333333,1.159333333,1.178333333,1.210333333,1.242,1.262666667,1.299666667,1.340333333,1.377,1.412,1.44,1.472666667,1.493666667,1.524,1.541666667,1.561333333,1.580333333,1.6,1.615333333,1.633,1.649,1.664,1.678333333,1.687333333
SGRP_mTORinhibitsSCREEN_SET3_LOWTORIN_PUMT_062817.xls,YML667-vehicle,64.58298956,8.519656071,77.88059669,11.49057157,yML 667,N-44,2.5% DMSO,N-44*2.5% DMSO,0,0.043,0.048666667,0.054,0.045666667,0.043333333,0.047333333,0.055666667,0.071333333,0.251333333,0.323666667,0.447,0.555,0.691333333,0.825333333,0.952,1.072666667,1.18,1.205,1.225666667,1.248666667,1.278,1.304333333,1.331,1.363333333,1.394333333,1.423666667,1.456,1.479666667,1.498,1.516666667,1.536,1.557666667,1.571333333,1.589,1.603,1.616666667,1.631333333,1.645,1.659,1.667
