experiment,Line-Treatment,DT inflection,StDev_inf,DT interval,StDev_int,Lab strain,Strain,Treatment,Strain*Treatment,Time_0,Time_0.5,Time_1,Time_1.5,Time_2,Time_2.5,Time_3,Time_3.5,Time_4,Time_4.5,Time_5,Time_5.5,Time_6,Time_6.5,Time_7,Time_7.5,Time_8,Time_8.5,Time_9,Time_9.5,Time_10,Time_10.5,Time_11,Time_11.5,Time_12,Time_12.5,Time_13,Time_13.5,Time_14,Time_14.5,Time_15,Time_15.5,Time_16,Time_16.5,Time_17,Time_17.5,Time_18,Time_18.5,Time_19,Time_19.5,Time_20
SGRP_mTORinhibitsSCREEN_SET4_lowRAPA_MGK_10242017_D.xls,YML696-2.5 ng/ml RAPA,95.88860079,8.2196205,132.2051188,1.184270478,yML 696,KPN3829,2.5 ng/mL RAPA,KPN3829*2.5 ng/mL RAPA,0,0.037,0.046,0.057666667,0.073666667,0.090333333,0.106666667,0.132333333,0.157333333,0.182,0.224,0.255333333,0.307,0.351666667,0.417666667,0.495333333,0.586,0.693333333,0.77,0.865,0.954666667,1.013666667,1.036,1.046,1.084,1.085666667,1.138,1.216666667,1.227333333,1.264,1.292,1.317333333,1.338,1.371333333,,,,,,,
SGRP_mTORinhibitsSCREEN_SET4_lowrapa_JEMBL_10262017_F.xls,YML696-2.5 ng/ml RAPA,96.50158734,5.642318006,189.345224,47.30545195,yML 696,KPN3829,2.5 ng/mL RAPA,KPN3829*2.5 ng/mL RAPA,0,0.012666667,0.019333333,0.022333333,0.029,0.043333333,0.050666667,0.061333333,0.074333333,0.087,0.101666667,0.128666667,0.153666667,0.17,0.205666667,0.237666667,0.269,0.311666667,0.363666667,0.388333333,0.452,0.503666667,0.573,0.633666667,0.671333333,0.761,0.843666667,0.918333333,0.968333333,0.976333333,0.984,1.009666667,1.005,,,,,,,,
