experiment,Line-Treatment,DT inflection,StDev_inf,DT interval,StDev_int,Lab strain,Strain,Treatment,Strain*Treatment,Time_0,Time_0.5,Time_1,Time_1.5,Time_2,Time_2.5,Time_3,Time_3.5,Time_4,Time_4.5,Time_5,Time_5.5,Time_6,Time_6.5,Time_7,Time_7.5,Time_8,Time_8.5,Time_9,Time_9.5,Time_10,Time_10.5,Time_11,Time_11.5,Time_12,Time_12.5,Time_13,Time_13.5,Time_14,Time_14.5,Time_15,Time_15.5,Time_16,Time_16.5,Time_17,Time_17.5,Time_18,Time_18.5,Time_19,Time_19.5,Time_20
SGRP_mTORinhibitsSCREEN_SET1HIGHrapaANDhighTORIN_PU_03162018_D.x,NCYC3454B-1%DMSO,70.65354696,2.736801264,74.68512123,3.219760067,NCYC 3454,YS9,1% DMSO,YS9*1% DMSO,0,0.062333333,0.079333333,0.098666667,0.129,0.165,0.220333333,0.291,0.387666667,0.509666667,0.655,0.803,0.95,1.084,1.181,1.219333333,1.243666667,1.265333333,1.295666667,1.324,1.356666667,1.387,1.417666667,1.447,1.477666667,1.503666667,1.57,1.554,1.575666667,1.596666667,1.615,1.631333333,1.649,1.663666667,1.678,1.691,1.705,1.717,1.729333333,1.738333333,1.751
