experiment,Line-Treatment,DT inflection,StDev_inf,DT interval,StDev_int,Lab strain,Strain,Treatment,Strain*Treatment,Time_0,Time_0.5,Time_1,Time_1.5,Time_2,Time_2.5,Time_3,Time_3.5,Time_4,Time_4.5,Time_5,Time_5.5,Time_6,Time_6.5,Time_7,Time_7.5,Time_8,Time_8.5,Time_9,Time_9.5,Time_10,Time_10.5,Time_11,Time_11.5,Time_12,Time_12.5,Time_13,Time_13.5,Time_14,Time_14.5,Time_15,Time_15.5,Time_16,Time_16.5,Time_17,Time_17.5,Time_18,Time_18.5,Time_19,Time_19.5,Time_20
SGRP_mTORinhibitsSCREEN_SET3_round3_highRAPA_KG_091517_D.xls,YML682-20 ng/ml RAPA,143.9188347,3.759603325,160.9133427,10.00482043,yML 682,A12,20 ng/mL RAPA,A12*20 ng/mL RAPA,0,0.083,0.090333333,0.101333333,0.115333333,0.128666667,0.143333333,0.158,0.181,0.204333333,0.232,0.267333333,0.304666667,0.349333333,0.394,0.449,0.502666667,0.565,0.625,0.688,0.755666667,0.825333333,0.899666667,0.971333333,1.042333333,1.111666667,1.179,1.245666667,1.31,1.367333333,1.415,1.454666667,1.489,1.511,1.526333333,1.543666667,1.558666667,1.572,1.587333333,1.603333333,1.615333333
