experiment,Line-Treatment,DT inflection,StDev_inf,DT interval,StDev_int,Lab strain,Strain,Treatment,Strain*Treatment,Time_0,Time_0.5,Time_1,Time_1.5,Time_2,Time_2.5,Time_3,Time_3.5,Time_4,Time_4.5,Time_5,Time_5.5,Time_6,Time_6.5,Time_7,Time_7.5,Time_8,Time_8.5,Time_9,Time_9.5,Time_10,Time_10.5,Time_11,Time_11.5,Time_12,Time_12.5,Time_13,Time_13.5,Time_14,Time_14.5,Time_15,Time_15.5,Time_16,Time_16.5,Time_17,Time_17.5,Time_18,Time_18.5,Time_19,Time_19.5,Time_20
SGRP_mTORinhibitsSCREEN_SET1HIGHrapaANDhighTORIN_PU_03162018_D.x,NCYC3445B-20 ng/mL Rapamycin,118.3707204,41.15817127,199.3425879,36.10627319,NCYC 3445,Y12,20 ng/mL RAPA,Y12*20 ng/mL RAPA,0,0.128,0.162,0.214666667,0.243333333,0.268666667,0.299666667,0.324,0.348,0.377,0.410333333,0.486333333,0.483333333,0.522333333,0.562,0.608666667,0.650333333,0.692666667,0.746,0.791666667,0.839333333,0.887666667,0.931,0.978,1.025,1.069333333,1.149,1.143,1.173333333,1.206333333,1.241,1.269333333,1.302,1.329,1.348666667,1.361666667,1.378333333,1.39,1.407333333,1.42,1.434333333
