experiment,Line-Treatment,DT inflection,StDev_inf,DT interval,StDev_int,Lab strain,Strain,Treatment,Strain*Treatment,Time_0,Time_0.5,Time_1,Time_1.5,Time_2,Time_2.5,Time_3,Time_3.5,Time_4,Time_4.5,Time_5,Time_5.5,Time_6,Time_6.5,Time_7,Time_7.5,Time_8,Time_8.5,Time_9,Time_9.5,Time_10,Time_10.5,Time_11,Time_11.5,Time_12,Time_12.5,Time_13,Time_13.5,Time_14,Time_14.5,Time_15,Time_15.5,Time_16,Time_16.5,Time_17,Time_17.5,Time_18,Time_18.5,Time_19,Time_19.5,Time_20
SGRP_mTORinhibitsSCREEN_SET1_AZD8055_KGPUARMBL_061817.xls,NCYC 3449-100uM AZD08055,54.8646564,4.535608225,63.52832979,1.997814382,NCYC 3449,UWOPS87-2421,100 uM AZD8055,UWOPS87-2421*100 uM AZD8055,0,0.077333333,0.084666667,0.098333333,0.129333333,0.175666667,0.254666667,0.341333333,0.488666667,0.649,0.818666667,0.980333333,1.124333333,1.26,1.352333333,1.393666667,1.418666667,1.427333333,1.473333333,1.499666667,1.54,1.551666667,1.583333333,1.603666667,1.625333333,1.616666667,1.629666667,1.676333333,1.673333333,1.692,1.676333333,1.723666667,1.730333333,1.757,1.724,1.752666667,1.783666667,1.782666667,1.79,1.797333333,1.819666667
