experiment,Line-Treatment,DT inflection,StDev_inf,DT interval,StDev_int,Lab strain,Strain,Treatment,Strain*Treatment,Time_0,Time_0.5,Time_1,Time_1.5,Time_2,Time_2.5,Time_3,Time_3.5,Time_4,Time_4.5,Time_5,Time_5.5,Time_6,Time_6.5,Time_7,Time_7.5,Time_8,Time_8.5,Time_9,Time_9.5,Time_10,Time_10.5,Time_11,Time_11.5,Time_12,Time_12.5,Time_13,Time_13.5,Time_14,Time_14.5,Time_15,Time_15.5,Time_16,Time_16.5,Time_17,Time_17.5,Time_18,Time_18.5,Time_19,Time_19.5,Time_20
SGRP_mTORinhibitsSCREEN_SET3_LOWRAPA_JEMBL_12012017_F,yML 678-1% DMSO,37.04279124,8.087686001,80.39912082,18.52947095,yML 678,N-43,1% DMSO,N-43*1% DMSO,0,0.014666667,0.015333333,0.015,0.013666667,0.012333333,0.147333333,0.156666667,0.186,0.244666667,0.43,0.582,0.765666667,0.940666667,1.080333333,1.194666667,1.232666667,1.237666667,1.249,1.256333333,1.26,1.272333333,1.285333333,1.297,1.317666667,1.335333333,1.343666667,1.359666667,1.370333333,1.387333333,1.392,1.405,1.416333333,1.425666667,1.442,1.457666667,1.458333333,1.473333333,1.483333333,1.491666667,1.505
