experiment,Line-Treatment,DT inflection,StDev_inf,DT interval,StDev_int,Lab strain,Strain,Treatment,Strain*Treatment,Time_0,Time_0.5,Time_1,Time_1.5,Time_2,Time_2.5,Time_3,Time_3.5,Time_4,Time_4.5,Time_5,Time_5.5,Time_6,Time_6.5,Time_7,Time_7.5,Time_8,Time_8.5,Time_9,Time_9.5,Time_10,Time_10.5,Time_11,Time_11.5,Time_12,Time_12.5,Time_13,Time_13.5,Time_14,Time_14.5,Time_15,Time_15.5,Time_16,Time_16.5,Time_17,Time_17.5,Time_18,Time_18.5,Time_19,Time_19.5,Time_20
SGRP_mTORinhibits_SET3_highTORIN_MGK_101617_F.xls,YML678-25 uM Torin 1,38.80555562,11.53500749,62.01234678,13.04415073,yML 678,N-43,25 uM Torin 1,N-43*25 uM Torin 1,0,0.028,0.029666667,0.029333333,0.03,0.031,0.034,0.037333333,0.039333333,0.026333333,0.050666667,0.044666667,0.084,0.096666667,0.150333333,0.208333333,0.324333333,0.418,0.532666667,0.623,0.755333333,0.884666667,0.999666667,1.121666667,1.204,1.244333333,1.267666667,1.285333333,1.306333333,1.330666667,1.364,1.394333333,1.420333333,1.444666667,1.465333333,1.488,1.509,1.525666667,1.547,1.566333333,1.580333333
SGRP_mTORinhibitsSCREEN_SET3highTORIN_MGK_101617_D.xls,YML678-25 uM Torin 1,62.59742528,4.684111224,74.68116011,9.941941427,yML 678,N-43,25 uM Torin 1,N-43*25 uM Torin 1,0,0.044666667,0.049,0.049,0.048666667,0.049333333,0.050333333,0.064666667,0.059333333,0.07,0.085666667,0.113,0.149,0.174333333,0.235333333,0.322333333,0.403333333,0.513,0.626666667,0.729666667,0.853333333,0.967666667,1.076666667,1.169,1.213333333,1.229666667,1.252,1.276666667,1.305,1.345333333,1.376666667,1.409666667,1.430333333,1.453333333,1.473,1.496333333,1.517333333,1.534333333,1.551333333,1.573333333,1.588
