experiment,Line-Treatment,DT inflection,StDev_inf,DT interval,StDev_int,Lab strain,Strain,Treatment,Strain*Treatment,Time_0,Time_0.5,Time_1,Time_1.5,Time_2,Time_2.5,Time_3,Time_3.5,Time_4,Time_4.5,Time_5,Time_5.5,Time_6,Time_6.5,Time_7,Time_7.5,Time_8,Time_8.5,Time_9,Time_9.5,Time_10,Time_10.5,Time_11,Time_11.5,Time_12,Time_12.5,Time_13,Time_13.5,Time_14,Time_14.5,Time_15,Time_15.5,Time_16,Time_16.5,Time_17,Time_17.5,Time_18,Time_18.5,Time_19,Time_19.5,Time_20
SGRP_mTOR_inhibitsSCREEN_SET2_HighRAPA+LowTorin_Repeat_JEMBL_073,NCYC 3470-1% DMSO,61.04449893,0.969510325,63.02212381,0.390460876,NCYC 3470,YIIc17_E5 ,1% DMSO,YIIc17_E5 *1% DMSO,0,0.039,0.048666667,0.065,0.086666667,0.120666667,0.167333333,0.235333333,0.324,0.441333333,0.576,0.725666667,0.883333333,1.039,1.171666667,1.180333333,1.184,1.187666667,1.190333333,1.193666667,1.197,1.200666667,1.204666667,1.208333333,1.212666667,1.218333333,1.222,1.228,1.233,1.238666667,1.244666667,1.249666667,1.257,1.26,1.267666667,1.276666667,1.281,1.290666667,1.297,1.308,1.317
SGRP_mTORinhibitsSCREEN_SET2_LOWRAPA_highTORIN_MGK_12032017_F,NCYC 3470-1% DMSO,68.74712955,0.536271065,72.12936312,1.00232604,NCYC 3470,YIIc17_E5 ,1% DMSO,YIIc17_E5 *1% DMSO,0,0.038666667,0.041666667,0.052333333,0.066666667,0.085,0.114,0.152333333,0.204666667,0.275,0.361,0.470666667,0.589333333,0.72,0.855666667,0.992,1.124,1.208333333,1.208666667,1.211,1.208,1.215333333,1.218333333,1.222666667,1.228333333,1.230666667,1.236666667,1.24,1.245666667,1.251666667,1.256,1.262333333,1.267666667,1.273333333,1.28,1.284666667,1.291666667,1.297666667,1.303333333,1.31,1.315
