experiment,Line-Treatment,DT inflection,StDev_inf,DT interval,StDev_int,Lab strain,Strain,Treatment,Strain*Treatment,Time_0,Time_0.5,Time_1,Time_1.5,Time_2,Time_2.5,Time_3,Time_3.5,Time_4,Time_4.5,Time_5,Time_5.5,Time_6,Time_6.5,Time_7,Time_7.5,Time_8,Time_8.5,Time_9,Time_9.5,Time_10,Time_10.5,Time_11,Time_11.5,Time_12,Time_12.5,Time_13,Time_13.5,Time_14,Time_14.5,Time_15,Time_15.5,Time_16,Time_16.5,Time_17,Time_17.5,Time_18,Time_18.5,Time_19,Time_19.5,Time_20
SGRP_mTORinhibits_SET1_CAFF_REDO_NBMBL_08032017.xls,NCYC 3453-Drug,99.2312278,4.477523622,107.3538824,1.758978461,NCYC 3453,YS4,1 mg/mL Caffeine,YS4*1 mg/mL Caffeine,0,0.040666667,0.044,0.048,0.052666667,0.062,0.070666667,0.083666667,0.097666667,0.117666667,0.14,0.169,0.205,0.252333333,0.303333333,0.366666667,0.44,0.527666667,0.619,0.728333333,0.831666667,0.931,1.014333333,1.069666667,1.089,1.108,1.124333333,1.144333333,1.166,1.186,1.204,1.221,1.237,1.254,1.273333333,1.289333333,1.308333333,1.323666667,1.340666667,1.358,1.373666667
