experiment,Line-Treatment,DT inflection,StDev_inf,DT interval,StDev_int,Lab strain,Strain,Treatment,Strain*Treatment,Time_0,Time_0.5,Time_1,Time_1.5,Time_2,Time_2.5,Time_3,Time_3.5,Time_4,Time_4.5,Time_5,Time_5.5,Time_6,Time_6.5,Time_7,Time_7.5,Time_8,Time_8.5,Time_9,Time_9.5,Time_10,Time_10.5,Time_11,Time_11.5,Time_12,Time_12.5,Time_13,Time_13.5,Time_14,Time_14.5,Time_15,Time_15.5,Time_16,Time_16.5,Time_17,Time_17.5,Time_18,Time_18.5,Time_19,Time_19.5,Time_20
SGRP_mTORinhibits_SET4_GDC_MGK_09202017.xls,YML690-100 uM GDC0941,54.45223293,34.87685758,202.4316264,193.3883738,yML 690,W7,100 uM GDC0941,W7*100 uM GDC0941,0,0.117333333,0.083,0.07,0.028666667,0.088666667,0.175333333,0.239,0.299666667,0.350666667,0.466333333,0.560333333,0.634333333,0.766666667,0.912333333,1.035666667,1.154,1.179333333,1.198666667,1.214666667,1.245333333,1.266666667,1.28,1.321333333,1.344333333,1.367333333,1.401,1.420666667,1.449,1.46,1.482333333,1.497666667,1.519,1.533333333,1.571333333,1.571666667,1.593333333,1.619666667,1.623,1.653,1.661333333
