experiment,Line-Treatment,DT inflection,StDev_inf,DT interval,StDev_int,Lab strain,Strain,Treatment,Strain*Treatment,Time_0,Time_0.5,Time_1,Time_1.5,Time_2,Time_2.5,Time_3,Time_3.5,Time_4,Time_4.5,Time_5,Time_5.5,Time_6,Time_6.5,Time_7,Time_7.5,Time_8,Time_8.5,Time_9,Time_9.5,Time_10,Time_10.5,Time_11,Time_11.5,Time_12,Time_12.5,Time_13,Time_13.5,Time_14,Time_14.5,Time_15,Time_15.5,Time_16,Time_16.5,Time_17,Time_17.5,Time_18,Time_18.5,Time_19,Time_19.5,Time_20
SET3_Low Rapa_REDO_MGK_081117.xls,YML682-2.5 ng/ml RAPA,65.16559984,2.844992135,72.38741393,3.330501881,yML 682,A12,2.5 ng/mL RAPA,A12*2.5 ng/mL RAPA,0,0.063666667,0.073,0.080333333,0.102333333,0.138666667,0.184333333,0.239,0.327666667,0.427,0.539666667,0.669333333,0.809,0.951333333,1.09,1.204,1.272333333,1.309333333,1.336666667,1.367333333,1.400666667,1.431666667,1.460333333,1.483,1.511333333,1.536,1.561,1.584333333,1.604666667,1.625,1.634666667,1.653333333,1.663,1.679,1.689666667,1.700666667,1.705666667,1.713333333,1.725,1.730333333,1.736666667
