experiment,Line-Treatment,DT inflection,StDev_inf,DT interval,StDev_int,Lab strain,Strain,Treatment,Strain*Treatment,Time_0,Time_0.5,Time_1,Time_1.5,Time_2,Time_2.5,Time_3,Time_3.5,Time_4,Time_4.5,Time_5,Time_5.5,Time_6,Time_6.5,Time_7,Time_7.5,Time_8,Time_8.5,Time_9,Time_9.5,Time_10,Time_10.5,Time_11,Time_11.5,Time_12,Time_12.5,Time_13,Time_13.5,Time_14,Time_14.5,Time_15,Time_15.5,Time_16,Time_16.5,Time_17,Time_17.5,Time_18,Time_18.5,Time_19,Time_19.5,Time_20
SGRP_mTORinhibitsSCREEN_SET1_LOWRAPA_highRAPA_lowTORIN_MGK_12022,NCYC 3314-1% DMSO,60.68746063,0.416982581,62.26428942,0.202012796,NCYC 3314,BC187,1% DMSO,BC187*1% DMSO,0,0.046333333,0.061666667,0.082,0.110333333,0.15,0.210333333,0.292666667,0.403666667,0.533333333,0.680333333,0.838333333,0.995333333,1.129666667,1.193,1.211666667,1.223666667,1.249333333,1.281666667,1.311,1.34,1.368333333,1.397333333,1.428,1.456,1.485666667,1.509,1.532,1.552,1.572,1.588666667,1.605666667,1.624,1.638333333,1.654333333,1.667333333,1.683333333,1.694333333,1.708333333,1.719666667,1.731333333
SGRP_mTORinhibitsSCREEN_SET1_LOWRAPA_highRAPA_lowTORIN_MGK_12022,NCYC 3314-1% DMSO,60.80353375,2.007716074,61.64098614,2.676300119,NCYC 3314,BC187,1% DMSO,BC187*1% DMSO,0,0.040333333,0.053666667,0.072,0.096666667,0.131666667,0.181666667,0.254333333,0.349,0.466333333,0.601,0.749,0.898,1.032666667,1.118666667,1.177333333,1.206,1.230333333,1.257333333,1.284,1.311666667,1.342333333,1.370666667,1.403,1.430333333,1.460666667,1.485333333,1.508666667,1.532666667,1.553,1.573333333,1.592666667,1.608333333,1.625333333,1.640666667,1.655666667,1.671,1.685666667,1.698,1.710333333,1.722333333
