experiment,Line-Treatment,DT inflection,StDev_inf,DT interval,StDev_int,Lab strain,Strain,Treatment,Strain*Treatment,Time_0,Time_0.5,Time_1,Time_1.5,Time_2,Time_2.5,Time_3,Time_3.5,Time_4,Time_4.5,Time_5,Time_5.5,Time_6,Time_6.5,Time_7,Time_7.5,Time_8,Time_8.5,Time_9,Time_9.5,Time_10,Time_10.5,Time_11,Time_11.5,Time_12,Time_12.5,Time_13,Time_13.5,Time_14,Time_14.5,Time_15,Time_15.5,Time_16,Time_16.5,Time_17,Time_17.5,Time_18,Time_18.5,Time_19,Time_19.5,Time_20
SGRP_mTORinhibitsSCREEN_SET3_LOWRAPA_JEMBL_12012017_F,yML 672-1% DMSO,84.26074224,6.620302015,95.85575846,6.934444419,yML 672,S36.7,1% DMSO,S36.7*1% DMSO,0,0.009666667,0.009666667,0.009666667,0.010666667,0.032333333,0.207,0.250666667,0.318333333,0.403666667,0.503,0.618,0.746666667,0.878333333,1.008333333,1.133333333,1.204,1.221333333,1.243666667,1.268666667,1.301333333,1.335333333,1.365666667,1.392,1.417666667,1.442,1.465666667,1.486,1.506666667,1.523333333,1.541666667,1.557,1.574333333,1.587,1.599333333,1.614666667,1.626666667,1.638333333,1.649,1.660333333,1.681666667
