experiment,Line-Treatment,DT inflection,StDev_inf,DT interval,StDev_int,Lab strain,Strain,Treatment,Strain*Treatment,Time_0,Time_0.5,Time_1,Time_1.5,Time_2,Time_2.5,Time_3,Time_3.5,Time_4,Time_4.5,Time_5,Time_5.5,Time_6,Time_6.5,Time_7,Time_7.5,Time_8,Time_8.5,Time_9,Time_9.5,Time_10,Time_10.5,Time_11,Time_11.5,Time_12,Time_12.5,Time_13,Time_13.5,Time_14,Time_14.5,Time_15,Time_15.5,Time_16,Time_16.5,Time_17,Time_17.5,Time_18,Time_18.5,Time_19,Time_19.5,Time_20
SGRP_mTORinhibitsSCREEN_SET1HIGHrapaANDhighTORIN_PU_03162018_D.x,NCYC3447B-20 ng/mL Rapamycin,75.78287953,1.217883927,337.3400159,102.5900759,NCYC 3447,DBVPG 1106,20 ng/mL RAPA,DBVPG 1106*20 ng/mL RAPA,0,0.066333333,0.083,0.101666667,0.116666667,0.131666667,0.149333333,0.166666667,0.181333333,0.202666667,0.218333333,0.287333333,0.265333333,0.296666667,0.328333333,0.382666667,0.392666667,0.424333333,0.472,0.517,0.566666667,0.626,0.679666667,0.735,0.797,0.856333333,0.962666667,0.983,1.039333333,1.098,1.155,1.202,1.255,1.302666667,1.344333333,1.369,1.387,1.399666667,1.416333333,1.431,1.446333333
