experiment,Line-Treatment,DT inflection,StDev_inf,DT interval,StDev_int,Lab strain,Strain,Treatment,Strain*Treatment,Time_0,Time_0.5,Time_1,Time_1.5,Time_2,Time_2.5,Time_3,Time_3.5,Time_4,Time_4.5,Time_5,Time_5.5,Time_6,Time_6.5,Time_7,Time_7.5,Time_8,Time_8.5,Time_9,Time_9.5,Time_10,Time_10.5,Time_11,Time_11.5,Time_12,Time_12.5,Time_13,Time_13.5,Time_14,Time_14.5,Time_15,Time_15.5,Time_16,Time_16.5,Time_17,Time_17.5,Time_18,Time_18.5,Time_19,Time_19.5,Time_20
SGRP_mTORinhibitsSCREEN_SET1_CAFF_MGK_11012017_F.xls,NCYC 3265-1000 ug/ml Caffeine,73.37856258,13.47716311,86.87158064,2.971548014,NCYC 3265,SK1,1 mg/mL Caffeine,SK1*1 mg/mL Caffeine,0,0.027666667,0.052333333,0.05,0.037,0.078333333,0.097,0.109666667,0.163666667,0.205666667,0.262333333,0.332,0.424333333,0.526333333,0.640666667,0.782333333,0.908333333,1.046333333,1.168333333,1.241666667,1.297333333,1.322,1.336333333,1.364,1.392333333,1.409333333,1.435,1.462333333,1.481,1.508,1.522333333,1.544666667,1.559666667,1.580333333,1.587666667,1.609333333,1.627,1.638,1.649666667,1.661,1.673333333
SGRP_mTORinhibitsSCREEN_SET3_CAFFEINE AND lowTORIN_JEMBL_1201201,NCYC 3265-1000 ug/ml Caffeine,123.1816479,6.120230698,1200.73447,386.0024881,NCYC 3265,SK1,1 mg/mL Caffeine,SK1*1 mg/mL Caffeine,0,0.015,0.017666667,0.019666667,0.022,0.024333333,0.028,0.033,0.039333333,0.046,0.051666667,0.059333333,0.069333333,0.081,0.095333333,0.111666667,0.132333333,0.153333333,0.18,0.212666667,0.232,0.249666667,0.259333333,0.276,0.286666667,0.297333333,0.311333333,0.325333333,0.337333333,0.348666667,0.355333333,0.348666667,0.329333333,0.331666667,0.322,0.31,0.296,0.292333333,0.297333333,0.303666667,0.300666667
SGRP_mTORinhibitsSCREEN_SET3_CAFFEINE AND lowTORIN_JEMBL_1201201,NCYC 3265-1000 ug/ml Caffeine,118.2022791,16.04988015,616.9344573,436.7358415,NCYC 3265,SK1,1 mg/mL Caffeine,SK1*1 mg/mL Caffeine,0,0.018666667,0.021333333,0.023,0.025,0.028,0.032333333,0.037666667,0.044666667,0.053333333,0.059666667,0.069333333,0.081333333,0.096666667,0.114333333,0.134666667,0.160666667,0.188,0.222666667,0.261,0.291666667,0.318666667,0.341,0.351333333,0.370333333,0.380666667,0.395666667,0.407666667,0.420333333,0.424333333,0.433333333,0.428666667,0.424666667,0.430666667,0.437666667,0.428,0.372,0.371333333,0.377666667,0.377,0.388333333
