experiment,Line-Treatment,DT inflection,StDev_inf,DT interval,StDev_int,Lab strain,Strain,Treatment,Strain*Treatment,Time_0,Time_0.5,Time_1,Time_1.5,Time_2,Time_2.5,Time_3,Time_3.5,Time_4,Time_4.5,Time_5,Time_5.5,Time_6,Time_6.5,Time_7,Time_7.5,Time_8,Time_8.5,Time_9,Time_9.5,Time_10,Time_10.5,Time_11,Time_11.5,Time_12,Time_12.5,Time_13,Time_13.5,Time_14,Time_14.5,Time_15,Time_15.5,Time_16,Time_16.5,Time_17,Time_17.5,Time_18,Time_18.5,Time_19,Time_19.5,Time_20
SGRP_mTORinhibitsSCREEN_SET2_CAFFEINE AND lowTORIN_MGK_AR_120320,yML 562-1 uM Torin 1,99.76356947,3.174114062,117.1486156,2.341887639,yML 562,CLIB215,1 uM Torin 1,CLIB215*1 uM Torin 1,0,0.062666667,0.071333333,0.079666667,0.088666667,0.105,0.120333333,0.141,0.159333333,0.196,0.228,0.276333333,0.335,0.399,0.475,0.560333333,0.647333333,0.752333333,0.852,0.961666667,1.063333333,1.085,1.097333333,1.101666667,1.111,1.129666667,1.145,1.168,1.194,1.217666667,1.258666667,1.288,1.315,1.349666667,1.379,1.405,1.432333333,1.451333333,1.474666667,1.491333333,1.501333333
