experiment,Line-Treatment,DT inflection,StDev_inf,DT interval,StDev_int,Lab strain,Strain,Treatment,Strain*Treatment,Time_0,Time_0.5,Time_1,Time_1.5,Time_2,Time_2.5,Time_3,Time_3.5,Time_4,Time_4.5,Time_5,Time_5.5,Time_6,Time_6.5,Time_7,Time_7.5,Time_8,Time_8.5,Time_9,Time_9.5,Time_10,Time_10.5,Time_11,Time_11.5,Time_12,Time_12.5,Time_13,Time_13.5,Time_14,Time_14.5,Time_15,Time_15.5,Time_16,Time_16.5,Time_17,Time_17.5,Time_18,Time_18.5,Time_19,Time_19.5,Time_20
SGRP_mTOR_inhibitsSCREEN_SET1_lowRAPA_redo2_KG_092317.xls,NCYC 3319-2.5 ng/ml RAPA,61.79830562,3.616855426,66.28485809,1.219600793,NCYC 3319,L-1528,2.5 ng/mL RAPA,L-1528*2.5 ng/mL RAPA,0,0.057,0.062333333,0.071,0.091666667,0.117333333,0.159,0.220666667,0.3,0.403666667,0.525333333,0.659666667,0.801,0.939666667,1.071333333,1.175333333,1.254333333,1.285666667,1.304666667,1.324,1.344333333,1.364,1.388333333,1.413,1.439333333,1.464666667,1.492,1.516666667,1.542333333,1.562666667,1.583,1.6,1.615,1.630333333,1.643333333,1.656666667,1.667666667,1.682,1.692666667,1.703,1.714666667
SGRP_mTORinhibitsSCREEN_SET1_lowRAPA_round4_KG_092417.xls,NCYC 3319-2.5 ng/ml RAPA,60.32668783,4.203054001,66.3029533,4.084075576,NCYC 3319,L-1528,2.5 ng/mL RAPA,L-1528*2.5 ng/mL RAPA,0,0.088,0.125666667,0.166,0.231666667,0.314666667,0.431666667,0.562,0.715333333,0.868666667,1.009666667,1.138666667,1.225666667,1.249333333,1.268666667,1.289333333,1.315333333,1.337666667,1.363666667,1.39,1.415333333,1.446333333,1.474,1.500333333,1.523666667,1.545333333,1.564666667,1.582666667,1.598,1.614333333,1.629,1.645666667,1.658666667,1.674,1.685666667,1.700333333,1.706666667,1.721666667,1.732,1.741,1.751333333
SGRP_mTORinhibsSCREEN_SET1_lowRAPA_JEMBL_08152017.xls,NCYC 3319-2.5 ng/ml RAPA,63.62115498,2.888436971,64.29565258,3.106818649,NCYC 3319,L-1528,2.5 ng/mL RAPA,L-1528*2.5 ng/mL RAPA,0,0.051333333,0.059333333,0.076,0.100666667,0.138333333,0.189,0.261,0.359333333,0.48,0.614,0.777333333,0.928666667,1.069666667,1.192,1.221333333,1.239,1.26,1.288,1.315333333,1.34,1.368,1.395,1.421333333,1.452666667,1.477666667,1.500666667,1.521666667,1.538333333,1.558666667,1.572666667,1.591,1.611333333,1.621333333,1.639333333,1.653666667,1.665333333,1.680666667,1.690333333,1.700666667,1.71
