experiment,Line-Treatment,DT inflection,StDev_inf,DT interval,StDev_int,Lab strain,Strain,Treatment,Strain*Treatment,Time_0,Time_0.5,Time_1,Time_1.5,Time_2,Time_2.5,Time_3,Time_3.5,Time_4,Time_4.5,Time_5,Time_5.5,Time_6,Time_6.5,Time_7,Time_7.5,Time_8,Time_8.5,Time_9,Time_9.5,Time_10,Time_10.5,Time_11,Time_11.5,Time_12,Time_12.5,Time_13,Time_13.5,Time_14,Time_14.5,Time_15,Time_15.5,Time_16,Time_16.5,Time_17,Time_17.5,Time_18,Time_18.5,Time_19,Time_19.5,Time_20
SGRP_mTORinhibitsSCREEN_SET1_CAFFEINE AND lowTORIN_MGK_12022017_,NCYC 3453-6.67% H2O,62.4705619,7.200159732,76.1497657,1.330076942,NCYC 3453,YS4,6.67% H2O,YS4*6.67% H2O,0,0.044333333,0.055,0.067333333,0.085666667,0.108,0.135666667,0.172666667,0.222,0.300333333,0.42,0.533,0.671666667,0.817666667,0.965666667,1.062,1.077,1.088333333,1.090666667,1.109333333,1.125,1.142333333,1.164,1.185,1.207333333,1.223,1.243666667,1.259666667,1.278,1.293,1.310666667,1.329666667,1.346,1.364333333,1.380666667,1.397,1.408666667,1.428666667,1.440666667,1.454333333,1.464
