experiment,Line-Treatment,DT inflection,StDev_inf,DT interval,StDev_int,Lab strain,Strain,Treatment,Strain*Treatment,Time_0,Time_0.5,Time_1,Time_1.5,Time_2,Time_2.5,Time_3,Time_3.5,Time_4,Time_4.5,Time_5,Time_5.5,Time_6,Time_6.5,Time_7,Time_7.5,Time_8,Time_8.5,Time_9,Time_9.5,Time_10,Time_10.5,Time_11,Time_11.5,Time_12,Time_12.5,Time_13,Time_13.5,Time_14,Time_14.5,Time_15,Time_15.5,Time_16,Time_16.5,Time_17,Time_17.5,Time_18,Time_18.5,Time_19,Time_19.5,Time_20
SGRP_mTOR_inhibitsSCREEN_SET2_HighRAPA+LowTorin_Repeat_JEMBL_073,NCYC 3458-20 ng/ml RAPA,174.2953841,11.48413662,205.3632009,7.998157345,NCYC 3458,YJM978,20 ng/mL RAPA,YJM978*20 ng/mL RAPA,0,0.044,0.050666667,0.054666667,0.058333333,0.060666667,0.065333333,0.069333333,0.077333333,0.083333333,0.090333333,0.098333333,0.108333333,0.118666667,0.131666667,0.143333333,0.159,0.175666667,0.194333333,0.216,0.239333333,0.265666667,0.294,0.326,0.361333333,0.400666667,0.442333333,0.489666667,0.542666667,0.593,0.647333333,0.701333333,0.754666667,0.811,0.863666667,0.919333333,0.970333333,1.025666667,1.076333333,1.124333333,1.169333333
SGRP_mTORinhibitsSCREEN_Set2_highRAPA_KGPU_11202017_F.xls,NCYC 3458-20 ng/ml RAPA,151.1452445,2.586208844,190.4477915,1.976597968,NCYC 3458,YJM978,20 ng/mL RAPA,YJM978*20 ng/mL RAPA,0,0.039333333,0.048333333,0.053333333,0.057333333,0.063333333,0.069666667,0.077,0.085,0.094666667,0.106333333,0.116666667,0.130666667,0.149,0.162333333,0.183666667,0.205,0.228666667,0.256666667,0.283,0.319333333,0.359333333,0.397333333,0.440666667,0.493666667,0.548,0.601666667,0.661,0.72,0.780333333,0.840333333,0.898,0.958,1.016,1.069333333,1.122333333,1.171333333,1.219333333,1.265,1.305,1.334
