experiment,Line-Treatment,DT inflection,StDev_inf,DT interval,StDev_int,Lab strain,Strain,Treatment,Strain*Treatment,Time_0,Time_0.5,Time_1,Time_1.5,Time_2,Time_2.5,Time_3,Time_3.5,Time_4,Time_4.5,Time_5,Time_5.5,Time_6,Time_6.5,Time_7,Time_7.5,Time_8,Time_8.5,Time_9,Time_9.5,Time_10,Time_10.5,Time_11,Time_11.5,Time_12,Time_12.5,Time_13,Time_13.5,Time_14,Time_14.5,Time_15,Time_15.5,Time_16,Time_16.5,Time_17,Time_17.5,Time_18,Time_18.5,Time_19,Time_19.5,Time_20
SGRP_mTORinhibitsSCREEN_SET1HIGHrapaANDhighTORIN_PU_03162018_D.x,NCYC3449B-1%DMSO,42.57745192,10.18058072,106.4491899,15.89195555,NCYC 3449,UWOPS87-2421,1% DMSO,UWOPS87-2421*1% DMSO,0,0.137333333,0.171,0.194,0.238666667,0.272666667,0.237333333,0.315,0.379333333,0.56,0.865333333,1.078666667,1.209333333,1.297333333,1.309,1.331,1.370666667,1.403666667,1.419,1.391333333,1.475,1.457666667,1.496,1.493333333,1.560333333,1.584333333,1.629333333,1.563,1.633333333,1.634,1.668,1.633,1.657,1.635,1.661,1.670666667,1.682333333,1.681,1.686333333,1.69,1.719333333
