experiment,Line-Treatment,DT inflection,StDev_inf,DT interval,StDev_int,Lab strain,Strain,Treatment,Strain*Treatment,Time_0,Time_0.5,Time_1,Time_1.5,Time_2,Time_2.5,Time_3,Time_3.5,Time_4,Time_4.5,Time_5,Time_5.5,Time_6,Time_6.5,Time_7,Time_7.5,Time_8,Time_8.5,Time_9,Time_9.5,Time_10,Time_10.5,Time_11,Time_11.5,Time_12,Time_12.5,Time_13,Time_13.5,Time_14,Time_14.5,Time_15,Time_15.5,Time_16,Time_16.5,Time_17,Time_17.5,Time_18,Time_18.5,Time_19,Time_19.5,Time_20
SGRP_mTORinhibitsSCREEN_SET3_round2_GDC_KG_09142017_D.xls,YML677-100 uM GDC0941,63.22612866,11.3294762,97.55794486,19.05087889,yML 677,Q95.3,100 uM GDC0941,Q95.3*100 uM GDC0941,0,0.082666667,0.089,0.093666667,0.097333333,0.104666667,0.108,0.126333333,0.138666667,0.157333333,0.181666667,0.203,0.252666667,0.330333333,0.404333333,0.564,0.725666667,0.864666667,0.988333333,1.091333333,1.192666667,1.285,1.349666667,1.359666667,1.373333333,1.393333333,1.412666667,1.434333333,1.456,1.482666667,1.504666667,1.523666667,1.542333333,1.559333333,1.576,1.587333333,1.604,1.621,1.634,1.637666667,1.651333333
