experiment,Line-Treatment,DT inflection,StDev_inf,DT interval,StDev_int,Lab strain,Strain,Treatment,Strain*Treatment,Time_0,Time_0.5,Time_1,Time_1.5,Time_2,Time_2.5,Time_3,Time_3.5,Time_4,Time_4.5,Time_5,Time_5.5,Time_6,Time_6.5,Time_7,Time_7.5,Time_8,Time_8.5,Time_9,Time_9.5,Time_10,Time_10.5,Time_11,Time_11.5,Time_12,Time_12.5,Time_13,Time_13.5,Time_14,Time_14.5,Time_15,Time_15.5,Time_16,Time_16.5,Time_17,Time_17.5,Time_18,Time_18.5,Time_19,Time_19.5,Time_20
SGRP_mTORinhibitsSCREEN_SET2_GDC_MGK_081917(fixed with adding wr,NCYC 3468-100 uM GDC0941,83.67497259,4.316974548,94.70622809,12.231837,NCYC 3468,UWOPS05-227.2 ,100 uM GDC0941,UWOPS05-227.2 *100 uM GDC0941,0,0.065333333,0.077,0.098,0.111666667,0.149333333,0.184666667,0.226333333,0.284666667,0.360333333,0.455333333,0.575,0.702666667,0.841666667,0.981666667,1.11,1.190333333,1.22,1.238,1.264333333,1.294666667,1.323,1.359666667,1.394333333,1.428666667,1.462,1.493,1.519,1.542333333,1.563,1.582333333,1.600333333,1.619666667,1.636,1.652333333,1.668666667,1.683666667,1.695333333,1.711,1.719666667,1.730333333
