experiment,Line-Treatment,DT inflection,StDev_inf,DT interval,StDev_int,Lab strain,Strain,Treatment,Strain*Treatment,Time_0,Time_0.5,Time_1,Time_1.5,Time_2,Time_2.5,Time_3,Time_3.5,Time_4,Time_4.5,Time_5,Time_5.5,Time_6,Time_6.5,Time_7,Time_7.5,Time_8,Time_8.5,Time_9,Time_9.5,Time_10,Time_10.5,Time_11,Time_11.5,Time_12,Time_12.5,Time_13,Time_13.5,Time_14,Time_14.5,Time_15,Time_15.5,Time_16,Time_16.5,Time_17,Time_17.5,Time_18,Time_18.5,Time_19,Time_19.5,Time_20
SGRP_mTORinhibits_SET3_highTORIN_MGK_101617_F.xls,YML677-25 uM Torin 1,67.87196979,23.38918943,87.3888047,20.19505836,yML 677,Q95.3,25 uM Torin 1,Q95.3*25 uM Torin 1,0,0.031666667,0.034666667,0.032,0.028666667,0.029,0.026333333,0.027,0.022333333,0.023333333,0.024666667,0.034,0.035,0.047333333,0.079333333,0.090333333,0.140333333,0.178333333,0.215,0.293333333,0.363666667,0.449666667,0.560666667,0.686333333,0.813333333,0.934,1.046333333,1.156,1.218,1.24,1.265333333,1.289333333,1.318666667,1.351333333,1.378,1.404333333,1.426,1.449666667,1.473333333,1.494666667,1.512
SGRP_mTORinhibitsSCREEN_SET3highTORIN_MGK_101617_D.xls,YML677-25 uM Torin 1,67.55987741,8.431619479,89.36279632,14.97167156,yML 677,Q95.3,25 uM Torin 1,Q95.3*25 uM Torin 1,0,0.051,0.055666667,0.055333333,0.05,0.048,0.046,0.042666667,0.035333333,0.051333333,0.055666667,0.053,0.061666667,0.107333333,0.129666667,0.152666667,0.194,0.246,0.306666667,0.407333333,0.492333333,0.597333333,0.721666667,0.836,0.951333333,1.069666667,1.178,1.225,1.24,1.269666667,1.307666667,1.346333333,1.377,1.407666667,1.433333333,1.451666667,1.481666667,1.499,1.518333333,1.534666667,1.554666667
