experiment,Line-Treatment,DT inflection,StDev_inf,DT interval,StDev_int,Lab strain,Strain,Treatment,Strain*Treatment,Time_0,Time_0.5,Time_1,Time_1.5,Time_2,Time_2.5,Time_3,Time_3.5,Time_4,Time_4.5,Time_5,Time_5.5,Time_6,Time_6.5,Time_7,Time_7.5,Time_8,Time_8.5,Time_9,Time_9.5,Time_10,Time_10.5,Time_11,Time_11.5,Time_12,Time_12.5,Time_13,Time_13.5,Time_14,Time_14.5,Time_15,Time_15.5,Time_16,Time_16.5,Time_17,Time_17.5,Time_18,Time_18.5,Time_19,Time_19.5,Time_20
SGRP_mTORinhibitsSCREEN_SET2_GDC_AR_062617.xls,NCYC 3472-100uM GDC0941,65.20248374,2.762130883,71.88654234,3.06693138,NCYC 3472,YJM975 ,100 uM GDC0941,YJM975 *100 uM GDC0941,0,0.048333333,0.057666667,0.079,0.103666667,0.129,0.168333333,0.219333333,0.301666667,0.394,0.516333333,0.647666667,0.801,0.951,1.099666667,1.186333333,1.204,1.228666667,1.258666667,1.272666667,1.308666667,1.334,1.354666667,1.397666667,1.42,1.45,1.478333333,1.493666667,1.511333333,1.54,1.556,1.576333333,1.594333333,1.605,1.622666667,1.634,1.649333333,1.666333333,1.683666667,1.689,1.693666667
