experiment,Line-Treatment,DT inflection,StDev_inf,DT interval,StDev_int,Lab strain,Strain,Treatment,Strain*Treatment,Time_0,Time_0.5,Time_1,Time_1.5,Time_2,Time_2.5,Time_3,Time_3.5,Time_4,Time_4.5,Time_5,Time_5.5,Time_6,Time_6.5,Time_7,Time_7.5,Time_8,Time_8.5,Time_9,Time_9.5,Time_10,Time_10.5,Time_11,Time_11.5,Time_12,Time_12.5,Time_13,Time_13.5,Time_14,Time_14.5,Time_15,Time_15.5,Time_16,Time_16.5,Time_17,Time_17.5,Time_18,Time_18.5,Time_19,Time_19.5,Time_20
SCREEN_SET2_HIGHTORIN#3_MGK_09302017_F.xls,yML566-25 uM Torin 1,70.05942464,7.898014785,82.30853894,3.521191755,yML 566,FM479,25 uM Torin 1,FM479*25 uM Torin 1,0,0.030666667,0.035,0.034,0.036333333,0.038333333,0.037333333,0.037333333,0.036666667,0.036,0.036333333,0.035,0.034666667,0.034666667,0.036333333,0.039,0.043,0.047,0.052666667,0.06,0.071333333,0.081666667,0.099,0.12,0.147,0.197333333,0.245666667,0.307333333,0.385666667,0.478333333,0.573666667,0.688333333,0.802333333,0.924333333,1.051333333,1.155666667,1.236666667,1.294,1.351666667,1.411666667,1.467
SGRP_mTOR_inhibitsSCREEN_SET2_HIGH_TORIN_AR_10092017_F.xls,yML566-25 uM Torin 1,,,,,yML 566,FM479,25 uM Torin 1,FM479*25 uM Torin 1,0,0.001333333,0.000333333,0.000333333,0.001,0.001,0.001,0.000666667,0.000333333,0.000666667,0.001333333,0.001,0.001333333,0.001333333,0.001666667,0.002,0.002666667,0.003,0.004,0.005666667,0.006333333,0.008,0.009,0.011,0.01,0.011666667,0.012,0.011666667,0.011,0.010333333,0.012333333,0.012,0.013666667,0.011333333,0.012333333,0.014666667,0.013666667,0.012666667,0.014666667,0.013,0.013666667
SGRP_mTORinhibitsSCREEN_SET2_HIGHTORIN#2_MGK_093017_D.xls,yML566-25 uM Torin 1,90.1343574,6.531538528,97.69536227,10.65603742,yML 566,FM479,25 uM Torin 1,FM479*25 uM Torin 1,0,0.035,0.034,0.050666667,0.049666667,0.044,0.049,0.049333333,0.049333333,0.047,0.046333333,0.047333333,0.047,0.049333333,0.045666667,0.052,0.058333333,0.064666667,0.069,0.084666667,0.095666667,0.109,0.135,0.162333333,0.196666667,0.242333333,0.298,0.359666667,0.435,0.519666667,0.611333333,0.704,0.818,0.926,1.005333333,1.086,1.18,1.272,1.339333333,1.395333333,1.450666667
