experiment,Line-Treatment,DT inflection,StDev_inf,DT interval,StDev_int,Lab strain,Strain,Treatment,Strain*Treatment,Time_0,Time_0.5,Time_1,Time_1.5,Time_2,Time_2.5,Time_3,Time_3.5,Time_4,Time_4.5,Time_5,Time_5.5,Time_6,Time_6.5,Time_7,Time_7.5,Time_8,Time_8.5,Time_9,Time_9.5,Time_10,Time_10.5,Time_11,Time_11.5,Time_12,Time_12.5,Time_13,Time_13.5,Time_14,Time_14.5,Time_15,Time_15.5,Time_16,Time_16.5,Time_17,Time_17.5,Time_18,Time_18.5,Time_19,Time_19.5,Time_20
RB_RUN1_F_SGRPmTORscreen_KGA_11082018.xls,NCYC3284-B-1%DMSO,41.84576866,13.69173302,54.64519635,11.43701159,NCYC 3284,YPS128,1% DMSO,YPS128*1% DMSO,0,0.075666667,0.083,0.077,0.084666667,0.148333333,0.229,0.312,0.407666667,0.531666667,0.647666667,0.781,0.906,1.026666667,1.098333333,1.154,1.214666667,1.25,1.276333333,1.307,1.295,1.366666667,1.390333333,1.413333333,1.429333333,1.448333333,1.467,1.484666667,1.496,1.508333333,1.521333333,1.538,1.547666667,1.557,1.573333333,1.582,1.591333333,1.602,1.607666667,1.610666667,1.621333333
