experiment,Line-Treatment,DT inflection,StDev_inf,DT interval,StDev_int,Lab strain,Strain,Treatment,Strain*Treatment,Time_0,Time_0.5,Time_1,Time_1.5,Time_2,Time_2.5,Time_3,Time_3.5,Time_4,Time_4.5,Time_5,Time_5.5,Time_6,Time_6.5,Time_7,Time_7.5,Time_8,Time_8.5,Time_9,Time_9.5,Time_10,Time_10.5,Time_11,Time_11.5,Time_12,Time_12.5,Time_13,Time_13.5,Time_14,Time_14.5,Time_15,Time_15.5,Time_16,Time_16.5,Time_17,Time_17.5,Time_18,Time_18.5,Time_19,Time_19.5,Time_20
SGRP_mTORinhibitsSCREEN_SET3_CAFFEINE AND lowTORIN_JEMBL_1201201,yML674-1 uM Torin 11,107.98644,7.208808307,89.69717596,2.446815712,yML 674,Q32.3,1 uM Torin 1,Q32.3*1 uM Torin 1,0,0.010666667,0.012,0.013666667,0.015,0.016666667,0.019,0.021333333,0.029,0.037666667,0.371333333,0.465666667,0.549333333,0.665333333,0.769333333,0.897666667,0.966666667,1.061333333,1.074333333,1.109,1.109,1.126666667,1.162666667,1.180333333,1.202333333,1.238,1.267666667,1.289333333,1.32,1.341333333,1.368333333,1.389333333,1.422333333,1.435333333,1.454666667,1.481333333,1.51,1.527666667,1.536333333,1.576333333,1.572
