experiment,Line-Treatment,DT inflection,StDev_inf,DT interval,StDev_int,Lab strain,Strain,Treatment,Strain*Treatment,Time_0,Time_0.5,Time_1,Time_1.5,Time_2,Time_2.5,Time_3,Time_3.5,Time_4,Time_4.5,Time_5,Time_5.5,Time_6,Time_6.5,Time_7,Time_7.5,Time_8,Time_8.5,Time_9,Time_9.5,Time_10,Time_10.5,Time_11,Time_11.5,Time_12,Time_12.5,Time_13,Time_13.5,Time_14,Time_14.5,Time_15,Time_15.5,Time_16,Time_16.5,Time_17,Time_17.5,Time_18,Time_18.5,Time_19,Time_19.5,Time_20
SGRP_mTOR_inhibitsSCREEN_SET1_lowRAPA_redo2_KG_092317.xls,NCYC 3449-2.5 ng/ml RAPA,32.55882389,13.50062117,52.23665687,5.801419537,NCYC 3449,UWOPS87-2421,2.5 ng/mL RAPA,UWOPS87-2421*2.5 ng/mL RAPA,0,0.066,0.064666667,0.075666667,0.094333333,0.127,0.21,0.289666667,0.170666667,0.179,0.301333333,0.396666667,0.727666667,0.969333333,1.216,1.348,1.408,1.432333333,1.456,1.483333333,1.537333333,1.552,1.568666667,1.594333333,1.598333333,1.638666667,1.599,1.605666667,1.63,1.588666667,1.609666667,1.605,1.588,1.661,1.669,1.639666667,1.663333333,1.689666667,1.691,1.671333333,1.700333333
SGRP_mTORinhibitsSCREEN_SET1_lowRAPA_round4_KG_092417.xls,NCYC 3449-2.5 ng/ml RAPA,33.88944132,17.82602125,58.65427374,27.83013244,NCYC 3449,UWOPS87-2421,2.5 ng/mL RAPA,UWOPS87-2421*2.5 ng/mL RAPA,0,0.103666667,0.16,0.205333333,0.293666667,0.249666667,0.448333333,0.564,0.714666667,0.868333333,0.976333333,1.164666667,1.272666667,1.378666667,1.412666667,1.455666667,1.444,1.458333333,1.494333333,1.528666667,1.523333333,1.574333333,1.533333333,1.573333333,1.593666667,1.552333333,1.589666667,1.608333333,1.710333333,1.68,1.699666667,1.687666667,1.643666667,1.697,1.742333333,1.79,1.767,1.741666667,1.766666667,1.730666667,1.839
SGRP_mTORinhibsSCREEN_SET1_lowRAPA_JEMBL_08152017.xls,NCYC 3449-2.5 ng/ml RAPA,54.88061936,4.365621685,61.89361093,4.115226869,NCYC 3449,UWOPS87-2421,2.5 ng/mL RAPA,UWOPS87-2421*2.5 ng/mL RAPA,0,0.070666667,0.079,0.099333333,0.131333333,0.193333333,0.272,0.375666667,0.503,0.649,0.783666667,0.920666667,1.046,1.219,1.309666667,1.372,1.386666667,1.424333333,1.466333333,1.489333333,1.509,1.533666667,1.569,1.538333333,1.574333333,1.594333333,1.634333333,1.670666667,1.659666667,1.702666667,1.686,1.723666667,1.723333333,1.707,1.733,1.751,1.773,1.778333333,1.762666667,1.773,1.793
