experiment,Line-Treatment,DT inflection,StDev_inf,DT interval,StDev_int,Lab strain,Strain,Treatment,Strain*Treatment,Time_0,Time_0.5,Time_1,Time_1.5,Time_2,Time_2.5,Time_3,Time_3.5,Time_4,Time_4.5,Time_5,Time_5.5,Time_6,Time_6.5,Time_7,Time_7.5,Time_8,Time_8.5,Time_9,Time_9.5,Time_10,Time_10.5,Time_11,Time_11.5,Time_12,Time_12.5,Time_13,Time_13.5,Time_14,Time_14.5,Time_15,Time_15.5,Time_16,Time_16.5,Time_17,Time_17.5,Time_18,Time_18.5,Time_19,Time_19.5,Time_20
SGRP_mTORinhibitsSCREEN_SET2_GDC_MGK_081917(fixed with adding wr,yML563-100 uM GDC0941,85.37442946,5.488488434,89.00051021,6.478726456,yML 563,YJM269,100 uM GDC0941,YJM269*100 uM GDC0941,0,0.039,0.051333333,0.058,0.062666667,0.076,0.091333333,0.097666667,0.118333333,0.142333333,0.178666667,0.223,0.282333333,0.350333333,0.434333333,0.525666667,0.630333333,0.742,0.856,0.973,1.070666667,1.157333333,1.223,1.283,1.337333333,1.374333333,1.399666667,1.427333333,1.453333333,1.476,1.499333333,1.522666667,1.546666667,1.566666667,1.588,1.607333333,1.626,1.646666667,1.666333333,1.679333333,1.693333333
