experiment,Line-Treatment,DT inflection,StDev_inf,DT interval,StDev_int,Lab strain,Strain,Treatment,Strain*Treatment,Time_0,Time_0.5,Time_1,Time_1.5,Time_2,Time_2.5,Time_3,Time_3.5,Time_4,Time_4.5,Time_5,Time_5.5,Time_6,Time_6.5,Time_7,Time_7.5,Time_8,Time_8.5,Time_9,Time_9.5,Time_10,Time_10.5,Time_11,Time_11.5,Time_12,Time_12.5,Time_13,Time_13.5,Time_14,Time_14.5,Time_15,Time_15.5,Time_16,Time_16.5,Time_17,Time_17.5,Time_18,Time_18.5,Time_19,Time_19.5,Time_20
SGRP_mTORinhibitsSCREEN_SET1HIGHrapaANDhighTORIN_PU_03162018_D.x,NCYC3453A-20 ng/mL Rapamycin,75.16043532,3.864433488,340.557641,7.460923206,NCYC 3453,YS4,20 ng/mL RAPA,YS4*20 ng/mL RAPA,0,0.075,0.092666667,0.110333333,0.125666667,0.134333333,0.146666667,0.158333333,0.163,0.179,0.186666667,0.246,0.211,0.228333333,0.247,0.269,0.279666667,0.292333333,0.315,0.329333333,0.351333333,0.373,0.396333333,0.416666667,0.441666667,0.469666667,0.544333333,0.540666667,0.572333333,0.616666667,0.654,0.693666667,0.735333333,0.778666667,0.819333333,0.858,0.903333333,0.949333333,1.02,1.021666667,1.058333333
