experiment,Line-Treatment,DT inflection,StDev_inf,DT interval,StDev_int,Lab strain,Strain,Treatment,Strain*Treatment,Time_0,Time_0.5,Time_1,Time_1.5,Time_2,Time_2.5,Time_3,Time_3.5,Time_4,Time_4.5,Time_5,Time_5.5,Time_6,Time_6.5,Time_7,Time_7.5,Time_8,Time_8.5,Time_9,Time_9.5,Time_10,Time_10.5,Time_11,Time_11.5,Time_12,Time_12.5,Time_13,Time_13.5,Time_14,Time_14.5,Time_15,Time_15.5,Time_16,Time_16.5,Time_17,Time_17.5,Time_18,Time_18.5,Time_19,Time_19.5,Time_20
SGRP_mTORinhibitsSCREEN_SET2_GDC_AR_062617.xls,yML562-100uM GDC0941,79.45283246,2.881658035,87.70572857,4.2239467,yML 562,CLIB215,100 uM GDC0941,CLIB215*100 uM GDC0941,0,0.037333333,0.052,0.069333333,0.080333333,0.093,0.110333333,0.131666667,0.166333333,0.205666667,0.258666667,0.333666667,0.433333333,0.540333333,0.676,0.801333333,0.940333333,1.080333333,1.146333333,1.152,1.165333333,1.176,1.197333333,1.235333333,1.255,1.286666667,1.319666667,1.341333333,1.368333333,1.410333333,1.431666667,1.457666667,1.480333333,1.496666667,1.52,1.537333333,1.563666667,1.581,1.603333333,1.617333333,1.62
