experiment,Line-Treatment,DT inflection,StDev_inf,DT interval,StDev_int,Lab strain,Strain,Treatment,Strain*Treatment,Time_0,Time_0.5,Time_1,Time_1.5,Time_2,Time_2.5,Time_3,Time_3.5,Time_4,Time_4.5,Time_5,Time_5.5,Time_6,Time_6.5,Time_7,Time_7.5,Time_8,Time_8.5,Time_9,Time_9.5,Time_10,Time_10.5,Time_11,Time_11.5,Time_12,Time_12.5,Time_13,Time_13.5,Time_14,Time_14.5,Time_15,Time_15.5,Time_16,Time_16.5,Time_17,Time_17.5,Time_18,Time_18.5,Time_19,Time_19.5,Time_20
SGRP_mTOR_inhibitsSCREEN_SET1_GDC_redo_JE_092617.xls,NCYC 3284-100 uM GDC0941,50.45471249,17.76343982,78.20049773,9.556188068,NCYC 3284,YPS128,100 uM GDC0941,YPS128*100 uM GDC0941,0,0.078666667,0.081666667,0.075,0.100333333,0.162,0.212333333,0.269,0.369333333,0.467333333,0.520666667,0.746,0.900666667,1.052666667,1.198,1.311,1.342,1.369333333,1.401333333,1.433333333,1.454333333,1.477333333,1.503,1.535,1.554333333,1.580666667,1.599333333,1.614666667,1.632,1.65,1.666333333,1.679666667,1.689,1.699666667,1.715,1.723,1.737333333,1.747333333,1.752666667,1.760333333,1.773333333
