experiment,Line-Treatment,DT inflection,StDev_inf,DT interval,StDev_int,Lab strain,Strain,Treatment,Strain*Treatment,Time_0,Time_0.5,Time_1,Time_1.5,Time_2,Time_2.5,Time_3,Time_3.5,Time_4,Time_4.5,Time_5,Time_5.5,Time_6,Time_6.5,Time_7,Time_7.5,Time_8,Time_8.5,Time_9,Time_9.5,Time_10,Time_10.5,Time_11,Time_11.5,Time_12,Time_12.5,Time_13,Time_13.5,Time_14,Time_14.5,Time_15,Time_15.5,Time_16,Time_16.5,Time_17,Time_17.5,Time_18,Time_18.5,Time_19,Time_19.5,Time_20
SGRP_mTORinhibitsSCREEN_SET1_LOWRAPA_highRAPA_lowTORIN_MGK_12022,NCYC 3266-1% DMSO,68.98542176,1.341771849,70.131604,0.06603326,NCYC 3266,Y55,1% DMSO,Y55*1% DMSO,0,0.055666667,0.071333333,0.093666667,0.124666667,0.166666667,0.225333333,0.301666667,0.398,0.515,0.649333333,0.791,0.935,1.081333333,1.193333333,1.207,1.225666667,1.24,1.265,1.293333333,1.324333333,1.353,1.384333333,1.414333333,1.444,1.471666667,1.496,1.520666667,1.542666667,1.565,1.584,1.601666667,1.620666667,1.634333333,1.653,1.669,1.685,1.697333333,1.711666667,1.720666667,1.732
SGRP_mTORinhibitsSCREEN_SET1_LOWRAPA_highRAPA_lowTORIN_MGK_12022,NCYC 3266-1% DMSO,66.97363435,1.528236906,69.78376,1.393099049,NCYC 3266,Y55,1% DMSO,Y55*1% DMSO,0,0.043,0.056,0.073,0.099,0.134,0.182,0.246333333,0.330333333,0.435333333,0.562333333,0.699,0.84,0.987666667,1.129666667,1.188666667,1.203666667,1.218333333,1.236,1.26,1.288666667,1.318666667,1.350666667,1.381,1.410666667,1.441333333,1.466666667,1.491333333,1.516,1.537666667,1.559666667,1.58,1.599,1.615,1.632333333,1.647666667,1.665333333,1.678,1.696666667,1.707,1.717666667
