experiment,Line-Treatment,DT inflection,StDev_inf,DT interval,StDev_int,Lab strain,Strain,Treatment,Strain*Treatment,Time_0,Time_0.5,Time_1,Time_1.5,Time_2,Time_2.5,Time_3,Time_3.5,Time_4,Time_4.5,Time_5,Time_5.5,Time_6,Time_6.5,Time_7,Time_7.5,Time_8,Time_8.5,Time_9,Time_9.5,Time_10,Time_10.5,Time_11,Time_11.5,Time_12,Time_12.5,Time_13,Time_13.5,Time_14,Time_14.5,Time_15,Time_15.5,Time_16,Time_16.5,Time_17,Time_17.5,Time_18,Time_18.5,Time_19,Time_19.5,Time_20
SGRP_mTORinhibitsSCREEN_SET1_LOWRAPA_highRAPA_lowTORIN_MGK_12022,NCYC 3318-1% DMSO,59.76488198,1.404722196,62.12207324,1.649572241,NCYC 3318,L-1374,1% DMSO,L-1374*1% DMSO,0,0.062666667,0.090666667,0.128,0.184666667,0.258,0.362666667,0.492333333,0.642,0.806,0.968666667,1.107333333,1.161666667,1.179,1.196,1.224,1.255333333,1.287666667,1.318333333,1.347666667,1.378333333,1.409333333,1.439333333,1.466666667,1.489666667,1.513333333,1.533,1.554333333,1.574666667,1.594333333,1.611666667,1.625666667,1.639,1.652333333,1.664,1.673333333,1.685,1.694666667,1.704666667,1.714666667,1.722666667
