experiment,Line-Treatment,DT inflection,StDev_inf,DT interval,StDev_int,Lab strain,Strain,Treatment,Strain*Treatment,Time_0,Time_0.5,Time_1,Time_1.5,Time_2,Time_2.5,Time_3,Time_3.5,Time_4,Time_4.5,Time_5,Time_5.5,Time_6,Time_6.5,Time_7,Time_7.5,Time_8,Time_8.5,Time_9,Time_9.5,Time_10,Time_10.5,Time_11,Time_11.5,Time_12,Time_12.5,Time_13,Time_13.5,Time_14,Time_14.5,Time_15,Time_15.5,Time_16,Time_16.5,Time_17,Time_17.5,Time_18,Time_18.5,Time_19,Time_19.5,Time_20
original data.xls SET 4 HIGH RAPA,YML691-20 ng/ml RAPA,97.47026632,5.326313222,169.2226124,29.34592356,yML 691,Q31.4,20 ng/mL RAPA,Q31.4*20 ng/mL RAPA,0,0.049333333,0.042666667,0.071,0.062666667,0.091666667,0.124333333,0.121333333,0.163333333,0.185666667,0.217,0.255666667,0.284666667,0.337666667,0.373666667,0.416333333,0.487333333,0.545,0.612,0.684666667,0.763,0.847333333,0.936666667,1.018333333,1.074,1.144666667,1.213666667,1.255,1.330666667,1.365,1.426333333,1.468666667,1.512666667,1.542666667,1.577333333,1.590666667,1.608333333,1.619333333,1.634,1.651333333,1.659
