experiment,Line-Treatment,DT inflection,StDev_inf,DT interval,StDev_int,Lab strain,Strain,Treatment,Strain*Treatment,Time_0,Time_0.5,Time_1,Time_1.5,Time_2,Time_2.5,Time_3,Time_3.5,Time_4,Time_4.5,Time_5,Time_5.5,Time_6,Time_6.5,Time_7,Time_7.5,Time_8,Time_8.5,Time_9,Time_9.5,Time_10,Time_10.5,Time_11,Time_11.5,Time_12,Time_12.5,Time_13,Time_13.5,Time_14,Time_14.5,Time_15,Time_15.5,Time_16,Time_16.5,Time_17,Time_17.5,Time_18,Time_18.5,Time_19,Time_19.5,Time_20
RB_RUN1_F_SGRPmTORscreen_KGA_11082018.xls,yML697-2.5%DMSO,71.57622083,2.291382046,78.6781724,1.874773372,yML 697,UFRJ50791,2.5% DMSO,UFRJ50791*2.5% DMSO,0,0.034333333,0.035333333,0.037666667,0.045,0.019666667,0.107666667,0.142333333,0.187666667,0.244,0.323666667,0.407666667,0.506666667,0.611666667,0.708333333,0.789333333,0.917333333,1.016,1.091666667,1.123333333,1.149666667,1.167333333,1.226666667,1.198666667,1.243666667,1.269666667,1.294666667,1.318,1.338333333,1.356333333,1.376333333,1.435333333,1.410666667,1.425666667,1.443666667,1.455,1.469,1.482666667,1.491333333,1.504666667,1.513333333
