experiment,Line-Treatment,DT inflection,StDev_inf,DT interval,StDev_int,Lab strain,Strain,Treatment,Strain*Treatment,Time_0,Time_0.5,Time_1,Time_1.5,Time_2,Time_2.5,Time_3,Time_3.5,Time_4,Time_4.5,Time_5,Time_5.5,Time_6,Time_6.5,Time_7,Time_7.5,Time_8,Time_8.5,Time_9,Time_9.5,Time_10,Time_10.5,Time_11,Time_11.5,Time_12,Time_12.5,Time_13,Time_13.5,Time_14,Time_14.5,Time_15,Time_15.5,Time_16,Time_16.5,Time_17,Time_17.5,Time_18,Time_18.5,Time_19,Time_19.5,Time_20
SGRP_mTOR_inhibitsSCREEN_SET1_lowRAPA_redo2_KG_092317.xls,NCYC 3266-2.5 ng/ml RAPA,65.90915935,2.35412768,70.69232363,3.749166359,NCYC 3266,Y55,2.5 ng/mL RAPA,Y55*2.5 ng/mL RAPA,0,0.061333333,0.073,0.084333333,0.109333333,0.141666667,0.192666667,0.261,0.342666667,0.452,0.580333333,0.712333333,0.849,0.984,1.11,1.211,1.263,1.282666667,1.299333333,1.321666667,1.351,1.379666667,1.413666667,1.446,1.477333333,1.506333333,1.533333333,1.554666667,1.575666667,1.594,1.611,1.628333333,1.642666667,1.657,1.671,1.683,1.693666667,1.705666667,1.714666667,1.724333333,1.734
SGRP_mTORinhibitsSCREEN_SET1_lowRAPA_round4_KG_092417.xls,NCYC 3266-2.5 ng/ml RAPA,62.78082422,5.143529647,66.99624096,1.450973585,NCYC 3266,Y55,2.5 ng/mL RAPA,Y55*2.5 ng/mL RAPA,0,0.09,0.122333333,0.163333333,0.227333333,0.303333333,0.415,0.540333333,0.685,0.840666667,0.988666667,1.122333333,1.211333333,1.236666667,1.252333333,1.269333333,1.297,1.327,1.358333333,1.390666667,1.42,1.452333333,1.482,1.509666667,1.535333333,1.558333333,1.579,1.601,1.620666667,1.641,1.656333333,1.671,1.685,1.700333333,1.711,1.723333333,1.732333333,1.744333333,1.753666667,1.762,1.771333333
SGRP_mTORinhibsSCREEN_SET1_lowRAPA_JEMBL_08152017.xls,NCYC 3266-2.5 ng/ml RAPA,63.91947015,0.72378304,66.1115788,1.699996831,NCYC 3266,Y55,2.5 ng/mL RAPA,Y55*2.5 ng/mL RAPA,0,0.059,0.071,0.093,0.126,0.171,0.233,0.321,0.430333333,0.554666667,0.695666667,0.855333333,1.013,1.161333333,1.213666667,1.23,1.246333333,1.269,1.294,1.321333333,1.352666667,1.383666667,1.412666667,1.44,1.469333333,1.495333333,1.518666667,1.544333333,1.563333333,1.586,1.603666667,1.622,1.642666667,1.652666667,1.672333333,1.690666667,1.703666667,1.719,1.727666667,1.738,1.747333333
