experiment,Line-Treatment,DT inflection,StDev_inf,DT interval,StDev_int,Lab strain,Strain,Treatment,Strain*Treatment,Time_0,Time_0.5,Time_1,Time_1.5,Time_2,Time_2.5,Time_3,Time_3.5,Time_4,Time_4.5,Time_5,Time_5.5,Time_6,Time_6.5,Time_7,Time_7.5,Time_8,Time_8.5,Time_9,Time_9.5,Time_10,Time_10.5,Time_11,Time_11.5,Time_12,Time_12.5,Time_13,Time_13.5,Time_14,Time_14.5,Time_15,Time_15.5,Time_16,Time_16.5,Time_17,Time_17.5,Time_18,Time_18.5,Time_19,Time_19.5,Time_20
SGRP_mTORinhibitsSCREEN_SET2_GDC_MGK_081917(fixed with adding wr,yML561-100 uM GDC0941,62.63211967,15.45235958,115.973116,22.77761613,yML 561,T73,100 uM GDC0941,T73*100 uM GDC0941,0,0.061,0.063333333,0.066666667,0.078,0.097,0.130333333,0.148,0.205666667,0.235,0.307333333,0.372,0.465,0.569,0.691,0.810666667,0.934,1.056,1.158,1.224333333,1.25,1.260333333,1.28,1.300333333,1.327333333,1.351,1.383666667,1.414666667,1.443333333,1.469333333,1.498333333,1.52,1.543666667,1.564,1.582666667,1.6,1.616666667,1.635,1.646333333,1.664,1.678
