experiment,Line-Treatment,DT inflection,StDev_inf,DT interval,StDev_int,Lab strain,Strain,Treatment,Strain*Treatment,Time_0,Time_0.5,Time_1,Time_1.5,Time_2,Time_2.5,Time_3,Time_3.5,Time_4,Time_4.5,Time_5,Time_5.5,Time_6,Time_6.5,Time_7,Time_7.5,Time_8,Time_8.5,Time_9,Time_9.5,Time_10,Time_10.5,Time_11,Time_11.5,Time_12,Time_12.5,Time_13,Time_13.5,Time_14,Time_14.5,Time_15,Time_15.5,Time_16,Time_16.5,Time_17,Time_17.5,Time_18,Time_18.5,Time_19,Time_19.5,Time_20
SGRP_mTORinhibits_SET1_CAFF_REDO_NBMBL_08032017.xls,NCYC 3266-Drug,82.03334838,1.928564904,85.32478265,1.917391971,NCYC 3266,Y55,1 mg/mL Caffeine,Y55*1 mg/mL Caffeine,0,0.052333333,0.059333333,0.068333333,0.082,0.100666667,0.126333333,0.158666667,0.201666667,0.256,0.329,0.419,0.528666667,0.651666667,0.786333333,0.918333333,1.044333333,1.152,1.191666667,1.213,1.236666667,1.266333333,1.296666667,1.330666667,1.364,1.398333333,1.431333333,1.461,1.485333333,1.51,1.534666667,1.557666667,1.576666667,1.596333333,1.614333333,1.63,1.648,1.661666667,1.675333333,1.690333333,1.702333333
