experiment,Line-Treatment,DT inflection,StDev_inf,DT interval,StDev_int,Lab strain,Strain,Treatment,Strain*Treatment,Time_0,Time_0.5,Time_1,Time_1.5,Time_2,Time_2.5,Time_3,Time_3.5,Time_4,Time_4.5,Time_5,Time_5.5,Time_6,Time_6.5,Time_7,Time_7.5,Time_8,Time_8.5,Time_9,Time_9.5,Time_10,Time_10.5,Time_11,Time_11.5,Time_12,Time_12.5,Time_13,Time_13.5,Time_14,Time_14.5,Time_15,Time_15.5,Time_16,Time_16.5,Time_17,Time_17.5,Time_18,Time_18.5,Time_19,Time_19.5,Time_20
original data.xls SET 4 HIGH RAPA,WT-20 ng/ml RAPA,260.0471278,11.56915258,470.2585781,21.28350348,BY4743,BY4743,20 ng/mL RAPA,BY4743*20 ng/mL RAPA,0,0.038333333,0.042,0.048666667,0.054,0.059,0.064,0.068666667,0.074,0.081,0.086666667,0.093,0.100666667,0.108666667,0.116,0.123666667,0.131,0.14,0.15,0.158,0.168,0.178,0.188,0.198666667,0.211333333,0.221333333,0.231666667,0.244666667,0.256333333,0.269333333,0.281333333,0.293666667,0.308333333,0.320333333,0.333,0.346,0.362,0.376333333,0.389,0.405666667,0.421
SGRP_mTORinhibitsSCREEN_Set2_highRAPA_KGPU_11202017_F.xls,WT-20 ng/ml RAPA,234.1072087,13.57295546,435.3557519,37.43054902,BY4743,BY4743,20 ng/mL RAPA,BY4743*20 ng/mL RAPA,0,0.032333333,0.037,0.042666667,0.048666667,0.053666667,0.059333333,0.065333333,0.072333333,0.079,0.086666667,0.093666667,0.101333333,0.11,0.117,0.127666667,0.136666667,0.146666667,0.157,0.168,0.180666667,0.193,0.206333333,0.219,0.234,0.247,0.261,0.276333333,0.292333333,0.308,0.323333333,0.339333333,0.355666667,0.371,0.386666667,0.404333333,0.421666667,0.438666667,0.454666667,0.471666667,0.490333333
SGRP_mTORinhibitsSCREEN_SET3_round3_highRAPA_KG_091517_D.xls,WT-20 ng/ml RAPA,272.346412,22.95561489,534.4701398,2.515240416,BY4743,BY4743,20 ng/mL RAPA,BY4743*20 ng/mL RAPA,0,0.040333333,0.045333333,0.05,0.054,0.058,0.062666667,0.067,0.071,0.076333333,0.081666667,0.086333333,0.092666667,0.098,0.104,0.111,0.116666667,0.125,0.130666667,0.139,0.146666667,0.150666667,0.162666667,0.171,0.179333333,0.188333333,0.197,0.207,0.216333333,0.224,0.237,0.245,0.254,0.264666667,0.275666667,0.289333333,0.300666667,0.312,0.323,0.335,0.348666667
