experiment,Line-Treatment,DT inflection,StDev_inf,DT interval,StDev_int,Lab strain,Strain,Treatment,Strain*Treatment,Time_0,Time_0.5,Time_1,Time_1.5,Time_2,Time_2.5,Time_3,Time_3.5,Time_4,Time_4.5,Time_5,Time_5.5,Time_6,Time_6.5,Time_7,Time_7.5,Time_8,Time_8.5,Time_9,Time_9.5,Time_10,Time_10.5,Time_11,Time_11.5,Time_12,Time_12.5,Time_13,Time_13.5,Time_14,Time_14.5,Time_15,Time_15.5,Time_16,Time_16.5,Time_17,Time_17.5,Time_18,Time_18.5,Time_19,Time_19.5,Time_20
SGRP_mTORinhibitsSCREEN_SET1_AZD8055_KGPUARMBL_061817.xls,NCYC 3290-100uM AZD08055,68.48376327,0.95424335,70.91879658,0.453877722,NCYC 3290,DBVPG 6044,100 uM AZD8055,DBVPG 6044*100 uM AZD8055,0,0.043,0.041666667,0.048333333,0.064333333,0.116,0.159666667,0.215333333,0.29,0.382,0.488,0.612,0.742666667,0.879666667,1.018,1.148,1.238666667,1.263333333,1.284666667,1.311333333,1.338,1.365,1.39,1.417666667,1.448333333,1.473333333,1.500666667,1.525333333,1.547333333,1.567666667,1.585333333,1.605333333,1.621666667,1.638,1.651666667,1.666666667,1.680333333,1.694,1.705666667,1.717333333,1.727666667
