experiment,Line-Treatment,DT inflection,StDev_inf,DT interval,StDev_int,Lab strain,Strain,Treatment,Strain*Treatment,Time_0,Time_0.5,Time_1,Time_1.5,Time_2,Time_2.5,Time_3,Time_3.5,Time_4,Time_4.5,Time_5,Time_5.5,Time_6,Time_6.5,Time_7,Time_7.5,Time_8,Time_8.5,Time_9,Time_9.5,Time_10,Time_10.5,Time_11,Time_11.5,Time_12,Time_12.5,Time_13,Time_13.5,Time_14,Time_14.5,Time_15,Time_15.5,Time_16,Time_16.5,Time_17,Time_17.5,Time_18,Time_18.5,Time_19,Time_19.5,Time_20
SGRP_mTOR_inhibitsSCREEN_SET1_highgdc-0941_AR_053117.xls,NCYC 3455-100uM GDC0941,125.9053057,1.369973275,151.3219123,2.983090609,NCYC 3455,322134 S ,100 uM GDC0941,322134 S *100 uM GDC0941,0,0.055,0.058,0.061333333,0.066333333,0.070333333,0.074666667,0.080333333,0.086666667,0.096666667,0.102666667,0.111333333,0.126333333,0.135,0.156333333,0.178333333,0.198666667,0.221333333,0.259,0.3,0.349,0.406666667,0.473333333,0.550666667,0.635666667,0.728666667,0.828,0.928,1.030333333,1.100333333,1.122333333,1.142666667,1.162666667,1.184666667,1.207666667,1.230666667,1.254333333,1.282666667,1.315,1.347,1.384333333
