experiment,Line-Treatment,DT inflection,StDev_inf,DT interval,StDev_int,Lab strain,Strain,Treatment,Strain*Treatment,Time_0,Time_0.5,Time_1,Time_1.5,Time_2,Time_2.5,Time_3,Time_3.5,Time_4,Time_4.5,Time_5,Time_5.5,Time_6,Time_6.5,Time_7,Time_7.5,Time_8,Time_8.5,Time_9,Time_9.5,Time_10,Time_10.5,Time_11,Time_11.5,Time_12,Time_12.5,Time_13,Time_13.5,Time_14,Time_14.5,Time_15,Time_15.5,Time_16,Time_16.5,Time_17,Time_17.5,Time_18,Time_18.5,Time_19,Time_19.5,Time_20
SGRP_mTORinhibitsSCREEN_SET2_CAFFEINE AND lowTORIN_MGK_AR_120320,yML561-2.5% DMSO,81.56916768,5.786279517,93.59158416,5.863474364,yML 561,T73,2.5% DMSO,T73*2.5% DMSO,0,0.083,0.093333333,0.121666667,0.156666667,0.199333333,0.253333333,0.310666667,0.377666667,0.486333333,0.588333333,0.711666667,0.83,0.954,1.075666667,1.175333333,1.236,1.265666667,1.284333333,1.303,1.322666667,1.341,1.376,1.397,1.425333333,1.458666667,1.485666667,1.509,1.533666667,1.543,1.573,1.590333333,1.602,1.622,1.638666667,1.652666667,1.666666667,1.679666667,1.693,1.706666667,1.709333333
