experiment,Line-Treatment,DT inflection,StDev_inf,DT interval,StDev_int,Lab strain,Strain,Treatment,Strain*Treatment,Time_0,Time_0.5,Time_1,Time_1.5,Time_2,Time_2.5,Time_3,Time_3.5,Time_4,Time_4.5,Time_5,Time_5.5,Time_6,Time_6.5,Time_7,Time_7.5,Time_8,Time_8.5,Time_9,Time_9.5,Time_10,Time_10.5,Time_11,Time_11.5,Time_12,Time_12.5,Time_13,Time_13.5,Time_14,Time_14.5,Time_15,Time_15.5,Time_16,Time_16.5,Time_17,Time_17.5,Time_18,Time_18.5,Time_19,Time_19.5,Time_20
SET4_highTORIN_REDO_NBMBL_080717.xls,yML 694-25 uM Torin 1,70.62936482,7.896427202,90.64545028,3.243439054,yML 694,CBS432,25 uM Torin 1,CBS432*25 uM Torin 1,0,0.036333333,0.036666667,0.036,0.033333333,0.033,0.033333333,0.033333333,0.036333333,0.043333333,0.050666667,0.063333333,0.074666667,0.098666667,0.110333333,0.136666667,0.185333333,0.226,0.289,0.363666667,0.466666667,0.585666667,0.707,0.842,0.971666667,1.092666667,1.137,1.142666667,1.152,1.165333333,1.182666667,1.210333333,1.242333333,1.278,1.312,1.344,1.376,1.403,1.421666667,1.451666667,1.473
