experiment,Line-Treatment,DT inflection,StDev_inf,DT interval,StDev_int,Lab strain,Strain,Treatment,Strain*Treatment,Time_0,Time_0.5,Time_1,Time_1.5,Time_2,Time_2.5,Time_3,Time_3.5,Time_4,Time_4.5,Time_5,Time_5.5,Time_6,Time_6.5,Time_7,Time_7.5,Time_8,Time_8.5,Time_9,Time_9.5,Time_10,Time_10.5,Time_11,Time_11.5,Time_12,Time_12.5,Time_13,Time_13.5,Time_14,Time_14.5,Time_15,Time_15.5,Time_16,Time_16.5,Time_17,Time_17.5,Time_18,Time_18.5,Time_19,Time_19.5,Time_20
SGRP_mTORinhibitsSCREEN_SET3_CAFFEINE AND lowTORIN_JEMBL_1201201,yML666-2.5% DMSO,77.11988528,28.13969025,92.73680031,11.54160281,yML 666,UFRJ50816,2.5% DMSO,UFRJ50816*2.5% DMSO,0,0.017666667,0.018666667,0.019666667,0.021,0.032,0.037666667,0.033,0.165666667,0.187666667,0.349333333,0.433,0.532,0.659,0.766333333,0.887,1.012666667,1.119,1.145,1.164,1.185333333,1.206333333,1.226333333,1.260666667,1.287333333,1.321666667,1.343333333,1.374333333,1.4,1.426,1.450333333,1.471,1.499666667,1.512333333,1.532666667,1.552,1.570333333,1.591666667,1.605333333,1.621666667,1.628
