experiment,Line-Treatment,DT inflection,StDev_inf,DT interval,StDev_int,Lab strain,Strain,Treatment,Strain*Treatment,Time_0,Time_0.5,Time_1,Time_1.5,Time_2,Time_2.5,Time_3,Time_3.5,Time_4,Time_4.5,Time_5,Time_5.5,Time_6,Time_6.5,Time_7,Time_7.5,Time_8,Time_8.5,Time_9,Time_9.5,Time_10,Time_10.5,Time_11,Time_11.5,Time_12,Time_12.5,Time_13,Time_13.5,Time_14,Time_14.5,Time_15,Time_15.5,Time_16,Time_16.5,Time_17,Time_17.5,Time_18,Time_18.5,Time_19,Time_19.5,Time_20
SGRP_mTORinhibitsSCREEN_SET1_CAFF_MGK_11012017_F.xls,NCYC 3264-1000 ug/ml Caffeine,87.59861325,1.049916424,111.4136932,1.084423084,NCYC 3264,DBVPG 6765,1 mg/mL Caffeine,DBVPG 6765*1 mg/mL Caffeine,0,0.027333333,0.047333333,0.043333333,0.023666667,0.061666667,0.076333333,0.074333333,0.112,0.134333333,0.170333333,0.207,0.253,0.304666667,0.361333333,0.444,0.532333333,0.632666667,0.751,0.851666667,0.958666667,1.058,1.121666667,1.139333333,1.157,1.176333333,1.201,1.231,1.258333333,1.286666667,1.315666667,1.344666667,1.371,1.400333333,1.420666667,1.444333333,1.468,1.484666667,1.503333333,1.522666667,1.536333333
SGRP_mTORinhibitsSCREEN_SET1_CAFFEINE AND lowTORIN_MGK_12022017_,NCYC 3264-1000 ug/ml Caffeine,101.2850078,4.657621464,115.9628188,0.654847305,NCYC 3264,DBVPG 6765,1 mg/mL Caffeine,DBVPG 6765*1 mg/mL Caffeine,0,0.053,0.061,0.070666667,0.082333333,0.096333333,0.111,0.131,0.156,0.191333333,0.233,0.278,0.330666667,0.391666667,0.47,0.551333333,0.642666667,0.753333333,0.852,0.952333333,1.048,1.098333333,1.112,1.128,1.144333333,1.172,1.202666667,1.231666667,1.262333333,1.291666667,1.323666667,1.353333333,1.382,1.407333333,1.435333333,1.456333333,1.477666667,1.496333333,1.517666667,1.536666667,1.550666667
SGRP_mTORinhibitsSCREEN_SET1_CAFFEINE AND lowTORIN_MGK_12022017_,NCYC 3264-1000 ug/ml Caffeine,102.0125535,2.199240895,113.0007312,3.129252659,NCYC 3264,DBVPG 6765,1 mg/mL Caffeine,DBVPG 6765*1 mg/mL Caffeine,0,0.065,0.08,0.091666667,0.11,0.129,0.153333333,0.186,0.22,0.269666667,0.326333333,0.390333333,0.462333333,0.540666667,0.636,0.751333333,0.858333333,0.956,1.054,1.108,1.119666667,1.135666667,1.154666667,1.183666667,1.216666667,1.243333333,1.273,1.301333333,1.332,1.36,1.387666667,1.414333333,1.435666667,1.458333333,1.481666667,1.499333333,1.514333333,1.534666667,1.551666667,1.565,1.578
