experiment,Line-Treatment,DT inflection,StDev_inf,DT interval,StDev_int,Lab strain,Strain,Treatment,Strain*Treatment,Time_0,Time_0.5,Time_1,Time_1.5,Time_2,Time_2.5,Time_3,Time_3.5,Time_4,Time_4.5,Time_5,Time_5.5,Time_6,Time_6.5,Time_7,Time_7.5,Time_8,Time_8.5,Time_9,Time_9.5,Time_10,Time_10.5,Time_11,Time_11.5,Time_12,Time_12.5,Time_13,Time_13.5,Time_14,Time_14.5,Time_15,Time_15.5,Time_16,Time_16.5,Time_17,Time_17.5,Time_18,Time_18.5,Time_19,Time_19.5,Time_20
SGRP_mTOR_inhibitsSCREEN_SET2_HighRAPA+LowTorin_Repeat_JEMBL_073,NCYC 3468-1% DMSO,30.572652,8.037370452,75.09752846,48.14180678,NCYC 3468,UWOPS05-227.2 ,1% DMSO,UWOPS05-227.2 *1% DMSO,0,0.016333333,0.010666667,0.052,0.069,0.122666667,0.114333333,0.162333333,0.237,0.411,0.607333333,0.789333333,1.001,1.162,1.197,1.233333333,1.27,1.299333333,1.337666667,1.376333333,1.415666667,1.440333333,1.480333333,1.511333333,1.543333333,1.569666667,1.596333333,1.606666667,1.634333333,1.648666667,1.668,1.687666667,1.700666667,1.718666667,1.737333333,1.757666667,1.774666667,1.793,1.806333333,1.827666667,1.842
SGRP_mTORinhibitsSCREEN_SET2_LOWRAPA_highTORIN_MGK_12032017_F,NCYC 3468-1% DMSO,18.89257713,14.27268621,99.49988919,66.30495466,NCYC 3468,UWOPS05-227.2 ,1% DMSO,UWOPS05-227.2 *1% DMSO,0,0.050333333,0.044666667,0.026,0.010666667,0.004,0.074333333,0.002,0.003666667,0.208,0.278,0.355,0.329,0.718666667,0.939,1.128666667,1.15,1.188,1.23,1.276666667,1.307333333,1.343333333,1.358,1.400333333,1.420666667,1.446666667,1.476333333,1.503666667,1.525,1.545333333,1.564666667,1.582666667,1.592333333,1.612666667,1.628666667,1.636666667,1.654333333,1.652666667,1.662666667,1.689666667,1.700666667
