experiment,Line-Treatment,DT inflection,StDev_inf,DT interval,StDev_int,Lab strain,Strain,Treatment,Strain*Treatment,Time_0,Time_0.5,Time_1,Time_1.5,Time_2,Time_2.5,Time_3,Time_3.5,Time_4,Time_4.5,Time_5,Time_5.5,Time_6,Time_6.5,Time_7,Time_7.5,Time_8,Time_8.5,Time_9,Time_9.5,Time_10,Time_10.5,Time_11,Time_11.5,Time_12,Time_12.5,Time_13,Time_13.5,Time_14,Time_14.5,Time_15,Time_15.5,Time_16,Time_16.5,Time_17,Time_17.5,Time_18,Time_18.5,Time_19,Time_19.5,Time_20
SET4_highTORIN_REDO_NBMBL_080717.xls,yML 692-25 uM Torin 1,71.71357765,15.92253479,117.2743184,15.21103517,yML 692,Y8.5,25 uM Torin 1,Y8.5*25 uM Torin 1,0,0.037,0.038333333,0.037666667,0.034333333,0.034333333,0.032666667,0.040666667,0.047,0.059666667,0.063333333,0.08,0.078666667,0.109333333,0.109333333,0.113666667,0.153,0.159666667,0.185333333,0.224666667,0.267333333,0.321,0.384,0.482666667,0.588,0.698,0.820666667,0.950333333,1.047666667,1.141333333,1.183666667,1.214,1.236,1.264666667,1.297666667,1.33,1.363,1.393333333,1.420333333,1.446666667,1.468333333
