experiment,Line-Treatment,DT inflection,StDev_inf,DT interval,StDev_int,Lab strain,Strain,Treatment,Strain*Treatment,Time_0,Time_0.5,Time_1,Time_1.5,Time_2,Time_2.5,Time_3,Time_3.5,Time_4,Time_4.5,Time_5,Time_5.5,Time_6,Time_6.5,Time_7,Time_7.5,Time_8,Time_8.5,Time_9,Time_9.5,Time_10,Time_10.5,Time_11,Time_11.5,Time_12,Time_12.5,Time_13,Time_13.5,Time_14,Time_14.5,Time_15,Time_15.5,Time_16,Time_16.5,Time_17,Time_17.5,Time_18,Time_18.5,Time_19,Time_19.5,Time_20
SGRP_mTORinhibits_SET4_GDC_MGK_09202017.xls,YML691-100 uM GDC0941,70.18933967,4.240881974,120.5432738,19.88744671,yML 691,Q31.4,100 uM GDC0941,Q31.4*100 uM GDC0941,0,0.071333333,0.083666667,0.089333333,0.076333333,0.059,0.069666667,0.083666667,0.115666667,0.139,0.174,0.218333333,0.248,0.313,0.376,0.460333333,0.554333333,0.665333333,0.782666667,0.897666667,1.016,1.104,1.114666667,1.136333333,1.157333333,1.187666667,1.221666667,1.257333333,1.289333333,1.321,1.35,1.375333333,1.401,1.425,1.449,1.470333333,1.491333333,1.509666667,1.527,1.543,1.556
