experiment,Line-Treatment,DT inflection,StDev_inf,DT interval,StDev_int,Lab strain,Strain,Treatment,Strain*Treatment,Time_0,Time_0.5,Time_1,Time_1.5,Time_2,Time_2.5,Time_3,Time_3.5,Time_4,Time_4.5,Time_5,Time_5.5,Time_6,Time_6.5,Time_7,Time_7.5,Time_8,Time_8.5,Time_9,Time_9.5,Time_10,Time_10.5,Time_11,Time_11.5,Time_12,Time_12.5,Time_13,Time_13.5,Time_14,Time_14.5,Time_15,Time_15.5,Time_16,Time_16.5,Time_17,Time_17.5,Time_18,Time_18.5,Time_19,Time_19.5,Time_20
SET4_highTORIN_REDO_NBMBL_080717.xls,yML 699-25 uM Torin 1,63.19166992,3.85044865,65.52505965,2.069839469,yML 699,UWOPS91-917.1,25 uM Torin 1,UWOPS91-917.1*25 uM Torin 1,0,0.022,0.026333333,0.033333333,0.043333333,0.057666667,0.076333333,0.097333333,0.122,0.153,0.206666667,0.287,0.386666667,0.492,0.584,0.662,0.727333333,0.784666667,0.832,0.871333333,0.91,0.933333333,0.959666667,0.974333333,0.986333333,0.999666667,1.002,1.009666667,1.010333333,1.019333333,1.016,1.017,1.012666667,0.992333333,0.992666667,0.986,0.983666667,0.976333333,0.966,0.980666667,0.953
