experiment,Line-Treatment,DT inflection,StDev_inf,DT interval,StDev_int,Lab strain,Strain,Treatment,Strain*Treatment,Time_0,Time_0.5,Time_1,Time_1.5,Time_2,Time_2.5,Time_3,Time_3.5,Time_4,Time_4.5,Time_5,Time_5.5,Time_6,Time_6.5,Time_7,Time_7.5,Time_8,Time_8.5,Time_9,Time_9.5,Time_10,Time_10.5,Time_11,Time_11.5,Time_12,Time_12.5,Time_13,Time_13.5,Time_14,Time_14.5,Time_15,Time_15.5,Time_16,Time_16.5,Time_17,Time_17.5,Time_18,Time_18.5,Time_19,Time_19.5,Time_20
SGRP_mTORinhibitsSCREEN_Set2_highRAPA_KGPU_11202017_F.xls,yML557-20 ng/ml RAPA,126.060483,3.750236181,144.8883767,1.348261616,yML 557,T7,20 ng/mL RAPA,T7*20 ng/mL RAPA,0,0.027,0.032,0.038333333,0.046333333,0.052666667,0.061,0.069666667,0.081,0.094333333,0.111,0.128,0.149,0.175,0.202333333,0.238333333,0.275333333,0.317,0.364666667,0.415333333,0.475333333,0.544666667,0.619333333,0.698333333,0.782333333,0.868333333,0.950666667,1.036666667,1.119333333,1.182666667,1.226333333,1.240666667,1.256333333,1.274333333,1.296,1.312333333,1.331333333,1.351666667,1.378,1.404333333,1.430666667
