experiment,Line-Treatment,DT inflection,StDev_inf,DT interval,StDev_int,Lab strain,Strain,Treatment,Strain*Treatment,Time_0,Time_0.5,Time_1,Time_1.5,Time_2,Time_2.5,Time_3,Time_3.5,Time_4,Time_4.5,Time_5,Time_5.5,Time_6,Time_6.5,Time_7,Time_7.5,Time_8,Time_8.5,Time_9,Time_9.5,Time_10,Time_10.5,Time_11,Time_11.5,Time_12,Time_12.5,Time_13,Time_13.5,Time_14,Time_14.5,Time_15,Time_15.5,Time_16,Time_16.5,Time_17,Time_17.5,Time_18,Time_18.5,Time_19,Time_19.5,Time_20
SGRP_mTORinhibitsSCREEN_SET2_lowTORIN_JEMBL_100117.xls,yML564-1 uM Torin 1,72.73951141,1.130728656,75.94207788,0.829428409,yML 564,CLIB382,1 uM Torin 1,CLIB382*1 uM Torin 1,0,0.037333333,0.042,0.05,0.062333333,0.08,0.098666667,0.132666667,0.175333333,0.233333333,0.303666667,0.398666667,0.502,0.627,0.765666667,0.918666667,1.041666667,1.164,1.214666667,1.241333333,1.267333333,1.297666667,1.330666667,1.369666667,1.402666667,1.437333333,1.466,1.493,1.521333333,1.546333333,1.568,1.587,1.604666667,1.620666667,1.635,1.650666667,1.665333333,1.678333333,1.689666667,1.702333333,1.709333333
