experiment,Line-Treatment,DT inflection,StDev_inf,DT interval,StDev_int,Lab strain,Strain,Treatment,Strain*Treatment,Time_0,Time_0.5,Time_1,Time_1.5,Time_2,Time_2.5,Time_3,Time_3.5,Time_4,Time_4.5,Time_5,Time_5.5,Time_6,Time_6.5,Time_7,Time_7.5,Time_8,Time_8.5,Time_9,Time_9.5,Time_10,Time_10.5,Time_11,Time_11.5,Time_12,Time_12.5,Time_13,Time_13.5,Time_14,Time_14.5,Time_15,Time_15.5,Time_16,Time_16.5,Time_17,Time_17.5,Time_18,Time_18.5,Time_19,Time_19.5,Time_20
SGRP_mTORinhibitsSCREEN_SET2_CAFFEINE AND lowTORIN_MGK_AR_120320,NCYC 3468-1 uM Torin 1,69.98490586,6.899133956,90.36979147,14.72186874,NCYC 3468,UWOPS05-227.2 ,1 uM Torin 1,UWOPS05-227.2 *1 uM Torin 1,0,0.091666667,0.085666667,0.138,0.169,0.211666667,0.264,0.339,0.436333333,0.540666667,0.661,0.804333333,0.944333333,1.083333333,1.188666667,1.239333333,1.268,1.286,1.311,1.343333333,1.380333333,1.407666667,1.448,1.478666667,1.508666667,1.544666667,1.569333333,1.594333333,1.613666667,1.628666667,1.65,1.666,1.682666667,1.699,1.715333333,1.733,1.743,1.752666667,1.766333333,1.776333333,1.784
SGRP_mTORinhibitsSCREEN_SET2_LOWTORIN_ARMBL_09192017.xls,NCYC 3468-1 uM Torin 1,106.7203139,5.040250415,122.1699791,1.394484834,NCYC 3468,UWOPS05-227.2 ,1 uM Torin 1,UWOPS05-227.2 *1 uM Torin 1,0,0.020666667,0.021333333,0.02,0.019,0.019,0.019333333,0.019666667,0.022333333,0.026666667,0.031,0.032333333,0.034,0.037,0.045666667,0.053333333,0.059333333,0.070666667,0.086333333,0.099333333,0.121333333,0.144666667,0.173666667,0.208,0.249333333,0.297333333,0.347,0.41,0.471333333,0.536,0.599666667,0.668333333,0.736,0.788333333,0.824666667,0.858333333,0.892333333,0.935333333,0.978666667,1.023,1.071333333
SGRP_mTORinhibitsSCREEN_SET2_lowTORIN_JEMBL_100117.xls,NCYC 3468-1 uM Torin 1,4.43625137,0.244477144,32.65893812,24.46512285,NCYC 3468,UWOPS05-227.2 ,1 uM Torin 1,UWOPS05-227.2 *1 uM Torin 1,0,0.042333333,0.039333333,0.053333333,0.065,0.105666667,0.022,0.003,0.002666667,0.287666667,0.358,0.493333333,0.627666667,0.789,0.949666667,1.089666667,1.195666667,1.216333333,1.239,1.261333333,1.291333333,1.329666667,1.360666667,1.395666667,1.427333333,1.460666667,1.490666667,1.518666667,1.55,1.571,1.593,1.612666667,1.632,1.649666667,1.668666667,1.685,1.697333333,1.715333333,1.728666667,1.741666667,1.751666667
