experiment,Line-Treatment,DT inflection,StDev_inf,DT interval,StDev_int,Lab strain,Strain,Treatment,Strain*Treatment,Time_0,Time_0.5,Time_1,Time_1.5,Time_2,Time_2.5,Time_3,Time_3.5,Time_4,Time_4.5,Time_5,Time_5.5,Time_6,Time_6.5,Time_7,Time_7.5,Time_8,Time_8.5,Time_9,Time_9.5,Time_10,Time_10.5,Time_11,Time_11.5,Time_12,Time_12.5,Time_13,Time_13.5,Time_14,Time_14.5,Time_15,Time_15.5,Time_16,Time_16.5,Time_17,Time_17.5,Time_18,Time_18.5,Time_19,Time_19.5,Time_20
SGRP_mTORinhibitsSCREEN_SET3_LOWRAPA_JEMBL_12012017_F,yML 670-1% DMSO,89.38552817,7.388863999,83.9923291,15.05812269,yML 670,Q59.1,1% DMSO,Q59.1*1% DMSO,0,0.017666667,0.02,0.021,0.023666667,0.025,0.039666667,0.084666667,0.179666667,0.334,0.414666667,0.514,0.629333333,0.747666667,0.871666667,0.985666667,1.090333333,1.116,1.121666667,1.13,1.143,1.158666667,1.179333333,1.202333333,1.232333333,1.263333333,1.297,1.323,1.351666667,1.375333333,1.4,1.419666667,1.442666667,1.461666667,1.476666667,1.496,1.513,1.529,1.542,1.555666667,1.567333333
