experiment,Line-Treatment,DT inflection,StDev_inf,DT interval,StDev_int,Lab strain,Strain,Treatment,Strain*Treatment,Time_0,Time_0.5,Time_1,Time_1.5,Time_2,Time_2.5,Time_3,Time_3.5,Time_4,Time_4.5,Time_5,Time_5.5,Time_6,Time_6.5,Time_7,Time_7.5,Time_8,Time_8.5,Time_9,Time_9.5,Time_10,Time_10.5,Time_11,Time_11.5,Time_12,Time_12.5,Time_13,Time_13.5,Time_14,Time_14.5,Time_15,Time_15.5,Time_16,Time_16.5,Time_17,Time_17.5,Time_18,Time_18.5,Time_19,Time_19.5,Time_20
SET2_caffeine_KGPU_080517.xls,NCYC 3487-1000 ug/ml Caffeine,133.1523574,1.112941597,141.8965301,2.601485573,NCYC 3487,YS2 ,1 mg/mL Caffeine,YS2 *1 mg/mL Caffeine,0,0.042,0.041333333,0.047,0.056666667,0.061,0.067333333,0.077666667,0.085,0.094,0.105666667,0.118,0.131333333,0.150333333,0.170666667,0.196,0.227666667,0.262333333,0.303,0.352666667,0.409,0.472666667,0.543,0.619333333,0.704,0.792333333,0.883,0.962,1.003666667,1.022,1.048333333,1.071,1.091,1.114666667,1.139666667,1.166666667,1.198,1.230333333,1.263,1.297333333,1.330333333
SGRP_mTORinhibits_SET2_Caffeine_JE_092817.xls,NCYC 3487-1000 ug/ml Caffeine,135.3426791,3.586126105,144.3109146,0.851746389,NCYC 3487,YS2 ,1 mg/mL Caffeine,YS2 *1 mg/mL Caffeine,0,0.038333333,0.041666667,0.047,0.053333333,0.060333333,0.068,0.074333333,0.083666667,0.091,0.100666667,0.111333333,0.123333333,0.139666667,0.160333333,0.181666667,0.208666667,0.239666667,0.277666667,0.323,0.373666667,0.432333333,0.496666667,0.570333333,0.652,0.733333333,0.822666667,0.911,0.989666667,1.030333333,1.050333333,1.079,1.102333333,1.125,1.147,1.170333333,1.196333333,1.220666667,1.248666667,1.277333333,1.307
SGRP_mTORinhibitsSCREEN_SET2_Caffeine_JE_092717.xls,NCYC 3487-1000 ug/ml Caffeine,141.101929,3.720985104,154.5180703,0.842715392,NCYC 3487,YS2 ,1 mg/mL Caffeine,YS2 *1 mg/mL Caffeine,0,0.034333333,0.038333333,0.044,0.051,0.06,0.065666667,0.073666667,0.082,0.092333333,0.101,0.111333333,0.123,0.139,0.155,0.174,0.198,0.225333333,0.257333333,0.297,0.341,0.389,0.443333333,0.513333333,0.580666667,0.661666667,0.745,0.831333333,0.914666667,0.988333333,1.023666667,1.044333333,1.074333333,1.096333333,1.115666667,1.140666667,1.165,1.191,1.217666667,1.246666667,1.278
