experiment,Line-Treatment,DT inflection,StDev_inf,DT interval,StDev_int,Lab strain,Strain,Treatment,Strain*Treatment,Time_0,Time_0.5,Time_1,Time_1.5,Time_2,Time_2.5,Time_3,Time_3.5,Time_4,Time_4.5,Time_5,Time_5.5,Time_6,Time_6.5,Time_7,Time_7.5,Time_8,Time_8.5,Time_9,Time_9.5,Time_10,Time_10.5,Time_11,Time_11.5,Time_12,Time_12.5,Time_13,Time_13.5,Time_14,Time_14.5,Time_15,Time_15.5,Time_16,Time_16.5,Time_17,Time_17.5,Time_18,Time_18.5,Time_19,Time_19.5,Time_20
SGRP_mTORinhibitsSCREEN_SET1_AZD8055_KGPUARMBL_061817.xls,NCYC 3314-100uM AZD08055,64.89212595,1.156395882,66.4428309,1.330226034,NCYC 3314,BC187,100 uM AZD8055,BC187*100 uM AZD8055,0,0.061666667,0.073666667,0.091,0.120333333,0.159666667,0.217666667,0.297333333,0.408333333,0.535333333,0.686666667,0.845333333,1.004,1.122333333,1.176666667,1.195666667,1.211,1.238666667,1.270666667,1.303,1.330666667,1.362,1.389666667,1.417333333,1.449,1.472333333,1.498,1.522,1.541,1.562,1.578333333,1.597666667,1.613333333,1.627666667,1.643333333,1.658666667,1.670666667,1.684666667,1.695333333,1.707,1.719
