experiment,Line-Treatment,DT inflection,StDev_inf,DT interval,StDev_int,Lab strain,Strain,Treatment,Strain*Treatment,Time_0,Time_0.5,Time_1,Time_1.5,Time_2,Time_2.5,Time_3,Time_3.5,Time_4,Time_4.5,Time_5,Time_5.5,Time_6,Time_6.5,Time_7,Time_7.5,Time_8,Time_8.5,Time_9,Time_9.5,Time_10,Time_10.5,Time_11,Time_11.5,Time_12,Time_12.5,Time_13,Time_13.5,Time_14,Time_14.5,Time_15,Time_15.5,Time_16,Time_16.5,Time_17,Time_17.5,Time_18,Time_18.5,Time_19,Time_19.5,Time_20
SET2_caffeine_KGPU_080517.xls,NCYC 3471-1000 ug/ml Caffeine,96.49030883,1.624626987,103.0692875,1.345273528,NCYC 3471,YJM981 ,1 mg/mL Caffeine,YJM981 *1 mg/mL Caffeine,0,0.038,0.037,0.041333333,0.055,0.075333333,0.09,0.115666667,0.137,0.163666667,0.201,0.246666667,0.298333333,0.367,0.447666667,0.536,0.636666667,0.760333333,0.892333333,1.002666667,1.086333333,1.141,1.160333333,1.183,1.208333333,1.231,1.256,1.284,1.313333333,1.345666667,1.373,1.399,1.424666667,1.446333333,1.466333333,1.485,1.505333333,1.524666667,1.541,1.555333333,1.568666667
SGRP_mTORinhibits_SET2_Caffeine_JE_092817.xls,NCYC 3471-1000 ug/ml Caffeine,89.73870743,6.365374103,102.2521571,5.182214964,NCYC 3471,YJM981 ,1 mg/mL Caffeine,YJM981 *1 mg/mL Caffeine,0,0.032666667,0.032333333,0.022333333,0.016333333,0.011,0.011,0.082666667,0.098333333,0.122,0.15,0.188666667,0.223333333,0.274666667,0.341666667,0.416333333,0.506,0.607,0.725,0.848,0.968666667,1.083666667,1.158,1.198666667,1.217,1.234333333,1.258333333,1.281666667,1.306,1.337666667,1.363666667,1.392666667,1.416666667,1.444333333,1.471,1.488666667,1.510666667,1.528666667,1.548,1.564333333,1.582333333
SGRP_mTORinhibitsSCREEN_SET2_Caffeine_JE_092717.xls,NCYC 3471-1000 ug/ml Caffeine,82.3546402,1.474866918,108.994601,2.338269448,NCYC 3471,YJM981 ,1 mg/mL Caffeine,YJM981 *1 mg/mL Caffeine,0,0.034,0.035,0.036666667,0.047666667,0.058666667,0.068666667,0.083666667,0.106,0.128,0.162666667,0.19,0.241,0.285,0.345666667,0.412,0.494333333,0.599,0.705666667,0.830666667,0.963666667,1.072333333,1.153,1.190333333,1.205333333,1.221333333,1.248,1.270333333,1.298333333,1.328,1.354333333,1.388333333,1.419,1.448,1.469666667,1.492,1.516,1.536333333,1.554333333,1.573333333,1.590666667
