experiment,Line-Treatment,DT inflection,StDev_inf,DT interval,StDev_int,Lab strain,Strain,Treatment,Strain*Treatment,Time_0,Time_0.5,Time_1,Time_1.5,Time_2,Time_2.5,Time_3,Time_3.5,Time_4,Time_4.5,Time_5,Time_5.5,Time_6,Time_6.5,Time_7,Time_7.5,Time_8,Time_8.5,Time_9,Time_9.5,Time_10,Time_10.5,Time_11,Time_11.5,Time_12,Time_12.5,Time_13,Time_13.5,Time_14,Time_14.5,Time_15,Time_15.5,Time_16,Time_16.5,Time_17,Time_17.5,Time_18,Time_18.5,Time_19,Time_19.5,Time_20
SGRP_mTOR_inhibitsSCREEN_SET1_lowRAPA_redo2_KG_092317.xls,NCYC 3453-2.5 ng/ml RAPA,153.869436,10.19911047,267.9103416,4.447935333,NCYC 3453,YS4,2.5 ng/mL RAPA,YS4*2.5 ng/mL RAPA,0,0.045,0.049666667,0.060333333,0.076333333,0.093333333,0.112333333,0.132,0.150333333,0.170666667,0.193,0.206333333,0.228666667,0.252333333,0.276,0.300666667,0.325,0.355,0.380333333,0.404666667,0.438333333,0.463333333,0.501,0.539333333,0.581333333,0.629333333,0.676333333,0.723,0.775333333,0.825,0.876666667,0.929333333,0.980666667,1.032,1.081333333,1.129333333,1.165,1.192333333,1.210333333,1.218333333,1.227
SGRP_mTORinhibitsSCREEN_SET1_lowRAPA_round4_KG_092417.xls,NCYC 3453-2.5 ng/ml RAPA,97.00683751,13.80751458,132.7733304,8.983208854,NCYC 3453,YS4,2.5 ng/mL RAPA,YS4*2.5 ng/mL RAPA,0,0.064333333,0.098,0.119,0.15,0.181,0.221,0.259666667,0.302,0.351333333,0.404666667,0.464666667,0.527666667,0.595333333,0.660333333,0.731333333,0.807,0.88,0.948333333,1.012333333,1.068333333,1.120333333,1.163333333,1.206,1.226333333,1.238666667,1.253333333,1.269333333,1.288666667,1.305666667,1.321666667,1.338333333,1.354333333,1.375666667,1.391333333,1.408,1.424333333,1.443,1.460666667,1.473666667,1.491333333
SGRP_mTORinhibsSCREEN_SET1_lowRAPA_JEMBL_08152017.xls,NCYC 3453-2.5 ng/ml RAPA,71.88588388,2.020243391,77.42933354,1.544686517,NCYC 3453,YS4,2.5 ng/mL RAPA,YS4*2.5 ng/mL RAPA,0,0.04,0.049666667,0.063333333,0.083333333,0.113333333,0.147333333,0.193666667,0.253333333,0.334,0.437333333,0.563666667,0.714333333,0.860333333,1.005333333,1.116,1.146,1.152333333,1.161333333,1.173333333,1.19,1.203,1.220333333,1.234,1.251,1.266666667,1.282,1.297,1.311,1.327,1.341,1.356333333,1.373333333,1.386,1.403666667,1.417666667,1.431,1.447333333,1.458666667,1.474,1.485666667
