experiment,Line-Treatment,DT inflection,StDev_inf,DT interval,StDev_int,Lab strain,Strain,Treatment,Strain*Treatment,Time_0,Time_0.5,Time_1,Time_1.5,Time_2,Time_2.5,Time_3,Time_3.5,Time_4,Time_4.5,Time_5,Time_5.5,Time_6,Time_6.5,Time_7,Time_7.5,Time_8,Time_8.5,Time_9,Time_9.5,Time_10,Time_10.5,Time_11,Time_11.5,Time_12,Time_12.5,Time_13,Time_13.5,Time_14,Time_14.5,Time_15,Time_15.5,Time_16,Time_16.5,Time_17,Time_17.5,Time_18,Time_18.5,Time_19,Time_19.5,Time_20
SGRP_mTOR_inhibitsSCREEN_SET1_lowRAPA_redo2_KG_092317.xls,NCYC 3313-2.5 ng/ml RAPA,72.89030782,4.986127025,86.44537103,1.765860053,NCYC 3313,DBVPG 1853,2.5 ng/mL RAPA,DBVPG 1853*2.5 ng/mL RAPA,0,0.067333333,0.070666667,0.079,0.097,0.121333333,0.160333333,0.206666667,0.268,0.342,0.426666667,0.514,0.609333333,0.710666667,0.819,0.932333333,1.027,1.123,1.217666667,1.293,1.334,1.347,1.363,1.382333333,1.403666667,1.423666667,1.447333333,1.467,1.490333333,1.508666667,1.530333333,1.55,1.566,1.581333333,1.595666667,1.61,1.621666667,1.634666667,1.648,1.66,1.674
SGRP_mTORinhibitsSCREEN_SET1_lowRAPA_round4_KG_092417.xls,NCYC 3313-2.5 ng/ml RAPA,67.75705695,2.940266346,76.46308786,5.103027811,NCYC 3313,DBVPG 1853,2.5 ng/mL RAPA,DBVPG 1853*2.5 ng/mL RAPA,0,0.114,0.140333333,0.177666667,0.241333333,0.300333333,0.409666667,0.512,0.635666667,0.758333333,0.886,1.017333333,1.123,1.202,1.268333333,1.289,1.303,1.317666667,1.336,1.362,1.382333333,1.408666667,1.430333333,1.453333333,1.476,1.499666667,1.52,1.539666667,1.558666667,1.574,1.589,1.601666667,1.615666667,1.630666667,1.64,1.653666667,1.663333333,1.674333333,1.685,1.693666667,1.702333333
SGRP_mTORinhibsSCREEN_SET1_lowRAPA_JEMBL_08152017.xls,NCYC 3313-2.5 ng/ml RAPA,68.8587101,0.362104774,72.58396755,0.445613473,NCYC 3313,DBVPG 1853,2.5 ng/mL RAPA,DBVPG 1853*2.5 ng/mL RAPA,0,0.060333333,0.069333333,0.087333333,0.110333333,0.141666667,0.186333333,0.252,0.330666667,0.432666667,0.544,0.671666667,0.814333333,0.953,1.083666667,1.19,1.250666667,1.261666667,1.275666667,1.289666667,1.309666667,1.332666667,1.357,1.381,1.405333333,1.427333333,1.450333333,1.471333333,1.495,1.518333333,1.537666667,1.554,1.570666667,1.587333333,1.600333333,1.619,1.630666667,1.645333333,1.659,1.67,1.68
