experiment,Line-Treatment,DT inflection,StDev_inf,DT interval,StDev_int,Lab strain,Strain,Treatment,Strain*Treatment,Time_0,Time_0.5,Time_1,Time_1.5,Time_2,Time_2.5,Time_3,Time_3.5,Time_4,Time_4.5,Time_5,Time_5.5,Time_6,Time_6.5,Time_7,Time_7.5,Time_8,Time_8.5,Time_9,Time_9.5,Time_10,Time_10.5,Time_11,Time_11.5,Time_12,Time_12.5,Time_13,Time_13.5,Time_14,Time_14.5,Time_15,Time_15.5,Time_16,Time_16.5,Time_17,Time_17.5,Time_18,Time_18.5,Time_19,Time_19.5,Time_20
SGRP_mTORinhibits_SET4_GDC_MGK_09202017.xls,YML708-100 uM GDC0941,48.2565231,14.48731834,69.88673965,5.044925253,yML 708,PW5,100 uM GDC0941,PW5*100 uM GDC0941,0,0.093333333,0.125333333,0.14,0.137666667,0.169,0.127,0.172666667,0.250666667,0.325,0.42,0.541666667,0.697,0.849,1.014666667,1.141333333,1.215666667,1.247,1.265666667,1.295333333,1.324333333,1.36,1.386333333,1.438666667,1.454666667,1.488666667,1.518,1.543333333,1.565333333,1.585666667,1.609333333,1.630666667,1.642666667,1.665666667,1.684666667,1.698666667,1.711666667,1.725,1.734333333,1.747333333,1.757333333
