experiment,Line-Treatment,DT inflection,StDev_inf,DT interval,StDev_int,Lab strain,Strain,Treatment,Strain*Treatment,Time_0,Time_0.5,Time_1,Time_1.5,Time_2,Time_2.5,Time_3,Time_3.5,Time_4,Time_4.5,Time_5,Time_5.5,Time_6,Time_6.5,Time_7,Time_7.5,Time_8,Time_8.5,Time_9,Time_9.5,Time_10,Time_10.5,Time_11,Time_11.5,Time_12,Time_12.5,Time_13,Time_13.5,Time_14,Time_14.5,Time_15,Time_15.5,Time_16,Time_16.5,Time_17,Time_17.5,Time_18,Time_18.5,Time_19,Time_19.5,Time_20
SET2AZDredo+highTORINMBL_07302017.xls,NCYC 3487-100 uM AZD8055,114.746685,10.66056024,134.651391,3.712460052,NCYC 3487,YS2 ,100 uM AZD8055,YS2 *100 uM AZD8055,0,0.034333333,0.037333333,0.043666667,0.048333333,0.057666667,0.066666667,0.072333333,0.081,0.087666667,0.092333333,0.100333333,0.103333333,0.110333333,0.117333333,0.126,0.134666667,0.148333333,0.164333333,0.184333333,0.208666667,0.238666667,0.278,0.327333333,0.386666667,0.446666667,0.527,0.608,0.7,0.768666667,0.837333333,0.911,0.979,1.028333333,1.048333333,1.066666667,1.089333333,1.111,1.128,1.155,1.180333333
