experiment,Line-Treatment,DT inflection,StDev_inf,DT interval,StDev_int,Lab strain,Strain,Treatment,Strain*Treatment,Time_0,Time_0.5,Time_1,Time_1.5,Time_2,Time_2.5,Time_3,Time_3.5,Time_4,Time_4.5,Time_5,Time_5.5,Time_6,Time_6.5,Time_7,Time_7.5,Time_8,Time_8.5,Time_9,Time_9.5,Time_10,Time_10.5,Time_11,Time_11.5,Time_12,Time_12.5,Time_13,Time_13.5,Time_14,Time_14.5,Time_15,Time_15.5,Time_16,Time_16.5,Time_17,Time_17.5,Time_18,Time_18.5,Time_19,Time_19.5,Time_20
SGRP_mTORinhibitsSCREEN_SET2_GDC_AR_062617.xls,NCYC 3466-100uM GDC0941,81.38821466,3.656181662,89.67644118,7.737541192,NCYC 3466,S288c ,100 uM GDC0941,S288c *100 uM GDC0941,0,0.022333333,0.028333333,0.044,0.049,0.052333333,0.061,0.070666667,0.089666667,0.106666667,0.136666667,0.172,0.217333333,0.274333333,0.354,0.425666667,0.514666667,0.634666667,0.750666667,0.861666667,0.986666667,1.100666667,1.164,1.191333333,1.200666667,1.216,1.235333333,1.252,1.275,1.304,1.329666667,1.359666667,1.387666667,1.41,1.437666667,1.460333333,1.487333333,1.513333333,1.540333333,1.553333333,1.565666667
