experiment,Line-Treatment,DT inflection,StDev_inf,DT interval,StDev_int,Lab strain,Strain,Treatment,Strain*Treatment,Time_0,Time_0.5,Time_1,Time_1.5,Time_2,Time_2.5,Time_3,Time_3.5,Time_4,Time_4.5,Time_5,Time_5.5,Time_6,Time_6.5,Time_7,Time_7.5,Time_8,Time_8.5,Time_9,Time_9.5,Time_10,Time_10.5,Time_11,Time_11.5,Time_12,Time_12.5,Time_13,Time_13.5,Time_14,Time_14.5,Time_15,Time_15.5,Time_16,Time_16.5,Time_17,Time_17.5,Time_18,Time_18.5,Time_19,Time_19.5,Time_20
RB_RUN1_F_SGRPmTORscreen_KGA_11082018.xls,yML698-A-1 uM Torin 1,78.11405703,1.348856755,94.56207949,2.80364783,yML 698,IFO1804,1 uM Torin 1,IFO1804*1 uM Torin 1,0,0.042333333,0.053666667,0.059333333,0.069666667,0.073,0.106,0.135,0.173666667,0.226666667,0.273,0.345,0.425666667,0.52,0.610666667,0.715,0.818666667,0.918333333,0.978333333,0.977666667,0.978666667,0.977333333,0.976333333,0.972666667,0.970333333,0.97,0.970666667,0.970333333,0.97,0.970333333,0.972,0.971666667,0.972666667,0.974666667,0.976666667,0.978333333,0.978333333,0.980333333,0.981,0.982666667,0.982666667
