experiment,Line-Treatment,DT inflection,StDev_inf,DT interval,StDev_int,Lab strain,Strain,Treatment,Strain*Treatment,Time_0,Time_0.5,Time_1,Time_1.5,Time_2,Time_2.5,Time_3,Time_3.5,Time_4,Time_4.5,Time_5,Time_5.5,Time_6,Time_6.5,Time_7,Time_7.5,Time_8,Time_8.5,Time_9,Time_9.5,Time_10,Time_10.5,Time_11,Time_11.5,Time_12,Time_12.5,Time_13,Time_13.5,Time_14,Time_14.5,Time_15,Time_15.5,Time_16,Time_16.5,Time_17,Time_17.5,Time_18,Time_18.5,Time_19,Time_19.5,Time_20
SGRP_mTORinhibits_SET4_GDC_MGK_09202017.xls,YML688-100 uM GDC0941,50.4217235,20.81491065,83.41280216,12.68491979,yML 688,Q74.4,100 uM GDC0941,Q74.4*100 uM GDC0941,0,0.044,0.085333333,0.074666667,0.058,0.044333333,0.050333333,0.041666667,0.047,0.077,0.083666667,0.107333333,0.17,0.214,0.278666667,0.358666667,0.455333333,0.574333333,0.69,0.820333333,0.945666667,1.065,1.169333333,1.182,1.204666667,1.226,1.257,1.290666667,1.326333333,1.36,1.389666667,1.416,1.442,1.466,1.488333333,1.511666667,1.531,1.549333333,1.566333333,1.580666667,1.594
