experiment,Line-Treatment,DT inflection,StDev_inf,DT interval,StDev_int,Lab strain,Strain,Treatment,Strain*Treatment,Time_0,Time_0.5,Time_1,Time_1.5,Time_2,Time_2.5,Time_3,Time_3.5,Time_4,Time_4.5,Time_5,Time_5.5,Time_6,Time_6.5,Time_7,Time_7.5,Time_8,Time_8.5,Time_9,Time_9.5,Time_10,Time_10.5,Time_11,Time_11.5,Time_12,Time_12.5,Time_13,Time_13.5,Time_14,Time_14.5,Time_15,Time_15.5,Time_16,Time_16.5,Time_17,Time_17.5,Time_18,Time_18.5,Time_19,Time_19.5,Time_20
SGRP_mTORinhibits_SET3_GDC_Redo_JEMBL_08102017.xls,YML670-100 uM GDC0941,63.57643629,12.91815278,71.85640399,13.73865354,yML 670,Q59.1,100 uM GDC0941,Q59.1*100 uM GDC0941,0,0.068666667,0.079,0.082333333,0.078666667,0.059666667,0.053666667,0.055666667,0.08,0.145666667,0.185,0.249,0.408666667,0.543333333,0.671,0.799,0.914333333,1.026333333,1.128333333,1.142333333,1.155666667,1.169666667,1.190666667,1.212333333,1.250333333,1.29,1.325,1.362,1.388666667,1.419333333,1.446,1.458666667,1.491666667,1.516333333,1.535666667,1.553333333,1.571333333,1.585333333,1.601333333,1.617666667,1.632
SGRP_mTORinhibitsSCREEN_SET3_round2_GDC_KG_09142017_D.xls,YML670-100 uM GDC0941,88.1331162,2.354172227,104.5991974,11.37955516,yML 670,Q59.1,100 uM GDC0941,Q59.1*100 uM GDC0941,0,0.07,0.077333333,0.081,0.085,0.095666667,0.103,0.117,0.136,0.16,0.19,0.222666667,0.274,0.347,0.427333333,0.523,0.621333333,0.723333333,0.825333333,0.918333333,1.012,1.100333333,1.180666667,1.252666667,1.293,1.309,1.326333333,1.342,1.360666667,1.382666667,1.408666667,1.434666667,1.457,1.485,1.502666667,1.521333333,1.543,1.558,1.574,1.581333333,1.592333333
