experiment,Line-Treatment,DT inflection,StDev_inf,DT interval,StDev_int,Lab strain,Strain,Treatment,Strain*Treatment,Time_0,Time_0.5,Time_1,Time_1.5,Time_2,Time_2.5,Time_3,Time_3.5,Time_4,Time_4.5,Time_5,Time_5.5,Time_6,Time_6.5,Time_7,Time_7.5,Time_8,Time_8.5,Time_9,Time_9.5,Time_10,Time_10.5,Time_11,Time_11.5,Time_12,Time_12.5,Time_13,Time_13.5,Time_14,Time_14.5,Time_15,Time_15.5,Time_16,Time_16.5,Time_17,Time_17.5,Time_18,Time_18.5,Time_19,Time_19.5,Time_20
SGRP_mTORinhibitsSCREEN_SET3_LOWRAPA_JEMBL_12012017_F,yML 669-1% DMSO,79.55114651,2.618487314,101.9271122,8.275742663,yML 669,T21.4,1% DMSO,T21.4*1% DMSO,0,0.020666667,0.023,0.025666667,0.022666667,0.022,0.195333333,0.233666667,0.295,0.372666667,0.478333333,0.586333333,0.709666667,0.838333333,0.972666667,1.085333333,1.168666667,1.210333333,1.228666667,1.250333333,1.284666667,1.318333333,1.353,1.385,1.411333333,1.437,1.464,1.485666667,1.508,1.524666667,1.545333333,1.559333333,1.577666667,1.589,1.601,1.616666667,1.628666667,1.642,1.651666667,1.662333333,1.670666667
