experiment,Line-Treatment,DT inflection,StDev_inf,DT interval,StDev_int,Lab strain,Strain,Treatment,Strain*Treatment,Time_0,Time_0.5,Time_1,Time_1.5,Time_2,Time_2.5,Time_3,Time_3.5,Time_4,Time_4.5,Time_5,Time_5.5,Time_6,Time_6.5,Time_7,Time_7.5,Time_8,Time_8.5,Time_9,Time_9.5,Time_10,Time_10.5,Time_11,Time_11.5,Time_12,Time_12.5,Time_13,Time_13.5,Time_14,Time_14.5,Time_15,Time_15.5,Time_16,Time_16.5,Time_17,Time_17.5,Time_18,Time_18.5,Time_19,Time_19.5,Time_20
SGRP_mTORinhibitsSCREEN_SET2_CAFFEINE AND lowTORIN_MGK_AR_120320,NCYC 3467-2.5% DMSO,103.115157,1.478000723,110.1780443,0.493396086,NCYC 3467,W303,2.5% DMSO,W303*2.5% DMSO,0,0.018,0.02,0.021,0.023666667,0.026,0.029,0.034333333,0.039333333,0.047666667,0.056,0.069666667,0.084333333,0.102333333,0.127666667,0.157666667,0.192333333,0.233,0.281666667,0.341,0.404,0.476333333,0.559333333,0.630333333,0.693666667,0.746666667,0.795,0.850666667,0.896333333,0.942333333,0.990333333,1.028666667,1.053333333,1.083,1.103666667,1.118666667,1.128,1.135,1.142,1.150666667,1.157666667
SGRP_mTORinhibitsSCREEN_SET2_LOWRAPA_highTORIN_MGK_12032017_F,NCYC 3467-2.5% DMSO,97.72865765,0.984681246,115.5299174,0.572559089,NCYC 3467,W303,2.5% DMSO,W303*2.5% DMSO,0,0.019,0.017666667,0.018666667,0.02,0.023666667,0.026666667,0.032,0.038333333,0.046333333,0.057666667,0.07,0.086666667,0.107,0.130666667,0.161666667,0.196666667,0.238333333,0.284333333,0.337,0.403,0.475666667,0.551666667,0.633,0.68,0.716,0.756666667,0.8,0.846666667,0.888333333,0.93,0.971,1.008,1.036333333,1.066333333,1.076333333,1.084,1.09,1.093,1.102,1.106666667
SGRP_mTORinhibitsSCREEN_SET2_LOWRAPA_highTORIN_MGK_12032017_F,NCYC 3467-2.5% DMSO,100.1757161,1.065882148,110.9977227,1.095382327,NCYC 3467,W303,2.5% DMSO,W303*2.5% DMSO,0,0.022666667,0.021333333,0.023333333,0.025,0.028,0.032333333,0.037,0.045,0.054,0.066666667,0.081666667,0.100333333,0.123666667,0.151666667,0.185333333,0.226333333,0.276,0.330333333,0.394,0.467333333,0.544,0.618,0.665333333,0.697333333,0.739,0.784666667,0.825666667,0.867666667,0.907666667,0.944333333,0.982,1.011666667,1.036666667,1.049333333,1.054333333,1.058666667,1.063333333,1.069,1.078333333,1.081666667
