experiment,Line-Treatment,DT inflection,StDev_inf,DT interval,StDev_int,Lab strain,Strain,Treatment,Strain*Treatment,Time_0,Time_0.5,Time_1,Time_1.5,Time_2,Time_2.5,Time_3,Time_3.5,Time_4,Time_4.5,Time_5,Time_5.5,Time_6,Time_6.5,Time_7,Time_7.5,Time_8,Time_8.5,Time_9,Time_9.5,Time_10,Time_10.5,Time_11,Time_11.5,Time_12,Time_12.5,Time_13,Time_13.5,Time_14,Time_14.5,Time_15,Time_15.5,Time_16,Time_16.5,Time_17,Time_17.5,Time_18,Time_18.5,Time_19,Time_19.5,Time_20
SGRP_mTORinhibitsSCREEN_SET2_lowRAPA_KGPUMBL_100117.xls,WT-Drug,71.08819754,1.631666943,74.54512762,0.424364914,BY4743,BY4743,2.5 ng/mL RAPA,BY4743*2.5 ng/mL RAPA,0,0.029333333,0.033,0.038666667,0.049,0.064,0.084333333,0.111666667,0.149,0.2,0.263333333,0.346333333,0.447666667,0.568,0.694,0.819,0.936666667,1.036,1.092333333,1.104333333,1.108666667,1.115666667,1.124,1.135666667,1.145333333,1.158,1.168333333,1.182,1.197666667,1.212333333,1.230333333,1.249,1.266,1.285666667,1.304,1.319333333,1.337666667,1.353333333,1.37,1.387333333,1.400666667
