experiment,Line-Treatment,DT inflection,StDev_inf,DT interval,StDev_int,Lab strain,Strain,Treatment,Strain*Treatment,Time_0,Time_0.5,Time_1,Time_1.5,Time_2,Time_2.5,Time_3,Time_3.5,Time_4,Time_4.5,Time_5,Time_5.5,Time_6,Time_6.5,Time_7,Time_7.5,Time_8,Time_8.5,Time_9,Time_9.5,Time_10,Time_10.5,Time_11,Time_11.5,Time_12,Time_12.5,Time_13,Time_13.5,Time_14,Time_14.5,Time_15,Time_15.5,Time_16,Time_16.5,Time_17,Time_17.5,Time_18,Time_18.5,Time_19,Time_19.5,Time_20
SGRP_mTORinhibitsSCREEN_SET1_AZD8055_KGPUARMBL_061817.xls,NCYC 3451-100uM AZD08055,65.25052447,1.342202187,67.20009751,2.043519376,NCYC 3451,NCYC361,100 uM AZD8055,NCYC361*100 uM AZD8055,0,0.063666667,0.072333333,0.086333333,0.113666667,0.148666667,0.199666667,0.271333333,0.373,0.501666667,0.645333333,0.805333333,0.973666667,1.113,1.213333333,1.239,1.254,1.281,1.313333333,1.345333333,1.376,1.409,1.437333333,1.467333333,1.498,1.520666667,1.548333333,1.571333333,1.590666667,1.609333333,1.625333333,1.644666667,1.661333333,1.674,1.690333333,1.706666667,1.721,1.731666667,1.745333333,1.756333333,1.767333333
