experiment,Line-Treatment,DT inflection,StDev_inf,DT interval,StDev_int,Lab strain,Strain,Treatment,Strain*Treatment,Time_0,Time_0.5,Time_1,Time_1.5,Time_2,Time_2.5,Time_3,Time_3.5,Time_4,Time_4.5,Time_5,Time_5.5,Time_6,Time_6.5,Time_7,Time_7.5,Time_8,Time_8.5,Time_9,Time_9.5,Time_10,Time_10.5,Time_11,Time_11.5,Time_12,Time_12.5,Time_13,Time_13.5,Time_14,Time_14.5,Time_15,Time_15.5,Time_16,Time_16.5,Time_17,Time_17.5,Time_18,Time_18.5,Time_19,Time_19.5,Time_20
SGRP_mTORinhibitsSCREEN_SET2_GDC_AR_062617.xls,NCYC 3462-100uM GDC0941,37.20572271,10.8640946,38.77009934,13.50260112,NCYC 3462,UWOPS05-217.3 ,100 uM GDC0941,UWOPS05-217.3 *100 uM GDC0941,0,0.036,0.034666667,0.046666667,0.056,0.046,0.041333333,0.07,0.07,0.104666667,0.166,0.247666667,0.368,0.543333333,0.681333333,0.863,0.999666667,1.142333333,1.214,1.210333333,1.233333333,1.259333333,1.304666667,1.349666667,1.38,1.415666667,1.452666667,1.482,1.517,1.538,1.567333333,1.594,1.618666667,1.629333333,1.643333333,1.661,1.675666667,1.694333333,1.710666667,1.737666667,1.738666667
