experiment,Line-Treatment,DT inflection,StDev_inf,DT interval,StDev_int,Lab strain,Strain,Treatment,Strain*Treatment,Time_0,Time_0.5,Time_1,Time_1.5,Time_2,Time_2.5,Time_3,Time_3.5,Time_4,Time_4.5,Time_5,Time_5.5,Time_6,Time_6.5,Time_7,Time_7.5,Time_8,Time_8.5,Time_9,Time_9.5,Time_10,Time_10.5,Time_11,Time_11.5,Time_12,Time_12.5,Time_13,Time_13.5,Time_14,Time_14.5,Time_15,Time_15.5,Time_16,Time_16.5,Time_17,Time_17.5,Time_18,Time_18.5,Time_19,Time_19.5,Time_20
SGRP_mTORinhibits_SET3_GDC_Redo_JEMBL_08102017.xls,YML681-100 uM GDC0941,56.04727697,5.117656316,72.7537764,8.570142935,yML 681,A4,100 uM GDC0941,A4*100 uM GDC0941,0,0.039,0.055333333,0.070333333,0.087,0.12,0.163333333,0.203333333,0.296,0.378666667,0.484,0.607,0.781666667,0.930333333,1.065333333,1.158,1.182666667,1.193666667,1.206666667,1.216333333,1.243,1.266666667,1.290333333,1.303333333,1.353333333,1.383666667,1.407666667,1.444,1.466333333,1.492333333,1.516666667,1.545333333,1.572,1.580333333,1.617,1.632,1.652,1.659333333,1.676333333,1.695666667,1.705
SGRP_mTORinhibitsSCREEN_SET3_round2_GDC_KG_09142017_D.xls,YML681-100 uM GDC0941,67.16655294,13.5191052,82.8741624,0.807293821,yML 681,A4,100 uM GDC0941,A4*100 uM GDC0941,0,0.06,0.057,0.057,0.058666667,0.095333333,0.112333333,0.183666667,0.23,0.302,0.392,0.477666667,0.604333333,0.747,0.858666667,1.025666667,1.122333333,1.157666667,1.153666667,1.181333333,1.202,1.193333333,1.195,1.192333333,1.201666667,1.240666667,1.251666667,1.254,1.270333333,1.318666667,1.324333333,1.334,1.355,1.377333333,1.428666667,1.434,1.497333333,1.516,1.526,1.537,1.554
