experiment,Line-Treatment,DT inflection,StDev_inf,DT interval,StDev_int,Lab strain,Strain,Treatment,Strain*Treatment,Time_0,Time_0.5,Time_1,Time_1.5,Time_2,Time_2.5,Time_3,Time_3.5,Time_4,Time_4.5,Time_5,Time_5.5,Time_6,Time_6.5,Time_7,Time_7.5,Time_8,Time_8.5,Time_9,Time_9.5,Time_10,Time_10.5,Time_11,Time_11.5,Time_12,Time_12.5,Time_13,Time_13.5,Time_14,Time_14.5,Time_15,Time_15.5,Time_16,Time_16.5,Time_17,Time_17.5,Time_18,Time_18.5,Time_19,Time_19.5,Time_20
SGRP_mTOR_inhibitsSCREEN_SET2_HighRAPA+LowTorin_Repeat_JEMBL_073,yML 742-20 ng/ml RAPA,317.0612214,11.39664446,540.8609142,32.96775351,BY4743,BY4743,20 ng/mL RAPA,BY4743*20 ng/mL RAPA,0,0.034,0.038,0.042,0.044,0.046333333,0.048666667,0.052666667,0.056666667,0.06,0.063666667,0.067666667,0.071333333,0.076333333,0.080666667,0.084333333,0.09,0.095333333,0.1,0.106333333,0.111333333,0.117333333,0.124,0.130666667,0.137666667,0.144333333,0.152333333,0.16,0.167666667,0.175,0.184666667,0.191333333,0.2,0.21,0.217,0.226,0.235,0.246666667,0.256,0.265666667,0.275666667
SGRP_mTORinhibitsSCREEN_SET 1 2 3 4 High-Low Rapa High-Low Torin,yML 742-20 ng/ml RAPA,246.9491257,23.92317448,425.9586629,61.08682422,BY4743,BY4743,20 ng/mL RAPA,BY4743*20 ng/mL RAPA,0,0.038666667,0.044,0.052,0.06,0.065333333,0.074,0.082,0.091,0.099333333,0.108666667,0.118333333,0.128,0.141,0.151666667,0.163666667,0.174666667,0.188333333,0.201333333,0.216,0.229333333,0.245333333,0.258666667,0.274333333,0.290666667,0.307333333,0.324,0.339333333,0.355333333,0.371333333,0.389666667,0.406,0.423,0.440333333,0.458,0.475666667,0.493666667,0.508666667,0.526333333,0.544,0.563333333
SGRP_mTORinhibitsSCREEN_SET1_LOWRAPA_highRAPA_lowTORIN_MGK_12022,yML 742-20 ng/ml RAPA,66.28004822,1.170397586,67.47476893,1.769920411,BY4743,BY4743,20 ng/mL RAPA,BY4743*20 ng/mL RAPA,0,0.038333333,0.04,0.043,0.045,0.048333333,0.052333333,0.056,0.061333333,0.067666667,0.077,0.089,0.108333333,0.136,0.179333333,0.243,0.332333333,0.453666667,0.598,0.747,0.872666667,0.979333333,1.062333333,1.125333333,1.170333333,1.204666667,1.232333333,1.253333333,1.270666667,1.285,1.295,1.302333333,1.307333333,1.309666667,1.31,1.308666667,1.310666667,1.304,1.301,1.292,1.284
