experiment,Line-Treatment,DT inflection,StDev_inf,DT interval,StDev_int,Lab strain,Strain,Treatment,Strain*Treatment,Time_0,Time_0.5,Time_1,Time_1.5,Time_2,Time_2.5,Time_3,Time_3.5,Time_4,Time_4.5,Time_5,Time_5.5,Time_6,Time_6.5,Time_7,Time_7.5,Time_8,Time_8.5,Time_9,Time_9.5,Time_10,Time_10.5,Time_11,Time_11.5,Time_12,Time_12.5,Time_13,Time_13.5,Time_14,Time_14.5,Time_15,Time_15.5,Time_16,Time_16.5,Time_17,Time_17.5,Time_18,Time_18.5,Time_19,Time_19.5,Time_20
SGRP_mTOR_inhibitsSCREEN_SET3_round3_lowTORIN_KG_091517_F.xls,YML 568-1 uM Torin 1,80.2463085,1.825997599,83.44511755,0.86272243,yML 568,FM356,1 uM Torin 1,FM356*1 uM Torin 1,0,0.047,0.051,0.0545,0.064,0.0765,0.094,0.1205,0.15375,0.19725,0.253,0.317,0.3985,0.4875,0.57625,0.6625,0.7545,0.8505,0.93675,0.99625,1.0275,1.03925,1.051,1.0625,1.0775,1.09175,1.10525,1.1205,1.13425,1.16075,1.16275,1.179,1.19325,1.20575,1.21775,1.22875,1.242,1.2515,1.25975,1.26875,1.2775
SGRP_mTORinhibitsSCREEN_SET3_LOWTORIN_MGK_09112017F.xls,YML 568-1 uM Torin 1,18.83349804,9.909502067,25.8404033,12.84595839,yML 568,FM356,1 uM Torin 1,FM356*1 uM Torin 1,0,0.0425,0.03625,0.0275,0.01125,0.007,0.005,0.00625,0.08925,0.08475,0.09875,0.2515,0.16425,0.48775,0.624,0.60075,0.8215,0.90775,0.92225,0.9405,0.9545,0.9705,0.9975,1.02475,1.05675,1.08725,1.108,1.13875,1.1495,1.16425,1.18375,1.197,1.20525,1.22025,1.235,1.23825,1.255,1.2635,1.274,1.2825,1.29575
SGRP_mTORinhibitsSCREEN_SET3_LOWTORIN_PUMT_062817.xls,YML 568-1 uM Torin 1,76.28359256,2.386411507,81.48192357,1.045745147,yML 568,FM356,1 uM Torin 1,FM356*1 uM Torin 1,0,0.0365,0.0425,0.0515,0.06575,0.082,0.106,0.13725,0.1795,0.23225,0.293,0.36825,0.45075,0.53425,0.6285,0.718,0.79875,0.86375,0.9125,0.925,0.93925,0.954,0.97225,0.994,1.01675,1.0385,1.06075,1.0845,1.10275,1.121,1.137,1.152,1.1665,1.17825,1.191,1.202,1.2135,1.223,1.232,1.241,1.248
