experiment,Line-Treatment,DT inflection,StDev_inf,DT interval,StDev_int,Lab strain,Strain,Treatment,Strain*Treatment,Time_0,Time_0.5,Time_1,Time_1.5,Time_2,Time_2.5,Time_3,Time_3.5,Time_4,Time_4.5,Time_5,Time_5.5,Time_6,Time_6.5,Time_7,Time_7.5,Time_8,Time_8.5,Time_9,Time_9.5,Time_10,Time_10.5,Time_11,Time_11.5,Time_12,Time_12.5,Time_13,Time_13.5,Time_14,Time_14.5,Time_15,Time_15.5,Time_16,Time_16.5,Time_17,Time_17.5,Time_18,Time_18.5,Time_19,Time_19.5,Time_20
SGRP_mTORinhibitsSCREEN_SET3_LOWRAPA_JEMBL_12012017_F,yML 677-1% DMSO,84.31658228,59.73275587,,,yML 677,Q95.3,1% DMSO,Q95.3*1% DMSO,0,0.029,0.033666667,0.038,0.044,0.052333333,0.052,0.057333333,0.065333333,0.074333333,0.577666667,0.710333333,0.853,0.980666667,1.103666667,1.207,1.252666667,1.273333333,1.302666667,1.327,1.362666667,1.396333333,1.425333333,1.447,1.470666667,1.493,1.516333333,1.534,1.553666667,1.571,1.587333333,1.598333333,1.614333333,1.628666667,1.639,1.650333333,1.664333333,1.677,1.687666667,1.694,1.702
