experiment,Line-Treatment,DT inflection,StDev_inf,DT interval,StDev_int,Lab strain,Strain,Treatment,Strain*Treatment,Time_0,Time_0.5,Time_1,Time_1.5,Time_2,Time_2.5,Time_3,Time_3.5,Time_4,Time_4.5,Time_5,Time_5.5,Time_6,Time_6.5,Time_7,Time_7.5,Time_8,Time_8.5,Time_9,Time_9.5,Time_10,Time_10.5,Time_11,Time_11.5,Time_12,Time_12.5,Time_13,Time_13.5,Time_14,Time_14.5,Time_15,Time_15.5,Time_16,Time_16.5,Time_17,Time_17.5,Time_18,Time_18.5,Time_19,Time_19.5,Time_20
SGRP_mTORinhibitsSCREEN_SET1HIGHrapaANDhighTORIN_PU_03162018_D.x,NCYC3454B-20 ng/mL Rapamycin,73.10154321,5.055619771,234.7920604,3.412228251,NCYC 3454,YS9,20 ng/mL RAPA,YS9*20 ng/mL RAPA,0,0.056666667,0.071,0.089333333,0.105,0.116333333,0.131,0.143333333,0.152333333,0.167666667,0.185333333,0.246333333,0.217,0.241666667,0.264,0.289666667,0.312,0.334666667,0.366333333,0.394666667,0.427,0.460333333,0.490333333,0.525333333,0.565,0.602333333,0.687666667,0.69,0.728333333,0.773666667,0.821,0.860666667,0.905333333,0.948,0.990333333,1.026666667,1.071666667,1.109,1.178666667,1.179,1.213666667
