experiment,Line-Treatment,DT inflection,StDev_inf,DT interval,StDev_int,Lab strain,Strain,Treatment,Strain*Treatment,Time_0,Time_0.5,Time_1,Time_1.5,Time_2,Time_2.5,Time_3,Time_3.5,Time_4,Time_4.5,Time_5,Time_5.5,Time_6,Time_6.5,Time_7,Time_7.5,Time_8,Time_8.5,Time_9,Time_9.5,Time_10,Time_10.5,Time_11,Time_11.5,Time_12,Time_12.5,Time_13,Time_13.5,Time_14,Time_14.5,Time_15,Time_15.5,Time_16,Time_16.5,Time_17,Time_17.5,Time_18,Time_18.5,Time_19,Time_19.5,Time_20
SGRP_mTORinhibitsSCREEN_SET1_CAFFEINE AND lowTORIN_MGK_12022017_,yML 742-1000 ug/ml Caffeine,84.53308824,2.405720806,93.49303501,3.233391615,BY4743,BY4743,1 mg/mL Caffeine,BY4743*1 mg/mL Caffeine,0,0.039333333,0.042,0.045333333,0.050666667,0.057666667,0.065,0.077333333,0.091333333,0.114333333,0.139666667,0.172666667,0.214333333,0.264,0.337666667,0.422666667,0.526666667,0.644333333,0.769666667,0.888333333,0.991,1.08,1.152666667,1.207333333,1.232666667,1.240333333,1.247333333,1.253,1.258,1.260666667,1.264,1.272,1.275666667,1.280333333,1.287,1.292333333,1.299666667,1.306666667,1.312333333,1.319333333,1.326333333
SGRP_mTORinhibitsSCREEN_SET3_CAFFEINE AND lowTORIN_JEMBL_1201201,yML 742-1000 ug/ml Caffeine,123.3742339,6.461859198,129.3554706,5.181776153,BY4743,BY4743,1 mg/mL Caffeine,BY4743*1 mg/mL Caffeine,0,0.044,0.049333333,0.05,0.05,0.052333333,0.056,0.061666667,0.069,0.076,0.093333333,0.107333333,0.124333333,0.144666667,0.17,0.198333333,0.234333333,0.273333333,0.322,0.375666667,0.438666667,0.507333333,0.575,0.657,0.730666667,0.814333333,0.883666667,0.937333333,0.973666667,0.999333333,1.014,1.023333333,1.037,1.045666667,1.056,1.071333333,1.088666667,1.106333333,1.12,1.139666667,1.151333333
