experiment,Line-Treatment,DT inflection,StDev_inf,DT interval,StDev_int,Lab strain,Strain,Treatment,Strain*Treatment,Time_0,Time_0.5,Time_1,Time_1.5,Time_2,Time_2.5,Time_3,Time_3.5,Time_4,Time_4.5,Time_5,Time_5.5,Time_6,Time_6.5,Time_7,Time_7.5,Time_8,Time_8.5,Time_9,Time_9.5,Time_10,Time_10.5,Time_11,Time_11.5,Time_12,Time_12.5,Time_13,Time_13.5,Time_14,Time_14.5,Time_15,Time_15.5,Time_16,Time_16.5,Time_17,Time_17.5,Time_18,Time_18.5,Time_19,Time_19.5,Time_20
SGRP_mTORinhibsSCREEN_SET1_lowRAPA_KGPUMBL_05062017.xls,NCYC 3318-2.5ng/ml RAPA,62.55463626,1.567858702,65.4674934,1.591714421,NCYC 3318,L-1374,2.5 ng/mL RAPA,L-1374*2.5 ng/mL RAPA,0,0.040666667,0.044666667,0.057,0.003333333,0.099666667,0.135,0.186666667,0.259666667,0.352666667,0.471333333,0.605,0.687333333,0.911333333,1.042666667,1.070666667,1.170666667,1.190333333,1.214,1.235333333,1.270666667,1.29,1.309666667,1.349,1.379666667,1.411333333,1.426333333,1.452333333,1.479,1.503333333,1.513666667,1.535,1.551333333,1.575666667,1.588,1.599,1.611333333,1.626666667,1.635333333,1.644,1.658333333
