experiment,Line-Treatment,DT inflection,StDev_inf,DT interval,StDev_int,Lab strain,Strain,Treatment,Strain*Treatment,Time_0,Time_0.5,Time_1,Time_1.5,Time_2,Time_2.5,Time_3,Time_3.5,Time_4,Time_4.5,Time_5,Time_5.5,Time_6,Time_6.5,Time_7,Time_7.5,Time_8,Time_8.5,Time_9,Time_9.5,Time_10,Time_10.5,Time_11,Time_11.5,Time_12,Time_12.5,Time_13,Time_13.5,Time_14,Time_14.5,Time_15,Time_15.5,Time_16,Time_16.5,Time_17,Time_17.5,Time_18,Time_18.5,Time_19,Time_19.5,Time_20
SGRP_mTORinhibitsSCREEN_SET3_CAFFEINE AND lowTORIN_JEMBL_1201201,yML 569-1 uM Torin 11,141.8868803,5.983784794,245.2967406,22.34173908,yML 569,FM527,1 uM Torin 1,FM527*1 uM Torin 1,0,0.017,0.019,0.017666667,0.018666667,0.019,0.020333333,0.021666667,0.025,0.026333333,0.032,0.035,0.039333333,0.044,0.048333333,0.056333333,0.06,0.066333333,0.073333333,0.079333333,0.091666667,0.102666667,0.108333333,0.125666667,0.131666667,0.152,0.166333333,0.185666667,0.207,0.227,0.250666667,0.273,0.307333333,0.330333333,0.355,0.405333333,0.446,0.462333333,0.495333333,0.509,0.543333333
SGRP_mTORinhibitsSCREEN_SET3_CAFFEINE AND lowTORIN_JEMBL_1201201,yML 569-1 uM Torin 11,135.7002769,12.48544033,278.3989522,23.75547486,yML 569,FM527,1 uM Torin 1,FM527*1 uM Torin 1,0,0.017666667,0.019333333,0.019,0.02,0.020666667,0.021666667,0.023333333,0.026666667,0.028666667,0.036,0.037333333,0.040333333,0.046666667,0.053,0.058,0.063333333,0.069,0.076333333,0.083666667,0.094,0.105,0.110666667,0.128,0.135333333,0.157666667,0.170666667,0.193,0.211666667,0.230333333,0.255666667,0.281333333,0.308,0.334333333,0.362333333,0.391666667,0.424,0.443333333,0.487333333,0.499666667,0.537
