experiment,Line-Treatment,DT inflection,StDev_inf,DT interval,StDev_int,Lab strain,Strain,Treatment,Strain*Treatment,Time_0,Time_0.5,Time_1,Time_1.5,Time_2,Time_2.5,Time_3,Time_3.5,Time_4,Time_4.5,Time_5,Time_5.5,Time_6,Time_6.5,Time_7,Time_7.5,Time_8,Time_8.5,Time_9,Time_9.5,Time_10,Time_10.5,Time_11,Time_11.5,Time_12,Time_12.5,Time_13,Time_13.5,Time_14,Time_14.5,Time_15,Time_15.5,Time_16,Time_16.5,Time_17,Time_17.5,Time_18,Time_18.5,Time_19,Time_19.5,Time_20
SGRP_mTORinhibitsSCREEN_SET3_CAFFEINE AND lowTORIN_JEMBL_1201201,yML670-2.5% DMSO,93.14403156,2.502571838,88.00725737,18.37809566,yML 670,Q59.1,2.5% DMSO,Q59.1*2.5% DMSO,0,0.047333333,0.047333333,0.044,0.042,0.034666667,0.029666667,0.029666667,0.052333333,0.079,0.273666667,0.335666667,0.416333333,0.515333333,0.607666667,0.711333333,0.815333333,0.920333333,1.022333333,1.078666667,1.097666667,1.119,1.139666667,1.18,1.212333333,1.256333333,1.287666667,1.317333333,1.346333333,1.372,1.394333333,1.417,1.441333333,1.456333333,1.474333333,1.492666667,1.511333333,1.527666667,1.539666667,1.553666667,1.562666667
