experiment,Line-Treatment,DT inflection,StDev_inf,DT interval,StDev_int,Lab strain,Strain,Treatment,Strain*Treatment,Time_0,Time_0.5,Time_1,Time_1.5,Time_2,Time_2.5,Time_3,Time_3.5,Time_4,Time_4.5,Time_5,Time_5.5,Time_6,Time_6.5,Time_7,Time_7.5,Time_8,Time_8.5,Time_9,Time_9.5,Time_10,Time_10.5,Time_11,Time_11.5,Time_12,Time_12.5,Time_13,Time_13.5,Time_14,Time_14.5,Time_15,Time_15.5,Time_16,Time_16.5,Time_17,Time_17.5,Time_18,Time_18.5,Time_19,Time_19.5,Time_20
SGRP_mTOR_inhibitsSCREEN_SET1_lowRAPA_redo2_KG_092317.xls,NCYC 3312-2.5 ng/ml RAPA,86.9309003,3.629366526,121.9496344,3.86025796,NCYC 3312,DBVPG 1373,2.5 ng/mL RAPA,DBVPG 1373*2.5 ng/mL RAPA,0,0.036333333,0.041666667,0.047333333,0.059333333,0.073333333,0.092,0.117,0.148666667,0.183666667,0.233333333,0.276666667,0.331333333,0.381666667,0.441333333,0.504,0.569666667,0.64,0.721,0.801333333,0.887666667,0.970333333,1.054666667,1.135666667,1.200333333,1.236333333,1.262333333,1.289666667,1.323,1.354,1.388333333,1.418,1.447333333,1.475,1.498666667,1.521333333,1.539333333,1.557666667,1.575666667,1.592,1.608333333
SGRP_mTORinhibitsSCREEN_SET1_lowRAPA_round4_KG_092417.xls,NCYC 3312-2.5 ng/ml RAPA,69.03802002,11.66224954,83.94820198,8.362738871,NCYC 3312,DBVPG 1373,2.5 ng/mL RAPA,DBVPG 1373*2.5 ng/mL RAPA,0,0.076333333,0.094333333,0.122,0.160333333,0.197,0.270666667,0.347333333,0.439666667,0.541,0.635,0.736,0.837,0.943333333,1.037333333,1.119333333,1.187333333,1.241,1.265666667,1.294666667,1.324,1.357666667,1.39,1.421,1.450666667,1.476666667,1.503333333,1.524,1.544,1.563333333,1.581,1.599333333,1.613,1.628666667,1.641333333,1.655333333,1.668666667,1.680666667,1.690666667,1.702666667,1.711
SGRP_mTORinhibsSCREEN_SET1_lowRAPA_JEMBL_08152017.xls,NCYC 3312-2.5 ng/ml RAPA,71.79398956,2.254583539,76.42682967,2.261340999,NCYC 3312,DBVPG 1373,2.5 ng/mL RAPA,DBVPG 1373*2.5 ng/mL RAPA,0,0.046,0.051333333,0.067333333,0.082333333,0.107,0.139333333,0.178,0.236333333,0.311,0.405333333,0.52,0.634333333,0.731333333,0.827,0.919333333,1.014666667,1.102,1.165,1.198333333,1.223666667,1.260333333,1.295,1.324333333,1.357666667,1.386666667,1.415666667,1.443333333,1.466666667,1.495666667,1.52,1.54,1.561666667,1.578666667,1.595666667,1.611,1.625666667,1.642333333,1.653333333,1.665666667,1.677666667
