experiment,Line-Treatment,DT inflection,StDev_inf,DT interval,StDev_int,Lab strain,Strain,Treatment,Strain*Treatment,Time_0,Time_0.5,Time_1,Time_1.5,Time_2,Time_2.5,Time_3,Time_3.5,Time_4,Time_4.5,Time_5,Time_5.5,Time_6,Time_6.5,Time_7,Time_7.5,Time_8,Time_8.5,Time_9,Time_9.5,Time_10,Time_10.5,Time_11,Time_11.5,Time_12,Time_12.5,Time_13,Time_13.5,Time_14,Time_14.5,Time_15,Time_15.5,Time_16,Time_16.5,Time_17,Time_17.5,Time_18,Time_18.5,Time_19,Time_19.5,Time_20
SET2AZDredo+highTORINMBL_07302017.xls,NCYC 3470-100 uM AZD8055,70.11983811,0.935833634,73.07606274,0.563990495,NCYC 3470,YIIc17_E5 ,100 uM AZD8055,YIIc17_E5 *100 uM AZD8055,0,0.048,0.056333333,0.068666667,0.081666667,0.105666667,0.141333333,0.179666667,0.241666667,0.317666667,0.406666667,0.520333333,0.642666667,0.776666667,0.912666667,1.051333333,1.168666667,1.176666667,1.175666667,1.180666667,1.185333333,1.188,1.193333333,1.199333333,1.205333333,1.208666667,1.217666667,1.219333333,1.224,1.228666667,1.238666667,1.241333333,1.244666667,1.254666667,1.258,1.263666667,1.271666667,1.278666667,1.279333333,1.285333333,1.29
