experiment,Line-Treatment,DT inflection,StDev_inf,DT interval,StDev_int,Lab strain,Strain,Treatment,Strain*Treatment,Time_0,Time_0.5,Time_1,Time_1.5,Time_2,Time_2.5,Time_3,Time_3.5,Time_4,Time_4.5,Time_5,Time_5.5,Time_6,Time_6.5,Time_7,Time_7.5,Time_8,Time_8.5,Time_9,Time_9.5,Time_10,Time_10.5,Time_11,Time_11.5,Time_12,Time_12.5,Time_13,Time_13.5,Time_14,Time_14.5,Time_15,Time_15.5,Time_16,Time_16.5,Time_17,Time_17.5,Time_18,Time_18.5,Time_19,Time_19.5,Time_20
SGRP_mTORinhibits_SET4_GDC_MGK_09202017.xls,YML 683-100 uM GDC0941,62.52231272,27.50132701,98.76653049,12.46170552,yML 683,Y6.5,100 uM GDC0941,Y6.5*100 uM GDC0941,0,0.035666667,0.075,0.067,0.050333333,0.069,0.049,0.045333333,0.081,0.122666667,0.155,0.204666667,0.246,0.302333333,0.39,0.485333333,0.594666667,0.698,0.818,0.932,1.039666667,1.121,1.172,1.191666667,1.219333333,1.25,1.287,1.323333333,1.357333333,1.386,1.413333333,1.436,1.46,1.480333333,1.500333333,1.518666667,1.535,1.552,1.567333333,1.583,1.593666667
