experiment,Line-Treatment,DT inflection,StDev_inf,DT interval,StDev_int,Lab strain,Strain,Treatment,Strain*Treatment,Time_0,Time_0.5,Time_1,Time_1.5,Time_2,Time_2.5,Time_3,Time_3.5,Time_4,Time_4.5,Time_5,Time_5.5,Time_6,Time_6.5,Time_7,Time_7.5,Time_8,Time_8.5,Time_9,Time_9.5,Time_10,Time_10.5,Time_11,Time_11.5,Time_12,Time_12.5,Time_13,Time_13.5,Time_14,Time_14.5,Time_15,Time_15.5,Time_16,Time_16.5,Time_17,Time_17.5,Time_18,Time_18.5,Time_19,Time_19.5,Time_20
RB_RUN1_F_SGRPmTORscreen_KGA_11082018.xls,yML569-B-1%DMSO,31.060407,10.20561511,133.7407271,,yML 569,FM527,1% DMSO,FM527*1% DMSO,0,0.013333333,0.015,0.013,0.011333333,-0.003333333,0.009333333,0.010666667,0.029333333,0.023,0.019666667,0.026666667,0.031,0.034,0.028333333,0.043666667,0.032333333,0.039333333,0.041,0.041,0.064666667,0.065333333,0.044,0.060666667,0.056333333,0.068666667,0.063333333,0.082333333,0.061666667,0.07,0.080666667,0.075,0.129666667,0.085,0.085,0.085333333,0.069,0.134666667,0.071,0.101333333,0.137333333
