experiment,Line-Treatment,DT inflection,StDev_inf,DT interval,StDev_int,Lab strain,Strain,Treatment,Strain*Treatment,Time_0,Time_0.5,Time_1,Time_1.5,Time_2,Time_2.5,Time_3,Time_3.5,Time_4,Time_4.5,Time_5,Time_5.5,Time_6,Time_6.5,Time_7,Time_7.5,Time_8,Time_8.5,Time_9,Time_9.5,Time_10,Time_10.5,Time_11,Time_11.5,Time_12,Time_12.5,Time_13,Time_13.5,Time_14,Time_14.5,Time_15,Time_15.5,Time_16,Time_16.5,Time_17,Time_17.5,Time_18,Time_18.5,Time_19,Time_19.5,Time_20
SGRP_mTORinhibitsSCREEN_SET2_LOWTORIN_ARMBL_09192017.xls,yML565-1 uM Torin 1,,,,,yML 565,CBS7960,1 uM Torin 1,CBS7960*1 uM Torin 1,0,-0.000333333,0.000333333,-0.000333333,-0.000333333,0.0,0.0,0.000333333,-0.000333333,0.000666667,0.000666667,0.001333333,0.001333333,0.001333333,0.001333333,0.002333333,0.001666667,0.003,0.002666667,0.003333333,0.004666667,0.004,0.004666667,0.004666667,0.005,0.005,0.005666667,0.006333333,0.007,0.006333333,0.006666667,0.008333333,0.007666667,0.005,0.008,0.008,0.007,0.009,0.006666667,0.007333333,0.006666667
SGRP_mTORinhibitsSCREEN_SET2_lowTORIN_JEMBL_100117.xls,yML565-1 uM Torin 1,69.26076326,4.159702551,87.98965587,0.764784438,yML 565,CBS7960,1 uM Torin 1,CBS7960*1 uM Torin 1,0,0.030333333,0.059333333,0.050333333,0.074333333,0.064,0.127666667,0.125333333,0.148,0.151666667,0.191,0.242,0.319,0.39,0.463,0.573,0.685333333,0.809333333,0.930666667,1.042666667,1.126333333,1.156666667,1.165,1.179,1.194,1.214666667,1.239666667,1.268,1.297333333,1.324333333,1.352,1.376666667,1.403333333,1.427666667,1.453,1.479666667,1.498666667,1.515333333,1.534333333,1.552,1.566666667
