experiment,Line-Treatment,DT inflection,StDev_inf,DT interval,StDev_int,Lab strain,Strain,Treatment,Strain*Treatment,Time_0,Time_0.5,Time_1,Time_1.5,Time_2,Time_2.5,Time_3,Time_3.5,Time_4,Time_4.5,Time_5,Time_5.5,Time_6,Time_6.5,Time_7,Time_7.5,Time_8,Time_8.5,Time_9,Time_9.5,Time_10,Time_10.5,Time_11,Time_11.5,Time_12,Time_12.5,Time_13,Time_13.5,Time_14,Time_14.5,Time_15,Time_15.5,Time_16,Time_16.5,Time_17,Time_17.5,Time_18,Time_18.5,Time_19,Time_19.5,Time_20
SGRP_mTOR_inhibitsSCREEN_SET1_lowRAPA_redo2_KG_092317.xls,NCYC 3447-2.5 ng/ml RAPA,62.99179447,6.015310264,70.87819538,1.022098348,NCYC 3447,DBVPG 1106,2.5 ng/mL RAPA,DBVPG 1106*2.5 ng/mL RAPA,0,0.065,0.068,0.080666667,0.104333333,0.134333333,0.180666667,0.246333333,0.308333333,0.42,0.532666667,0.651333333,0.781666667,0.916333333,1.039,1.155666667,1.242333333,1.300333333,1.318333333,1.337666667,1.365333333,1.389666667,1.417666667,1.444,1.475333333,1.504666667,1.531666667,1.556666667,1.578333333,1.598,1.618666667,1.634666667,1.650666667,1.665,1.678,1.689,1.702,1.714333333,1.725,1.734666667,1.746
SGRP_mTORinhibitsSCREEN_SET1_lowRAPA_round4_KG_092417.xls,NCYC 3447-2.5 ng/ml RAPA,53.60292605,4.901946554,67.93948382,3.626617147,NCYC 3447,DBVPG 1106,2.5 ng/mL RAPA,DBVPG 1106*2.5 ng/mL RAPA,0,0.105666667,0.136333333,0.181,0.255333333,0.318333333,0.46,0.585333333,0.733,0.881666667,1.019,1.144333333,1.212,1.255666667,1.278,1.3,1.330333333,1.358333333,1.388333333,1.418,1.447666667,1.478333333,1.505333333,1.531,1.553333333,1.573,1.596,1.610666667,1.633333333,1.649,1.663333333,1.679333333,1.691333333,1.705666667,1.718666667,1.731,1.740333333,1.751666667,1.762666667,1.772,1.781
SGRP_mTORinhibsSCREEN_SET1_lowRAPA_JEMBL_08152017.xls,NCYC 3447-2.5 ng/ml RAPA,62.35225036,4.947041037,68.39130885,3.603222183,NCYC 3447,DBVPG 1106,2.5 ng/mL RAPA,DBVPG 1106*2.5 ng/mL RAPA,0,0.06,0.072,0.095,0.127,0.171333333,0.232666667,0.319,0.421333333,0.559333333,0.689333333,0.857,1.008666667,1.137666667,1.216,1.236333333,1.257,1.282333333,1.313,1.340666667,1.368666667,1.401333333,1.43,1.458,1.485666667,1.509333333,1.528333333,1.551666667,1.574333333,1.592666667,1.609333333,1.624,1.64,1.654333333,1.666666667,1.679,1.692333333,1.701333333,1.713,1.723333333,1.737
