experiment,Line-Treatment,DT inflection,StDev_inf,DT interval,StDev_int,Lab strain,Strain,Treatment,Strain*Treatment,Time_0,Time_0.5,Time_1,Time_1.5,Time_2,Time_2.5,Time_3,Time_3.5,Time_4,Time_4.5,Time_5,Time_5.5,Time_6,Time_6.5,Time_7,Time_7.5,Time_8,Time_8.5,Time_9,Time_9.5,Time_10,Time_10.5,Time_11,Time_11.5,Time_12,Time_12.5,Time_13,Time_13.5,Time_14,Time_14.5,Time_15,Time_15.5,Time_16,Time_16.5,Time_17,Time_17.5,Time_18,Time_18.5,Time_19,Time_19.5,Time_20
original data.xls SET 4 HIGH RAPA,YML707-20 ng/ml RAPA,159.0307208,6.453219814,188.0220821,1.901301152,yML 707,CLIB324,20 ng/mL RAPA,CLIB324*20 ng/mL RAPA,0,0.028,0.027333333,0.032666667,0.04,0.046,0.051666667,0.058,0.068,0.076,0.085666667,0.096333333,0.107,0.121333333,0.133666667,0.148,0.166666667,0.185333333,0.21,0.231,0.257,0.285333333,0.32,0.360333333,0.407,0.454666667,0.509666667,0.569666667,0.633333333,0.700666667,0.767,0.833666667,0.902,0.966333333,1.031666667,1.094,1.155,1.213333333,1.268666667,1.320666667,1.359
