experiment,Line-Treatment,DT inflection,StDev_inf,DT interval,StDev_int,Lab strain,Strain,Treatment,Strain*Treatment,Time_0,Time_0.5,Time_1,Time_1.5,Time_2,Time_2.5,Time_3,Time_3.5,Time_4,Time_4.5,Time_5,Time_5.5,Time_6,Time_6.5,Time_7,Time_7.5,Time_8,Time_8.5,Time_9,Time_9.5,Time_10,Time_10.5,Time_11,Time_11.5,Time_12,Time_12.5,Time_13,Time_13.5,Time_14,Time_14.5,Time_15,Time_15.5,Time_16,Time_16.5,Time_17,Time_17.5,Time_18,Time_18.5,Time_19,Time_19.5,Time_20
SGRP_mTORinhibits_SET3_GDC_Redo_JEMBL_08102017.xls,YML677-100 uM GDC0941,73.59245539,30.35134826,,,yML 677,Q95.3,100 uM GDC0941,Q95.3*100 uM GDC0941,0,0.072333333,0.074,0.066333333,0.042666667,0.029333333,0.023666667,0.022,0.024,0.024666667,0.038666667,0.045666667,0.113333333,0.244,0.36,0.710333333,0.944,1.095666667,1.202666667,1.22,1.246333333,1.268333333,1.303333333,1.335666667,1.376666667,1.411,1.436666667,1.461,1.484333333,1.507,1.527333333,1.548,1.565666667,1.583,1.602666667,1.617333333,1.631666667,1.643333333,1.653333333,1.669,1.682
SGRP_mTORinhibitsSCREEN_SET3_round2_GDC_KG_09142017_D.xls,YML677-100 uM GDC0941,63.22612866,11.3294762,97.55794486,19.05087889,yML 677,Q95.3,100 uM GDC0941,Q95.3*100 uM GDC0941,0,0.082666667,0.089,0.093666667,0.097333333,0.104666667,0.108,0.126333333,0.138666667,0.157333333,0.181666667,0.203,0.252666667,0.330333333,0.404333333,0.564,0.725666667,0.864666667,0.988333333,1.091333333,1.192666667,1.285,1.349666667,1.359666667,1.373333333,1.393333333,1.412666667,1.434333333,1.456,1.482666667,1.504666667,1.523666667,1.542333333,1.559333333,1.576,1.587333333,1.604,1.621,1.634,1.637666667,1.651333333
