experiment,Line-Treatment,DT inflection,StDev_inf,DT interval,StDev_int,Lab strain,Strain,Treatment,Strain*Treatment,Time_0,Time_0.5,Time_1,Time_1.5,Time_2,Time_2.5,Time_3,Time_3.5,Time_4,Time_4.5,Time_5,Time_5.5,Time_6,Time_6.5,Time_7,Time_7.5,Time_8,Time_8.5,Time_9,Time_9.5,Time_10,Time_10.5,Time_11,Time_11.5,Time_12,Time_12.5,Time_13,Time_13.5,Time_14,Time_14.5,Time_15,Time_15.5,Time_16,Time_16.5,Time_17,Time_17.5,Time_18,Time_18.5,Time_19,Time_19.5,Time_20
SGRP_mTORinhibitsSCREEN_SET2_LOWTORIN_ARMBL_09192017.xls,yML557-1 uM Torin 1,121.8436069,10.35473294,174.2845065,10.79494193,yML 557,T7,1 uM Torin 1,T7*1 uM Torin 1,0,0.004,0.005,0.003666667,0.004333333,0.005333333,0.005666667,0.007,0.008333333,0.009666667,0.011333333,0.012333333,0.019333333,0.019,0.022333333,0.023666667,0.025,0.033666667,0.036,0.041666667,0.048,0.055333333,0.059333333,0.072,0.077333333,0.096666667,0.109,0.131666667,0.146666667,0.166666667,0.193333333,0.217666667,0.249333333,0.270666667,0.317666667,0.364,0.409,0.461,0.503666667,0.553666667,0.590666667
SGRP_mTORinhibitsSCREEN_SET2_lowTORIN_JEMBL_100117.xls,yML557-1 uM Torin 1,13.10854224,4.918520953,23.55571435,21.0061611,yML 557,T7,1 uM Torin 1,T7*1 uM Torin 1,0,0.050333333,0.059,0.059333333,0.06,0.123666667,0.033333333,0.145333333,0.135,0.359,0.475,0.612,0.756,0.909333333,1.056333333,1.196,1.282666667,1.315,1.342333333,1.373,1.400666667,1.438,1.468,1.499666667,1.526,1.552333333,1.572333333,1.595333333,1.616,1.634,1.648666667,1.664666667,1.679,1.691333333,1.702666667,1.721333333,1.732,1.741333333,1.753,1.759666667,1.77
