experiment,Line-Treatment,DT inflection,StDev_inf,DT interval,StDev_int,Lab strain,Strain,Treatment,Strain*Treatment,Time_0,Time_0.5,Time_1,Time_1.5,Time_2,Time_2.5,Time_3,Time_3.5,Time_4,Time_4.5,Time_5,Time_5.5,Time_6,Time_6.5,Time_7,Time_7.5,Time_8,Time_8.5,Time_9,Time_9.5,Time_10,Time_10.5,Time_11,Time_11.5,Time_12,Time_12.5,Time_13,Time_13.5,Time_14,Time_14.5,Time_15,Time_15.5,Time_16,Time_16.5,Time_17,Time_17.5,Time_18,Time_18.5,Time_19,Time_19.5,Time_20
SGRP_mTORinhibits_SET3_GDC_Redo_JEMBL_08102017.xls,YML672-100 uM GDC0941,71.26285869,14.56413686,104.8818334,11.58864465,yML 672,S36.7,100 uM GDC0941,S36.7*100 uM GDC0941,0,0.074333333,0.088666667,0.097,0.105,0.117333333,0.156,0.181,0.24,0.300333333,0.365666667,0.465666667,0.566,0.681,0.806666667,0.927,1.045,1.138666667,1.192333333,1.234,1.260333333,1.288,1.320666667,1.349666667,1.383,1.415333333,1.443,1.467666667,1.489666667,1.513333333,1.535,1.551333333,1.568,1.586,1.603666667,1.618333333,1.634333333,1.644,1.657333333,1.671333333,1.684666667
SGRP_mTORinhibitsSCREEN_SET3_round2_GDC_KG_09142017_D.xls,YML672-100 uM GDC0941,92.79453685,5.30421064,108.8504457,2.779811022,yML 672,S36.7,100 uM GDC0941,S36.7*100 uM GDC0941,0,0.069,0.076,0.074,0.074333333,0.100666667,0.113666667,0.141,0.17,0.209666667,0.250333333,0.299666667,0.368333333,0.452333333,0.557,0.664,0.767666667,0.870666667,0.978333333,1.072333333,1.163,1.251666667,1.308333333,1.315666667,1.329333333,1.348,1.366333333,1.384333333,1.407,1.432333333,1.454,1.477333333,1.496666667,1.515666667,1.531666667,1.548,1.567666667,1.581666667,1.593333333,1.606,1.614666667
