experiment,Line-Treatment,DT inflection,StDev_inf,DT interval,StDev_int,Lab strain,Strain,Treatment,Strain*Treatment,Time_0,Time_0.5,Time_1,Time_1.5,Time_2,Time_2.5,Time_3,Time_3.5,Time_4,Time_4.5,Time_5,Time_5.5,Time_6,Time_6.5,Time_7,Time_7.5,Time_8,Time_8.5,Time_9,Time_9.5,Time_10,Time_10.5,Time_11,Time_11.5,Time_12,Time_12.5,Time_13,Time_13.5,Time_14,Time_14.5,Time_15,Time_15.5,Time_16,Time_16.5,Time_17,Time_17.5,Time_18,Time_18.5,Time_19,Time_19.5,Time_20
SGRP_mTOR_inhibitsSCREEN_SET1_highTORIN_KGPUMBL_052817.xls,NCYC 3345-25uM Torin 1,80.95700449,1.851197712,87.64442282,7.120928185,NCYC 3445,Y12,25 uM Torin 1,Y12*25 uM Torin 1,0,0.021,0.020333333,0.023,0.025333333,0.040666667,0.047333333,0.050666667,0.055333333,0.055,0.059,0.071666667,0.078333333,0.087666667,0.099,0.110333333,0.136333333,0.155,0.187333333,0.234666667,0.296,0.381333333,0.484333333,0.61,0.745,0.885,1.024666667,1.157,1.235,1.296333333,1.332,1.364666667,1.384333333,1.416,1.448666667,1.473333333,1.502,1.557666667,1.595333333,1.629666667,1.663333333
