experiment,Line-Treatment,DT inflection,StDev_inf,DT interval,StDev_int,Lab strain,Strain,Treatment,Strain*Treatment,Time_0,Time_0.5,Time_1,Time_1.5,Time_2,Time_2.5,Time_3,Time_3.5,Time_4,Time_4.5,Time_5,Time_5.5,Time_6,Time_6.5,Time_7,Time_7.5,Time_8,Time_8.5,Time_9,Time_9.5,Time_10,Time_10.5,Time_11,Time_11.5,Time_12,Time_12.5,Time_13,Time_13.5,Time_14,Time_14.5,Time_15,Time_15.5,Time_16,Time_16.5,Time_17,Time_17.5,Time_18,Time_18.5,Time_19,Time_19.5,Time_20
SET3_Low Rapa_REDO_MGK_081117.xls,YML677-2.5 ng/ml RAPA,57.74591734,15.65585623,79.47482506,5.560602698,yML 677,Q95.3,2.5 ng/mL RAPA,Q95.3*2.5 ng/mL RAPA,0,0.059333333,0.063,0.066666667,0.076666667,0.086666667,0.106333333,0.112666667,0.16,0.237333333,0.288666667,0.406,0.538,0.665333333,0.795666667,0.924,1.037333333,1.147,1.229333333,1.276333333,1.293666667,1.321,1.349666667,1.374666667,1.404,1.427666667,1.454333333,1.479333333,1.499666667,1.522333333,1.538333333,1.557666667,1.569,1.589333333,1.602333333,1.616333333,1.626666667,1.638,1.648333333,1.66,1.668333333
