experiment,Line-Treatment,DT inflection,StDev_inf,DT interval,StDev_int,Lab strain,Strain,Treatment,Strain*Treatment,Time_0,Time_0.5,Time_1,Time_1.5,Time_2,Time_2.5,Time_3,Time_3.5,Time_4,Time_4.5,Time_5,Time_5.5,Time_6,Time_6.5,Time_7,Time_7.5,Time_8,Time_8.5,Time_9,Time_9.5,Time_10,Time_10.5,Time_11,Time_11.5,Time_12,Time_12.5,Time_13,Time_13.5,Time_14,Time_14.5,Time_15,Time_15.5,Time_16,Time_16.5,Time_17,Time_17.5,Time_18,Time_18.5,Time_19,Time_19.5,Time_20
SGRP_mTORinhibitsSCREEN_SET2_LOWRAPA_highTORIN_MGK_12032017_F,yML 560-2.5 ng/ml RAPA,78.12413017,3.591395992,84.2453029,3.461544792,yML 560,UC5,2.5 ng/mL RAPA,UC5*2.5 ng/mL RAPA,0,0.063,0.082,0.103333333,0.135,0.174,0.228,0.284,0.361333333,0.448,0.543333333,0.646666667,0.762666667,0.877,0.987,1.075666667,1.141666667,1.191666667,1.24,1.274666667,1.295333333,1.329,1.356666667,1.387333333,1.416,1.442,1.471,1.493666667,1.517666667,1.538333333,1.557666667,1.578333333,1.606333333,1.611,1.63,1.644666667,1.658666667,1.671,1.685,1.701666667,1.711
