experiment,Line-Treatment,DT inflection,StDev_inf,DT interval,StDev_int,Lab strain,Strain,Treatment,Strain*Treatment,Time_0,Time_0.5,Time_1,Time_1.5,Time_2,Time_2.5,Time_3,Time_3.5,Time_4,Time_4.5,Time_5,Time_5.5,Time_6,Time_6.5,Time_7,Time_7.5,Time_8,Time_8.5,Time_9,Time_9.5,Time_10,Time_10.5,Time_11,Time_11.5,Time_12,Time_12.5,Time_13,Time_13.5,Time_14,Time_14.5,Time_15,Time_15.5,Time_16,Time_16.5,Time_17,Time_17.5,Time_18,Time_18.5,Time_19,Time_19.5,Time_20
SGRP_mTORinhibitsSCREEN_SET1HIGHrapaANDhighTORIN_PU_03162018_D.x,NCYC3448B-1%DMSO,61.17948265,9.410003247,78.01243326,7.159374644,NCYC 3448,UWOPS83-787.3,1% DMSO,UWOPS83-787.3*1% DMSO,0,0.065333333,0.074,0.088666667,0.108333333,0.141666667,0.190666667,0.253666667,0.327,0.439,0.578333333,0.726333333,0.891666667,1.046,1.190333333,1.297666667,1.332,1.354333333,1.388,1.421,1.463666667,1.493,1.532,1.556666667,1.588666667,1.613666667,1.669,1.651333333,1.669333333,1.686333333,1.702666667,1.709333333,1.723666667,1.734333333,1.745666667,1.752333333,1.764333333,1.772333333,1.779,1.784,1.793333333
