experiment,Line-Treatment,DT inflection,StDev_inf,DT interval,StDev_int,Lab strain,Strain,Treatment,Strain*Treatment,Time_0,Time_0.5,Time_1,Time_1.5,Time_2,Time_2.5,Time_3,Time_3.5,Time_4,Time_4.5,Time_5,Time_5.5,Time_6,Time_6.5,Time_7,Time_7.5,Time_8,Time_8.5,Time_9,Time_9.5,Time_10,Time_10.5,Time_11,Time_11.5,Time_12,Time_12.5,Time_13,Time_13.5,Time_14,Time_14.5,Time_15,Time_15.5,Time_16,Time_16.5,Time_17,Time_17.5,Time_18,Time_18.5,Time_19,Time_19.5,Time_20
SET2AZDredo+highTORINMBL_07302017.xls,NCYC 3469-100 uM AZD8055,70.42624754,0.717574545,75.96919301,1.475292769,NCYC 3469,DBVPG 6040 ,100 uM AZD8055,DBVPG 6040 *100 uM AZD8055,0,0.056,0.062333333,0.074666667,0.094,0.111,0.143333333,0.181,0.243,0.318,0.408,0.516333333,0.636666667,0.771333333,0.913666667,1.046333333,1.150666667,1.210666667,1.235333333,1.262666667,1.293,1.323,1.355,1.385333333,1.416333333,1.445333333,1.474,1.496666667,1.521666667,1.541666667,1.567333333,1.583666667,1.600666667,1.62,1.634,1.648333333,1.663333333,1.676333333,1.688333333,1.699666667,1.709666667
