experiment,Line-Treatment,DT inflection,StDev_inf,DT interval,StDev_int,Lab strain,Strain,Treatment,Strain*Treatment,Time_0,Time_0.5,Time_1,Time_1.5,Time_2,Time_2.5,Time_3,Time_3.5,Time_4,Time_4.5,Time_5,Time_5.5,Time_6,Time_6.5,Time_7,Time_7.5,Time_8,Time_8.5,Time_9,Time_9.5,Time_10,Time_10.5,Time_11,Time_11.5,Time_12,Time_12.5,Time_13,Time_13.5,Time_14,Time_14.5,Time_15,Time_15.5,Time_16,Time_16.5,Time_17,Time_17.5,Time_18,Time_18.5,Time_19,Time_19.5,Time_20
RB_RUN1_F_SGRPmTORscreen_KGA_11082018.xls,yML707-1 uM Torin 1,60.48139544,4.199994388,65.29931366,8.897056817,yML 707,CLIB324,1 uM Torin 1,CLIB324*1 uM Torin 1,0,0.014666667,0.017333333,0.021,0.028,0.028,0.069666667,0.110333333,0.168,0.243,0.313,0.413333333,0.523666667,0.640333333,0.762,0.881666667,0.989,1.063333333,1.108666667,1.125666667,1.148,1.167,1.192,1.216,1.243666667,1.272333333,1.301666667,1.329,1.35,1.371,1.395,1.417333333,1.433666667,1.450666667,1.475666667,1.492666667,1.502333333,1.519666667,1.531666667,1.552,1.557666667
