experiment,Line-Treatment,DT inflection,StDev_inf,DT interval,StDev_int,Lab strain,Strain,Treatment,Strain*Treatment,Time_0,Time_0.5,Time_1,Time_1.5,Time_2,Time_2.5,Time_3,Time_3.5,Time_4,Time_4.5,Time_5,Time_5.5,Time_6,Time_6.5,Time_7,Time_7.5,Time_8,Time_8.5,Time_9,Time_9.5,Time_10,Time_10.5,Time_11,Time_11.5,Time_12,Time_12.5,Time_13,Time_13.5,Time_14,Time_14.5,Time_15,Time_15.5,Time_16,Time_16.5,Time_17,Time_17.5,Time_18,Time_18.5,Time_19,Time_19.5,Time_20
SGRP_mTORinhibitsSCREEN_SET1_CAFF_MGK_11012017_F.xls,NCYC 3447-1000 ug/ml Caffeine,80.52289333,1.451299547,85.55846364,0.641875112,NCYC 3447,DBVPG 1106,1 mg/mL Caffeine,DBVPG 1106*1 mg/mL Caffeine,0,0.032,0.060666667,0.055,0.038666667,0.075333333,0.085333333,0.111,0.157,0.202333333,0.260666667,0.329666667,0.419,0.510333333,0.612333333,0.735666667,0.870333333,0.992,1.108333333,1.183666667,1.200333333,1.218333333,1.239,1.271666667,1.297333333,1.327,1.353333333,1.386666667,1.418666667,1.445333333,1.472,1.497666667,1.516,1.540333333,1.560666667,1.579,1.596666667,1.612,1.627333333,1.644,1.656333333
SGRP_mTORinhibitsSCREEN_SET1_CAFFEINE AND lowTORIN_MGK_12022017_,NCYC 3447-1000 ug/ml Caffeine,87.62352334,1.22373145,99.67631862,0.182958886,NCYC 3447,DBVPG 1106,1 mg/mL Caffeine,DBVPG 1106*1 mg/mL Caffeine,0,0.052333333,0.060333333,0.070666667,0.082333333,0.097333333,0.113,0.140333333,0.170333333,0.216,0.265333333,0.327333333,0.395,0.472666667,0.566,0.661666667,0.770333333,0.891,0.995,1.097,1.139333333,1.154666667,1.175,1.203666667,1.236,1.265666667,1.297333333,1.33,1.364666667,1.396,1.426,1.452333333,1.479,1.504666667,1.527,1.547333333,1.565333333,1.583333333,1.599,1.612666667,1.624333333
