experiment,Line-Treatment,DT inflection,StDev_inf,DT interval,StDev_int,Lab strain,Strain,Treatment,Strain*Treatment,Time_0,Time_0.5,Time_1,Time_1.5,Time_2,Time_2.5,Time_3,Time_3.5,Time_4,Time_4.5,Time_5,Time_5.5,Time_6,Time_6.5,Time_7,Time_7.5,Time_8,Time_8.5,Time_9,Time_9.5,Time_10,Time_10.5,Time_11,Time_11.5,Time_12,Time_12.5,Time_13,Time_13.5,Time_14,Time_14.5,Time_15,Time_15.5,Time_16,Time_16.5,Time_17,Time_17.5,Time_18,Time_18.5,Time_19,Time_19.5,Time_20
SGRP_mTORinhibitsSCREEN_SET2_CAFFEINE AND lowTORIN_MGK_AR_120320,NCYC 3462-2.5% DMSO,38.15106139,28.15123935,73.80828602,4.36711814,NCYC 3462,UWOPS05-217.3 ,2.5% DMSO,UWOPS05-217.3 *2.5% DMSO,0,0.051333333,0.051,0.071333333,0.072666667,0.107,0.132666667,0.178333333,0.167333333,0.229666667,0.274666667,0.507333333,0.672666667,0.863333333,1.025333333,1.167666667,1.211666667,1.230333333,1.252666667,1.282,1.316333333,1.357333333,1.403333333,1.440666667,1.469666667,1.510333333,1.533,1.567,1.584,1.607333333,1.624666667,1.643,1.664333333,1.679,1.697666667,1.714666667,1.73,1.743333333,1.759333333,1.768666667,1.777333333
