experiment,Line-Treatment,DT inflection,StDev_inf,DT interval,StDev_int,Lab strain,Strain,Treatment,Strain*Treatment,Time_0,Time_0.5,Time_1,Time_1.5,Time_2,Time_2.5,Time_3,Time_3.5,Time_4,Time_4.5,Time_5,Time_5.5,Time_6,Time_6.5,Time_7,Time_7.5,Time_8,Time_8.5,Time_9,Time_9.5,Time_10,Time_10.5,Time_11,Time_11.5,Time_12,Time_12.5,Time_13,Time_13.5,Time_14,Time_14.5,Time_15,Time_15.5,Time_16,Time_16.5,Time_17,Time_17.5,Time_18,Time_18.5,Time_19,Time_19.5,Time_20
RB_RUN1_F_SGRPmTORscreen_KGA_11082018.xls,yML669-2.5 ng/mL Rapa,195.447364,48.09713321,1021.893099,486.0158072,yML 669,T21.4,2.5 ng/mL RAPA,T21.4*2.5 ng/mL RAPA,0,0.025333333,0.027666667,0.027333333,0.029333333,0.02,0.035,0.039666667,0.047333333,0.062333333,0.059333333,0.068333333,0.073,0.08,0.080666667,0.094,0.098333333,0.105333333,0.12,0.125333333,0.125666667,0.142,0.144333333,0.155333333,0.162333333,0.171,0.177,0.19,0.196333333,0.205,0.211,0.218,0.227666667,0.235333333,0.247333333,0.251,0.255,0.261666667,0.268666667,0.278,0.284333333
