experiment,Line-Treatment,DT inflection,StDev_inf,DT interval,StDev_int,Lab strain,Strain,Treatment,Strain*Treatment,Time_0,Time_0.5,Time_1,Time_1.5,Time_2,Time_2.5,Time_3,Time_3.5,Time_4,Time_4.5,Time_5,Time_5.5,Time_6,Time_6.5,Time_7,Time_7.5,Time_8,Time_8.5,Time_9,Time_9.5,Time_10,Time_10.5,Time_11,Time_11.5,Time_12,Time_12.5,Time_13,Time_13.5,Time_14,Time_14.5,Time_15,Time_15.5,Time_16,Time_16.5,Time_17,Time_17.5,Time_18,Time_18.5,Time_19,Time_19.5,Time_20
SGRP_mTORinhibits_SET3_highTORIN_MGK_101617_F.xls,YML 569-25 uM Torin 1,68.29640889,29.55236305,164.9333935,78.9257635,yML 569,FM527,25 uM Torin 1,FM527*25 uM Torin 1,0,0.005333333,0.004333333,0.005,0.005,0.006333333,0.013666667,0.022333333,0.013666667,0.014333333,0.011,0.020333333,0.02,0.013,0.024666667,0.033,0.039,0.028333333,0.042,0.044666667,0.061,0.061666667,0.055333333,0.06,0.084666667,0.099,0.099333333,0.122666667,0.147,0.146333333,0.202333333,0.190666667,0.231333333,0.219333333,0.246,0.309,0.331666667,0.406,0.459666667,0.473666667,0.531666667
SGRP_mTORinhibitsSCREEN_SET3highTORIN_MGK_101617_D.xls,YML 569-25 uM Torin 1,58.11012213,9.520894309,196.754648,36.41203204,yML 569,FM527,25 uM Torin 1,FM527*25 uM Torin 1,0,0.008666667,0.009333333,0.011333333,0.009666667,0.010333333,0.017333333,0.013666667,0.011,0.017,0.024,0.036,0.018,0.034666667,0.036,0.03,0.037666667,0.032666667,0.061,0.059333333,0.062666667,0.071,0.080333333,0.099666667,0.094,0.124,0.131,0.135333333,0.153333333,0.18,0.192,0.221,0.239666667,0.267,0.283333333,0.298,0.383666667,0.424666667,0.429666667,0.504,0.552
