experiment,Line-Treatment,DT inflection,StDev_inf,DT interval,StDev_int,Lab strain,Strain,Treatment,Strain*Treatment,Time_0,Time_0.5,Time_1,Time_1.5,Time_2,Time_2.5,Time_3,Time_3.5,Time_4,Time_4.5,Time_5,Time_5.5,Time_6,Time_6.5,Time_7,Time_7.5,Time_8,Time_8.5,Time_9,Time_9.5,Time_10,Time_10.5,Time_11,Time_11.5,Time_12,Time_12.5,Time_13,Time_13.5,Time_14,Time_14.5,Time_15,Time_15.5,Time_16,Time_16.5,Time_17,Time_17.5,Time_18,Time_18.5,Time_19,Time_19.5,Time_20
SGRP_mTORinhibitsSCREEN_SET1_CAFF_MGK_11012017_F.xls,NCYC 3315-1000 ug/ml Caffeine,70.37827295,2.207824456,72.42890623,2.862308469,NCYC 3315,YPS606,1 mg/mL Caffeine,YPS606*1 mg/mL Caffeine,0,0.039,0.059666667,0.054333333,0.039333333,0.075666667,0.089333333,0.119333333,0.179,0.236666667,0.318,0.412333333,0.544,0.675666667,0.806333333,0.951333333,1.084333333,1.199,1.286333333,1.314666667,1.335333333,1.362333333,1.385333333,1.413,1.438666667,1.467333333,1.491333333,1.507,1.534,1.552666667,1.571666667,1.59,1.604666667,1.622666667,1.635666667,1.649666667,1.663333333,1.671666667,1.682333333,1.698666667,1.708333333
SGRP_mTORinhibitsSCREEN_SET1_CAFFEINE AND lowTORIN_MGK_12022017_,NCYC 3315-1000 ug/ml Caffeine,48.34992274,27.47637028,61.16808141,18.74889259,NCYC 3315,YPS606,1 mg/mL Caffeine,YPS606*1 mg/mL Caffeine,0,0.067,0.067333333,0.057,0.050666667,0.033333333,0.162333333,0.162,0.255,0.339333333,0.437666667,0.548666667,0.676666667,0.803333333,0.933,1.056333333,1.167,1.252,1.278333333,1.308,1.332666667,1.356666667,1.385,1.414333333,1.450333333,1.478,1.503,1.522666667,1.549333333,1.57,1.591,1.606333333,1.623666667,1.641,1.653333333,1.666,1.678,1.692333333,1.701666667,1.713333333,1.724
