experiment,Line-Treatment,DT inflection,StDev_inf,DT interval,StDev_int,Lab strain,Strain,Treatment,Strain*Treatment,Time_0,Time_0.5,Time_1,Time_1.5,Time_2,Time_2.5,Time_3,Time_3.5,Time_4,Time_4.5,Time_5,Time_5.5,Time_6,Time_6.5,Time_7,Time_7.5,Time_8,Time_8.5,Time_9,Time_9.5,Time_10,Time_10.5,Time_11,Time_11.5,Time_12,Time_12.5,Time_13,Time_13.5,Time_14,Time_14.5,Time_15,Time_15.5,Time_16,Time_16.5,Time_17,Time_17.5,Time_18,Time_18.5,Time_19,Time_19.5,Time_20
SGRP_mTORinhibitsSCREEN_SET1_CAFFEINE AND lowTORIN_MGK_12022017_,NCYC 3314-6.67% H2O,67.68865486,1.4494411,69.71920891,0.270929786,NCYC 3314,BC187,6.67% H2O,BC187*6.67% H2O,0,0.053333333,0.066333333,0.083666667,0.105333333,0.135333333,0.18,0.244,0.327,0.439666667,0.567,0.708666667,0.852666667,0.988333333,1.109666667,1.16,1.177,1.192666667,1.218333333,1.25,1.276666667,1.306666667,1.336666667,1.369,1.402666667,1.436,1.462666667,1.491,1.515666667,1.537666667,1.559666667,1.583333333,1.603,1.620666667,1.637,1.652,1.670666667,1.685333333,1.699666667,1.711,1.722333333
