experiment,Line-Treatment,DT inflection,StDev_inf,DT interval,StDev_int,Lab strain,Strain,Treatment,Strain*Treatment,Time_0,Time_0.5,Time_1,Time_1.5,Time_2,Time_2.5,Time_3,Time_3.5,Time_4,Time_4.5,Time_5,Time_5.5,Time_6,Time_6.5,Time_7,Time_7.5,Time_8,Time_8.5,Time_9,Time_9.5,Time_10,Time_10.5,Time_11,Time_11.5,Time_12,Time_12.5,Time_13,Time_13.5,Time_14,Time_14.5,Time_15,Time_15.5,Time_16,Time_16.5,Time_17,Time_17.5,Time_18,Time_18.5,Time_19,Time_19.5,Time_20
SGRP_mTORinhibitsSCREEN_SET1_AZD8055_KGPUARMBL_061817.xls,NCYC 3454-100uM AZD08055,66.93322771,0.269299455,73.44010224,4.028242766,NCYC 3454,YS9,100 uM AZD8055,YS9*100 uM AZD8055,0,0.072333333,0.079666667,0.096666667,0.122333333,0.155333333,0.203,0.271666667,0.37,0.500666667,0.651,0.808,0.97,1.119,1.194333333,1.224,1.247666667,1.277333333,1.311,1.343,1.374666667,1.408,1.441,1.470666667,1.498666667,1.519666667,1.544333333,1.568333333,1.587,1.605,1.622666667,1.639333333,1.653,1.668333333,1.681333333,1.695,1.707666667,1.719666667,1.729666667,1.741666667,1.751666667
