experiment,Line-Treatment,DT inflection,StDev_inf,DT interval,StDev_int,Lab strain,Strain,Treatment,Strain*Treatment,Time_0,Time_0.5,Time_1,Time_1.5,Time_2,Time_2.5,Time_3,Time_3.5,Time_4,Time_4.5,Time_5,Time_5.5,Time_6,Time_6.5,Time_7,Time_7.5,Time_8,Time_8.5,Time_9,Time_9.5,Time_10,Time_10.5,Time_11,Time_11.5,Time_12,Time_12.5,Time_13,Time_13.5,Time_14,Time_14.5,Time_15,Time_15.5,Time_16,Time_16.5,Time_17,Time_17.5,Time_18,Time_18.5,Time_19,Time_19.5,Time_20
SGRP_mTORinhibitsSCREEN_SET1_CAFFEINE AND lowTORIN_MGK_12022017_,NCYC 3456-6.67% H2O,65.69853936,6.229540577,75.23770063,3.5119476,NCYC 3456,378604 X,6.67% H2O,378604 X*6.67% H2O,0,0.071,0.086333333,0.105333333,0.121666667,0.152333333,0.186,0.253666667,0.326333333,0.437666667,0.559,0.697,0.845,0.999666667,1.149333333,1.197666667,1.212333333,1.221333333,1.235333333,1.256,1.274333333,1.296333333,1.323333333,1.352666667,1.386,1.419,1.449,1.476666667,1.505333333,1.529333333,1.557,1.578333333,1.598333333,1.617,1.638666667,1.653666667,1.671,1.685,1.702333333,1.718,1.726666667
