experiment,Line-Treatment,DT inflection,StDev_inf,DT interval,StDev_int,Lab strain,Strain,Treatment,Strain*Treatment,Time_0,Time_0.5,Time_1,Time_1.5,Time_2,Time_2.5,Time_3,Time_3.5,Time_4,Time_4.5,Time_5,Time_5.5,Time_6,Time_6.5,Time_7,Time_7.5,Time_8,Time_8.5,Time_9,Time_9.5,Time_10,Time_10.5,Time_11,Time_11.5,Time_12,Time_12.5,Time_13,Time_13.5,Time_14,Time_14.5,Time_15,Time_15.5,Time_16,Time_16.5,Time_17,Time_17.5,Time_18,Time_18.5,Time_19,Time_19.5,Time_20
SGRP_mTORinhibitsSCREEN_SET2_GDC_AR_062617.xls,NCYC 3468-100uM GDC0941,41.59250102,4.61599688,53.52789435,15.84056218,NCYC 3468,UWOPS05-227.2 ,100 uM GDC0941,UWOPS05-227.2 *100 uM GDC0941,0,0.049,0.050333333,0.055666667,0.058333333,0.051666667,0.056,0.115333333,0.142333333,0.196666667,0.270666667,0.429,0.594,0.787,0.947,1.106666667,1.225,1.269333333,1.264333333,1.284,1.314666667,1.345,1.395,1.425,1.458,1.493333333,1.525,1.556,1.581666667,1.592333333,1.626333333,1.645333333,1.669333333,1.672333333,1.69,1.704333333,1.721666667,1.733666667,1.748666667,1.772,1.775
