experiment,Line-Treatment,DT inflection,StDev_inf,DT interval,StDev_int,Lab strain,Strain,Treatment,Strain*Treatment,Time_0,Time_0.5,Time_1,Time_1.5,Time_2,Time_2.5,Time_3,Time_3.5,Time_4,Time_4.5,Time_5,Time_5.5,Time_6,Time_6.5,Time_7,Time_7.5,Time_8,Time_8.5,Time_9,Time_9.5,Time_10,Time_10.5,Time_11,Time_11.5,Time_12,Time_12.5,Time_13,Time_13.5,Time_14,Time_14.5,Time_15,Time_15.5,Time_16,Time_16.5,Time_17,Time_17.5,Time_18,Time_18.5,Time_19,Time_19.5,Time_20
SGRP_mTOR_inhibitsSCREEN_SET2_HighRAPA+LowTorin_Repeat_JEMBL_073,NCYC 3467-20 ng/ml RAPA,,,,,NCYC 3467,W303,20 ng/mL RAPA,W303*20 ng/mL RAPA,0,0.020666667,0.021333333,0.023333333,0.025666667,0.027,0.030333333,0.032,0.033,0.033666667,0.034666667,0.035,0.036666667,0.037,0.038,0.038,0.038,0.038666667,0.039,0.039666667,0.039666667,0.041,0.041,0.041333333,0.041666667,0.042666667,0.043,0.043666667,0.045,0.045333333,0.045666667,0.046,0.046666667,0.048,0.047333333,0.048666667,0.049,0.050666667,0.051333333,0.051333333,0.051333333
SGRP_mTORinhibitsSCREEN_Set2_highRAPA_KGPU_11202017_F.xls,NCYC 3467-20 ng/ml RAPA,,,,,NCYC 3467,W303,20 ng/mL RAPA,W303*20 ng/mL RAPA,0,0.024666667,0.027333333,0.029666667,0.031666667,0.034,0.035666667,0.037666667,0.039,0.040333333,0.041,0.042333333,0.043333333,0.045333333,0.044333333,0.045333333,0.046,0.046666667,0.047,0.047666667,0.049666667,0.05,0.051333333,0.052333333,0.052,0.053333333,0.054,0.055666667,0.055333333,0.055666667,0.056333333,0.058,0.058,0.057666667,0.061666667,0.06,0.063333333,0.060666667,0.065666667,0.062666667,0.064333333
