experiment,Line-Treatment,DT inflection,StDev_inf,DT interval,StDev_int,Lab strain,Strain,Treatment,Strain*Treatment,Time_0,Time_0.5,Time_1,Time_1.5,Time_2,Time_2.5,Time_3,Time_3.5,Time_4,Time_4.5,Time_5,Time_5.5,Time_6,Time_6.5,Time_7,Time_7.5,Time_8,Time_8.5,Time_9,Time_9.5,Time_10,Time_10.5,Time_11,Time_11.5,Time_12,Time_12.5,Time_13,Time_13.5,Time_14,Time_14.5,Time_15,Time_15.5,Time_16,Time_16.5,Time_17,Time_17.5,Time_18,Time_18.5,Time_19,Time_19.5,Time_20
SCREEN_SET2_HIGHTORIN#3_MGK_09302017_F.xls,yML565-25 uM Torin 1,88.96511098,8.127879163,99.35328259,5.339452586,yML 565,CBS7960,25 uM Torin 1,CBS7960*25 uM Torin 1,0,0.011333333,0.012666667,0.011666667,0.012333333,0.014666667,0.016,0.018666667,0.021666667,0.025,0.031,0.036,0.040333333,0.045,0.049,0.054333333,0.059333333,0.064333333,0.071333333,0.080333333,0.093,0.109333333,0.13,0.159,0.19,0.238666667,0.292333333,0.364,0.449,0.545,0.658,0.777333333,0.897,1.005666667,1.086,1.135333333,1.173666667,1.195666667,1.213333333,1.236666667,1.262333333
SGRP_mTOR_inhibitsSCREEN_SET2_HIGH_TORIN_AR_10092017_F.xls,yML565-25 uM Torin 1,,,,,yML 565,CBS7960,25 uM Torin 1,CBS7960*25 uM Torin 1,0,-0.000333333,-0.000333333,4.63e-18,-0.000333333,4.63e-18,4.63e-18,-0.000333333,4.63e-18,4.63e-18,0.000333333,4.63e-18,0.000333333,0.001,0.001,0.001,0.001666667,0.002,0.003333333,0.004333333,0.005,0.006,0.008333333,0.008,0.009,0.011,0.011666667,0.009666667,0.011,0.009666667,0.010666667,0.013333333,0.012,0.010333333,0.010666667,0.012,0.010333333,0.013333333,0.013,0.011,0.012
SGRP_mTORinhibitsSCREEN_SET2_HIGHTORIN#2_MGK_093017_D.xls,yML565-25 uM Torin 1,96.93737943,12.33127465,110.7105823,13.02056382,yML 565,CBS7960,25 uM Torin 1,CBS7960*25 uM Torin 1,0,0.016666667,0.015666667,0.022,0.022,0.018,0.024333333,0.026333333,0.031,0.032666667,0.036333333,0.042333333,0.049333333,0.055,0.054666667,0.063666667,0.068666667,0.075,0.081,0.089666667,0.099333333,0.108,0.130333333,0.150333333,0.175333333,0.208,0.250666667,0.301666667,0.366,0.441,0.524333333,0.604,0.704666667,0.794666667,0.865666667,0.935333333,1.003666667,1.053333333,1.103666667,1.161,1.21
