experiment,Line-Treatment,DT inflection,StDev_inf,DT interval,StDev_int,Lab strain,Strain,Treatment,Strain*Treatment,Time_0,Time_0.5,Time_1,Time_1.5,Time_2,Time_2.5,Time_3,Time_3.5,Time_4,Time_4.5,Time_5,Time_5.5,Time_6,Time_6.5,Time_7,Time_7.5,Time_8,Time_8.5,Time_9,Time_9.5,Time_10,Time_10.5,Time_11,Time_11.5,Time_12,Time_12.5,Time_13,Time_13.5,Time_14,Time_14.5,Time_15,Time_15.5,Time_16,Time_16.5,Time_17,Time_17.5,Time_18,Time_18.5,Time_19,Time_19.5,Time_20
SGRP_mTORinhibitsSCREEN_SET2_CAFFEINE AND lowTORIN_MGK_AR_120320,NCYC 3487-2.5% DMSO,129.4569274,3.71848891,174.3905965,3.382998657,NCYC 3487,YS2 ,2.5% DMSO,YS2 *2.5% DMSO,0,0.064333333,0.074,0.085666667,0.097,0.108666667,0.120666667,0.132666667,0.140666667,0.159666667,0.171666667,0.191333333,0.209666667,0.229666667,0.259666667,0.291666667,0.334333333,0.388333333,0.449,0.525666667,0.599,0.686,0.788666667,0.891333333,0.962666667,1.013,1.060333333,1.081333333,1.101333333,1.114666667,1.144333333,1.166666667,1.193,1.222333333,1.251333333,1.282333333,1.314333333,1.347333333,1.377,1.408333333,1.430666667
