experiment,Line-Treatment,DT inflection,StDev_inf,DT interval,StDev_int,Lab strain,Strain,Treatment,Strain*Treatment,Time_0,Time_0.5,Time_1,Time_1.5,Time_2,Time_2.5,Time_3,Time_3.5,Time_4,Time_4.5,Time_5,Time_5.5,Time_6,Time_6.5,Time_7,Time_7.5,Time_8,Time_8.5,Time_9,Time_9.5,Time_10,Time_10.5,Time_11,Time_11.5,Time_12,Time_12.5,Time_13,Time_13.5,Time_14,Time_14.5,Time_15,Time_15.5,Time_16,Time_16.5,Time_17,Time_17.5,Time_18,Time_18.5,Time_19,Time_19.5,Time_20
original data.xls SET 4 HIGH RAPA,YML692-20 ng/ml RAPA,22.93920894,30.32828332,220.3462809,65.10587175,yML 692,Y8.5,20 ng/mL RAPA,Y8.5*20 ng/mL RAPA,0,0.060666667,0.045333333,0.076333333,0.014666667,0.029,0.132333333,0.041333333,0.18,0.196333333,0.225333333,0.260333333,0.305333333,0.346,0.398666667,0.442333333,0.506,0.59,0.662333333,0.726333333,0.802333333,0.887333333,0.982666667,1.066666667,1.118333333,1.194,1.258,1.298333333,1.382333333,1.415666667,1.47,1.507666667,1.542666667,1.569666667,1.594666667,1.610666667,1.626666667,1.640333333,1.65,1.668666667,1.672
