experiment,Line-Treatment,DT inflection,StDev_inf,DT interval,StDev_int,Lab strain,Strain,Treatment,Strain*Treatment,Time_0,Time_0.5,Time_1,Time_1.5,Time_2,Time_2.5,Time_3,Time_3.5,Time_4,Time_4.5,Time_5,Time_5.5,Time_6,Time_6.5,Time_7,Time_7.5,Time_8,Time_8.5,Time_9,Time_9.5,Time_10,Time_10.5,Time_11,Time_11.5,Time_12,Time_12.5,Time_13,Time_13.5,Time_14,Time_14.5,Time_15,Time_15.5,Time_16,Time_16.5,Time_17,Time_17.5,Time_18,Time_18.5,Time_19,Time_19.5,Time_20
SGRP_mTORinhibitsSCREEN_SET4_Caff_MGK_10252017_D.xls,YML691-1000 ug/ml Caffeine,80.77920277,1.666929608,105.9024821,14.54906526,yML 691,Q31.4,1 mg/mL Caffeine,Q31.4*1 mg/mL Caffeine,0,0.042,0.048666667,0.061333333,0.073333333,0.091,0.113333333,0.138666667,0.175,0.203333333,0.262333333,0.309666667,0.395,0.476,0.563,0.684333333,0.800666667,0.940666667,1.062333333,1.143333333,1.147666667,1.160333333,1.174,1.203666667,1.225666667,1.256,1.293666667,1.328333333,1.366333333,1.406666667,1.433,1.465,1.484333333,1.5,1.524,1.547,1.565,1.588333333,1.610666667,1.623333333,1.641333333
SGRP_mTORinhibitsSCREEN_SET4_Caffeine_MGK_09202017.xls,YML691-1000 ug/ml Caffeine,82.02467801,7.724528581,105.3002636,2.998539237,yML 691,Q31.4,1 mg/mL Caffeine,Q31.4*1 mg/mL Caffeine,0,0.049333333,0.044666667,0.049333333,0.056,0.062333333,0.070666667,0.084666667,0.104,0.124333333,0.141,0.178666667,0.223333333,0.277666667,0.336,0.403666667,0.474333333,0.589,0.677,0.820666667,0.965333333,1.073666667,1.166,1.194,1.215333333,1.199666667,1.238,1.268,1.295,1.322666667,1.352,1.398333333,1.425666667,1.452333333,1.478666667,1.507666667,1.525,1.54,1.57,1.581666667,1.614666667
