experiment,Line-Treatment,DT inflection,StDev_inf,DT interval,StDev_int,Lab strain,Strain,Treatment,Strain*Treatment,Time_0,Time_0.5,Time_1,Time_1.5,Time_2,Time_2.5,Time_3,Time_3.5,Time_4,Time_4.5,Time_5,Time_5.5,Time_6,Time_6.5,Time_7,Time_7.5,Time_8,Time_8.5,Time_9,Time_9.5,Time_10,Time_10.5,Time_11,Time_11.5,Time_12,Time_12.5,Time_13,Time_13.5,Time_14,Time_14.5,Time_15,Time_15.5,Time_16,Time_16.5,Time_17,Time_17.5,Time_18,Time_18.5,Time_19,Time_19.5,Time_20
SGRP_mTORinhibitsSCREEN_SET 1 2 3 4 High-Low Rapa High-Low Torin,yML 559-25 uM Torin 1,102.2964753,1.166313737,114.9306872,10.25288292,yML 559,Y10,25 uM Torin 1,Y10*25 uM Torin 1,0,0.066,0.071333333,0.073333333,0.072333333,0.074333333,0.072666667,0.073,0.073666667,0.076333333,0.080333333,0.086333333,0.093,0.102,0.110666667,0.123333333,0.139666667,0.163,0.189333333,0.229666667,0.275666667,0.335,0.403666667,0.483333333,0.570666667,0.667666667,0.772,0.884333333,0.988666667,1.073333333,1.159333333,1.246333333,1.312666667,1.344,1.376,1.403666667,1.434333333,1.460333333,1.488666667,1.516666667,1.541666667
