experiment,Line-Treatment,DT inflection,StDev_inf,DT interval,StDev_int,Lab strain,Strain,Treatment,Strain*Treatment,Time_0,Time_0.5,Time_1,Time_1.5,Time_2,Time_2.5,Time_3,Time_3.5,Time_4,Time_4.5,Time_5,Time_5.5,Time_6,Time_6.5,Time_7,Time_7.5,Time_8,Time_8.5,Time_9,Time_9.5,Time_10,Time_10.5,Time_11,Time_11.5,Time_12,Time_12.5,Time_13,Time_13.5,Time_14,Time_14.5,Time_15,Time_15.5,Time_16,Time_16.5,Time_17,Time_17.5,Time_18,Time_18.5,Time_19,Time_19.5,Time_20
SGRP_mTORinhibitsSCREEN_SET1_LOWRAPA_highRAPA_lowTORIN_MGK_12022,NCYC 3315-1% DMSO,56.67323382,5.050742102,58.82175727,0.748582034,NCYC 3315,YPS606,1% DMSO,YPS606*1% DMSO,0,0.050333333,0.064333333,0.080666667,0.100666667,0.154666667,0.226666667,0.315,0.438666667,0.587666667,0.753666667,0.928,1.081,1.226333333,1.306666667,1.341666667,1.37,1.405,1.439333333,1.473333333,1.505,1.532,1.556333333,1.581,1.603333333,1.625,1.640666667,1.656333333,1.671666667,1.683333333,1.712666667,1.709333333,1.721333333,1.732,1.741666667,1.751,1.763666667,1.769,1.776333333,1.782333333,1.786666667
SGRP_mTORinhibitsSCREEN_SET1_LOWRAPA_highRAPA_lowTORIN_MGK_12022,NCYC 3315-1% DMSO,55.4179068,1.352323016,49.86078319,4.459406445,NCYC 3315,YPS606,1% DMSO,YPS606*1% DMSO,0,0.054,0.066333333,0.08,0.094666667,0.136333333,0.221,0.321666667,0.444333333,0.586666667,0.752,0.921666667,1.071,1.21,1.291666667,1.324666667,1.351,1.383,1.415666667,1.444666667,1.476,1.502666667,1.529,1.553,1.573,1.594666667,1.612666667,1.627333333,1.643333333,1.655666667,1.668666667,1.680333333,1.69,1.701333333,1.712333333,1.721666667,1.733333333,1.741666667,1.751666667,1.759,1.766333333
