experiment,Line-Treatment,DT inflection,StDev_inf,DT interval,StDev_int,Lab strain,Strain,Treatment,Strain*Treatment,Time_0,Time_0.5,Time_1,Time_1.5,Time_2,Time_2.5,Time_3,Time_3.5,Time_4,Time_4.5,Time_5,Time_5.5,Time_6,Time_6.5,Time_7,Time_7.5,Time_8,Time_8.5,Time_9,Time_9.5,Time_10,Time_10.5,Time_11,Time_11.5,Time_12,Time_12.5,Time_13,Time_13.5,Time_14,Time_14.5,Time_15,Time_15.5,Time_16,Time_16.5,Time_17,Time_17.5,Time_18,Time_18.5,Time_19,Time_19.5,Time_20
SGRP_mTORinhibsSCREEN_SET1_lowRAPA_KGPUMBL_05062017.xls,NCYC 3453-2.5 ng/mL RAPA,50.1744789,7.436533296,111.9087895,1.994951713,NCYC 3453,YS4,2.5 ng/mL RAPA,YS4*2.5 ng/mL RAPA,0,0.038,0.044,0.056333333,-0.002666667,0.087666667,0.107666667,0.13,0.158,0.188,0.228,0.269,0.248,0.374,0.423,0.411,0.545,0.612333333,0.682333333,0.751333333,0.837333333,0.905333333,0.975,1.046666667,1.1,1.152,1.180333333,1.214,1.236666667,1.254666667,1.262333333,1.285,1.304,1.321,1.329666667,1.345333333,1.362333333,1.381666667,1.388666667,1.405333333,1.425
