experiment,Line-Treatment,DT inflection,StDev_inf,DT interval,StDev_int,Lab strain,Strain,Treatment,Strain*Treatment,Time_0,Time_0.5,Time_1,Time_1.5,Time_2,Time_2.5,Time_3,Time_3.5,Time_4,Time_4.5,Time_5,Time_5.5,Time_6,Time_6.5,Time_7,Time_7.5,Time_8,Time_8.5,Time_9,Time_9.5,Time_10,Time_10.5,Time_11,Time_11.5,Time_12,Time_12.5,Time_13,Time_13.5,Time_14,Time_14.5,Time_15,Time_15.5,Time_16,Time_16.5,Time_17,Time_17.5,Time_18,Time_18.5,Time_19,Time_19.5,Time_20
SGRP_mTOR_inhibitsSCREEN_SET1_highTORIN_KGPUMBL_052817.xls,yML045-25uM Torin 1,94.44151429,6.212044191,98.13387729,6.516740314,BY4743,BY4743,25 uM Torin 1,BY4743*25 uM Torin 1,0,0.031333333,0.033,0.034,0.036,0.037333333,0.039333333,0.041333333,0.043,0.047,0.05,0.055,0.059666667,0.064666667,0.070666667,0.079333333,0.091333333,0.105,0.123666667,0.146666667,0.176333333,0.217333333,0.267,0.331,0.407666667,0.497333333,0.595,0.699,0.803,0.903666667,0.985,1.025,1.055666667,1.074,1.081333333,1.088,1.097,1.108,1.118333333,1.130666667,1.143333333
