experiment,Line-Treatment,DT inflection,StDev_inf,DT interval,StDev_int,Lab strain,Strain,Treatment,Strain*Treatment,Time_0,Time_0.5,Time_1,Time_1.5,Time_2,Time_2.5,Time_3,Time_3.5,Time_4,Time_4.5,Time_5,Time_5.5,Time_6,Time_6.5,Time_7,Time_7.5,Time_8,Time_8.5,Time_9,Time_9.5,Time_10,Time_10.5,Time_11,Time_11.5,Time_12,Time_12.5,Time_13,Time_13.5,Time_14,Time_14.5,Time_15,Time_15.5,Time_16,Time_16.5,Time_17,Time_17.5,Time_18,Time_18.5,Time_19,Time_19.5,Time_20
SGRP_mTORinhibitsSCREEN_SET2_GDC_MGK_081917(fixed with adding wr,NCYC 3487-100 uM GDC0941,83.55154475,5.565960784,94.76042553,0.920944421,NCYC 3487,YS2 ,100 uM GDC0941,YS2 *100 uM GDC0941,0,0.037333333,0.056,0.065666667,0.067666667,0.075333333,0.091666667,0.116666667,0.139,0.153,0.194333333,0.24,0.302333333,0.378666667,0.467666667,0.566666667,0.675333333,0.795,0.917333333,1.012666667,1.045,1.054333333,1.074666667,1.095333333,1.113666667,1.132,1.157,1.185333333,1.215,1.245,1.279333333,1.313,1.348,1.379,1.408333333,1.435333333,1.457666667,1.480333333,1.501666667,1.521666667,1.541
