experiment,Line-Treatment,DT inflection,StDev_inf,DT interval,StDev_int,Lab strain,Strain,Treatment,Strain*Treatment,Time_0,Time_0.5,Time_1,Time_1.5,Time_2,Time_2.5,Time_3,Time_3.5,Time_4,Time_4.5,Time_5,Time_5.5,Time_6,Time_6.5,Time_7,Time_7.5,Time_8,Time_8.5,Time_9,Time_9.5,Time_10,Time_10.5,Time_11,Time_11.5,Time_12,Time_12.5,Time_13,Time_13.5,Time_14,Time_14.5,Time_15,Time_15.5,Time_16,Time_16.5,Time_17,Time_17.5,Time_18,Time_18.5,Time_19,Time_19.5,Time_20
SGRP_mTORinhibitsSCREEN_SET3_round3_highRAPA_KG_091517_D.xls,YML670-20 ng/ml RAPA,113.4334571,14.70741554,171.6653174,12.7105386,yML 670,Q59.1,20 ng/mL RAPA,Q59.1*20 ng/mL RAPA,0,0.059333333,0.063666667,0.064333333,0.070666667,0.077666667,0.091666667,0.095333333,0.113666667,0.124333333,0.136,0.159666667,0.175,0.201333333,0.227666667,0.258,0.299333333,0.332,0.384666667,0.430333333,0.471666667,0.544,0.610666667,0.664666667,0.738666667,0.807333333,0.879,0.933,1.016333333,1.071666667,1.135333333,1.195,1.25,1.301666667,1.353,1.398,1.440333333,1.483,1.518666667,1.546666667,1.56
