experiment,Line-Treatment,DT inflection,StDev_inf,DT interval,StDev_int,Lab strain,Strain,Treatment,Strain*Treatment,Time_0,Time_0.5,Time_1,Time_1.5,Time_2,Time_2.5,Time_3,Time_3.5,Time_4,Time_4.5,Time_5,Time_5.5,Time_6,Time_6.5,Time_7,Time_7.5,Time_8,Time_8.5,Time_9,Time_9.5,Time_10,Time_10.5,Time_11,Time_11.5,Time_12,Time_12.5,Time_13,Time_13.5,Time_14,Time_14.5,Time_15,Time_15.5,Time_16,Time_16.5,Time_17,Time_17.5,Time_18,Time_18.5,Time_19,Time_19.5,Time_20
SGRP_mTORinhibitsSCREEN_SET3_LOWRAPA_JEMBL_12012017_F,yML 669-2.5 ng/ml RAPA,79.02500793,10.66725127,99.86548587,13.16301075,yML 669,T21.4,2.5 ng/mL RAPA,T21.4*2.5 ng/mL RAPA,0,0.006666667,0.006666667,0.005666667,0.005,0.006,0.163333333,0.221,0.276333333,0.357333333,0.445,0.546666667,0.662333333,0.792,0.916333333,1.03,1.150333333,1.231333333,1.252,1.273666667,1.299333333,1.337,1.371333333,1.402333333,1.429666667,1.458333333,1.484333333,1.506666667,1.527666667,1.545333333,1.566333333,1.58,1.598,1.613333333,1.627,1.641333333,1.653666667,1.669,1.679,1.689666667,1.697333333
