experiment,Line-Treatment,DT inflection,StDev_inf,DT interval,StDev_int,Lab strain,Strain,Treatment,Strain*Treatment,Time_0,Time_0.5,Time_1,Time_1.5,Time_2,Time_2.5,Time_3,Time_3.5,Time_4,Time_4.5,Time_5,Time_5.5,Time_6,Time_6.5,Time_7,Time_7.5,Time_8,Time_8.5,Time_9,Time_9.5,Time_10,Time_10.5,Time_11,Time_11.5,Time_12,Time_12.5,Time_13,Time_13.5,Time_14,Time_14.5,Time_15,Time_15.5,Time_16,Time_16.5,Time_17,Time_17.5,Time_18,Time_18.5,Time_19,Time_19.5,Time_20
SGRP_mTORinhibitsSCREEN_SET1HIGHrapaANDhighTORIN_PU_03162018_D.x,NCYC3457A-1%DMSO,66.7538428,1.658277525,89.61396916,0.541291491,NCYC 3457,273614 N,1% DMSO,273614 N*1% DMSO,0,0.047666667,0.057,0.071,0.091666667,0.117,0.153,0.191,0.236666667,0.303666667,0.386666667,0.528,0.613,0.752,0.893,1.034,1.160666667,1.209333333,1.240333333,1.271333333,1.309,1.342333333,1.373666667,1.405333333,1.440666667,1.471,1.54,1.524333333,1.546,1.568666667,1.589,1.603666667,1.621666667,1.638,1.652,1.663333333,1.678666667,1.688333333,1.701,1.709333333,1.721666667
