experiment,Line-Treatment,DT inflection,StDev_inf,DT interval,StDev_int,Lab strain,Strain,Treatment,Strain*Treatment,Time_0,Time_0.5,Time_1,Time_1.5,Time_2,Time_2.5,Time_3,Time_3.5,Time_4,Time_4.5,Time_5,Time_5.5,Time_6,Time_6.5,Time_7,Time_7.5,Time_8,Time_8.5,Time_9,Time_9.5,Time_10,Time_10.5,Time_11,Time_11.5,Time_12,Time_12.5,Time_13,Time_13.5,Time_14,Time_14.5,Time_15,Time_15.5,Time_16,Time_16.5,Time_17,Time_17.5,Time_18,Time_18.5,Time_19,Time_19.5,Time_20
SGRP_mTORinhibitsSCREEN_SET3_CAFFEINE AND lowTORIN_JEMBL_1201201,yML672-1 uM Torin 11,107.1658776,1.170927551,109.5847128,,yML 672,S36.7,1 uM Torin 1,S36.7*1 uM Torin 1,0,0.065,0.054333333,0.036666667,0.025,0.019333333,0.018666667,0.017666667,0.040666667,0.060666667,0.338666667,0.413666667,0.5,0.605333333,0.712333333,0.831,0.939666667,1.058333333,1.151333333,1.202333333,1.225,1.253666667,1.275666667,1.319666667,1.342,1.377,1.403666667,1.431,1.453,1.477333333,1.497,1.514333333,1.536333333,1.551333333,1.561666667,1.581666667,1.599,1.614666667,1.626666667,1.638666667,1.647333333
