experiment,Line-Treatment,DT inflection,StDev_inf,DT interval,StDev_int,Lab strain,Strain,Treatment,Strain*Treatment,Time_0,Time_0.5,Time_1,Time_1.5,Time_2,Time_2.5,Time_3,Time_3.5,Time_4,Time_4.5,Time_5,Time_5.5,Time_6,Time_6.5,Time_7,Time_7.5,Time_8,Time_8.5,Time_9,Time_9.5,Time_10,Time_10.5,Time_11,Time_11.5,Time_12,Time_12.5,Time_13,Time_13.5,Time_14,Time_14.5,Time_15,Time_15.5,Time_16,Time_16.5,Time_17,Time_17.5,Time_18,Time_18.5,Time_19,Time_19.5,Time_20
SGRP_mTOR_inhibitsSCREEN_SET1_highTORIN_KGPUMBL_052817.xls,NCYC 3453-25uM Torin 1,81.18831432,1.02355634,90.92671927,2.986457716,NCYC 3453,YS4,25 uM Torin 1,YS4*25 uM Torin 1,0,0.038333333,0.040333333,0.041666667,0.041,0.042666667,0.043333333,0.043666667,0.045666667,0.046666667,0.049333333,0.051333333,0.057333333,0.063333333,0.070666667,0.078,0.086,0.094666667,0.107666667,0.123666667,0.148,0.181,0.221333333,0.280666667,0.362666667,0.456666667,0.569666667,0.702,0.841333333,0.981333333,1.078,1.112,1.121333333,1.131,1.147666667,1.163,1.181,1.198333333,1.214,1.230666667,1.245333333
