experiment,Line-Treatment,DT inflection,StDev_inf,DT interval,StDev_int,Lab strain,Strain,Treatment,Strain*Treatment,Time_0,Time_0.5,Time_1,Time_1.5,Time_2,Time_2.5,Time_3,Time_3.5,Time_4,Time_4.5,Time_5,Time_5.5,Time_6,Time_6.5,Time_7,Time_7.5,Time_8,Time_8.5,Time_9,Time_9.5,Time_10,Time_10.5,Time_11,Time_11.5,Time_12,Time_12.5,Time_13,Time_13.5,Time_14,Time_14.5,Time_15,Time_15.5,Time_16,Time_16.5,Time_17,Time_17.5,Time_18,Time_18.5,Time_19,Time_19.5,Time_20
SGRP_mTORinhibitsSCREEN_SET2_LOWRAPA_highTORIN_MGK_12032017_F,yML 560-25 uM Torin 1,116.6813153,10.89177071,145.657581,4.619564758,yML 560,UC5,25 uM Torin 1,UC5*25 uM Torin 1,0,0.067,0.074,0.073666667,0.075,0.077333333,0.085,0.097666667,0.112333333,0.125333333,0.141666667,0.157,0.176333333,0.201,0.23,0.27,0.319,0.377333333,0.445,0.517,0.599333333,0.691333333,0.783666667,0.877333333,0.965333333,1.043,1.106,1.151,1.193,1.224333333,1.245,1.269666667,1.296,1.324,1.351666667,1.376333333,1.402333333,1.422666667,1.444,1.467333333,1.486333333
SGRP_mTORinhibitsSCREEN_SET2_LOWRAPA_highTORIN_MGK_12032017_F,yML 560-25 uM Torin 1,117.3126201,11.74591958,125.4304166,16.9150151,yML 560,UC5,25 uM Torin 1,UC5*25 uM Torin 1,0,0.048666667,0.052333333,0.05,0.051666667,0.053,0.059,0.066333333,0.074333333,0.084,0.092,0.105,0.116333333,0.132666667,0.151333333,0.175,0.207333333,0.245333333,0.292,0.342,0.403666667,0.481,0.561666667,0.650666667,0.745,0.844666667,0.942666667,1.02,1.087,1.144666667,1.184,1.209333333,1.230666667,1.256666667,1.283666667,1.313,1.34,1.364333333,1.39,1.417666667,1.440666667
