experiment,Line-Treatment,DT inflection,StDev_inf,DT interval,StDev_int,Lab strain,Strain,Treatment,Strain*Treatment,Time_0,Time_0.5,Time_1,Time_1.5,Time_2,Time_2.5,Time_3,Time_3.5,Time_4,Time_4.5,Time_5,Time_5.5,Time_6,Time_6.5,Time_7,Time_7.5,Time_8,Time_8.5,Time_9,Time_9.5,Time_10,Time_10.5,Time_11,Time_11.5,Time_12,Time_12.5,Time_13,Time_13.5,Time_14,Time_14.5,Time_15,Time_15.5,Time_16,Time_16.5,Time_17,Time_17.5,Time_18,Time_18.5,Time_19,Time_19.5,Time_20
SET2_caffeine_KGPU_080517.xls,NCYC 3470-1000 ug/ml Caffeine,86.46584306,0.748923153,89.28082429,1.931073899,NCYC 3470,YIIc17_E5 ,1 mg/mL Caffeine,YIIc17_E5 *1 mg/mL Caffeine,0,0.038666667,0.037,0.039666667,0.046666667,0.055666667,0.067666667,0.084333333,0.105333333,0.132333333,0.167,0.212333333,0.267666667,0.336,0.418333333,0.511666667,0.617333333,0.729666667,0.849666667,0.967333333,1.059333333,1.116,1.121,1.119666667,1.122666667,1.124666667,1.127,1.130666667,1.135666667,1.140333333,1.148,1.153333333,1.162,1.171333333,1.181333333,1.192,1.205,1.218,1.233333333,1.249,1.265
SGRP_mTORinhibits_SET2_Caffeine_JE_092817.xls,NCYC 3470-1000 ug/ml Caffeine,90.29925946,0.913611141,92.26905079,1.57291598,NCYC 3470,YIIc17_E5 ,1 mg/mL Caffeine,YIIc17_E5 *1 mg/mL Caffeine,0,0.043333333,0.042666667,0.044333333,0.047666667,0.053333333,0.063333333,0.078,0.095333333,0.118666667,0.147666667,0.184,0.230333333,0.288666667,0.361666667,0.444666667,0.542,0.646666667,0.762,0.881666667,1.001666667,1.115333333,1.183666667,1.189333333,1.190666667,1.190333333,1.193666667,1.193,1.195666667,1.199,1.202333333,1.207333333,1.212333333,1.218,1.226333333,1.233666667,1.241333333,1.249333333,1.259333333,1.269666667,1.280666667
SGRP_mTORinhibitsSCREEN_SET2_Caffeine_JE_092717.xls,NCYC 3470-1000 ug/ml Caffeine,91.53603346,3.544563648,102.2322485,1.426183326,NCYC 3470,YIIc17_E5 ,1 mg/mL Caffeine,YIIc17_E5 *1 mg/mL Caffeine,0,0.044333333,0.046333333,0.048333333,0.055333333,0.064666667,0.072333333,0.088666667,0.109,0.136,0.168666667,0.204,0.254666667,0.311,0.377666667,0.456666667,0.543666667,0.649666667,0.754333333,0.869333333,0.983333333,1.095,1.162333333,1.182333333,1.178333333,1.180666667,1.182666667,1.188666667,1.185666667,1.189333333,1.195666667,1.202,1.207333333,1.211,1.216333333,1.228,1.235666667,1.245,1.257333333,1.264666667,1.278333333
