experiment,Line-Treatment,DT inflection,StDev_inf,DT interval,StDev_int,Lab strain,Strain,Treatment,Strain*Treatment,Time_0,Time_0.5,Time_1,Time_1.5,Time_2,Time_2.5,Time_3,Time_3.5,Time_4,Time_4.5,Time_5,Time_5.5,Time_6,Time_6.5,Time_7,Time_7.5,Time_8,Time_8.5,Time_9,Time_9.5,Time_10,Time_10.5,Time_11,Time_11.5,Time_12,Time_12.5,Time_13,Time_13.5,Time_14,Time_14.5,Time_15,Time_15.5,Time_16,Time_16.5,Time_17,Time_17.5,Time_18,Time_18.5,Time_19,Time_19.5,Time_20
SGRP_mTORinhibitsSCREEN_SET3_LOWRAPA_JEMBL_12012017_F,yML 673-2.5 ng/ml RAPA,79.86966092,0.625608945,83.26677114,10.45412023,yML 673,Y7,2.5 ng/mL RAPA,Y7*2.5 ng/mL RAPA,0,0.016666667,0.017,0.017,0.029666667,0.078,0.252666667,0.32,0.402,0.521666667,0.632333333,0.758666667,0.898666667,1.026333333,1.147,1.237666667,1.27,1.295333333,1.32,1.349333333,1.385333333,1.417333333,1.448,1.473,1.497,1.518333333,1.542333333,1.559333333,1.578666667,1.595333333,1.613333333,1.626,1.641666667,1.653,1.665,1.679,1.690333333,1.702333333,1.713333333,1.723,1.728666667
