experiment,Line-Treatment,DT inflection,StDev_inf,DT interval,StDev_int,Lab strain,Strain,Treatment,Strain*Treatment,Time_0,Time_0.5,Time_1,Time_1.5,Time_2,Time_2.5,Time_3,Time_3.5,Time_4,Time_4.5,Time_5,Time_5.5,Time_6,Time_6.5,Time_7,Time_7.5,Time_8,Time_8.5,Time_9,Time_9.5,Time_10,Time_10.5,Time_11,Time_11.5,Time_12,Time_12.5,Time_13,Time_13.5,Time_14,Time_14.5,Time_15,Time_15.5,Time_16,Time_16.5,Time_17,Time_17.5,Time_18,Time_18.5,Time_19,Time_19.5,Time_20
SET2_caffeine_KGPU_080517.xls,NCYC 3466-1000 ug/ml Caffeine,99.11441589,2.040116839,109.0501046,2.499671047,NCYC 3466,S288c ,1 mg/mL Caffeine,S288c *1 mg/mL Caffeine,0,0.045,0.044333333,0.050666667,0.056333333,0.066333333,0.076,0.089666667,0.105666667,0.125,0.154333333,0.185333333,0.224333333,0.270666667,0.326,0.388,0.460333333,0.539333333,0.627,0.719333333,0.811333333,0.894666667,0.968666667,1.039333333,1.106666667,1.151666667,1.173,1.187333333,1.205,1.222333333,1.242666667,1.263333333,1.286,1.311666667,1.335666667,1.362333333,1.389666667,1.414666667,1.440333333,1.467,1.491333333
SGRP_mTORinhibits_SET2_Caffeine_JE_092817.xls,NCYC 3466-1000 ug/ml Caffeine,100.9636712,2.571246965,107.5534789,1.979193713,NCYC 3466,S288c ,1 mg/mL Caffeine,S288c *1 mg/mL Caffeine,0,0.052666667,0.053,0.055666667,0.058333333,0.063666667,0.071666667,0.090333333,0.107333333,0.129666667,0.157666667,0.191333333,0.231,0.283333333,0.343,0.410666667,0.491333333,0.579666667,0.674333333,0.773666667,0.875666667,0.975333333,1.071333333,1.140333333,1.173666667,1.187666667,1.200333333,1.214333333,1.227,1.245333333,1.262666667,1.284,1.306,1.329333333,1.352333333,1.376333333,1.398,1.419666667,1.443,1.462,1.484
SGRP_mTORinhibitsSCREEN_SET2_Caffeine_JE_092717.xls,NCYC 3466-1000 ug/ml Caffeine,112.3431447,3.566264714,118.6299832,1.42956246,NCYC 3466,S288c ,1 mg/mL Caffeine,S288c *1 mg/mL Caffeine,0,0.057666667,0.059333333,0.064,0.069333333,0.081333333,0.090333333,0.107,0.126333333,0.150666667,0.179333333,0.212,0.255,0.303666667,0.363333333,0.428666667,0.502333333,0.589333333,0.677,0.774333333,0.872666667,0.973,1.067666667,1.143666667,1.164333333,1.175333333,1.186666667,1.200333333,1.210333333,1.226,1.245666667,1.265666667,1.285666667,1.308,1.33,1.352333333,1.375666667,1.397666667,1.420666667,1.442333333,1.465333333
