experiment,Line-Treatment,DT inflection,StDev_inf,DT interval,StDev_int,Lab strain,Strain,Treatment,Strain*Treatment,Time_0,Time_0.5,Time_1,Time_1.5,Time_2,Time_2.5,Time_3,Time_3.5,Time_4,Time_4.5,Time_5,Time_5.5,Time_6,Time_6.5,Time_7,Time_7.5,Time_8,Time_8.5,Time_9,Time_9.5,Time_10,Time_10.5,Time_11,Time_11.5,Time_12,Time_12.5,Time_13,Time_13.5,Time_14,Time_14.5,Time_15,Time_15.5,Time_16,Time_16.5,Time_17,Time_17.5,Time_18,Time_18.5,Time_19,Time_19.5,Time_20
SGRP_mTORinhibitsSCREEN_SET2_GDC_AR_062617.xls,NCYC 3458-100uM GDC0941,64.75357589,0.600786806,68.5317574,1.489590776,NCYC 3458,YJM978,100 uM GDC0941,YJM978*100 uM GDC0941,0,0.011333333,0.019666667,0.028333333,0.04,0.049,0.060666667,0.076333333,0.104,0.136,0.187,0.254666667,0.343333333,0.442666667,0.569666667,0.711,0.862,1.017666667,1.12,1.136333333,1.161666667,1.186,1.210666667,1.251,1.272,1.306666667,1.348666667,1.372333333,1.395666667,1.426666667,1.448333333,1.470666667,1.490666667,1.507333333,1.526,1.541,1.556666667,1.577333333,1.595,1.603333333,1.608666667
