experiment,Line-Treatment,DT inflection,StDev_inf,DT interval,StDev_int,Lab strain,Strain,Treatment,Strain*Treatment,Time_0,Time_0.5,Time_1,Time_1.5,Time_2,Time_2.5,Time_3,Time_3.5,Time_4,Time_4.5,Time_5,Time_5.5,Time_6,Time_6.5,Time_7,Time_7.5,Time_8,Time_8.5,Time_9,Time_9.5,Time_10,Time_10.5,Time_11,Time_11.5,Time_12,Time_12.5,Time_13,Time_13.5,Time_14,Time_14.5,Time_15,Time_15.5,Time_16,Time_16.5,Time_17,Time_17.5,Time_18,Time_18.5,Time_19,Time_19.5,Time_20
SGRP_mTORinhibitsSCREEN_Set2_highRAPA_KGPU_11202017_F.xls,yML566-20 ng/ml RAPA,160.6670501,5.530377316,186.4759875,0.589530185,yML 566,FM479,20 ng/mL RAPA,FM479*20 ng/mL RAPA,0,0.040666667,0.048666667,0.061333333,0.072,0.082,0.089,0.096333333,0.101666667,0.108333333,0.116,0.125,0.136,0.148666667,0.162,0.182333333,0.204,0.224,0.25,0.279,0.316333333,0.357333333,0.402333333,0.454333333,0.510666667,0.571666667,0.638666667,0.712333333,0.789333333,0.866,0.948333333,1.028666667,1.106666667,1.185333333,1.262,1.333333333,1.393,1.414,1.427,1.447,1.469666667
