experiment,Line-Treatment,DT inflection,StDev_inf,DT interval,StDev_int,Lab strain,Strain,Treatment,Strain*Treatment,Time_0,Time_0.5,Time_1,Time_1.5,Time_2,Time_2.5,Time_3,Time_3.5,Time_4,Time_4.5,Time_5,Time_5.5,Time_6,Time_6.5,Time_7,Time_7.5,Time_8,Time_8.5,Time_9,Time_9.5,Time_10,Time_10.5,Time_11,Time_11.5,Time_12,Time_12.5,Time_13,Time_13.5,Time_14,Time_14.5,Time_15,Time_15.5,Time_16,Time_16.5,Time_17,Time_17.5,Time_18,Time_18.5,Time_19,Time_19.5,Time_20
SGRP_mTORinhibitsSCREEN_SET1_CAFFEINE AND lowTORIN_MGK_12022017_,NCYC 3284-6.67% H2O,70.6041652,1.816148663,77.0304339,2.849523413,NCYC 3284,YPS128,6.67% H2O,YPS128*6.67% H2O,0,0.077,0.101,0.130333333,0.166333333,0.217,0.282333333,0.376,0.496,0.629,0.775666667,0.908,1.031666667,1.128666667,1.144,1.162,1.186,1.212333333,1.237666667,1.266666667,1.292,1.319666667,1.348333333,1.378333333,1.408,1.436666667,1.460666667,1.482666667,1.505,1.522333333,1.543,1.560666667,1.575333333,1.592333333,1.605,1.618666667,1.630666667,1.644666667,1.65,1.660333333,1.671666667
