experiment,Line-Treatment,DT inflection,StDev_inf,DT interval,StDev_int,Lab strain,Strain,Treatment,Strain*Treatment,Time_0,Time_0.5,Time_1,Time_1.5,Time_2,Time_2.5,Time_3,Time_3.5,Time_4,Time_4.5,Time_5,Time_5.5,Time_6,Time_6.5,Time_7,Time_7.5,Time_8,Time_8.5,Time_9,Time_9.5,Time_10,Time_10.5,Time_11,Time_11.5,Time_12,Time_12.5,Time_13,Time_13.5,Time_14,Time_14.5,Time_15,Time_15.5,Time_16,Time_16.5,Time_17,Time_17.5,Time_18,Time_18.5,Time_19,Time_19.5,Time_20
SGRP_mTORinhibits_SET3_highTORIN_MGK_101617_F.xls,YML666-25 uM Torin 1,98.91622622,11.42537327,142.8433605,11.8694789,yML 666,UFRJ50816,25 uM Torin 1,UFRJ50816*25 uM Torin 1,0,0.021666667,0.025666667,0.027333333,0.026333333,0.033333333,0.031333333,0.033333333,0.033666667,0.036,0.043333333,0.049,0.048333333,0.053666667,0.061333333,0.073,0.076666667,0.087333333,0.097333333,0.108666667,0.122666667,0.143,0.158666667,0.179666667,0.204666667,0.245333333,0.287666667,0.34,0.393,0.470333333,0.553666667,0.636666667,0.732,0.808,0.887,0.971,1.050666667,1.119666667,1.18,1.217333333,1.241666667
SGRP_mTORinhibitsSCREEN_SET3highTORIN_MGK_101617_D.xls,YML666-25 uM Torin 1,106.2810619,3.833510014,135.9347367,13.7935304,yML 666,UFRJ50816,25 uM Torin 1,UFRJ50816*25 uM Torin 1,0,0.027666667,0.029666667,0.042,0.040666667,0.04,0.042333333,0.042666667,0.044,0.053666667,0.057333333,0.06,0.067666667,0.072333333,0.079,0.082,0.091333333,0.101,0.11,0.122333333,0.139,0.158333333,0.184333333,0.210333333,0.243666667,0.285,0.333666667,0.397666667,0.472333333,0.569,0.667,0.772,0.878333333,0.968,1.049333333,1.100666667,1.15,1.171333333,1.195666667,1.23,1.264666667
