experiment,Line-Treatment,DT inflection,StDev_inf,DT interval,StDev_int,Lab strain,Strain,Treatment,Strain*Treatment,Time_0,Time_0.5,Time_1,Time_1.5,Time_2,Time_2.5,Time_3,Time_3.5,Time_4,Time_4.5,Time_5,Time_5.5,Time_6,Time_6.5,Time_7,Time_7.5,Time_8,Time_8.5,Time_9,Time_9.5,Time_10,Time_10.5,Time_11,Time_11.5,Time_12,Time_12.5,Time_13,Time_13.5,Time_14,Time_14.5,Time_15,Time_15.5,Time_16,Time_16.5,Time_17,Time_17.5,Time_18,Time_18.5,Time_19,Time_19.5,Time_20
SGRP_mTORinhibitsSCREEN_SET 1 2 3 4 High-Low Rapa High-Low Torin,yML665-25 uM Torin 1,25.41885607,1.490550841,27.53741279,,yML 665,N-45,25 uM Torin 1,N-45*25 uM Torin 1,0,0.062666667,0.065333333,0.065333333,0.065666667,0.073333333,0.068,0.072,0.058333333,0.103666667,0.078666667,0.099333333,0.109666667,0.222,0.486666667,0.540666667,0.752666667,0.932333333,1.042333333,1.138,1.196333333,1.246,1.256,1.274,1.298333333,1.336666667,1.366333333,1.406,1.438,1.458333333,1.484333333,1.509,1.53,1.555333333,1.573333333,1.596333333,1.610666667,1.628333333,1.646,1.654333333,1.673
