experiment,Line-Treatment,DT inflection,StDev_inf,DT interval,StDev_int,Lab strain,Strain,Treatment,Strain*Treatment,Time_0,Time_0.5,Time_1,Time_1.5,Time_2,Time_2.5,Time_3,Time_3.5,Time_4,Time_4.5,Time_5,Time_5.5,Time_6,Time_6.5,Time_7,Time_7.5,Time_8,Time_8.5,Time_9,Time_9.5,Time_10,Time_10.5,Time_11,Time_11.5,Time_12,Time_12.5,Time_13,Time_13.5,Time_14,Time_14.5,Time_15,Time_15.5,Time_16,Time_16.5,Time_17,Time_17.5,Time_18,Time_18.5,Time_19,Time_19.5,Time_20
original data.xls SET 4 HIGH RAPA,YML689-20 ng/ml RAPA,122.9991721,7.530638863,222.6181057,21.33367918,yML 689,Q69.8,20 ng/mL RAPA,Q69.8*20 ng/mL RAPA,0,0.047666667,0.035,0.051666667,0.016,0.051666667,0.084,0.096333333,0.151333333,0.169,0.196666667,0.224666667,0.243333333,0.284666667,0.319666667,0.349,0.388,0.440666667,0.504,0.546666667,0.618333333,0.663,0.735,0.801666667,0.850666667,0.915333333,0.98,1.024,1.096,1.13,1.178,1.226,1.267,1.309,1.353333333,1.388,1.425666667,1.454333333,1.483666667,1.515333333,1.540333333
