experiment,Line-Treatment,DT inflection,StDev_inf,DT interval,StDev_int,Lab strain,Strain,Treatment,Strain*Treatment,Time_0,Time_0.5,Time_1,Time_1.5,Time_2,Time_2.5,Time_3,Time_3.5,Time_4,Time_4.5,Time_5,Time_5.5,Time_6,Time_6.5,Time_7,Time_7.5,Time_8,Time_8.5,Time_9,Time_9.5,Time_10,Time_10.5,Time_11,Time_11.5,Time_12,Time_12.5,Time_13,Time_13.5,Time_14,Time_14.5,Time_15,Time_15.5,Time_16,Time_16.5,Time_17,Time_17.5,Time_18,Time_18.5,Time_19,Time_19.5,Time_20
SGRP_mTORinhibits_SET1_CAFF_REDO_NBMBL_08032017.xls,NCYC 3319-Drug,79.77874337,1.723353495,81.78487996,1.75035114,NCYC 3319,L-1528,1 mg/mL Caffeine,L-1528*1 mg/mL Caffeine,0,0.051333333,0.055,0.062333333,0.072333333,0.089333333,0.114666667,0.148,0.189333333,0.245,0.315333333,0.404666667,0.512666667,0.645666667,0.782333333,0.913666667,1.048333333,1.144333333,1.173666667,1.195,1.220333333,1.247666667,1.273333333,1.301666667,1.327333333,1.360333333,1.393,1.422333333,1.449,1.489666667,1.496,1.516,1.535333333,1.553666667,1.571333333,1.588333333,1.606666667,1.622,1.635666667,1.65,1.663
