experiment,Line-Treatment,DT inflection,StDev_inf,DT interval,StDev_int,Lab strain,Strain,Treatment,Strain*Treatment,Time_0,Time_0.5,Time_1,Time_1.5,Time_2,Time_2.5,Time_3,Time_3.5,Time_4,Time_4.5,Time_5,Time_5.5,Time_6,Time_6.5,Time_7,Time_7.5,Time_8,Time_8.5,Time_9,Time_9.5,Time_10,Time_10.5,Time_11,Time_11.5,Time_12,Time_12.5,Time_13,Time_13.5,Time_14,Time_14.5,Time_15,Time_15.5,Time_16,Time_16.5,Time_17,Time_17.5,Time_18,Time_18.5,Time_19,Time_19.5,Time_20
SET3_Low Rapa_REDO_MGK_081117.xls,YML671-2.5 ng/ml RAPA,68.21868857,1.711150049,70.16435053,4.776528737,yML 671,YPS138,2.5 ng/mL RAPA,YPS138*2.5 ng/mL RAPA,0,0.050333333,0.058666667,0.067666667,0.085666667,0.113666667,0.150333333,0.199666667,0.270666667,0.367,0.477,0.609333333,0.739666667,0.882666667,1.037666667,1.150333333,1.263666667,1.311666667,1.338666667,1.365333333,1.394666667,1.422333333,1.451333333,1.474,1.503,1.528,1.555333333,1.577333333,1.595666667,1.614666667,1.629333333,1.646,1.658333333,1.674333333,1.685,1.695666667,1.705,1.713333333,1.722,1.729,1.735333333
