experiment,Line-Treatment,DT inflection,StDev_inf,DT interval,StDev_int,Lab strain,Strain,Treatment,Strain*Treatment,Time_0,Time_0.5,Time_1,Time_1.5,Time_2,Time_2.5,Time_3,Time_3.5,Time_4,Time_4.5,Time_5,Time_5.5,Time_6,Time_6.5,Time_7,Time_7.5,Time_8,Time_8.5,Time_9,Time_9.5,Time_10,Time_10.5,Time_11,Time_11.5,Time_12,Time_12.5,Time_13,Time_13.5,Time_14,Time_14.5,Time_15,Time_15.5,Time_16,Time_16.5,Time_17,Time_17.5,Time_18,Time_18.5,Time_19,Time_19.5,Time_20
SGRP_mTORinhibitsSCREEN_SET 1 2 3 4 High-Low Rapa High-Low Torin,NCYC 3265-1% DMSO,108.53344,2.548785058,332.7100623,26.80475087,NCYC 3265,SK1,1% DMSO,SK1*1% DMSO,0,0.013666667,0.015333333,0.018333333,0.022,0.027333333,0.036666667,0.045666667,0.056666667,0.071,0.090333333,0.112,0.136,0.166666667,0.193666667,0.224666667,0.256,0.282,0.305333333,0.323,0.34,0.359333333,0.377333333,0.399333333,0.422,0.444666667,0.467666667,0.495333333,0.517333333,0.542,0.569666667,0.595333333,0.620333333,0.646333333,0.673666667,0.702333333,0.726,0.748,0.769333333,0.791,0.807666667
SGRP_mTORinhibitsSCREEN_SET 1 2 3 4 High-Low Rapa High-Low Torin,NCYC 3265-1% DMSO,173.3050557,64.51892464,364.5401132,31.49919412,NCYC 3265,SK1,1% DMSO,SK1*1% DMSO,0,0.010333333,0.011333333,0.013,0.014666667,0.017666667,0.023666667,0.029333333,0.036333333,0.046,0.058,0.071333333,0.088333333,0.106333333,0.123666667,0.145333333,0.162666667,0.178,0.191666667,0.202,0.211666667,0.226333333,0.240666667,0.259,0.276666667,0.294,0.315,0.336333333,0.354333333,0.374666667,0.396,0.414333333,0.437666667,0.461,0.480333333,0.503333333,0.524,0.541333333,0.558666667,0.574,0.588666667
SGRP_mTORinhibitsSCREEN_SET 1 2 3 4 High-Low Rapa High-Low Torin,NCYC 3265-1% DMSO,145.5162449,23.15432619,3366.446214,63.16396233,NCYC 3265,SK1,1% DMSO,SK1*1% DMSO,0,0.006333333,0.006666667,0.007,0.007666667,0.009333333,0.010666667,0.012666667,0.016,0.019666667,0.025333333,0.031,0.038333333,0.046666667,0.056333333,0.069,0.083,0.100333333,0.119333333,0.139,0.158333333,0.175666667,0.188,0.196,0.199,0.198333333,0.198333333,0.199333333,0.198666667,0.198666667,0.199333333,0.197666667,0.199,0.200333333,0.199666667,0.200333333,0.200333333,0.201333333,0.200666667,0.201,0.200666667
