experiment,Line-Treatment,DT inflection,StDev_inf,DT interval,StDev_int,Lab strain,Strain,Treatment,Strain*Treatment,Time_0,Time_0.5,Time_1,Time_1.5,Time_2,Time_2.5,Time_3,Time_3.5,Time_4,Time_4.5,Time_5,Time_5.5,Time_6,Time_6.5,Time_7,Time_7.5,Time_8,Time_8.5,Time_9,Time_9.5,Time_10,Time_10.5,Time_11,Time_11.5,Time_12,Time_12.5,Time_13,Time_13.5,Time_14,Time_14.5,Time_15,Time_15.5,Time_16,Time_16.5,Time_17,Time_17.5,Time_18,Time_18.5,Time_19,Time_19.5,Time_20
SGRP_mTORinhibitsSCREEN_SET2_lowRAPA_KGPUMBL_100117.xls,yML560-2.5 ng/ml RAPA,90.50257882,12.57090609,103.2281584,11.6559591,yML 560,UC5,2.5 ng/mL RAPA,UC5*2.5 ng/mL RAPA,0,0.028,0.031333333,0.037333333,0.047,0.056666667,0.074,0.087666667,0.106666667,0.136,0.167333333,0.205,0.256333333,0.314,0.384,0.462333333,0.549666667,0.641666667,0.735666667,0.827666667,0.919333333,0.993666667,1.036333333,1.083666667,1.130666667,1.188666667,1.24,1.291,1.317333333,1.346333333,1.373,1.402333333,1.429666667,1.456333333,1.479666667,1.501333333,1.524666667,1.545,1.564666667,1.584333333,1.595666667
