experiment,Line-Treatment,DT inflection,StDev_inf,DT interval,StDev_int,Lab strain,Strain,Treatment,Strain*Treatment,Time_0,Time_0.5,Time_1,Time_1.5,Time_2,Time_2.5,Time_3,Time_3.5,Time_4,Time_4.5,Time_5,Time_5.5,Time_6,Time_6.5,Time_7,Time_7.5,Time_8,Time_8.5,Time_9,Time_9.5,Time_10,Time_10.5,Time_11,Time_11.5,Time_12,Time_12.5,Time_13,Time_13.5,Time_14,Time_14.5,Time_15,Time_15.5,Time_16,Time_16.5,Time_17,Time_17.5,Time_18,Time_18.5,Time_19,Time_19.5,Time_20
SET2AZDredo+highTORINMBL_07302017.xls,WT-100 uM AZD8055,80.65308566,1.359997347,86.00866076,1.530364992,BY4743,BY4743,100 uM AZD8055,BY4743*100 uM AZD8055,0,0.044666667,0.048333333,0.054,0.060333333,0.074666667,0.095333333,0.116666667,0.151333333,0.194,0.246333333,0.316,0.397,0.495333333,0.603333333,0.72,0.831333333,0.937333333,1.022666667,1.072333333,1.086,1.087333333,1.096333333,1.104,1.113666667,1.122333333,1.136,1.142666667,1.154,1.163666667,1.179333333,1.186666667,1.194666667,1.21,1.217666667,1.228333333,1.240666667,1.254,1.259666667,1.270666667,1.281333333
