experiment,Line-Treatment,DT inflection,StDev_inf,DT interval,StDev_int,Lab strain,Strain,Treatment,Strain*Treatment,Time_0,Time_0.5,Time_1,Time_1.5,Time_2,Time_2.5,Time_3,Time_3.5,Time_4,Time_4.5,Time_5,Time_5.5,Time_6,Time_6.5,Time_7,Time_7.5,Time_8,Time_8.5,Time_9,Time_9.5,Time_10,Time_10.5,Time_11,Time_11.5,Time_12,Time_12.5,Time_13,Time_13.5,Time_14,Time_14.5,Time_15,Time_15.5,Time_16,Time_16.5,Time_17,Time_17.5,Time_18,Time_18.5,Time_19,Time_19.5,Time_20
RB_RUN1_F_SGRPmTORscreen_KGA_11082018.xls,yML697-1 uM Torin 1,69.40454807,12.41322171,94.72469155,6.084005318,yML 697,UFRJ50791,1 uM Torin 1,UFRJ50791*1 uM Torin 1,0,0.023,0.025666667,0.027333333,0.053333333,0.057,0.078,0.099,0.132333333,0.180666667,0.209666667,0.267,0.336,0.412666667,0.493666667,0.581666667,0.676666667,0.772333333,0.869333333,0.944,0.992333333,1.039333333,1.087333333,1.137,1.186,1.223,1.247,1.269333333,1.291333333,1.314,1.337,1.355,1.377333333,1.397666667,1.417666667,1.438333333,1.451,1.462333333,1.477666667,1.490666667,1.503333333
