experiment,Line-Treatment,DT inflection,StDev_inf,DT interval,StDev_int,Lab strain,Strain,Treatment,Strain*Treatment,Time_0,Time_0.5,Time_1,Time_1.5,Time_2,Time_2.5,Time_3,Time_3.5,Time_4,Time_4.5,Time_5,Time_5.5,Time_6,Time_6.5,Time_7,Time_7.5,Time_8,Time_8.5,Time_9,Time_9.5,Time_10,Time_10.5,Time_11,Time_11.5,Time_12,Time_12.5,Time_13,Time_13.5,Time_14,Time_14.5,Time_15,Time_15.5,Time_16,Time_16.5,Time_17,Time_17.5,Time_18,Time_18.5,Time_19,Time_19.5,Time_20
SGRP_mTORinhibitsSCREEN_SET2_GDC_MGK_081917(fixed with adding wr,NCYC 3471-100 uM GDC0941,80.13101849,4.231939553,89.45831201,6.952044056,NCYC 3471,YJM981 ,100 uM GDC0941,YJM981 *100 uM GDC0941,0,0.053,0.062666667,0.086333333,0.096666667,0.117666667,0.147333333,0.178666667,0.231333333,0.294,0.373666667,0.470666667,0.573666667,0.707333333,0.852,0.985333333,1.084,1.146666667,1.165666667,1.188,1.211,1.232333333,1.259666667,1.289333333,1.316666667,1.347,1.378333333,1.406666667,1.429,1.444666667,1.465,1.483333333,1.503,1.523,1.541,1.559333333,1.573,1.594,1.606333333,1.618666667,1.632666667
