experiment,Line-Treatment,DT inflection,StDev_inf,DT interval,StDev_int,Lab strain,Strain,Treatment,Strain*Treatment,Time_0,Time_0.5,Time_1,Time_1.5,Time_2,Time_2.5,Time_3,Time_3.5,Time_4,Time_4.5,Time_5,Time_5.5,Time_6,Time_6.5,Time_7,Time_7.5,Time_8,Time_8.5,Time_9,Time_9.5,Time_10,Time_10.5,Time_11,Time_11.5,Time_12,Time_12.5,Time_13,Time_13.5,Time_14,Time_14.5,Time_15,Time_15.5,Time_16,Time_16.5,Time_17,Time_17.5,Time_18,Time_18.5,Time_19,Time_19.5,Time_20
SGRP_mTOR_inhibitsSCREEN_SET1_highgdc-0941_AR_053117.xls,NCYC 3452-100uM GDC0941,124.0682421,4.16596411,135.9530453,1.41810428,NCYC 3452,K11,100 uM GDC0941,K11*100 uM GDC0941,0,0.061,0.063,0.066333333,0.071,0.073333333,0.082666667,0.086,0.093,0.098666667,0.110333333,0.124666667,0.143333333,0.165666667,0.193666667,0.228666667,0.265333333,0.308,0.359666667,0.415,0.478,0.545,0.619,0.692,0.767666667,0.843666667,0.906,0.950333333,0.963666667,0.970333333,0.973,0.974333333,0.977333333,0.976666667,0.980333333,0.979333333,0.984666667,0.985666667,0.986666667,0.988,0.990666667
