experiment,Line-Treatment,DT inflection,StDev_inf,DT interval,StDev_int,Lab strain,Strain,Treatment,Strain*Treatment,Time_0,Time_0.5,Time_1,Time_1.5,Time_2,Time_2.5,Time_3,Time_3.5,Time_4,Time_4.5,Time_5,Time_5.5,Time_6,Time_6.5,Time_7,Time_7.5,Time_8,Time_8.5,Time_9,Time_9.5,Time_10,Time_10.5,Time_11,Time_11.5,Time_12,Time_12.5,Time_13,Time_13.5,Time_14,Time_14.5,Time_15,Time_15.5,Time_16,Time_16.5,Time_17,Time_17.5,Time_18,Time_18.5,Time_19,Time_19.5,Time_20
SGRP_mTORinhibitsSCREEN_SET2_CAFFEINE AND lowTORIN_MGK_AR_120320,yML 566-2.5% DMSO,61.08585155,0.71350606,69.49943629,2.408777805,yML 566,FM479,2.5% DMSO,FM479*2.5% DMSO,0,0.044,0.053,0.066666667,0.080333333,0.107666667,0.144,0.197,0.257333333,0.361666667,0.474,0.618666667,0.758,0.901666667,1.050666667,1.189,1.323333333,1.382666667,1.400333333,1.421333333,1.445,1.459666667,1.481,1.496666667,1.513,1.530333333,1.545666667,1.553,1.562333333,1.566333333,1.581666667,1.590333333,1.597,1.61,1.618666667,1.624666667,1.632333333,1.641666667,1.649333333,1.658666667,1.659666667
SGRP_mTORinhibitsSCREEN_SET2_CAFFEINE AND lowTORIN_MGK_AR_120320,yML 566-2.5% DMSO,70.4861087,6.79811033,84.21498288,11.69701913,yML 566,FM479,2.5% DMSO,FM479*2.5% DMSO,0,0.069,0.082666667,0.106333333,0.130666667,0.159333333,0.201666667,0.261,0.325666667,0.436666667,0.549,0.692333333,0.829333333,0.972,1.111,1.245333333,1.355666667,1.406333333,1.424,1.440333333,1.462666667,1.479333333,1.498,1.516,1.534,1.553,1.563666667,1.577333333,1.584,1.588,1.606666667,1.613666667,1.620333333,1.633333333,1.64,1.648,1.655666667,1.667666667,1.673666667,1.683,1.684666667
SGRP_mTORinhibitsSCREEN_SET2_LOWRAPA_highTORIN_MGK_12032017_F,yML 566-2.5% DMSO,61.29217201,2.937353246,66.49027391,3.188352331,yML 566,FM479,2.5% DMSO,FM479*2.5% DMSO,0,0.037,0.043333333,0.051333333,0.062333333,0.079,0.104666667,0.142,0.202,0.274666667,0.373666667,0.497666667,0.642,0.790333333,0.939333333,1.084333333,1.220666667,1.350333333,1.397333333,1.414,1.432,1.453,1.472666667,1.495,1.510666667,1.526666667,1.542,1.553,1.565333333,1.575,1.584333333,1.594666667,1.604,1.613,1.623,1.63,1.639666667,1.646666667,1.652666667,1.662333333,1.669666667
