experiment,Line-Treatment,DT inflection,StDev_inf,DT interval,StDev_int,Lab strain,Strain,Treatment,Strain*Treatment,Time_0,Time_0.5,Time_1,Time_1.5,Time_2,Time_2.5,Time_3,Time_3.5,Time_4,Time_4.5,Time_5,Time_5.5,Time_6,Time_6.5,Time_7,Time_7.5,Time_8,Time_8.5,Time_9,Time_9.5,Time_10,Time_10.5,Time_11,Time_11.5,Time_12,Time_12.5,Time_13,Time_13.5,Time_14,Time_14.5,Time_15,Time_15.5,Time_16,Time_16.5,Time_17,Time_17.5,Time_18,Time_18.5,Time_19,Time_19.5,Time_20
SGRP_mTORinhibitsSCREEN_SET4_lowRAPA_MGK_10242017_D.xls,YML697-2.5 ng/ml RAPA,79.73984143,2.646568656,91.88877418,5.59697551,yML 697,UFRJ50791,2.5 ng/mL RAPA,UFRJ50791*2.5 ng/mL RAPA,0,0.059666667,0.062333333,0.063333333,0.065666667,0.082333333,0.117333333,0.143,0.182666667,0.228666667,0.294333333,0.362,0.453666667,0.543666667,0.665,0.786333333,0.903333333,1.027666667,1.157666667,1.251333333,1.284666667,1.307,1.335666667,1.367666667,1.406666667,1.433333333,1.464,1.495333333,1.519666667,1.540666667,1.565333333,1.574333333,1.599,1.611666667,,,,,,,
SGRP_mTORinhibitsSCREEN_SET4_lowrapa_JEMBL_10262017_F.xls,YML697-2.5 ng/ml RAPA,75.82027595,3.085298184,88.82545195,0.906094278,yML 697,UFRJ50791,2.5 ng/mL RAPA,UFRJ50791*2.5 ng/mL RAPA,0,0.041333333,0.047,0.048666667,0.065666667,0.096,0.124,0.161,0.199,0.254333333,0.33,0.399,0.476333333,0.581,0.698666667,0.825666667,0.959333333,1.091,1.204,1.277666667,1.306,1.329,1.357666667,1.389,1.420666667,1.448333333,1.48,1.504666667,1.530333333,1.559666667,1.575666667,1.594666667,1.611333333,,,,,,,,
