experiment,Line-Treatment,DT inflection,StDev_inf,DT interval,StDev_int,Lab strain,Strain,Treatment,Strain*Treatment,Time_0,Time_0.5,Time_1,Time_1.5,Time_2,Time_2.5,Time_3,Time_3.5,Time_4,Time_4.5,Time_5,Time_5.5,Time_6,Time_6.5,Time_7,Time_7.5,Time_8,Time_8.5,Time_9,Time_9.5,Time_10,Time_10.5,Time_11,Time_11.5,Time_12,Time_12.5,Time_13,Time_13.5,Time_14,Time_14.5,Time_15,Time_15.5,Time_16,Time_16.5,Time_17,Time_17.5,Time_18,Time_18.5,Time_19,Time_19.5,Time_20
SGRP_mTOR_inhibitsSCREEN_SET1_lowRAPA_redo2_KG_092317.xls,NCYC 3451-2.5 ng/ml RAPA,66.4227737,17.78132832,74.71112785,9.106379499,NCYC 3451,NCYC361,2.5 ng/mL RAPA,NCYC361*2.5 ng/mL RAPA,0,0.050666667,0.054666667,0.063333333,0.081,0.097333333,0.132,0.194,0.252333333,0.327666667,0.413,0.509333333,0.618333333,0.732333333,0.845666667,0.957333333,1.068333333,1.166,1.239333333,1.294333333,1.313333333,1.334333333,1.360333333,1.385333333,1.412,1.442,1.468333333,1.497,1.522333333,1.545666667,1.568666667,1.588,1.604666667,1.622,1.638666667,1.656666667,1.669333333,1.684,1.698,1.710666667,1.722666667
SGRP_mTORinhibitsSCREEN_SET1_lowRAPA_round4_KG_092417.xls,NCYC 3451-2.5 ng/ml RAPA,60.71233719,2.954346373,71.75125843,4.030206629,NCYC 3451,NCYC361,2.5 ng/mL RAPA,NCYC361*2.5 ng/mL RAPA,0,0.091666667,0.120666667,0.150666667,0.215333333,0.281,0.384333333,0.500666667,0.635,0.775333333,0.922,1.052,1.149,1.232,1.26,1.276666667,1.303,1.330666667,1.358,1.381333333,1.408333333,1.437666667,1.466333333,1.490666667,1.519,1.540666667,1.562333333,1.581,1.605,1.623,1.637666667,1.656666667,1.671333333,1.688,1.701333333,1.713666667,1.723333333,1.738,1.751,1.759666667,1.770666667
SGRP_mTORinhibsSCREEN_SET1_lowRAPA_JEMBL_08152017.xls,NCYC 3451-2.5 ng/ml RAPA,66.03698111,1.438336145,69.47925242,2.20085066,NCYC 3451,NCYC361,2.5 ng/mL RAPA,NCYC361*2.5 ng/mL RAPA,0,0.061666667,0.071333333,0.093666667,0.121,0.167,0.219333333,0.298666667,0.400666667,0.523333333,0.658333333,0.818333333,0.97,1.101,1.197666667,1.232,1.245,1.269,1.297666667,1.327666667,1.355666667,1.388,1.415,1.439666667,1.471666667,1.496333333,1.522,1.548333333,1.570666667,1.589,1.604,1.621333333,1.643666667,1.656,1.676,1.692666667,1.702,1.720333333,1.730666667,1.744,1.752333333
