experiment,Line-Treatment,DT inflection,StDev_inf,DT interval,StDev_int,Lab strain,Strain,Treatment,Strain*Treatment,Time_0,Time_0.5,Time_1,Time_1.5,Time_2,Time_2.5,Time_3,Time_3.5,Time_4,Time_4.5,Time_5,Time_5.5,Time_6,Time_6.5,Time_7,Time_7.5,Time_8,Time_8.5,Time_9,Time_9.5,Time_10,Time_10.5,Time_11,Time_11.5,Time_12,Time_12.5,Time_13,Time_13.5,Time_14,Time_14.5,Time_15,Time_15.5,Time_16,Time_16.5,Time_17,Time_17.5,Time_18,Time_18.5,Time_19,Time_19.5,Time_20
SGRP_mTOR_inhibitsSCREEN_SET3_round3_lowTORIN_KG_091517_F.xls,YML672-1 uM Torin 1,81.51689706,4.079474618,95.51226574,3.148621221,yML 672,S36.7,1 uM Torin 1,S36.7*1 uM Torin 1,0,0.044,0.046,0.045333333,0.050666667,0.061,0.086666667,0.108333333,0.143666667,0.167666667,0.206666667,0.261666667,0.318666667,0.395,0.487666667,0.593333333,0.703333333,0.813333333,0.923333333,1.024333333,1.123,1.21,1.257333333,1.293666667,1.309,1.325,1.341666667,1.362666667,1.385666667,1.41,1.431666667,1.456,1.475666667,1.496,1.513666667,1.532666667,1.55,1.564333333,1.576333333,1.589666667,1.602666667
SGRP_mTORinhibitsSCREEN_SET3_LOWTORIN_MGK_09112017F.xls,YML672-1 uM Torin 1,46.60002885,12.68155687,29.84202601,2.323731032,yML 672,S36.7,1 uM Torin 1,S36.7*1 uM Torin 1,0,0.040333333,0.043333333,0.041333333,0.034666667,0.024333333,0.02,0.055,0.077,0.089333333,0.140666667,0.282,0.395333333,0.534666667,0.647333333,0.773333333,0.890333333,1.008,1.117,1.198,1.205,1.215,1.233666667,1.244333333,1.267333333,1.291333333,1.324,1.358666667,1.386,1.409333333,1.438333333,1.469,1.481,1.504666667,1.526333333,1.546333333,1.566,1.583666667,1.6,1.617666667,1.632333333
SGRP_mTORinhibitsSCREEN_SET3_LOWTORIN_PUMT_062817.xls,YML672-1 uM Torin 1,69.78173097,11.64855128,83.63197664,2.449541614,yML 672,S36.7,1 uM Torin 1,S36.7*1 uM Torin 1,0,0.040666667,0.044,0.044,0.048333333,0.053333333,0.059,0.065333333,0.084666667,0.155666667,0.205,0.277333333,0.339333333,0.421,0.51,0.594666667,0.686,0.777,0.875333333,0.968333333,1.049333333,1.130333333,1.194,1.222333333,1.247666667,1.272666667,1.299333333,1.332666667,1.359,1.386,1.409333333,1.431333333,1.450333333,1.468333333,1.487,1.504333333,1.519,1.535666667,1.550333333,1.564,1.576
