experiment,Line-Treatment,DT inflection,StDev_inf,DT interval,StDev_int,Lab strain,Strain,Treatment,Strain*Treatment,Time_0,Time_0.5,Time_1,Time_1.5,Time_2,Time_2.5,Time_3,Time_3.5,Time_4,Time_4.5,Time_5,Time_5.5,Time_6,Time_6.5,Time_7,Time_7.5,Time_8,Time_8.5,Time_9,Time_9.5,Time_10,Time_10.5,Time_11,Time_11.5,Time_12,Time_12.5,Time_13,Time_13.5,Time_14,Time_14.5,Time_15,Time_15.5,Time_16,Time_16.5,Time_17,Time_17.5,Time_18,Time_18.5,Time_19,Time_19.5,Time_20
SGRP_mTORinhibits_SET2_lowRAPA_KGPUMBL_080417.xls.xls,yML558-2.5 ng/ml RAPA,64.0069547,0.839768754,65.61677688,0.61548502,yML 558,FL100,2.5 ng/mL RAPA,FL100*2.5 ng/mL RAPA,0,0.046333333,0.049333333,0.057333333,0.072,0.092666667,0.125666667,0.169666667,0.234666667,0.315333333,0.419333333,0.540333333,0.673666667,0.813333333,0.943333333,1.048333333,1.133,1.193333333,1.237666667,1.264333333,1.294,1.322333333,1.354,1.386333333,1.417666667,1.448333333,1.476,1.500333333,1.526,1.547666667,1.571,1.59,1.61,1.624,1.638666667,1.656666667,1.668,1.684,1.698666667,1.71,1.722333333
SGRP_mTORinhibitsSCREEN_SET2_lowRAPA_KGPUMBL_100117.xls,yML558-2.5 ng/ml RAPA,57.98623162,1.154377293,59.2234838,1.890789682,yML 558,FL100,2.5 ng/mL RAPA,FL100*2.5 ng/mL RAPA,0,0.038333333,0.044333333,0.053333333,0.07,0.097333333,0.137666667,0.190666667,0.272666667,0.379666667,0.512,0.659333333,0.819666667,0.978,1.117666667,1.227333333,1.265333333,1.290333333,1.316,1.346333333,1.378666667,1.407,1.439666667,1.475,1.499333333,1.524666667,1.55,1.577333333,1.601333333,1.62,1.640666667,1.660333333,1.677,1.693666667,1.708,1.724333333,1.737666667,1.749333333,1.757333333,1.775,1.781
