experiment,Line-Treatment,DT inflection,StDev_inf,DT interval,StDev_int,Lab strain,Strain,Treatment,Strain*Treatment,Time_0,Time_0.5,Time_1,Time_1.5,Time_2,Time_2.5,Time_3,Time_3.5,Time_4,Time_4.5,Time_5,Time_5.5,Time_6,Time_6.5,Time_7,Time_7.5,Time_8,Time_8.5,Time_9,Time_9.5,Time_10,Time_10.5,Time_11,Time_11.5,Time_12,Time_12.5,Time_13,Time_13.5,Time_14,Time_14.5,Time_15,Time_15.5,Time_16,Time_16.5,Time_17,Time_17.5,Time_18,Time_18.5,Time_19,Time_19.5,Time_20
SGRP_mTOR_inhibitsSCREEN_SET1_highgdc-0941_AR_053117.xls,NCYC 3311-100uM GDC0941,89.82755575,3.211903303,109.4761241,6.722763428,NCYC 3311,DBVPG 1788,100 uM GDC0941,DBVPG 1788*100 uM GDC0941,0,0.074666667,0.079333333,0.082666667,0.096333333,0.107666667,0.127666667,0.151,0.170666667,0.198,0.239,0.291666667,0.356666667,0.442333333,0.550666667,0.670333333,0.797,0.934333333,1.067666667,1.168666667,1.216333333,1.237333333,1.256,1.278666667,1.307666667,1.337666667,1.368333333,1.399333333,1.43,1.454,1.482333333,1.505,1.532,1.556,1.579666667,1.600333333,1.623,1.640333333,1.657333333,1.675,1.689333333
