experiment,Line-Treatment,DT inflection,StDev_inf,DT interval,StDev_int,Lab strain,Strain,Treatment,Strain*Treatment,Time_0,Time_0.5,Time_1,Time_1.5,Time_2,Time_2.5,Time_3,Time_3.5,Time_4,Time_4.5,Time_5,Time_5.5,Time_6,Time_6.5,Time_7,Time_7.5,Time_8,Time_8.5,Time_9,Time_9.5,Time_10,Time_10.5,Time_11,Time_11.5,Time_12,Time_12.5,Time_13,Time_13.5,Time_14,Time_14.5,Time_15,Time_15.5,Time_16,Time_16.5,Time_17,Time_17.5,Time_18,Time_18.5,Time_19,Time_19.5,Time_20
SGRP_mTORinhibitsSCREEN_SET1_AZD8055_KGPUARMBL_061817.xls,NCYC 3456-100uM AZD08055,72.48117028,0.938339072,75.87017199,1.55742917,NCYC 3456,378604 X,100 uM AZD8055,378604 X*100 uM AZD8055,0,0.086666667,0.09,0.097333333,0.120333333,0.153,0.201333333,0.263333333,0.350666667,0.466666667,0.600333333,0.746666667,0.902,1.060333333,1.209333333,1.258333333,1.268666667,1.278,1.288666667,1.301333333,1.315,1.330333333,1.348,1.366333333,1.387,1.407666667,1.432333333,1.458666667,1.484,1.510333333,1.533,1.559,1.580666667,1.601,1.621333333,1.641,1.659333333,1.679,1.694,1.706666667,1.723
