experiment,Line-Treatment,DT inflection,StDev_inf,DT interval,StDev_int,Lab strain,Strain,Treatment,Strain*Treatment,Time_0,Time_0.5,Time_1,Time_1.5,Time_2,Time_2.5,Time_3,Time_3.5,Time_4,Time_4.5,Time_5,Time_5.5,Time_6,Time_6.5,Time_7,Time_7.5,Time_8,Time_8.5,Time_9,Time_9.5,Time_10,Time_10.5,Time_11,Time_11.5,Time_12,Time_12.5,Time_13,Time_13.5,Time_14,Time_14.5,Time_15,Time_15.5,Time_16,Time_16.5,Time_17,Time_17.5,Time_18,Time_18.5,Time_19,Time_19.5,Time_20
SGRP_mTORinhibsSCREEN_SET1_lowRAPA_KGPUMBL_05062017.xls,NCYC 3265-2.5ng/ml RAPA,10.17513185,1.370344287,16.45748467,7.09030686,NCYC 3265,SK1,2.5 ng/mL RAPA,SK1*2.5 ng/mL RAPA,0,0.030666667,0.03,0.039666667,-0.026666667,0.040666667,0.036666667,0.042666667,0.036333333,0.058333333,0.096333333,0.065666667,0.025,0.328,0.325666667,0.388666667,0.595333333,0.772666667,0.786666667,0.76,0.964,0.876666667,0.841666667,0.952666667,0.91,0.965,0.912333333,0.979,1.081,1.091333333,1.052,1.176333333,1.274666667,1.245666667,1.213333333,1.230333333,1.230666667,1.293,1.244,1.289666667,1.388
