experiment,Line-Treatment,DT inflection,StDev_inf,DT interval,StDev_int,Lab strain,Strain,Treatment,Strain*Treatment,Time_0,Time_0.5,Time_1,Time_1.5,Time_2,Time_2.5,Time_3,Time_3.5,Time_4,Time_4.5,Time_5,Time_5.5,Time_6,Time_6.5,Time_7,Time_7.5,Time_8,Time_8.5,Time_9,Time_9.5,Time_10,Time_10.5,Time_11,Time_11.5,Time_12,Time_12.5,Time_13,Time_13.5,Time_14,Time_14.5,Time_15,Time_15.5,Time_16,Time_16.5,Time_17,Time_17.5,Time_18,Time_18.5,Time_19,Time_19.5,Time_20
SGRP_mTORinhibitsSCREEN_SET1_AZD8055_KGPUARMBL_061817.xls,NCYC 3264-100uM AZD08055,65.00091872,1.408463989,68.57461754,2.357135967,NCYC 3264,DBVPG 6765,100 uM AZD8055,DBVPG 6765*100 uM AZD8055,0,0.074666667,0.091666667,0.116333333,0.154,0.205,0.276,0.38,0.506666667,0.653666667,0.809333333,0.961,1.105,1.181333333,1.209,1.231,1.253666667,1.282333333,1.310333333,1.336333333,1.363,1.391666667,1.419666667,1.448333333,1.476,1.497333333,1.521,1.540333333,1.559,1.574333333,1.59,1.607333333,1.620666667,1.634333333,1.645666667,1.659666667,1.670666667,1.680666667,1.689666667,1.699,1.706666667
