experiment,Line-Treatment,DT inflection,StDev_inf,DT interval,StDev_int,Lab strain,Strain,Treatment,Strain*Treatment,Time_0,Time_0.5,Time_1,Time_1.5,Time_2,Time_2.5,Time_3,Time_3.5,Time_4,Time_4.5,Time_5,Time_5.5,Time_6,Time_6.5,Time_7,Time_7.5,Time_8,Time_8.5,Time_9,Time_9.5,Time_10,Time_10.5,Time_11,Time_11.5,Time_12,Time_12.5,Time_13,Time_13.5,Time_14,Time_14.5,Time_15,Time_15.5,Time_16,Time_16.5,Time_17,Time_17.5,Time_18,Time_18.5,Time_19,Time_19.5,Time_20
SGRP_mTORinhibsSCREEN_SET1_lowRAPA_KGPUMBL_05062017.xls,NCYC 3445-2.5ng/ml RAPA,62.94232014,1.529343524,64.31212886,1.468063165,NCYC 3445,Y12,2.5 ng/mL RAPA,Y12*2.5 ng/mL RAPA,0,0.037666667,0.034,0.062,0.01,0.106,0.148666667,0.205,0.284,0.381666667,0.511666667,0.645333333,0.719333333,0.945333333,1.098,1.157666667,1.298,1.327,1.346666667,1.367,1.417333333,1.433666667,1.451,1.494,1.528666667,1.568333333,1.585333333,1.603,1.659333333,1.685333333,1.663666667,1.666,1.719666667,1.660666667,1.604666667,1.509,1.602666667,1.626,1.563,1.547666667,1.505333333
