experiment,Line-Treatment,DT inflection,StDev_inf,DT interval,StDev_int,Lab strain,Strain,Treatment,Strain*Treatment,Time_0,Time_0.5,Time_1,Time_1.5,Time_2,Time_2.5,Time_3,Time_3.5,Time_4,Time_4.5,Time_5,Time_5.5,Time_6,Time_6.5,Time_7,Time_7.5,Time_8,Time_8.5,Time_9,Time_9.5,Time_10,Time_10.5,Time_11,Time_11.5,Time_12,Time_12.5,Time_13,Time_13.5,Time_14,Time_14.5,Time_15,Time_15.5,Time_16,Time_16.5,Time_17,Time_17.5,Time_18,Time_18.5,Time_19,Time_19.5,Time_20
SGRP_mTORinhibitsSCREEN_SET2_GDC_MGK_081917(fixed with adding wr,NCYC 3470-100 uM GDC0941,70.90116562,10.33217694,78.84297604,1.35050897,NCYC 3470,YIIc17_E5 ,100 uM GDC0941,YIIc17_E5 *100 uM GDC0941,0,0.049333333,0.068666667,0.083,0.095666667,0.108666667,0.146333333,0.185,0.242333333,0.313333333,0.408666667,0.519,0.641666667,0.775333333,0.918666667,1.061,1.168333333,1.186666667,1.184,1.189666667,1.194,1.195,1.200333333,1.203,1.209666667,1.213333333,1.216666667,1.22,1.223,1.225333333,1.231333333,1.235,1.24,1.244666667,1.248666667,1.251333333,1.255,1.265666667,1.266333333,1.269666667,1.274666667
