experiment,Line-Treatment,DT inflection,StDev_inf,DT interval,StDev_int,Lab strain,Strain,Treatment,Strain*Treatment,Time_0,Time_0.5,Time_1,Time_1.5,Time_2,Time_2.5,Time_3,Time_3.5,Time_4,Time_4.5,Time_5,Time_5.5,Time_6,Time_6.5,Time_7,Time_7.5,Time_8,Time_8.5,Time_9,Time_9.5,Time_10,Time_10.5,Time_11,Time_11.5,Time_12,Time_12.5,Time_13,Time_13.5,Time_14,Time_14.5,Time_15,Time_15.5,Time_16,Time_16.5,Time_17,Time_17.5,Time_18,Time_18.5,Time_19,Time_19.5,Time_20
SGRP_mTORinhibits_SET3_CAFFEINE_MGK_100817_F.xls,YML670-1000 ug/ml Caffeine,50.25132258,31.20237781,57.9004845,45.30013851,yML 670,Q59.1,1 mg/mL Caffeine,Q59.1*1 mg/mL Caffeine,0,0.064333333,0.063666667,0.059333333,0.065666667,0.065,0.069666667,0.070666667,0.085666667,0.137666667,0.308333333,0.386,0.453666667,0.543666667,0.638666667,0.769666667,0.879,0.997,1.099333333,1.152333333,1.159666667,1.170333333,1.174333333,1.18,1.201666667,1.221,1.238333333,1.275333333,1.291,1.325,1.348,1.381666667,1.402,1.438333333,1.459333333,1.482333333,1.504666667,1.521333333,1.542333333,1.568,1.580333333
SGRP_mTORinhibitsSCREEN_SET3_CAFFEINE_MGK_10082017_D.xls,YML670-1000 ug/ml Caffeine,84.27404892,5.133268811,102.6312811,1.8093288,yML 670,Q59.1,1 mg/mL Caffeine,Q59.1*1 mg/mL Caffeine,0,0.062333333,0.065666667,0.071333333,0.076,0.100666667,0.12,0.143,0.179666667,0.222333333,0.277333333,0.334,0.411,0.482666667,0.593,0.694,0.807333333,0.928666667,1.048333333,1.121333333,1.131666667,1.126,1.137,1.148666667,1.161666667,1.183666667,1.204333333,1.237333333,1.257333333,1.290333333,1.322333333,1.351,1.381333333,1.410333333,1.430333333,1.461333333,1.487666667,1.512666667,1.531333333,1.548333333,1.568333333
SGRP_mTORinhibitsSCREEN_SET3_Caffeine_NBMBL_07112017.xls,YML670-1000 ug/ml Caffeine,43.56604207,41.52129445,35.77183822,28.02233341,yML 670,Q59.1,1 mg/mL Caffeine,Q59.1*1 mg/mL Caffeine,0,0.043333333,0.046,0.051,0.046666667,0.047,0.046,0.044666667,0.050666667,0.095333333,0.094666667,0.102666667,0.277333333,0.42,0.505666667,0.600333333,0.701666667,0.805,0.900666667,0.999,1.053,1.096,1.134666667,1.161,1.188666667,1.219666667,1.252333333,1.286,1.319666667,1.356333333,1.383333333,1.412333333,1.437666667,1.462333333,1.482,1.503333333,1.521,1.539,1.553333333,1.572666667,1.586333333
