experiment,Line-Treatment,DT inflection,StDev_inf,DT interval,StDev_int,Lab strain,Strain,Treatment,Strain*Treatment,Time_0,Time_0.5,Time_1,Time_1.5,Time_2,Time_2.5,Time_3,Time_3.5,Time_4,Time_4.5,Time_5,Time_5.5,Time_6,Time_6.5,Time_7,Time_7.5,Time_8,Time_8.5,Time_9,Time_9.5,Time_10,Time_10.5,Time_11,Time_11.5,Time_12,Time_12.5,Time_13,Time_13.5,Time_14,Time_14.5,Time_15,Time_15.5,Time_16,Time_16.5,Time_17,Time_17.5,Time_18,Time_18.5,Time_19,Time_19.5,Time_20
SGRP_mTORinhibitsSCREEN_SET4_Caff_MGK_10252017_D.xls,YML 684-1000 ug/ml Caffeine,87.14754219,14.2753036,121.2480588,3.253891896,yML 684,Q62.5,1 mg/mL Caffeine,Q62.5*1 mg/mL Caffeine,0,0.045,0.048666667,0.050666667,0.057333333,0.07,0.089,0.111,0.134,0.165333333,0.201,0.233666667,0.281,0.344333333,0.403333333,0.496,0.576666667,0.675,0.784333333,0.874,0.975333333,1.069666667,1.142333333,1.162,1.174333333,1.203333333,1.225,1.262666667,1.293666667,1.328666667,1.351,1.386333333,1.411666667,1.436666667,1.454333333,1.477666667,1.499666667,1.52,1.541,1.558,1.579
SGRP_mTORinhibitsSCREEN_SET4_Caffeine_MGK_09202017.xls,YML 684-1000 ug/ml Caffeine,83.60939535,3.013591328,117.8683768,12.63124862,yML 684,Q62.5,1 mg/mL Caffeine,Q62.5*1 mg/mL Caffeine,0,0.036333333,0.035,0.037,0.035666667,0.033333333,0.029,0.042333333,0.070666667,0.085666667,0.097666667,0.123666667,0.149666667,0.182333333,0.218,0.263666667,0.310333333,0.371666667,0.459,0.551333333,0.641333333,0.733333333,0.835666667,0.927333333,1.032,1.08,1.150333333,1.157333333,1.179,1.196,1.215666667,1.250666667,1.289666667,1.320666667,1.343,1.378333333,1.398666667,1.427,1.458666667,1.48,1.509333333
