experiment,Line-Treatment,DT inflection,StDev_inf,DT interval,StDev_int,Lab strain,Strain,Treatment,Strain*Treatment,Time_0,Time_0.5,Time_1,Time_1.5,Time_2,Time_2.5,Time_3,Time_3.5,Time_4,Time_4.5,Time_5,Time_5.5,Time_6,Time_6.5,Time_7,Time_7.5,Time_8,Time_8.5,Time_9,Time_9.5,Time_10,Time_10.5,Time_11,Time_11.5,Time_12,Time_12.5,Time_13,Time_13.5,Time_14,Time_14.5,Time_15,Time_15.5,Time_16,Time_16.5,Time_17,Time_17.5,Time_18,Time_18.5,Time_19,Time_19.5,Time_20
SGRP_mTOR_inhibitsSCREEN_SET2_HighRAPA+LowTorin_Repeat_JEMBL_073,NCYC 3470-20 ng/ml RAPA,162.5467387,2.859330053,201.3231721,1.365849148,NCYC 3470,YIIc17_E5 ,20 ng/mL RAPA,YIIc17_E5 *20 ng/mL RAPA,0,0.036666667,0.045666667,0.058,0.072,0.084,0.099333333,0.113,0.126666667,0.141666667,0.157333333,0.178333333,0.201333333,0.226,0.252,0.282,0.311666667,0.345666667,0.382,0.417666667,0.456666667,0.495666667,0.537333333,0.58,0.622333333,0.662333333,0.705333333,0.744666667,0.783666667,0.821333333,0.862333333,0.905666667,0.948333333,0.991333333,1.028333333,1.062333333,1.084333333,1.098,1.100666667,1.103,1.105
SGRP_mTORinhibitsSCREEN_Set2_highRAPA_KGPU_11202017_F.xls,NCYC 3470-20 ng/ml RAPA,125.6700993,6.734977017,201.2321114,6.691257119,NCYC 3470,YIIc17_E5 ,20 ng/mL RAPA,YIIc17_E5 *20 ng/mL RAPA,0,0.052333333,0.058666667,0.074,0.084666667,0.090666667,0.103,0.119666667,0.132333333,0.151666667,0.171,0.186333333,0.219666667,0.246333333,0.265333333,0.304666667,0.336666667,0.374333333,0.419333333,0.457333333,0.511,0.562333333,0.620333333,0.679333333,0.736,0.796,0.851666667,0.918,0.979333333,1.039,1.098,1.154333333,1.211,1.264,1.312,1.352666667,1.39,1.418666667,1.441333333,1.459666667,1.480666667
