experiment,Line-Treatment,DT inflection,StDev_inf,DT interval,StDev_int,Lab strain,Strain,Treatment,Strain*Treatment,Time_0,Time_0.5,Time_1,Time_1.5,Time_2,Time_2.5,Time_3,Time_3.5,Time_4,Time_4.5,Time_5,Time_5.5,Time_6,Time_6.5,Time_7,Time_7.5,Time_8,Time_8.5,Time_9,Time_9.5,Time_10,Time_10.5,Time_11,Time_11.5,Time_12,Time_12.5,Time_13,Time_13.5,Time_14,Time_14.5,Time_15,Time_15.5,Time_16,Time_16.5,Time_17,Time_17.5,Time_18,Time_18.5,Time_19,Time_19.5,Time_20
SET1GDC_ARMBL_080217.xls,NCYC 3451-100 uM GDC0941,67.26951495,3.317572799,69.35548007,1.836329596,NCYC 3451,NCYC361,100 uM GDC0941,NCYC361*100 uM GDC0941,0,0.007666667,0.008,0.008666667,0.01,0.011666667,0.014666667,0.017666667,0.022666667,0.028,0.036333333,0.046333333,0.059333333,0.076666667,0.104,0.140333333,0.190333333,0.258666667,0.346333333,0.454666667,0.580666667,0.713333333,0.862333333,1.011666667,1.123666667,1.156333333,1.173666667,1.191,1.217666667,1.249333333,1.287666667,1.316333333,1.350666667,1.376666667,1.404666667,1.435333333,1.463666667,1.492,1.519666667,1.539666667,1.560333333
SGRP_mTOR_inhibitsSCREEN_SET1_GDC_redo_JE_092617.xls,NCYC 3451-100 uM GDC0941,70.18390401,1.877422398,74.88632703,4.177351586,NCYC 3451,NCYC361,100 uM GDC0941,NCYC361*100 uM GDC0941,0,0.069,0.077333333,0.088666667,0.108333333,0.132666667,0.170666667,0.225666667,0.296666667,0.399,0.515333333,0.655666667,0.805,0.959666667,1.095,1.197333333,1.241,1.258333333,1.28,1.308666667,1.337333333,1.365,1.396333333,1.426666667,1.451333333,1.479333333,1.507333333,1.529333333,1.553333333,1.574666667,1.597,1.613666667,1.631666667,1.647333333,1.664666667,1.681,1.692333333,1.707,1.718666667,1.73,1.748333333
