experiment,Line-Treatment,DT inflection,StDev_inf,DT interval,StDev_int,Lab strain,Strain,Treatment,Strain*Treatment,Time_0,Time_0.5,Time_1,Time_1.5,Time_2,Time_2.5,Time_3,Time_3.5,Time_4,Time_4.5,Time_5,Time_5.5,Time_6,Time_6.5,Time_7,Time_7.5,Time_8,Time_8.5,Time_9,Time_9.5,Time_10,Time_10.5,Time_11,Time_11.5,Time_12,Time_12.5,Time_13,Time_13.5,Time_14,Time_14.5,Time_15,Time_15.5,Time_16,Time_16.5,Time_17,Time_17.5,Time_18,Time_18.5,Time_19,Time_19.5,Time_20
_lowTORIN_KGPUMBL_052817.xls,NCYC 3290-2.5% DMSO,56.01632749,9.824778976,114.0086213,50.77517198,NCYC 3290,DBVPG 6044,2.5% DMSO,DBVPG 6044*2.5% DMSO,0,0.040666667,0.045333333,0.053333333,0.083333333,0.191,0.238666667,0.270666667,0.390333333,0.491333333,0.62,0.737,0.896333333,1.030333333,1.156333333,1.251333333,1.289,1.303666667,1.329666667,1.345333333,1.372666667,1.401,1.418666667,1.441,1.462,1.481333333,1.498333333,1.517666667,1.529,1.552666667,1.578,1.593333333,1.617,1.635666667,1.655666667,1.671,1.692,1.699333333,1.712666667,1.732333333,1.736666667
SGRP_mTORinhibits_SET1_lowTORINredo_JEMBL_08032017.xls,NCYC 3290-2.5% DMSO,51.85698544,6.068600975,56.64729378,11.69418533,NCYC 3290,DBVPG 6044,2.5% DMSO,DBVPG 6044*2.5% DMSO,0,0.009,0.009,0.009666667,0.010666667,0.022666667,0.050666667,0.088333333,0.145666667,0.201333333,0.299,0.437666667,0.555333333,0.687,0.830333333,0.963,1.098,1.204666667,1.236,1.264333333,1.284,1.312,1.342666667,1.362333333,1.392,1.416333333,1.441,1.467,1.493,1.520333333,1.543,1.563,1.585666667,1.604,1.621333333,1.643,1.658333333,1.673,1.687666667,1.702333333,1.716333333
SGRP_mTORinhibitsSCREEN_SET1_LOW_TORIN_MGK_081617.xls,NCYC 3290-2.5% DMSO,65.60253378,3.045964702,88.7323751,9.233342348,NCYC 3290,DBVPG 6044,2.5% DMSO,DBVPG 6044*2.5% DMSO,0,0.014,0.014666667,0.017,0.021666667,0.031,0.067,0.161666667,0.225666667,0.265666667,0.36,0.473,0.607,0.757333333,0.861333333,0.986,1.118333333,1.211333333,1.243333333,1.272,1.289666667,1.32,1.345,1.371,1.398333333,1.424666667,1.452,1.478,1.510333333,1.530333333,1.549333333,1.573666667,1.592333333,1.616666667,1.631333333,1.650666667,1.669666667,1.682666667,1.694333333,1.709,1.723666667
