experiment,Line-Treatment,DT inflection,StDev_inf,DT interval,StDev_int,Lab strain,Strain,Treatment,Strain*Treatment,Time_0,Time_0.5,Time_1,Time_1.5,Time_2,Time_2.5,Time_3,Time_3.5,Time_4,Time_4.5,Time_5,Time_5.5,Time_6,Time_6.5,Time_7,Time_7.5,Time_8,Time_8.5,Time_9,Time_9.5,Time_10,Time_10.5,Time_11,Time_11.5,Time_12,Time_12.5,Time_13,Time_13.5,Time_14,Time_14.5,Time_15,Time_15.5,Time_16,Time_16.5,Time_17,Time_17.5,Time_18,Time_18.5,Time_19,Time_19.5,Time_20
SGRP_mTORinhibitsSCREEN_SET2_CAFFEINE AND lowTORIN_MGK_AR_120320,NCYC 3471-2.5% DMSO,72.38684893,1.023825919,78.47161926,1.501876791,NCYC 3471,YJM981 ,2.5% DMSO,YJM981 *2.5% DMSO,0,0.048,0.059,0.076,0.096333333,0.127,0.165666667,0.216333333,0.276333333,0.368333333,0.449,0.572,0.714666667,0.867666667,1.016333333,1.111,1.141333333,1.162,1.181333333,1.207333333,1.235333333,1.255333333,1.284333333,1.313,1.343,1.379666667,1.407666667,1.430333333,1.453,1.464333333,1.493666667,1.514,1.529333333,1.553,1.570333333,1.589666667,1.606333333,1.622,1.633666667,1.644,1.65
