experiment,Line-Treatment,DT inflection,StDev_inf,DT interval,StDev_int,Lab strain,Strain,Treatment,Strain*Treatment,Time_0,Time_0.5,Time_1,Time_1.5,Time_2,Time_2.5,Time_3,Time_3.5,Time_4,Time_4.5,Time_5,Time_5.5,Time_6,Time_6.5,Time_7,Time_7.5,Time_8,Time_8.5,Time_9,Time_9.5,Time_10,Time_10.5,Time_11,Time_11.5,Time_12,Time_12.5,Time_13,Time_13.5,Time_14,Time_14.5,Time_15,Time_15.5,Time_16,Time_16.5,Time_17,Time_17.5,Time_18,Time_18.5,Time_19,Time_19.5,Time_20
SGRP_mTORinhibitsSCREEN_SET3_LOWRAPA_JEMBL_12012017_F,yML 677-2.5 ng/ml RAPA,123.7925459,9.251613904,,,yML 677,Q95.3,2.5 ng/mL RAPA,Q95.3*2.5 ng/mL RAPA,0,0.020333333,0.022,0.023333333,0.025,0.029,0.027333333,0.026,0.028,0.032,0.656333333,0.742666667,0.878333333,1.003333333,1.116,1.211666667,1.292333333,1.317,1.347333333,1.369333333,1.401,1.436,1.465,1.489666667,1.513,1.538333333,1.556666667,1.567333333,1.593,1.611,1.628666667,1.638,1.658333333,1.668666667,1.678,1.690666667,1.703333333,1.717,1.726333333,1.743,1.740666667
