experiment,Line-Treatment,DT inflection,StDev_inf,DT interval,StDev_int,Lab strain,Strain,Treatment,Strain*Treatment,Time_0,Time_0.5,Time_1,Time_1.5,Time_2,Time_2.5,Time_3,Time_3.5,Time_4,Time_4.5,Time_5,Time_5.5,Time_6,Time_6.5,Time_7,Time_7.5,Time_8,Time_8.5,Time_9,Time_9.5,Time_10,Time_10.5,Time_11,Time_11.5,Time_12,Time_12.5,Time_13,Time_13.5,Time_14,Time_14.5,Time_15,Time_15.5,Time_16,Time_16.5,Time_17,Time_17.5,Time_18,Time_18.5,Time_19,Time_19.5,Time_20
SGRP_mTORinhibitsSCREEN_SET1_CAFF_MGK_11012017_F.xls,NCYC 3449-1000 ug/ml Caffeine,44.8932485,7.000553799,386.9573578,507.5776667,NCYC 3449,UWOPS87-2421,1 mg/mL Caffeine,UWOPS87-2421*1 mg/mL Caffeine,0,0.036333333,0.055,0.061,0.063333333,0.088666667,0.063333333,0.057333333,0.046333333,0.073333333,0.034333333,0.007666667,0.010666667,0.015,0.000666667,0.012333333,0.029333333,0.077333333,0.216333333,0.258333333,0.291,0.458666667,0.427666667,0.507333333,0.548,0.549333333,0.606666667,0.622666667,0.696,0.75,0.751333333,0.810333333,0.831666667,0.884666667,0.934666667,0.979333333,0.985666667,1.014,1.057666667,1.101333333,1.219
SGRP_mTORinhibitsSCREEN_SET1_CAFFEINE AND lowTORIN_MGK_12022017_,NCYC 3449-1000 ug/ml Caffeine,17.87463012,7.601807954,75.85677032,73.42918057,NCYC 3449,UWOPS87-2421,1 mg/mL Caffeine,UWOPS87-2421*1 mg/mL Caffeine,0,0.101333333,0.116333333,0.077,0.063333333,0.047,0.09,0.037,0.022666667,0.018666667,0.021666667,0.026333333,0.040666667,0.077333333,0.261666667,0.145333333,0.245,0.513666667,0.446,0.471666667,0.530333333,0.552666667,0.619666667,0.589,0.681,0.876666667,0.78,0.853,1.021666667,0.823333333,0.885666667,0.896333333,0.952,0.956666667,1.036333333,1.106666667,1.041666667,1.075666667,1.124,1.135666667,1.125333333
