experiment,Line-Treatment,DT inflection,StDev_inf,DT interval,StDev_int,Lab strain,Strain,Treatment,Strain*Treatment,Time_0,Time_0.5,Time_1,Time_1.5,Time_2,Time_2.5,Time_3,Time_3.5,Time_4,Time_4.5,Time_5,Time_5.5,Time_6,Time_6.5,Time_7,Time_7.5,Time_8,Time_8.5,Time_9,Time_9.5,Time_10,Time_10.5,Time_11,Time_11.5,Time_12,Time_12.5,Time_13,Time_13.5,Time_14,Time_14.5,Time_15,Time_15.5,Time_16,Time_16.5,Time_17,Time_17.5,Time_18,Time_18.5,Time_19,Time_19.5,Time_20
SGRP_mTORinhibits_SET3_GDC_Redo_JEMBL_08102017.xls,YML679-100 uM GDC0941,75.09859141,6.964677073,86.32102749,1.369390071,yML 679,CBS5829,100 uM GDC0941,CBS5829*100 uM GDC0941,0,0.036,0.064666667,0.082666667,0.092333333,0.117,0.144666667,0.176333333,0.233333333,0.292,0.368333333,0.451666667,0.554,0.676666667,0.81,0.927,1.02,1.111,1.137,1.15,1.170333333,1.187333333,1.205,1.24,1.267666667,1.297333333,1.324,1.352666667,1.387666667,1.415333333,1.439666667,1.466333333,1.469,1.51,1.532333333,1.556666667,1.575,1.593,1.613666667,1.63,1.646
SGRP_mTORinhibitsSCREEN_SET3_round2_GDC_KG_09142017_D.xls,YML679-100 uM GDC0941,101.489387,3.926939376,119.3677876,1.353315607,yML 679,CBS5829,100 uM GDC0941,CBS5829*100 uM GDC0941,0,0.062,0.067,0.071333333,0.084,0.104666667,0.116666667,0.141,0.165333333,0.203,0.24,0.281666667,0.334333333,0.402,0.473333333,0.553666667,0.645,0.731666667,0.835333333,0.926666667,1.024,1.111333333,1.172,1.165333333,1.18,1.199,1.208,1.216333333,1.233,1.248333333,1.266,1.285666667,1.304666667,1.327333333,1.349,1.366333333,1.388333333,1.409,1.432333333,1.442666667,1.463666667
