experiment,Line-Treatment,DT inflection,StDev_inf,DT interval,StDev_int,Lab strain,Strain,Treatment,Strain*Treatment,Time_0,Time_0.5,Time_1,Time_1.5,Time_2,Time_2.5,Time_3,Time_3.5,Time_4,Time_4.5,Time_5,Time_5.5,Time_6,Time_6.5,Time_7,Time_7.5,Time_8,Time_8.5,Time_9,Time_9.5,Time_10,Time_10.5,Time_11,Time_11.5,Time_12,Time_12.5,Time_13,Time_13.5,Time_14,Time_14.5,Time_15,Time_15.5,Time_16,Time_16.5,Time_17,Time_17.5,Time_18,Time_18.5,Time_19,Time_19.5,Time_20
SET1GDC_ARMBL_080217.xls,NCYC 3311-100 uM GDC0941,71.12278776,4.613865935,78.19676842,3.237252518,NCYC 3311,DBVPG 1788,100 uM GDC0941,DBVPG 1788*100 uM GDC0941,0,0.006,0.007,0.008,0.010666667,0.012666667,0.016666667,0.020666667,0.024333333,0.029,0.034666667,0.041333333,0.047666667,0.058,0.074333333,0.087,0.111333333,0.144333333,0.189666667,0.253666667,0.327,0.427666667,0.517333333,0.618666667,0.752333333,0.892,1.020666667,1.122333333,1.154,1.170333333,1.196333333,1.22,1.254333333,1.284,1.317,1.35,1.38,1.410666667,1.439666667,1.467,1.492666667
SGRP_mTOR_inhibitsSCREEN_SET1_GDC_redo_JE_092617.xls,NCYC 3311-100 uM GDC0941,74.55869623,7.118946486,93.11283843,4.154025681,NCYC 3311,DBVPG 1788,100 uM GDC0941,DBVPG 1788*100 uM GDC0941,0,0.065666667,0.070666667,0.081333333,0.100666667,0.118333333,0.146333333,0.181333333,0.226666667,0.282333333,0.36,0.462,0.565333333,0.686333333,0.823333333,0.965666667,1.089666667,1.18,1.213,1.232,1.247666667,1.270666667,1.295333333,1.323,1.349666667,1.377666667,1.407333333,1.429666667,1.453333333,1.475666667,1.5,1.522,1.544,1.565333333,1.585666667,1.603666667,1.621,1.637333333,1.651333333,1.663666667,1.677333333
