experiment,Line-Treatment,DT inflection,StDev_inf,DT interval,StDev_int,Lab strain,Strain,Treatment,Strain*Treatment,Time_0,Time_0.5,Time_1,Time_1.5,Time_2,Time_2.5,Time_3,Time_3.5,Time_4,Time_4.5,Time_5,Time_5.5,Time_6,Time_6.5,Time_7,Time_7.5,Time_8,Time_8.5,Time_9,Time_9.5,Time_10,Time_10.5,Time_11,Time_11.5,Time_12,Time_12.5,Time_13,Time_13.5,Time_14,Time_14.5,Time_15,Time_15.5,Time_16,Time_16.5,Time_17,Time_17.5,Time_18,Time_18.5,Time_19,Time_19.5,Time_20
SGRP_mTORinhibitsSCREEN_SET2_GDC_MGK_081917(fixed with adding wr,NCYC 3458-100 uM GDC0941,65.76447533,10.68912777,98.88835356,24.19245553,NCYC 3458,YJM978,100 uM GDC0941,YJM978*100 uM GDC0941,0,0.039333333,0.072333333,0.100666667,0.136333333,0.146333333,0.185666667,0.236333333,0.319666667,0.405,0.508,0.637666667,0.792,0.944666667,1.075666667,1.158,1.182,1.207,1.229333333,1.258,1.290333333,1.316666667,1.349,1.380666667,1.412333333,1.441,1.466666667,1.486666667,1.507666667,1.523333333,1.544,1.561333333,1.578666667,1.595,1.611,1.626,1.633666667,1.652333333,1.662,1.672666667,1.683333333
