experiment,Line-Treatment,DT inflection,StDev_inf,DT interval,StDev_int,Lab strain,Strain,Treatment,Strain*Treatment,Time_0,Time_0.5,Time_1,Time_1.5,Time_2,Time_2.5,Time_3,Time_3.5,Time_4,Time_4.5,Time_5,Time_5.5,Time_6,Time_6.5,Time_7,Time_7.5,Time_8,Time_8.5,Time_9,Time_9.5,Time_10,Time_10.5,Time_11,Time_11.5,Time_12,Time_12.5,Time_13,Time_13.5,Time_14,Time_14.5,Time_15,Time_15.5,Time_16,Time_16.5,Time_17,Time_17.5,Time_18,Time_18.5,Time_19,Time_19.5,Time_20
_lowTORIN_KGPUMBL_052817.xls,NCYC 3319-2.5% DMSO,68.86418431,2.440988273,70.39934732,1.437882114,NCYC 3319,L-1528,2.5% DMSO,L-1528*2.5% DMSO,0,0.079,0.105666667,0.125333333,0.161333333,0.214,0.287333333,0.384333333,0.502,0.633,0.777333333,0.908666667,1.055,1.163666667,1.196666667,1.218333333,1.235666667,1.254333333,1.282666667,1.308,1.339,1.375333333,1.407666667,1.435,1.461333333,1.479333333,1.496666667,1.515666667,1.523666667,1.554,1.577666667,1.595,1.612333333,1.627333333,1.645666667,1.661,1.673333333,1.675,1.685666667,1.701,1.708333333
SGRP_mTORinhibits_SET1_lowTORINredo_JEMBL_08032017.xls,NCYC 3319-2.5% DMSO,65.41644753,0.165471262,66.02737264,0.471938133,NCYC 3319,L-1528,2.5% DMSO,L-1528*2.5% DMSO,0,0.037333333,0.053666667,0.063,0.079,0.104666667,0.142666667,0.195666667,0.268666667,0.366,0.484666667,0.624333333,0.771,0.911,1.051333333,1.145333333,1.168,1.186,1.208,1.236,1.264333333,1.294,1.327333333,1.357666667,1.393333333,1.421333333,1.446,1.469,1.492333333,1.513,1.533,1.551666667,1.568666667,1.586666667,1.604666667,1.621,1.632666667,1.645,1.659666667,1.672333333,1.679333333
SGRP_mTORinhibitsSCREEN_SET1_LOW_TORIN_MGK_081617.xls,NCYC 3319-2.5% DMSO,66.76657071,3.722754794,69.03061287,2.809891721,NCYC 3319,L-1528,2.5% DMSO,L-1528*2.5% DMSO,0,0.043,0.051666667,0.065666667,0.084666667,0.112666667,0.15,0.205333333,0.275666667,0.355,0.461333333,0.565333333,0.693333333,0.808333333,0.900666667,0.988333333,1.049666667,1.108333333,1.175,1.220666667,1.247333333,1.275333333,1.300333333,1.332333333,1.364,1.394,1.421333333,1.444333333,1.475,1.498333333,1.516666667,1.538666667,1.556666667,1.579333333,1.594,1.614333333,1.629333333,1.641666667,1.652,1.663666667,1.677
