experiment,Line-Treatment,DT inflection,StDev_inf,DT interval,StDev_int,Lab strain,Strain,Treatment,Strain*Treatment,Time_0,Time_0.5,Time_1,Time_1.5,Time_2,Time_2.5,Time_3,Time_3.5,Time_4,Time_4.5,Time_5,Time_5.5,Time_6,Time_6.5,Time_7,Time_7.5,Time_8,Time_8.5,Time_9,Time_9.5,Time_10,Time_10.5,Time_11,Time_11.5,Time_12,Time_12.5,Time_13,Time_13.5,Time_14,Time_14.5,Time_15,Time_15.5,Time_16,Time_16.5,Time_17,Time_17.5,Time_18,Time_18.5,Time_19,Time_19.5,Time_20
SET1GDC_ARMBL_080217.xls,NCYC 3290-100 uM GDC0941,57.98690465,10.46819946,68.4537055,14.55815475,NCYC 3290,DBVPG 6044,100 uM GDC0941,DBVPG 6044*100 uM GDC0941,0,0.021666667,0.023333333,0.031333333,0.028666667,0.03,0.032666667,0.057666667,0.104666667,0.133333333,0.195666667,0.272,0.353666667,0.441,0.556333333,0.680333333,0.808,0.94,1.07,1.179333333,1.239666667,1.255333333,1.278333333,1.301,1.326333333,1.354,1.377666667,1.403666667,1.429,1.452333333,1.484333333,1.503666667,1.527333333,1.544666667,1.565,1.582666667,1.601333333,1.62,1.637666667,1.65,1.664
SGRP_mTOR_inhibitsSCREEN_SET1_GDC_redo_JE_092617.xls,NCYC 3290-100 uM GDC0941,68.00189164,5.863388394,76.88515431,3.037725442,NCYC 3290,DBVPG 6044,100 uM GDC0941,DBVPG 6044*100 uM GDC0941,0,0.037666667,0.042666667,0.042666667,0.049,0.062666667,0.099333333,0.149333333,0.18,0.244,0.316333333,0.413666667,0.529333333,0.637,0.770333333,0.900666667,1.029333333,1.139,1.227,1.287,1.308,1.327666667,1.348,1.375,1.395,1.419333333,1.442666667,1.462666667,1.485666667,1.508,1.527666667,1.544333333,1.559666667,1.57,1.580333333,1.587666667,1.595,1.6,1.604666667,1.610333333,1.614
