experiment,Line-Treatment,DT inflection,StDev_inf,DT interval,StDev_int,Lab strain,Strain,Treatment,Strain*Treatment,Time_0,Time_0.5,Time_1,Time_1.5,Time_2,Time_2.5,Time_3,Time_3.5,Time_4,Time_4.5,Time_5,Time_5.5,Time_6,Time_6.5,Time_7,Time_7.5,Time_8,Time_8.5,Time_9,Time_9.5,Time_10,Time_10.5,Time_11,Time_11.5,Time_12,Time_12.5,Time_13,Time_13.5,Time_14,Time_14.5,Time_15,Time_15.5,Time_16,Time_16.5,Time_17,Time_17.5,Time_18,Time_18.5,Time_19,Time_19.5,Time_20
SGRP_mTORinhibitsSCREEN_SET4_lowRAPA_MGK_10242017_D.xls,YML 685-2.5 ng/ml RAPA,72.90125521,10.15866732,84.55992483,14.06634663,yML 685,Q89.8,2.5 ng/mL RAPA,Q89.8*2.5 ng/mL RAPA,0,0.06,0.065666667,0.067,0.076666667,0.08,0.098,0.125333333,0.169666667,0.235333333,0.304666667,0.390666667,0.497333333,0.598,0.717,0.845333333,0.947666667,1.073666667,1.181333333,1.201333333,1.22,1.248,1.278666667,1.311666667,1.364333333,1.382666667,1.409,1.448,1.474,1.490333333,1.519,1.526666667,1.555333333,1.571666667,,,,,,,
SGRP_mTORinhibitsSCREEN_SET4_lowrapa_JEMBL_10262017_F.xls,YML 685-2.5 ng/ml RAPA,74.20541986,3.3403179,87.96908435,7.976405907,yML 685,Q89.8,2.5 ng/mL RAPA,Q89.8*2.5 ng/mL RAPA,0,0.041666667,0.044,0.045333333,0.055,0.081333333,0.118333333,0.156333333,0.189333333,0.251,0.319333333,0.411333333,0.513,0.628666667,0.749666667,0.872333333,1.001,1.113333333,1.178,1.207,1.226333333,1.252666667,1.289333333,1.326333333,1.359333333,1.389666667,1.42,1.453,1.471,1.495,1.523,1.539666667,1.560333333,,,,,,,,
