experiment,Line-Treatment,DT inflection,StDev_inf,DT interval,StDev_int,Lab strain,Strain,Treatment,Strain*Treatment,Time_0,Time_0.5,Time_1,Time_1.5,Time_2,Time_2.5,Time_3,Time_3.5,Time_4,Time_4.5,Time_5,Time_5.5,Time_6,Time_6.5,Time_7,Time_7.5,Time_8,Time_8.5,Time_9,Time_9.5,Time_10,Time_10.5,Time_11,Time_11.5,Time_12,Time_12.5,Time_13,Time_13.5,Time_14,Time_14.5,Time_15,Time_15.5,Time_16,Time_16.5,Time_17,Time_17.5,Time_18,Time_18.5,Time_19,Time_19.5,Time_20
SGRP_mTORinhibits_SET1_CAFF_REDO_NBMBL_08032017.xls,NCYC 3451-Drug,81.03126404,3.801214804,83.98717711,1.73767749,NCYC 3451,NCYC361,1 mg/mL Caffeine,NCYC361*1 mg/mL Caffeine,0,0.041666667,0.045333333,0.054,0.066,0.083,0.104666667,0.135666667,0.174333333,0.224666667,0.287666667,0.367,0.462666667,0.573666667,0.691,0.807,0.914333333,1.005666667,1.055666667,1.083333333,1.104,1.127666667,1.155,1.187,1.219,1.254333333,1.289333333,1.319666667,1.351666667,1.380333333,1.410666667,1.436,1.459666667,1.481666667,1.502666667,1.522333333,1.542,1.559,1.576,1.593,1.607333333
