experiment,Line-Treatment,DT inflection,StDev_inf,DT interval,StDev_int,Lab strain,Strain,Treatment,Strain*Treatment,Time_0,Time_0.5,Time_1,Time_1.5,Time_2,Time_2.5,Time_3,Time_3.5,Time_4,Time_4.5,Time_5,Time_5.5,Time_6,Time_6.5,Time_7,Time_7.5,Time_8,Time_8.5,Time_9,Time_9.5,Time_10,Time_10.5,Time_11,Time_11.5,Time_12,Time_12.5,Time_13,Time_13.5,Time_14,Time_14.5,Time_15,Time_15.5,Time_16,Time_16.5,Time_17,Time_17.5,Time_18,Time_18.5,Time_19,Time_19.5,Time_20
SGRP_mTORinhibitsSCREEN_SET2_LOWRAPA_highTORIN_MGK_12032017_F,yML 565-25 uM Torin 1,110.7081695,6.706473618,125.5751727,4.220845056,yML 565,CBS7960,25 uM Torin 1,CBS7960*25 uM Torin 1,0,0.021666667,0.021666667,0.021666667,0.021,0.021333333,0.020666667,0.022,0.023333333,0.030333333,0.035666667,0.043,0.048,0.057,0.062666667,0.07,0.077666667,0.088,0.097333333,0.110333333,0.127333333,0.146,0.170666667,0.198,0.235,0.277333333,0.334666667,0.386,0.456333333,0.537666667,0.628333333,0.728333333,0.830666667,0.947,1.050666667,1.117333333,1.148333333,1.161666667,1.181666667,1.207333333,1.234666667
