experiment,Line-Treatment,DT inflection,StDev_inf,DT interval,StDev_int,Lab strain,Strain,Treatment,Strain*Treatment,Time_0,Time_0.5,Time_1,Time_1.5,Time_2,Time_2.5,Time_3,Time_3.5,Time_4,Time_4.5,Time_5,Time_5.5,Time_6,Time_6.5,Time_7,Time_7.5,Time_8,Time_8.5,Time_9,Time_9.5,Time_10,Time_10.5,Time_11,Time_11.5,Time_12,Time_12.5,Time_13,Time_13.5,Time_14,Time_14.5,Time_15,Time_15.5,Time_16,Time_16.5,Time_17,Time_17.5,Time_18,Time_18.5,Time_19,Time_19.5,Time_20
SGRP_mTORinhibits_SET3_highTORIN_MGK_101617_F.xls,YML672-25 uM Torin 1,82.18223191,6.487429277,93.27541899,3.720010485,yML 672,S36.7,25 uM Torin 1,S36.7*25 uM Torin 1,0,0.035333333,0.037,0.036,0.034666667,0.035333333,0.035,0.037,0.039,0.045,0.056666667,0.064666667,0.074666667,0.091333333,0.115333333,0.138666667,0.173,0.215333333,0.270666667,0.339666667,0.433,0.536666667,0.639666667,0.764333333,0.882,1.004666667,1.093333333,1.181333333,1.211333333,1.237,1.263333333,1.289666667,1.322333333,1.351,1.377,1.404,1.425666667,1.451,1.474333333,1.495,1.512333333
SGRP_mTORinhibitsSCREEN_SET3highTORIN_MGK_101617_D.xls,YML672-25 uM Torin 1,86.80335282,2.321830596,94.88415155,4.380075037,yML 672,S36.7,25 uM Torin 1,S36.7*25 uM Torin 1,0,0.044333333,0.048666667,0.048333333,0.045666667,0.045,0.045333333,0.047,0.050333333,0.060333333,0.071,0.079,0.096,0.116,0.137666667,0.156,0.195666667,0.240666667,0.305,0.38,0.476,0.576,0.692333333,0.802666667,0.915333333,1.024333333,1.117666667,1.184,1.202333333,1.235666667,1.258666667,1.297333333,1.327,1.361333333,1.386333333,1.409666667,1.441333333,1.461666667,1.479666667,1.498666667,1.520333333
