experiment,Line-Treatment,DT inflection,StDev_inf,DT interval,StDev_int,Lab strain,Strain,Treatment,Strain*Treatment,Time_0,Time_0.5,Time_1,Time_1.5,Time_2,Time_2.5,Time_3,Time_3.5,Time_4,Time_4.5,Time_5,Time_5.5,Time_6,Time_6.5,Time_7,Time_7.5,Time_8,Time_8.5,Time_9,Time_9.5,Time_10,Time_10.5,Time_11,Time_11.5,Time_12,Time_12.5,Time_13,Time_13.5,Time_14,Time_14.5,Time_15,Time_15.5,Time_16,Time_16.5,Time_17,Time_17.5,Time_18,Time_18.5,Time_19,Time_19.5,Time_20
SET4_highTORIN_REDO_NBMBL_080717.xls,yML 688-2.5% DMSO,55.65412947,25.73825241,25.87370736,,yML 688,Q74.4,2.5% DMSO,Q74.4*2.5% DMSO,0,0.028333333,0.025666667,0.022,0.021,0.021666667,0.024333333,0.026666667,0.032333333,0.040333333,0.079333333,0.175,0.291333333,0.513,0.683,0.831,0.958,1.087,1.176,1.191333333,1.214666667,1.243,1.276333333,1.310666667,1.344,1.378666667,1.409333333,1.436,1.461,1.484,1.507666667,1.523666667,1.542666667,1.558666667,1.575,1.589,1.603666667,1.618333333,1.626,1.638333333,1.646666667
