experiment,Line-Treatment,DT inflection,StDev_inf,DT interval,StDev_int,Lab strain,Strain,Treatment,Strain*Treatment,Time_0,Time_0.5,Time_1,Time_1.5,Time_2,Time_2.5,Time_3,Time_3.5,Time_4,Time_4.5,Time_5,Time_5.5,Time_6,Time_6.5,Time_7,Time_7.5,Time_8,Time_8.5,Time_9,Time_9.5,Time_10,Time_10.5,Time_11,Time_11.5,Time_12,Time_12.5,Time_13,Time_13.5,Time_14,Time_14.5,Time_15,Time_15.5,Time_16,Time_16.5,Time_17,Time_17.5,Time_18,Time_18.5,Time_19,Time_19.5,Time_20
SGRP_mTORinhibitsSCREEN_SET 1 2 3 4 High-Low Rapa High-Low Torin,yML 567-20 ng/ml RAPA,272.7214004,38.37608579,354.023695,19.11259287,yML 567,FM476,20 ng/mL RAPA,FM476*20 ng/mL RAPA,0,0.016333333,0.02,0.023666667,0.027666667,0.032333333,0.038333333,0.043333333,0.049,0.052333333,0.057666667,0.063333333,0.066,0.075333333,0.082666667,0.087,0.094666667,0.102,0.109,0.115333333,0.124333333,0.131,0.139333333,0.149666667,0.157666667,0.167666667,0.178,0.190666667,0.200333333,0.213666667,0.228,0.243333333,0.258,0.274333333,0.292666667,0.310666667,0.330666667,0.349,0.368333333,0.393,0.415
