experiment,Line-Treatment,DT inflection,StDev_inf,DT interval,StDev_int,Lab strain,Strain,Treatment,Strain*Treatment,Time_0,Time_0.5,Time_1,Time_1.5,Time_2,Time_2.5,Time_3,Time_3.5,Time_4,Time_4.5,Time_5,Time_5.5,Time_6,Time_6.5,Time_7,Time_7.5,Time_8,Time_8.5,Time_9,Time_9.5,Time_10,Time_10.5,Time_11,Time_11.5,Time_12,Time_12.5,Time_13,Time_13.5,Time_14,Time_14.5,Time_15,Time_15.5,Time_16,Time_16.5,Time_17,Time_17.5,Time_18,Time_18.5,Time_19,Time_19.5,Time_20
SGRP_mTORinhibitsSCREEN_SET1HIGHrapaANDhighTORIN_PU_03162018_D.x,NCYC3452A-20 ng/mL Rapamycin,91.72010881,39.67052728,169.6526146,19.9706945,NCYC 3452,K11,20 ng/mL RAPA,K11*20 ng/mL RAPA,0,0.057333333,0.065666667,0.076666667,0.086666667,0.097,0.113666667,0.127666667,0.136,0.157333333,0.181333333,0.251666667,0.233666667,0.262333333,0.298,0.338333333,0.373,0.41,0.460333333,0.500666667,0.547333333,0.598,0.644333333,0.695333333,0.745666667,0.784333333,0.861333333,0.846666667,0.862666667,0.881666667,0.894666667,0.900333333,0.908333333,0.910333333,0.910333333,0.908,0.913666667,0.914333333,0.948333333,0.913,0.916
