experiment,Line-Treatment,DT inflection,StDev_inf,DT interval,StDev_int,Lab strain,Strain,Treatment,Strain*Treatment,Time_0,Time_0.5,Time_1,Time_1.5,Time_2,Time_2.5,Time_3,Time_3.5,Time_4,Time_4.5,Time_5,Time_5.5,Time_6,Time_6.5,Time_7,Time_7.5,Time_8,Time_8.5,Time_9,Time_9.5,Time_10,Time_10.5,Time_11,Time_11.5,Time_12,Time_12.5,Time_13,Time_13.5,Time_14,Time_14.5,Time_15,Time_15.5,Time_16,Time_16.5,Time_17,Time_17.5,Time_18,Time_18.5,Time_19,Time_19.5,Time_20
SGRP_mTOR_inhibitsSCREEN_SET2_HighRAPA+LowTorin_Repeat_JEMBL_073,NCYC 3472-20 ng/ml RAPA,182.0198084,1.886010765,224.8670591,5.557627512,NCYC 3472,YJM975 ,20 ng/mL RAPA,YJM975 *20 ng/mL RAPA,0,0.042333333,0.053,0.066,0.075333333,0.082666667,0.091666667,0.101,0.110333333,0.122333333,0.133666667,0.146,0.158666667,0.176666667,0.191,0.210333333,0.231,0.253333333,0.277666667,0.305,0.335333333,0.368,0.406333333,0.453,0.502,0.553333333,0.610666667,0.668333333,0.728666667,0.787666667,0.851333333,0.914,0.977,1.037666667,1.097,1.156333333,1.207666667,1.261,1.294666667,1.308666667,1.324666667
SGRP_mTORinhibitsSCREEN_Set2_highRAPA_KGPU_11202017_F.xls,NCYC 3472-20 ng/ml RAPA,163.0887859,4.656166582,196.5858554,0.615838144,NCYC 3472,YJM975 ,20 ng/mL RAPA,YJM975 *20 ng/mL RAPA,0,0.034,0.040666667,0.051,0.063,0.075333333,0.089666667,0.102333333,0.115666667,0.130333333,0.144666667,0.164333333,0.184,0.206666667,0.231,0.260333333,0.287666667,0.319666667,0.354,0.389333333,0.431,0.473666667,0.517666667,0.561,0.606333333,0.651333333,0.695,0.739666667,0.784666667,0.826333333,0.865,0.902333333,0.944666667,0.986666667,1.027,1.063333333,1.096,1.108,1.11,1.111333333,1.115333333
