experiment,Line-Treatment,DT inflection,StDev_inf,DT interval,StDev_int,Lab strain,Strain,Treatment,Strain*Treatment,Time_0,Time_0.5,Time_1,Time_1.5,Time_2,Time_2.5,Time_3,Time_3.5,Time_4,Time_4.5,Time_5,Time_5.5,Time_6,Time_6.5,Time_7,Time_7.5,Time_8,Time_8.5,Time_9,Time_9.5,Time_10,Time_10.5,Time_11,Time_11.5,Time_12,Time_12.5,Time_13,Time_13.5,Time_14,Time_14.5,Time_15,Time_15.5,Time_16,Time_16.5,Time_17,Time_17.5,Time_18,Time_18.5,Time_19,Time_19.5,Time_20
SGRP_mTORinhibits_SET2_lowRAPA_KGPUMBL_080417.xls.xls,NCYC 3486-2.5 ng/ml RAPA,74.25224274,0.812921076,78.50477403,3.498115538,NCYC 3486,NCYC110 ,2.5 ng/mL RAPA,NCYC110 *2.5 ng/mL RAPA,0,0.030666667,0.037,0.047666667,0.062666667,0.085666667,0.111,0.144,0.192333333,0.247666667,0.327,0.419333333,0.529,0.649666667,0.779666667,0.909333333,1.033666667,1.113666667,1.135333333,1.154333333,1.175,1.198666667,1.226666667,1.255333333,1.283666667,1.311666667,1.337,1.364666667,1.389333333,1.412,1.433333333,1.451333333,1.467,1.480666667,1.493,1.506666667,1.520666667,1.531333333,1.546333333,1.558333333,1.571
SGRP_mTORinhibitsSCREEN_SET2_LOWRAPA_highTORIN_MGK_12032017_F,NCYC 3486-2.5 ng/ml RAPA,60.49985373,1.021452758,63.75975703,1.140519774,NCYC 3486,NCYC110 ,2.5 ng/mL RAPA,NCYC110 *2.5 ng/mL RAPA,0,0.017,0.025333333,0.031,0.044,0.06,0.084,0.115,0.162,0.227,0.311666667,0.409333333,0.534,0.671666667,0.826,0.984333333,1.113333333,1.139666667,1.156666667,1.172333333,1.188,1.216666667,1.242666667,1.27,1.295666667,1.322333333,1.351666667,1.379,1.406333333,1.430333333,1.452,1.471333333,1.491333333,1.510666667,1.53,1.545666667,1.561333333,1.576333333,1.589,1.606333333,1.619333333
SGRP_mTORinhibitsSCREEN_SET2_lowRAPA_KGPUMBL_100117.xls,NCYC 3486-2.5 ng/ml RAPA,66.26905187,3.123648806,69.19519036,0.276226641,NCYC 3486,NCYC110 ,2.5 ng/mL RAPA,NCYC110 *2.5 ng/mL RAPA,0,0.019666667,0.027666667,0.033666667,0.046,0.063666667,0.087333333,0.116666667,0.158333333,0.216666667,0.29,0.388,0.504,0.639,0.786666667,0.944666667,1.078666667,1.163333333,1.178333333,1.193,1.212333333,1.238,1.266666667,1.297333333,1.323666667,1.351333333,1.378,1.407333333,1.433,1.458,1.481333333,1.503666667,1.522333333,1.539666667,1.558333333,1.571333333,1.586333333,1.598666667,1.611666667,1.626,1.633
