experiment,Line-Treatment,DT inflection,StDev_inf,DT interval,StDev_int,Lab strain,Strain,Treatment,Strain*Treatment,Time_0,Time_0.5,Time_1,Time_1.5,Time_2,Time_2.5,Time_3,Time_3.5,Time_4,Time_4.5,Time_5,Time_5.5,Time_6,Time_6.5,Time_7,Time_7.5,Time_8,Time_8.5,Time_9,Time_9.5,Time_10,Time_10.5,Time_11,Time_11.5,Time_12,Time_12.5,Time_13,Time_13.5,Time_14,Time_14.5,Time_15,Time_15.5,Time_16,Time_16.5,Time_17,Time_17.5,Time_18,Time_18.5,Time_19,Time_19.5,Time_20
SET1GDC_ARMBL_080217.xls,NCYC 3455-100 uM GDC0941,123.7699977,4.774501314,139.2539423,2.588323028,NCYC 3455,322134 S ,100 uM GDC0941,322134 S *100 uM GDC0941,0,0.001333333,0.002,0.002,0.002,0.002333333,0.003,0.003666667,0.003333333,0.003333333,0.004333333,0.005333333,0.006,0.006333333,0.008,0.01,0.012333333,0.014333333,0.015333333,0.018666667,0.020666667,0.023333333,0.026333333,0.030333333,0.033333333,0.037666667,0.042,0.047333333,0.050333333,0.055666667,0.063333333,0.067,0.076333333,0.082333333,0.093,0.104333333,0.117333333,0.133,0.154666667,0.175333333,0.203
SGRP_mTOR_inhibitsSCREEN_SET1_GDC_redo_JE_092617.xls,NCYC 3455-100 uM GDC0941,47.28807688,2.91563824,62.69558508,8.619387686,NCYC 3455,322134 S ,100 uM GDC0941,322134 S *100 uM GDC0941,0,0.097,0.105333333,0.127666667,0.160333333,0.230333333,0.315,0.440666667,0.603,0.786333333,0.969333333,1.117,1.255333333,1.276666667,1.415666667,1.487666667,1.535,1.553,1.56,1.597333333,1.601333333,1.62,1.627666667,1.634,1.659666667,1.668666667,1.680666667,1.692666667,1.682,1.709666667,1.713333333,1.751333333,1.73,1.754666667,1.756,1.766333333,1.770333333,1.764333333,1.775666667,1.775666667,1.784666667
