experiment,Line-Treatment,DT inflection,StDev_inf,DT interval,StDev_int,Lab strain,Strain,Treatment,Strain*Treatment,Time_0,Time_0.5,Time_1,Time_1.5,Time_2,Time_2.5,Time_3,Time_3.5,Time_4,Time_4.5,Time_5,Time_5.5,Time_6,Time_6.5,Time_7,Time_7.5,Time_8,Time_8.5,Time_9,Time_9.5,Time_10,Time_10.5,Time_11,Time_11.5,Time_12,Time_12.5,Time_13,Time_13.5,Time_14,Time_14.5,Time_15,Time_15.5,Time_16,Time_16.5,Time_17,Time_17.5,Time_18,Time_18.5,Time_19,Time_19.5,Time_20
RB_RUN1_F_SGRPmTORscreen_KGA_11082018.xls,yML742-6.67%H2O,69.92722018,1.537757572,74.66325583,1.398548685,BY4743,BY4743,6.67% H2O,BY4743*6.67% H2O,0,0.044666667,0.047666667,0.056,0.068666667,0.076333333,0.118333333,0.157,0.211333333,0.278,0.362333333,0.463,0.571333333,0.682666667,0.787666667,0.871666667,0.924333333,0.940666667,0.938666667,0.946333333,0.958,0.965333333,0.973,0.981333333,0.987,0.996,1.007,1.017333333,1.029666667,1.040666667,1.051333333,1.065333333,1.079,1.090333333,1.106,1.117333333,1.134333333,1.145666667,1.157333333,1.168333333,1.181666667
