experiment,Line-Treatment,DT inflection,StDev_inf,DT interval,StDev_int,Lab strain,Strain,Treatment,Strain*Treatment,Time_0,Time_0.5,Time_1,Time_1.5,Time_2,Time_2.5,Time_3,Time_3.5,Time_4,Time_4.5,Time_5,Time_5.5,Time_6,Time_6.5,Time_7,Time_7.5,Time_8,Time_8.5,Time_9,Time_9.5,Time_10,Time_10.5,Time_11,Time_11.5,Time_12,Time_12.5,Time_13,Time_13.5,Time_14,Time_14.5,Time_15,Time_15.5,Time_16,Time_16.5,Time_17,Time_17.5,Time_18,Time_18.5,Time_19,Time_19.5,Time_20
SGRP_mTORinhibits_SET1_CAFF_REDO_NBMBL_08032017.xls,NCYC 3311-Drug,79.26945662,0.945120858,86.48626736,0.997837054,NCYC 3311,DBVPG 1788,1 mg/mL Caffeine,DBVPG 1788*1 mg/mL Caffeine,0,0.045333333,0.050666667,0.058666667,0.070333333,0.086666667,0.112333333,0.142666667,0.182333333,0.234333333,0.295666667,0.371333333,0.460666667,0.563666667,0.680333333,0.796333333,0.922,1.029,1.116666667,1.169666667,1.195333333,1.213666667,1.238666667,1.266666667,1.294,1.325666667,1.356,1.385,1.410666667,1.434,1.460666667,1.487333333,1.512666667,1.535333333,1.560333333,1.578,1.595666667,1.614,1.629666667,1.648666667,1.666
