experiment,Line-Treatment,DT inflection,StDev_inf,DT interval,StDev_int,Lab strain,Strain,Treatment,Strain*Treatment,Time_0,Time_0.5,Time_1,Time_1.5,Time_2,Time_2.5,Time_3,Time_3.5,Time_4,Time_4.5,Time_5,Time_5.5,Time_6,Time_6.5,Time_7,Time_7.5,Time_8,Time_8.5,Time_9,Time_9.5,Time_10,Time_10.5,Time_11,Time_11.5,Time_12,Time_12.5,Time_13,Time_13.5,Time_14,Time_14.5,Time_15,Time_15.5,Time_16,Time_16.5,Time_17,Time_17.5,Time_18,Time_18.5,Time_19,Time_19.5,Time_20
SGRP_mTORinhibitsSCREEN_SET2_CAFFEINE AND lowTORIN_MGK_AR_120320,yML 565-2.5% DMSO,104.491937,7.194365791,118.9786359,1.73232659,yML 565,CBS7960,2.5% DMSO,CBS7960*2.5% DMSO,0,0.154333333,0.186333333,0.256666667,0.297666667,0.346666667,0.411666667,0.497,0.586666667,0.715666667,0.839,0.971666667,1.075333333,1.145666667,1.166,1.180666667,1.197,1.219666667,1.240666667,1.268333333,1.297333333,1.322666667,1.352666667,1.379666667,1.409,1.442,1.468666667,1.492333333,1.512333333,1.522333333,1.552,1.569666667,1.580666667,1.600666667,1.615,1.628666667,1.642666667,1.655,1.665333333,1.677333333,1.681333333
SGRP_mTORinhibitsSCREEN_SET2_CAFFEINE AND lowTORIN_MGK_AR_120320,yML 565-2.5% DMSO,84.21069092,9.398637612,97.29219785,12.38040207,yML 565,CBS7960,2.5% DMSO,CBS7960*2.5% DMSO,0,0.051,0.075,0.108666667,0.125666667,0.15,0.182,0.223333333,0.264333333,0.336,0.414,0.526666667,0.634,0.752666667,0.87,0.974666667,1.054333333,1.103,1.132666667,1.147666667,1.161666667,1.177666667,1.203333333,1.228333333,1.257,1.293,1.323666667,1.354,1.382666667,1.402666667,1.437,1.460333333,1.478666667,1.502333333,1.523,1.540333333,1.560333333,1.576333333,1.590666667,1.605666667,1.613333333
SGRP_mTORinhibitsSCREEN_SET2_LOWRAPA_highTORIN_MGK_12032017_F,yML 565-2.5% DMSO,66.20429489,8.220722368,89.23552358,4.940150243,yML 565,CBS7960,2.5% DMSO,CBS7960*2.5% DMSO,0,0.025666667,0.045666667,0.071666667,0.059333333,0.059666667,0.070333333,0.084333333,0.107,0.130666667,0.178333333,0.217,0.279,0.364333333,0.465333333,0.582333333,0.710666667,0.844,0.975,1.070333333,1.101666667,1.116333333,1.131,1.147333333,1.168666667,1.195,1.225333333,1.255,1.287,1.318666667,1.344666667,1.373666667,1.399333333,1.423666667,1.448,1.468,1.487666667,1.504,1.521666667,1.539666667,1.554
