experiment,Line-Treatment,DT inflection,StDev_inf,DT interval,StDev_int,Lab strain,Strain,Treatment,Strain*Treatment,Time_0,Time_0.5,Time_1,Time_1.5,Time_2,Time_2.5,Time_3,Time_3.5,Time_4,Time_4.5,Time_5,Time_5.5,Time_6,Time_6.5,Time_7,Time_7.5,Time_8,Time_8.5,Time_9,Time_9.5,Time_10,Time_10.5,Time_11,Time_11.5,Time_12,Time_12.5,Time_13,Time_13.5,Time_14,Time_14.5,Time_15,Time_15.5,Time_16,Time_16.5,Time_17,Time_17.5,Time_18,Time_18.5,Time_19,Time_19.5,Time_20
SGRP_mTORinhibits_SET3_highTORIN_MGK_101617_F.xls,YML670-25 uM Torin 1,77.35924525,28.69942227,95.18313533,15.99101756,yML 670,Q59.1,25 uM Torin 1,Q59.1*25 uM Torin 1,0,0.035,0.037666667,0.038333333,0.037333333,0.038666667,0.037666667,0.037666667,0.037333333,0.037333333,0.037333333,0.037,0.036333333,0.036,0.037333333,0.038,0.041,0.042666667,0.043,0.045333333,0.045,0.045333333,0.053666667,0.058666667,0.074333333,0.097666667,0.110333333,0.146,0.183,0.223666667,0.291666667,0.349,0.431666667,0.516666667,0.616666667,0.721666667,0.821,0.926666667,1.025,1.109666667,1.167
SGRP_mTORinhibitsSCREEN_SET3highTORIN_MGK_101617_D.xls,YML670-25 uM Torin 1,88.76461361,24.10459018,112.4877902,19.06556576,yML 670,Q59.1,25 uM Torin 1,Q59.1*25 uM Torin 1,0,0.045333333,0.049,0.055333333,0.052333333,0.048666667,0.050666667,0.049,0.048333333,0.049,0.048666667,0.047333333,0.047,0.046666667,0.046666667,0.045,0.048,0.048,0.047,0.056,0.057666667,0.061,0.064666667,0.071666667,0.073333333,0.088666667,0.114333333,0.127666667,0.150666667,0.194,0.228,0.282333333,0.327333333,0.396333333,0.467,0.538333333,0.635,0.717666667,0.814,0.907,0.981
