experiment,Line-Treatment,DT inflection,StDev_inf,DT interval,StDev_int,Lab strain,Strain,Treatment,Strain*Treatment,Time_0,Time_0.5,Time_1,Time_1.5,Time_2,Time_2.5,Time_3,Time_3.5,Time_4,Time_4.5,Time_5,Time_5.5,Time_6,Time_6.5,Time_7,Time_7.5,Time_8,Time_8.5,Time_9,Time_9.5,Time_10,Time_10.5,Time_11,Time_11.5,Time_12,Time_12.5,Time_13,Time_13.5,Time_14,Time_14.5,Time_15,Time_15.5,Time_16,Time_16.5,Time_17,Time_17.5,Time_18,Time_18.5,Time_19,Time_19.5,Time_20
SGRP_mTORinhibitsSCREEN_SET3_LOWRAPA_JEMBL_12012017_F,yML 668-1% DMSO,110.2641554,21.87651662,165.1693861,13.07703779,yML 668,N-17,1% DMSO,N-17*1% DMSO,0,0.008666667,0.007333333,0.007333333,0.006666667,0.008,0.073,0.078666667,0.115,0.161333333,0.212,0.24,0.274,0.319333333,0.363666667,0.402,0.437333333,0.488666667,0.535,0.586,0.634666667,0.689,0.744666667,0.803666667,0.860333333,0.922,0.981,1.035666667,1.075333333,1.104333333,1.124333333,1.149333333,1.177666667,1.206,1.235,1.263,1.293,1.321666667,1.345666667,1.366333333,1.390333333
