experiment,Line-Treatment,DT inflection,StDev_inf,DT interval,StDev_int,Lab strain,Strain,Treatment,Strain*Treatment,Time_0,Time_0.5,Time_1,Time_1.5,Time_2,Time_2.5,Time_3,Time_3.5,Time_4,Time_4.5,Time_5,Time_5.5,Time_6,Time_6.5,Time_7,Time_7.5,Time_8,Time_8.5,Time_9,Time_9.5,Time_10,Time_10.5,Time_11,Time_11.5,Time_12,Time_12.5,Time_13,Time_13.5,Time_14,Time_14.5,Time_15,Time_15.5,Time_16,Time_16.5,Time_17,Time_17.5,Time_18,Time_18.5,Time_19,Time_19.5,Time_20
SGRP_mTORinhibitsSCREEN_SET2_GDC_AR_062617.xls,NCYC 3460-100uM GDC0941,61.24227729,2.744028564,70.56099336,1.0859723,NCYC 3460,Y9,100 uM GDC0941,Y9*100 uM GDC0941,0,0.002333333,0.001333333,0.012,0.014333333,0.016666667,0.018,0.027666667,0.037666667,0.047666667,0.069,0.093,0.129,0.178,0.25,0.324333333,0.422,0.555666667,0.69,0.814,0.955666667,1.073333333,1.172333333,1.229666667,1.143333333,1.081666667,1.006333333,0.855666667,0.777666667,0.810333333,0.581666667,0.454,0.405,0.404,0.447333333,0.495333333,0.573666667,0.685,0.784,0.767666667,0.79
