experiment,Line-Treatment,DT inflection,StDev_inf,DT interval,StDev_int,Lab strain,Strain,Treatment,Strain*Treatment,Time_0,Time_0.5,Time_1,Time_1.5,Time_2,Time_2.5,Time_3,Time_3.5,Time_4,Time_4.5,Time_5,Time_5.5,Time_6,Time_6.5,Time_7,Time_7.5,Time_8,Time_8.5,Time_9,Time_9.5,Time_10,Time_10.5,Time_11,Time_11.5,Time_12,Time_12.5,Time_13,Time_13.5,Time_14,Time_14.5,Time_15,Time_15.5,Time_16,Time_16.5,Time_17,Time_17.5,Time_18,Time_18.5,Time_19,Time_19.5,Time_20
SGRP_mTORinhibitsSCREEN_SET4_lowRAPA_MGK_10242017_D.xls,YML 684-2.5 ng/ml RAPA,75.50220801,6.495450281,86.47670265,7.954227855,yML 684,Q62.5,2.5 ng/mL RAPA,Q62.5*2.5 ng/mL RAPA,0,0.055333333,0.061333333,0.065333333,0.075,0.092666667,0.128666667,0.156666667,0.200333333,0.256,0.333333333,0.408666667,0.510666667,0.621333333,0.756,0.887666667,1.004,1.12,1.209666667,1.218333333,1.240666667,1.269333333,1.304333333,1.339666667,1.377,1.398,1.424333333,1.447666667,1.473333333,1.486666667,1.507,1.509666667,1.537666667,1.548666667,,,,,,,
SGRP_mTORinhibitsSCREEN_SET4_lowrapa_JEMBL_10262017_F.xls,YML 684-2.5 ng/ml RAPA,77.79573782,6.378715119,89.75145187,6.247782079,yML 684,Q62.5,2.5 ng/mL RAPA,Q62.5*2.5 ng/mL RAPA,0,0.039333333,0.043,0.044666667,0.056,0.087,0.128666667,0.167666667,0.206666667,0.260333333,0.327666667,0.427666667,0.53,0.653333333,0.786333333,0.914,1.048666667,1.155666667,1.222333333,1.239,1.261333333,1.288666667,1.324333333,1.356333333,1.384,1.410666667,1.441333333,1.466666667,1.488666667,1.509666667,1.535333333,1.548333333,1.57,,,,,,,,
