experiment,Line-Treatment,DT inflection,StDev_inf,DT interval,StDev_int,Lab strain,Strain,Treatment,Strain*Treatment,Time_0,Time_0.5,Time_1,Time_1.5,Time_2,Time_2.5,Time_3,Time_3.5,Time_4,Time_4.5,Time_5,Time_5.5,Time_6,Time_6.5,Time_7,Time_7.5,Time_8,Time_8.5,Time_9,Time_9.5,Time_10,Time_10.5,Time_11,Time_11.5,Time_12,Time_12.5,Time_13,Time_13.5,Time_14,Time_14.5,Time_15,Time_15.5,Time_16,Time_16.5,Time_17,Time_17.5,Time_18,Time_18.5,Time_19,Time_19.5,Time_20
SGRP_mTORinhibits_SET3_GDC_Redo_JEMBL_08102017.xls,YML674-100 uM GDC0941,62.91800948,6.926057714,89.99779752,7.82662479,yML 674,Q32.3,100 uM GDC0941,Q32.3*100 uM GDC0941,0,0.037333333,0.064333333,0.069666667,0.080666667,0.099,0.123,0.149666667,0.207666667,0.261333333,0.333,0.405666667,0.513,0.611333333,0.726,0.837666667,0.947,1.033333333,1.077666667,1.08,1.084666667,1.096,1.109333333,1.118666667,1.148,1.173,1.197,1.224333333,1.249666667,1.282666667,1.315666667,1.350666667,1.383666667,1.406666667,1.442333333,1.476666667,1.492,1.520333333,1.54,1.56,1.585
SGRP_mTORinhibitsSCREEN_SET3_round2_GDC_KG_09142017_D.xls,YML674-100 uM GDC0941,69.747793,11.3721983,110.9817023,14.9458001,yML 674,Q32.3,100 uM GDC0941,Q32.3*100 uM GDC0941,0,0.050333333,0.05,0.044666667,0.049333333,0.088666667,0.108,0.156666667,0.188666667,0.231,0.281,0.338333333,0.415666667,0.515333333,0.614666667,0.725,0.846,0.960333333,1.09,1.186666667,1.21,1.205,1.213,1.214666667,1.229,1.244,1.261,1.276666667,1.293,1.315666667,1.338333333,1.357666667,1.375666667,1.401333333,1.426666667,1.448,1.477666667,1.502,1.521333333,1.537,1.548
