experiment,Line-Treatment,DT inflection,StDev_inf,DT interval,StDev_int,Lab strain,Strain,Treatment,Strain*Treatment,Time_0,Time_0.5,Time_1,Time_1.5,Time_2,Time_2.5,Time_3,Time_3.5,Time_4,Time_4.5,Time_5,Time_5.5,Time_6,Time_6.5,Time_7,Time_7.5,Time_8,Time_8.5,Time_9,Time_9.5,Time_10,Time_10.5,Time_11,Time_11.5,Time_12,Time_12.5,Time_13,Time_13.5,Time_14,Time_14.5,Time_15,Time_15.5,Time_16,Time_16.5,Time_17,Time_17.5,Time_18,Time_18.5,Time_19,Time_19.5,Time_20
SGRP_mTORinhibits_SET3_highTORIN_MGK_101617_F.xls,YML675-25 uM Torin 1,74.82898608,4.410426445,95.75310489,4.974144903,yML 675,Z1.1,25 uM Torin 1,Z1.1*25 uM Torin 1,0,0.045,0.049,0.047,0.044666667,0.045333333,0.046,0.047333333,0.046,0.048333333,0.053666667,0.066,0.059,0.079,0.109333333,0.132666667,0.165666667,0.208333333,0.258666667,0.323333333,0.405666667,0.513333333,0.617666667,0.739,0.857666667,0.976,1.089333333,1.187333333,1.231666667,1.252,1.277,1.300666667,1.331,1.360666667,1.389,1.414666667,1.439333333,1.462,1.486666667,1.499,1.525
SGRP_mTORinhibitsSCREEN_SET3highTORIN_MGK_101617_D.xls,YML675-25 uM Torin 1,79.06772939,10.13211852,93.13587749,2.869267973,yML 675,Z1.1,25 uM Torin 1,Z1.1*25 uM Torin 1,0,0.058,0.064666667,0.066333333,0.061333333,0.059666667,0.059,0.055666667,0.052,0.063,0.070333333,0.071,0.079333333,0.110666667,0.14,0.164333333,0.208,0.255666667,0.319333333,0.408,0.505,0.611,0.729,0.839666667,0.947,1.059666667,1.168666667,1.236333333,1.245333333,1.277333333,1.299,1.333666667,1.363666667,1.395333333,1.422666667,1.447,1.478666667,1.493666667,1.513333333,1.534,1.551333333
