experiment,Line-Treatment,DT inflection,StDev_inf,DT interval,StDev_int,Lab strain,Strain,Treatment,Strain*Treatment,Time_0,Time_0.5,Time_1,Time_1.5,Time_2,Time_2.5,Time_3,Time_3.5,Time_4,Time_4.5,Time_5,Time_5.5,Time_6,Time_6.5,Time_7,Time_7.5,Time_8,Time_8.5,Time_9,Time_9.5,Time_10,Time_10.5,Time_11,Time_11.5,Time_12,Time_12.5,Time_13,Time_13.5,Time_14,Time_14.5,Time_15,Time_15.5,Time_16,Time_16.5,Time_17,Time_17.5,Time_18,Time_18.5,Time_19,Time_19.5,Time_20
SGRP_mTORinhibitsSCREEN_SET1HIGHrapaANDhighTORIN_PU_03162018_D.x,NCYC3454A-20 ng/mL Rapamycin,72.50576138,5.264405603,242.1094518,3.89890947,NCYC 3454,YS9,20 ng/mL RAPA,YS9*20 ng/mL RAPA,0,0.056,0.068333333,0.086666667,0.103333333,0.114333333,0.129666667,0.14,0.149666667,0.162666667,0.181,0.241333333,0.211666667,0.233666667,0.253333333,0.280666667,0.300666667,0.32,0.351666667,0.380333333,0.412,0.447666667,0.474333333,0.508,0.547333333,0.586333333,0.670666667,0.677,0.714333333,0.759666667,0.808,0.847,0.894333333,0.935333333,0.979666667,1.017,1.062666667,1.099666667,1.171333333,1.172666667,1.207666667
