experiment,Line-Treatment,DT inflection,StDev_inf,DT interval,StDev_int,Lab strain,Strain,Treatment,Strain*Treatment,Time_0,Time_0.5,Time_1,Time_1.5,Time_2,Time_2.5,Time_3,Time_3.5,Time_4,Time_4.5,Time_5,Time_5.5,Time_6,Time_6.5,Time_7,Time_7.5,Time_8,Time_8.5,Time_9,Time_9.5,Time_10,Time_10.5,Time_11,Time_11.5,Time_12,Time_12.5,Time_13,Time_13.5,Time_14,Time_14.5,Time_15,Time_15.5,Time_16,Time_16.5,Time_17,Time_17.5,Time_18,Time_18.5,Time_19,Time_19.5,Time_20
SGRP_mTORinhibitsSCREEN_SET1HIGHrapaANDhighTORIN_PU_03162018_D.x,NCYC3456B-1%DMSO,73.02425145,5.697950947,81.55259406,11.77154508,NCYC 3456,378604 X,1% DMSO,378604 X*1% DMSO,0,0.096,0.110666667,0.135333333,0.174333333,0.227333333,0.303,0.388666667,0.489333333,0.614333333,0.746,0.920666667,1.005333333,1.112666667,1.211,1.250666667,1.263333333,1.28,1.303,1.323,1.349,1.377,1.406,1.435333333,1.466333333,1.494,1.562,1.548666667,1.568666667,1.592333333,1.613333333,1.629666667,1.650666667,1.666333333,1.68,1.695333333,1.71,1.721333333,1.734333333,1.743666667,1.759
