experiment,Line-Treatment,DT inflection,StDev_inf,DT interval,StDev_int,Lab strain,Strain,Treatment,Strain*Treatment,Time_0,Time_0.5,Time_1,Time_1.5,Time_2,Time_2.5,Time_3,Time_3.5,Time_4,Time_4.5,Time_5,Time_5.5,Time_6,Time_6.5,Time_7,Time_7.5,Time_8,Time_8.5,Time_9,Time_9.5,Time_10,Time_10.5,Time_11,Time_11.5,Time_12,Time_12.5,Time_13,Time_13.5,Time_14,Time_14.5,Time_15,Time_15.5,Time_16,Time_16.5,Time_17,Time_17.5,Time_18,Time_18.5,Time_19,Time_19.5,Time_20
RB_RUN1_F_SGRPmTORscreen_KGA_11082018.xls,NCYC3284-A-1%DMSO,64.98683498,1.104704056,67.28229584,5.553131621,NCYC 3284,YPS128,1% DMSO,YPS128*1% DMSO,0,0.046,0.048666667,0.044666667,0.047333333,0.027,0.137333333,0.187666667,0.26,0.346333333,0.431333333,0.527333333,0.614333333,0.698666667,0.771333333,0.800333333,0.815333333,0.833333333,0.854,0.872333333,0.891333333,0.912666667,0.925666667,0.941666667,0.954333333,0.968333333,0.977333333,0.989,1.001,1.008333333,1.016333333,1.024,1.033,1.040666667,1.050666667,1.060333333,1.064,1.066333333,1.072,1.078666667,1.074333333
