experiment,Line-Treatment,DT inflection,StDev_inf,DT interval,StDev_int,Lab strain,Strain,Treatment,Strain*Treatment,Time_0,Time_0.5,Time_1,Time_1.5,Time_2,Time_2.5,Time_3,Time_3.5,Time_4,Time_4.5,Time_5,Time_5.5,Time_6,Time_6.5,Time_7,Time_7.5,Time_8,Time_8.5,Time_9,Time_9.5,Time_10,Time_10.5,Time_11,Time_11.5,Time_12,Time_12.5,Time_13,Time_13.5,Time_14,Time_14.5,Time_15,Time_15.5,Time_16,Time_16.5,Time_17,Time_17.5,Time_18,Time_18.5,Time_19,Time_19.5,Time_20
SGRP_mTORinhibitsSCREEN_SET4_Caff_MGK_10252017_D.xls,YML 685-1000 ug/ml Caffeine,85.81758254,3.197829496,108.0611016,1.148159805,yML 685,Q89.8,1 mg/mL Caffeine,Q89.8*1 mg/mL Caffeine,0,0.056333333,0.06,0.063,0.067666667,0.088666667,0.101666667,0.121666667,0.159333333,0.173,0.216333333,0.256333333,0.306666667,0.382666667,0.455333333,0.557333333,0.661,0.799666667,0.920666667,1.027666667,1.124,1.169,1.194333333,1.213666667,1.239333333,1.268,1.298666667,1.336666667,1.367,1.408,1.428,1.457666667,1.481666667,1.506333333,1.522666667,1.547333333,1.567666667,1.588666667,1.603666667,1.62,1.638666667
SGRP_mTORinhibitsSCREEN_SET4_Caffeine_MGK_09202017.xls,YML 685-1000 ug/ml Caffeine,64.97114854,13.78211937,96.49207323,5.543946014,yML 685,Q89.8,1 mg/mL Caffeine,Q89.8*1 mg/mL Caffeine,0,0.071,0.067,0.071333333,0.075,0.083,0.093666667,0.125,0.180333333,0.218333333,0.265666667,0.354,0.459333333,0.568666667,0.688,0.811666667,0.94,1.061,1.151,1.252,1.342666667,1.344666667,1.346333333,1.364333333,1.379666667,1.381,1.393666667,1.412,1.441333333,1.459,1.479666667,1.507333333,1.525,1.545666667,1.565333333,1.586666667,1.595,1.612666667,1.638333333,1.649,1.666666667
