experiment,Line-Treatment,DT inflection,StDev_inf,DT interval,StDev_int,Lab strain,Strain,Treatment,Strain*Treatment,Time_0,Time_0.5,Time_1,Time_1.5,Time_2,Time_2.5,Time_3,Time_3.5,Time_4,Time_4.5,Time_5,Time_5.5,Time_6,Time_6.5,Time_7,Time_7.5,Time_8,Time_8.5,Time_9,Time_9.5,Time_10,Time_10.5,Time_11,Time_11.5,Time_12,Time_12.5,Time_13,Time_13.5,Time_14,Time_14.5,Time_15,Time_15.5,Time_16,Time_16.5,Time_17,Time_17.5,Time_18,Time_18.5,Time_19,Time_19.5,Time_20
SET4_highTORIN_REDO_NBMBL_080717.xls,yML 708-25 uM Torin 1,81.39495354,13.7820982,96.49716956,30.54400676,yML 708,PW5,25 uM Torin 1,PW5*25 uM Torin 1,0,0.037333333,0.038,0.038,0.037666667,0.039333333,0.040333333,0.042666667,0.046,0.051333333,0.057666667,0.064666667,0.071333333,0.083666667,0.095666667,0.110333333,0.135,0.158666667,0.192333333,0.238666667,0.300666667,0.387666667,0.492,0.615333333,0.75,0.881666667,1.021,1.122666667,1.191,1.227333333,1.254333333,1.279333333,1.306666667,1.334,1.363,1.394,1.425666667,1.456,1.480666667,1.504666667,1.525
