experiment,Line-Treatment,DT inflection,StDev_inf,DT interval,StDev_int,Lab strain,Strain,Treatment,Strain*Treatment,Time_0,Time_0.5,Time_1,Time_1.5,Time_2,Time_2.5,Time_3,Time_3.5,Time_4,Time_4.5,Time_5,Time_5.5,Time_6,Time_6.5,Time_7,Time_7.5,Time_8,Time_8.5,Time_9,Time_9.5,Time_10,Time_10.5,Time_11,Time_11.5,Time_12,Time_12.5,Time_13,Time_13.5,Time_14,Time_14.5,Time_15,Time_15.5,Time_16,Time_16.5,Time_17,Time_17.5,Time_18,Time_18.5,Time_19,Time_19.5,Time_20
SGRP_mTORinhibitsSCREEN_SET2_CAFFEINE AND lowTORIN_MGK_AR_120320,NCYC 3458-2.5% DMSO,70.70196877,1.580741263,76.54710077,2.194553657,NCYC 3458,YJM978,2.5% DMSO,YJM978*2.5% DMSO,0,0.053333333,0.065,0.088333333,0.114333333,0.151,0.202666667,0.267333333,0.345,0.446333333,0.565666667,0.723666667,0.88,1.032,1.131333333,1.157333333,1.177,1.205333333,1.233666667,1.267333333,1.293666667,1.321666667,1.361,1.394333333,1.425666667,1.450666667,1.479,1.501666667,1.523,1.543,1.571666667,1.587333333,1.601333333,1.619666667,1.633666667,1.65,1.664333333,1.674666667,1.686333333,1.7,1.703333333
