experiment,Line-Treatment,DT inflection,StDev_inf,DT interval,StDev_int,Lab strain,Strain,Treatment,Strain*Treatment,Time_0,Time_0.5,Time_1,Time_1.5,Time_2,Time_2.5,Time_3,Time_3.5,Time_4,Time_4.5,Time_5,Time_5.5,Time_6,Time_6.5,Time_7,Time_7.5,Time_8,Time_8.5,Time_9,Time_9.5,Time_10,Time_10.5,Time_11,Time_11.5,Time_12,Time_12.5,Time_13,Time_13.5,Time_14,Time_14.5,Time_15,Time_15.5,Time_16,Time_16.5,Time_17,Time_17.5,Time_18,Time_18.5,Time_19,Time_19.5,Time_20
SGRP_mTORinhibitsSCREEN_SET3_CAFFEINE AND lowTORIN_JEMBL_1201201,yML669-2.5% DMSO,94.79364859,2.560259328,105.7913035,16.18256883,yML 669,T21.4,2.5% DMSO,T21.4*2.5% DMSO,0,0.046,0.046333333,0.043,0.037666667,0.035,0.035666667,0.034,0.032,0.035,0.316666667,0.380333333,0.468666667,0.577333333,0.679333333,0.797,0.909666667,1.017,1.125333333,1.173,1.201,1.227333333,1.249,1.290333333,1.317,1.353,1.382666667,1.411333333,1.436,1.456,1.479666667,1.493666667,1.516333333,1.530333333,1.545,1.563,1.577333333,1.596,1.602,1.621333333,1.623333333
