experiment,Line-Treatment,DT inflection,StDev_inf,DT interval,StDev_int,Lab strain,Strain,Treatment,Strain*Treatment,Time_0,Time_0.5,Time_1,Time_1.5,Time_2,Time_2.5,Time_3,Time_3.5,Time_4,Time_4.5,Time_5,Time_5.5,Time_6,Time_6.5,Time_7,Time_7.5,Time_8,Time_8.5,Time_9,Time_9.5,Time_10,Time_10.5,Time_11,Time_11.5,Time_12,Time_12.5,Time_13,Time_13.5,Time_14,Time_14.5,Time_15,Time_15.5,Time_16,Time_16.5,Time_17,Time_17.5,Time_18,Time_18.5,Time_19,Time_19.5,Time_20
SGRP_mTORinhibitsSCREEN_SET4_Caff_MGK_10252017_D.xls,YML694-1000 ug/ml Caffeine,83.63605833,8.203012932,118.7905302,15.38972106,yML 694,CBS432,1 mg/mL Caffeine,CBS432*1 mg/mL Caffeine,0,0.065333333,0.065666667,0.073,0.072666667,0.095333333,0.113666667,0.134,0.157333333,0.189666667,0.240666667,0.277333333,0.341666667,0.415333333,0.490666667,0.608666667,0.706666667,0.836333333,0.962333333,1.070333333,1.116666667,1.118,1.121666667,1.130666667,1.13,1.145333333,1.161,1.187333333,1.207,1.247666667,1.262333333,1.301,1.331,1.366,1.386666667,1.417333333,1.447,1.468333333,1.493666667,1.515666667,1.543666667
SGRP_mTORinhibitsSCREEN_SET4_Caffeine_MGK_09202017.xls,YML694-1000 ug/ml Caffeine,78.93429406,8.460138709,131.5130669,13.6900479,yML 694,CBS432,1 mg/mL Caffeine,CBS432*1 mg/mL Caffeine,0,0.046,0.043,0.042666667,0.047666667,0.047333333,0.046333333,0.043333333,0.059,0.069333333,0.067333333,0.089666667,0.105666667,0.136666667,0.167,0.204333333,0.227,0.276,0.35,0.417,0.525666667,0.631666667,0.742666667,0.876333333,1.009333333,1.085333333,1.092333333,1.086,1.088666667,1.087333333,1.086333333,1.096333333,1.111,1.125333333,1.144,1.172666667,1.190333333,1.222666667,1.257333333,1.287,1.334333333
