experiment,Line-Treatment,DT inflection,StDev_inf,DT interval,StDev_int,Lab strain,Strain,Treatment,Strain*Treatment,Time_0,Time_0.5,Time_1,Time_1.5,Time_2,Time_2.5,Time_3,Time_3.5,Time_4,Time_4.5,Time_5,Time_5.5,Time_6,Time_6.5,Time_7,Time_7.5,Time_8,Time_8.5,Time_9,Time_9.5,Time_10,Time_10.5,Time_11,Time_11.5,Time_12,Time_12.5,Time_13,Time_13.5,Time_14,Time_14.5,Time_15,Time_15.5,Time_16,Time_16.5,Time_17,Time_17.5,Time_18,Time_18.5,Time_19,Time_19.5,Time_20
SGRP_mTORinhibitsSCREEN_SET3_CAFFEINE AND lowTORIN_JEMBL_1201201,yML 671-1 uM Torin 11,44.54298078,2.000749806,103.3059376,76.79855789,yML 671,YPS138,1 uM Torin 1,YPS138*1 uM Torin 1,0,0.066,0.066666667,0.061,0.059,0.059333333,0.071333333,0.088333333,0.272,0.316333333,0.505333333,0.629333333,0.763666667,0.91,1.051666667,1.17,1.243333333,1.268,1.292333333,1.318666667,1.351666667,1.382,1.404333333,1.440333333,1.458666667,1.491333333,1.514,1.540333333,1.556333333,1.575,1.596,1.610333333,1.630666667,1.643666667,1.651,1.667,1.681666667,1.696,1.701666667,1.714666667,1.719
