experiment,Line-Treatment,DT inflection,StDev_inf,DT interval,StDev_int,Lab strain,Strain,Treatment,Strain*Treatment,Time_0,Time_0.5,Time_1,Time_1.5,Time_2,Time_2.5,Time_3,Time_3.5,Time_4,Time_4.5,Time_5,Time_5.5,Time_6,Time_6.5,Time_7,Time_7.5,Time_8,Time_8.5,Time_9,Time_9.5,Time_10,Time_10.5,Time_11,Time_11.5,Time_12,Time_12.5,Time_13,Time_13.5,Time_14,Time_14.5,Time_15,Time_15.5,Time_16,Time_16.5,Time_17,Time_17.5,Time_18,Time_18.5,Time_19,Time_19.5,Time_20
SGRP_mTOR_inhibitsSCREEN_SET1_highgdc-0941_AR_053117.xls,NCYC 3453-100uM GDC0941,72.27228013,12.56565871,89.26302144,1.838603921,NCYC 3453,YS4,100 uM GDC0941,YS4*100 uM GDC0941,0,0.067666667,0.074,0.078,0.089666667,0.097333333,0.12,0.135333333,0.179333333,0.200666667,0.253333333,0.322,0.412,0.514333333,0.637,0.778,0.917333333,1.046333333,1.117333333,1.122666667,1.135,1.147,1.164333333,1.180333333,1.198666667,1.216333333,1.230666667,1.245666667,1.262,1.276666667,1.290666667,1.304,1.320333333,1.333333333,1.348333333,1.362,1.378666667,1.396333333,1.412333333,1.427333333,1.446
