experiment,Line-Treatment,DT inflection,StDev_inf,DT interval,StDev_int,Lab strain,Strain,Treatment,Strain*Treatment,Time_0,Time_0.5,Time_1,Time_1.5,Time_2,Time_2.5,Time_3,Time_3.5,Time_4,Time_4.5,Time_5,Time_5.5,Time_6,Time_6.5,Time_7,Time_7.5,Time_8,Time_8.5,Time_9,Time_9.5,Time_10,Time_10.5,Time_11,Time_11.5,Time_12,Time_12.5,Time_13,Time_13.5,Time_14,Time_14.5,Time_15,Time_15.5,Time_16,Time_16.5,Time_17,Time_17.5,Time_18,Time_18.5,Time_19,Time_19.5,Time_20
SGRP_mTORinhibitsSCREEN_SET1HIGHrapaANDhighTORIN_PU_03162018_D.x,NCYC3312-2.5%DMSO,65.96440415,2.051258302,95.00459389,3.157161595,NCYC 3312,DBVPG 1373,2.5% DMSO,DBVPG 1373*2.5% DMSO,0,0.047666667,0.055,0.069333333,0.088333333,0.111666667,0.149,0.186,0.226,0.291333333,0.362,0.496333333,0.541,0.638333333,0.732,0.826333333,0.91,1.002,1.089666667,1.137333333,1.161333333,1.189666667,1.22,1.252,1.287,1.319666667,1.394333333,1.384666667,1.410333333,1.440666667,1.466333333,1.486666667,1.511333333,1.532,1.548666667,1.565333333,1.584,1.598666667,1.613333333,1.623666667,1.637
