experiment,Line-Treatment,DT inflection,StDev_inf,DT interval,StDev_int,Lab strain,Strain,Treatment,Strain*Treatment,Time_0,Time_0.5,Time_1,Time_1.5,Time_2,Time_2.5,Time_3,Time_3.5,Time_4,Time_4.5,Time_5,Time_5.5,Time_6,Time_6.5,Time_7,Time_7.5,Time_8,Time_8.5,Time_9,Time_9.5,Time_10,Time_10.5,Time_11,Time_11.5,Time_12,Time_12.5,Time_13,Time_13.5,Time_14,Time_14.5,Time_15,Time_15.5,Time_16,Time_16.5,Time_17,Time_17.5,Time_18,Time_18.5,Time_19,Time_19.5,Time_20
SGRP_mTORinhibits_SET3_GDC_Redo_JEMBL_08102017.xls,YML 567-100 uM GDC0941,139.5163629,4.269584976,159.3088368,9.848035036,yML 567,FM476,100 uM GDC0941,FM476*100 uM GDC0941,0,0.038,0.054666667,0.054666667,0.052333333,0.055666667,0.06,0.062333333,0.067666667,0.072333333,0.077666667,0.086666667,0.092333333,0.1,0.109333333,0.12,0.132,0.146,0.162333333,0.181333333,0.205333333,0.233333333,0.264333333,0.301,0.348666667,0.402,0.465,0.533333333,0.61,0.695666667,0.784,0.860666667,0.898333333,0.923333333,0.925666667,0.926333333,0.930666667,0.930333333,0.929666667,0.932,0.933
SGRP_mTORinhibitsSCREEN_SET3_round2_GDC_KG_09142017_D.xls,YML 567-100 uM GDC0941,158.2395877,1.702404275,185.7793154,3.270225177,yML 567,FM476,100 uM GDC0941,FM476*100 uM GDC0941,0,0.047666667,0.052,0.054,0.059,0.067,0.071333333,0.077,0.086666667,0.095333333,0.103666667,0.113,0.123333333,0.139,0.151666667,0.170333333,0.184333333,0.206333333,0.234333333,0.257,0.289666667,0.327333333,0.368,0.414333333,0.468333333,0.530666667,0.597,0.666333333,0.742666667,0.819,0.878,0.934666667,0.971666667,0.999333333,1.005333333,1.004666667,1.006,1.004333333,1.003,1.001666667,1.0
