experiment,Line-Treatment,DT inflection,StDev_inf,DT interval,StDev_int,Lab strain,Strain,Treatment,Strain*Treatment,Time_0,Time_0.5,Time_1,Time_1.5,Time_2,Time_2.5,Time_3,Time_3.5,Time_4,Time_4.5,Time_5,Time_5.5,Time_6,Time_6.5,Time_7,Time_7.5,Time_8,Time_8.5,Time_9,Time_9.5,Time_10,Time_10.5,Time_11,Time_11.5,Time_12,Time_12.5,Time_13,Time_13.5,Time_14,Time_14.5,Time_15,Time_15.5,Time_16,Time_16.5,Time_17,Time_17.5,Time_18,Time_18.5,Time_19,Time_19.5,Time_20
SGRP_mTORinhibitsSCREEN_SET2_LOWRAPA_highTORIN_MGK_12032017_F,NCYC 3462-2.5 ng/ml RAPA,10.99306993,6.067134451,52.4237714,13.86825704,NCYC 3462,UWOPS05-217.3 ,2.5 ng/mL RAPA,UWOPS05-217.3 *2.5 ng/mL RAPA,0,0.084333333,0.056,0.020333333,0.003333333,0.048,0.085333333,0.002666667,0.104666667,0.251333333,0.233,0.333,0.181333333,0.637333333,0.822666667,0.866666667,0.922,1.001666667,1.173666667,1.226666667,1.219333333,1.294,1.308333333,1.311666667,1.314,1.305666667,1.416,1.414666667,1.368,1.395333333,1.348333333,1.313333333,1.270666667,1.314,1.372333333,1.308,1.33,1.290666667,1.301666667,1.341333333,1.337666667
SGRP_mTORinhibitsSCREEN_SET2_lowRAPA_KGPUMBL_100117.xls,NCYC 3462-2.5 ng/ml RAPA,15.78181484,17.48514596,26.87704597,29.83950334,NCYC 3462,UWOPS05-217.3 ,2.5 ng/mL RAPA,UWOPS05-217.3 *2.5 ng/mL RAPA,0,0.047,0.055333333,0.059333333,0.066333333,0.114333333,0.122,0.080666667,0.102,0.344666667,0.475,0.623333333,0.781666667,0.952,1.098333333,1.228,1.282,1.311,1.336,1.370333333,1.399,1.427333333,1.459,1.489333333,1.515,1.549,1.574,1.602333333,1.626333333,1.646333333,1.670333333,1.682666667,1.701666667,1.717666667,1.735333333,1.747666667,1.756333333,1.771333333,1.782,1.796666667,1.798333333
