experiment,Line-Treatment,DT inflection,StDev_inf,DT interval,StDev_int,Lab strain,Strain,Treatment,Strain*Treatment,Time_0,Time_0.5,Time_1,Time_1.5,Time_2,Time_2.5,Time_3,Time_3.5,Time_4,Time_4.5,Time_5,Time_5.5,Time_6,Time_6.5,Time_7,Time_7.5,Time_8,Time_8.5,Time_9,Time_9.5,Time_10,Time_10.5,Time_11,Time_11.5,Time_12,Time_12.5,Time_13,Time_13.5,Time_14,Time_14.5,Time_15,Time_15.5,Time_16,Time_16.5,Time_17,Time_17.5,Time_18,Time_18.5,Time_19,Time_19.5,Time_20
SET4_highTORIN_REDO_NBMBL_080717.xls,yML 686-25 uM Torin 1,89.52272553,34.83414505,249.6840647,46.23081123,yML 686,KPN3828,25 uM Torin 1,KPN3828*25 uM Torin 1,0,0.007333333,0.008666667,0.019,0.019333333,0.021333333,0.023666667,0.032666667,0.041,0.044,0.049333333,0.059,0.068,0.081,0.09,0.096,0.123666667,0.139333333,0.172666667,0.186,0.213333333,0.245,0.266333333,0.314666667,0.335666667,0.355,0.411333333,0.464333333,0.509,0.571333333,0.598333333,0.669,0.701,0.769333333,0.803,0.801,0.827,0.876,0.876666667,0.879333333,0.904666667
