experiment,Line-Treatment,DT inflection,StDev_inf,DT interval,StDev_int,Lab strain,Strain,Treatment,Strain*Treatment,Time_0,Time_0.5,Time_1,Time_1.5,Time_2,Time_2.5,Time_3,Time_3.5,Time_4,Time_4.5,Time_5,Time_5.5,Time_6,Time_6.5,Time_7,Time_7.5,Time_8,Time_8.5,Time_9,Time_9.5,Time_10,Time_10.5,Time_11,Time_11.5,Time_12,Time_12.5,Time_13,Time_13.5,Time_14,Time_14.5,Time_15,Time_15.5,Time_16,Time_16.5,Time_17,Time_17.5,Time_18,Time_18.5,Time_19,Time_19.5,Time_20
SGRP_mTORinhibitsSCREEN_SET1_lowRAPA_round4_KG_092417.xls,NCYC 3284-2.5 ng/ml RAPA,8.00095131,1.026586774,8.320684643,0.782307112,NCYC 3284,YPS128,2.5 ng/mL RAPA,YPS128*2.5 ng/mL RAPA,0,0.063333333,0.140666667,0.022,0.249333333,0.036666667,0.410333333,0.508,0.699333333,0.854,1.014666667,1.168333333,1.288666667,1.354333333,1.381666667,1.404,1.441333333,1.469333333,1.498666667,1.530333333,1.551333333,1.579333333,1.603666667,1.626,1.640666667,1.652,1.667666667,1.682333333,1.700333333,1.713666667,1.722666667,1.731333333,1.739333333,1.754333333,1.762333333,1.771,1.777333333,1.784666667,1.794333333,1.795,1.808
SGRP_mTORinhibsSCREEN_SET1_lowRAPA_JEMBL_08152017.xls,NCYC 3284-2.5 ng/ml RAPA,10.18256126,3.959577065,16.19999412,14.34316672,NCYC 3284,YPS128,2.5 ng/mL RAPA,YPS128*2.5 ng/mL RAPA,0,0.066666667,0.065333333,0.058333333,0.043666667,0.175333333,0.020333333,0.223666667,0.245666667,0.427,0.489666667,0.735,0.977333333,1.119666667,1.256,1.305,1.335333333,1.368,1.404,1.432333333,1.457,1.492,1.518,1.537333333,1.566,1.586666667,1.607333333,1.624333333,1.644666667,1.659,1.672333333,1.682666667,1.703,1.708333333,1.725333333,1.74,1.748333333,1.761666667,1.765666667,1.778666667,1.785333333
