experiment,Line-Treatment,DT inflection,StDev_inf,DT interval,StDev_int,Lab strain,Strain,Treatment,Strain*Treatment,Time_0,Time_0.5,Time_1,Time_1.5,Time_2,Time_2.5,Time_3,Time_3.5,Time_4,Time_4.5,Time_5,Time_5.5,Time_6,Time_6.5,Time_7,Time_7.5,Time_8,Time_8.5,Time_9,Time_9.5,Time_10,Time_10.5,Time_11,Time_11.5,Time_12,Time_12.5,Time_13,Time_13.5,Time_14,Time_14.5,Time_15,Time_15.5,Time_16,Time_16.5,Time_17,Time_17.5,Time_18,Time_18.5,Time_19,Time_19.5,Time_20
SGRP_mTORinhibitsSCREEN_SET2_CAFFEINE AND lowTORIN_MGK_AR_120320,yML 566-1 uM Torin 1,60.1324302,1.213618606,70.81796064,1.19306176,yML 566,FM479,1 uM Torin 1,FM479*1 uM Torin 1,0,0.05,0.057666667,0.068333333,0.083333333,0.107,0.139333333,0.188,0.242666667,0.343,0.458,0.602,0.738,0.884666667,1.028666667,1.165333333,1.301333333,1.397333333,1.414333333,1.431333333,1.456,1.470666667,1.493666667,1.507333333,1.522333333,1.543333333,1.555,1.565333333,1.572666667,1.576333333,1.589,1.594666667,1.603,1.613,1.627,1.628666667,1.637666667,1.646,1.655666667,1.662,1.666666667
SGRP_mTORinhibitsSCREEN_SET2_CAFFEINE AND lowTORIN_MGK_AR_120320,yML 566-1 uM Torin 1,61.05359923,2.281229176,75.83969251,2.5378416,yML 566,FM479,1 uM Torin 1,FM479*1 uM Torin 1,0,0.055,0.062666667,0.076,0.090666667,0.111,0.139,0.183333333,0.230666667,0.324333333,0.415666667,0.548,0.672,0.804,0.942666667,1.078,1.209333333,1.336333333,1.417333333,1.436333333,1.456666667,1.470333333,1.493,1.507333333,1.526,1.547333333,1.568666667,1.575,1.583666667,1.586666667,1.603666667,1.614666667,1.617666667,1.632666667,1.642333333,1.649,1.658333333,1.667,1.677,1.681666667,1.688
