experiment,Line-Treatment,DT inflection,StDev_inf,DT interval,StDev_int,Lab strain,Strain,Treatment,Strain*Treatment,Time_0,Time_0.5,Time_1,Time_1.5,Time_2,Time_2.5,Time_3,Time_3.5,Time_4,Time_4.5,Time_5,Time_5.5,Time_6,Time_6.5,Time_7,Time_7.5,Time_8,Time_8.5,Time_9,Time_9.5,Time_10,Time_10.5,Time_11,Time_11.5,Time_12,Time_12.5,Time_13,Time_13.5,Time_14,Time_14.5,Time_15,Time_15.5,Time_16,Time_16.5,Time_17,Time_17.5,Time_18,Time_18.5,Time_19,Time_19.5,Time_20
SGRP_mTORinhibsSCREEN_SET1_lowRAPA_KGPUMBL_05062017.xls,NCYC 3264-2.5ng/ml RAPA,65.64664978,1.865200628,66.74503887,1.054918269,NCYC 3264,DBVPG 6765,2.5 ng/mL RAPA,DBVPG 6765*2.5 ng/mL RAPA,0,0.037,0.042333333,0.054,0.000333333,0.093333333,0.125,0.172666667,0.237,0.322,0.434666667,0.550666667,0.612333333,0.823,0.949,0.999,1.167666667,1.19,1.208,1.219666667,1.251,1.273333333,1.294666667,1.326333333,1.355,1.386666667,1.405,1.436666667,1.464333333,1.489,1.5,1.521333333,1.536333333,1.560333333,1.573,1.587666667,1.600333333,1.613666667,1.623,1.630666667,1.645666667
