experiment,Line-Treatment,DT inflection,StDev_inf,DT interval,StDev_int,Lab strain,Strain,Treatment,Strain*Treatment,Time_0,Time_0.5,Time_1,Time_1.5,Time_2,Time_2.5,Time_3,Time_3.5,Time_4,Time_4.5,Time_5,Time_5.5,Time_6,Time_6.5,Time_7,Time_7.5,Time_8,Time_8.5,Time_9,Time_9.5,Time_10,Time_10.5,Time_11,Time_11.5,Time_12,Time_12.5,Time_13,Time_13.5,Time_14,Time_14.5,Time_15,Time_15.5,Time_16,Time_16.5,Time_17,Time_17.5,Time_18,Time_18.5,Time_19,Time_19.5,Time_20
SGRP_mTORinhibitsSCREEN_Set2_highRAPA_KGPU_11202017_F.xls,yML559-20 ng/ml RAPA,172.6677965,14.62707492,210.6269871,2.785370954,yML 559,Y10,20 ng/mL RAPA,Y10*20 ng/mL RAPA,0,0.042666667,0.048,0.058,0.066,0.074666667,0.084333333,0.094666667,0.107,0.118333333,0.130666667,0.145666667,0.161,0.179666667,0.198333333,0.222333333,0.247,0.273666667,0.302666667,0.333666667,0.368,0.406333333,0.439666667,0.483333333,0.527333333,0.569333333,0.622,0.678333333,0.733,0.789,0.845333333,0.902333333,0.956,1.010333333,1.062666667,1.113333333,1.161666667,1.208666667,1.254666667,1.297333333,1.337666667
