experiment,Line-Treatment,DT inflection,StDev_inf,DT interval,StDev_int,Lab strain,Strain,Treatment,Strain*Treatment,Time_0,Time_0.5,Time_1,Time_1.5,Time_2,Time_2.5,Time_3,Time_3.5,Time_4,Time_4.5,Time_5,Time_5.5,Time_6,Time_6.5,Time_7,Time_7.5,Time_8,Time_8.5,Time_9,Time_9.5,Time_10,Time_10.5,Time_11,Time_11.5,Time_12,Time_12.5,Time_13,Time_13.5,Time_14,Time_14.5,Time_15,Time_15.5,Time_16,Time_16.5,Time_17,Time_17.5,Time_18,Time_18.5,Time_19,Time_19.5,Time_20
SGRP_mTORinhibitsSCREEN_SET3_LOWRAPA_JEMBL_12012017_F,yML 680-1% DMSO,68.01715129,10.2322793,74.32397482,6.566690107,yML 680,DBVPG 6304,1% DMSO,DBVPG 6304*1% DMSO,0,0.008,0.008,0.011,0.025666667,0.029666667,0.230333333,0.298333333,0.403,0.506,0.633666667,0.765,0.931333333,1.052333333,1.112666667,1.138666667,1.158666667,1.172,1.197333333,1.223666667,1.246333333,1.281333333,1.306666667,1.340666667,1.367666667,1.394,1.422666667,1.443,1.465,1.483333333,1.501666667,1.514666667,1.530666667,1.557,1.557,1.582333333,1.597333333,1.614,1.624666667,1.635666667,1.646333333
