experiment,Line-Treatment,DT inflection,StDev_inf,DT interval,StDev_int,Lab strain,Strain,Treatment,Strain*Treatment,Time_0,Time_0.5,Time_1,Time_1.5,Time_2,Time_2.5,Time_3,Time_3.5,Time_4,Time_4.5,Time_5,Time_5.5,Time_6,Time_6.5,Time_7,Time_7.5,Time_8,Time_8.5,Time_9,Time_9.5,Time_10,Time_10.5,Time_11,Time_11.5,Time_12,Time_12.5,Time_13,Time_13.5,Time_14,Time_14.5,Time_15,Time_15.5,Time_16,Time_16.5,Time_17,Time_17.5,Time_18,Time_18.5,Time_19,Time_19.5,Time_20
SGRP_mTORinhibits_SET3_GDC_Redo_JEMBL_08102017.xls,YML665-100 uM GDC0941,31.44539818,4.0098029,49.73540261,2.232234257,yML 665,N-45,100 uM GDC0941,N-45*100 uM GDC0941,0,0.083,0.099666667,0.114666667,0.091666667,0.083666667,0.098,0.08,0.101333333,0.138333333,0.137,0.176333333,0.309,0.478333333,0.758,0.956666667,1.048,1.167,1.226666667,1.239333333,1.251,1.271,1.293,1.313666667,1.361333333,1.384666667,1.421,1.454,1.481666667,1.500666667,1.528,1.552333333,1.564666667,1.592666667,1.611333333,1.622666667,1.641,1.649666667,1.656,1.673666667,1.687666667
SGRP_mTORinhibitsSCREEN_SET3_round2_GDC_KG_09142017_D.xls,YML665-100 uM GDC0941,61.66708903,12.82469883,101.8381918,23.36452458,yML 665,N-45,100 uM GDC0941,N-45*100 uM GDC0941,0,0.077666667,0.083666667,0.088333333,0.083666667,0.101666667,0.106333333,0.114333333,0.146666667,0.185333333,0.224333333,0.303,0.369,0.474,0.611666667,0.747666667,0.874333333,0.99,1.105,1.199,1.296333333,1.347666667,1.363333333,1.377333333,1.389666667,1.410666667,1.433,1.454333333,1.482333333,1.502333333,1.530666667,1.547666667,1.569,1.589,1.600666667,1.615,1.636333333,1.646,1.661333333,1.673,1.681666667
