experiment,Line-Treatment,DT inflection,StDev_inf,DT interval,StDev_int,Lab strain,Strain,Treatment,Strain*Treatment,Time_0,Time_0.5,Time_1,Time_1.5,Time_2,Time_2.5,Time_3,Time_3.5,Time_4,Time_4.5,Time_5,Time_5.5,Time_6,Time_6.5,Time_7,Time_7.5,Time_8,Time_8.5,Time_9,Time_9.5,Time_10,Time_10.5,Time_11,Time_11.5,Time_12,Time_12.5,Time_13,Time_13.5,Time_14,Time_14.5,Time_15,Time_15.5,Time_16,Time_16.5,Time_17,Time_17.5,Time_18,Time_18.5,Time_19,Time_19.5,Time_20
RB_RUN1_F_SGRPmTORscreen_KGA_11082018.xls,yML559-1 uM Torin 1,70.81550828,6.661872556,95.87234598,7.625533267,yML 559,Y10,1 uM Torin 1,Y10*1 uM Torin 1,0,0.040666667,0.045666667,0.052666667,0.058333333,0.057666667,0.087666667,0.105,0.133666667,0.182,0.214333333,0.277333333,0.35,0.437333333,0.531,0.629,0.735333333,0.84,0.946,1.039666667,1.107333333,1.131,1.155333333,1.18,1.202666667,1.236,1.264666667,1.289333333,1.315666667,1.337,1.358,1.379333333,1.401,1.419333333,1.438666667,1.46,1.474666667,1.489,1.498666667,1.516333333,1.530333333
SGRP_mTORinhibitsSCREEN_SET2_LOWTORIN_ARMBL_09192017.xls,yML559-1 uM Torin 1,88.89101154,0.553602664,92.79463192,2.311412968,yML 559,Y10,1 uM Torin 1,Y10*1 uM Torin 1,0,0.014,0.016,0.017,0.017333333,0.018,0.019666667,0.022333333,0.023666667,0.027,0.031666667,0.037333333,0.044,0.053666667,0.063666667,0.079,0.095666667,0.12,0.149333333,0.182333333,0.228666667,0.285666667,0.357666667,0.440666667,0.535666667,0.645333333,0.736666667,0.758666667,0.761666667,0.763666667,0.768333333,0.78,0.796666667,0.809666667,0.833666667,0.853666667,0.881,0.907333333,0.938333333,0.971333333,1.005
SGRP_mTORinhibitsSCREEN_SET2_lowTORIN_JEMBL_100117.xls,yML559-1 uM Torin 1,77.28094988,1.990096053,96.09400785,4.077392604,yML 559,Y10,1 uM Torin 1,Y10*1 uM Torin 1,0,0.040666667,0.045666667,0.055,0.064666667,0.079333333,0.089,0.112666667,0.133666667,0.175,0.217,0.274,0.335333333,0.425,0.521666667,0.638333333,0.742333333,0.855333333,0.969,1.078666667,1.181666667,1.269,1.298333333,1.327666667,1.355333333,1.386333333,1.416333333,1.447333333,1.478,1.501666667,1.528,1.551333333,1.573333333,1.593333333,1.614666667,1.634666667,1.652,1.668666667,1.686,1.699666667,1.714
