experiment,Line-Treatment,DT inflection,StDev_inf,DT interval,StDev_int,Lab strain,Strain,Treatment,Strain*Treatment,Time_0,Time_0.5,Time_1,Time_1.5,Time_2,Time_2.5,Time_3,Time_3.5,Time_4,Time_4.5,Time_5,Time_5.5,Time_6,Time_6.5,Time_7,Time_7.5,Time_8,Time_8.5,Time_9,Time_9.5,Time_10,Time_10.5,Time_11,Time_11.5,Time_12,Time_12.5,Time_13,Time_13.5,Time_14,Time_14.5,Time_15,Time_15.5,Time_16,Time_16.5,Time_17,Time_17.5,Time_18,Time_18.5,Time_19,Time_19.5,Time_20
SGRP_mTORinhibitsSCREEN_SET 1 2 3 4 High-Low Rapa High-Low Torin,yML 559-2.5 ng/ml RAPA,74.45762122,7.452285649,84.4519918,8.815616561,yML 559,Y10,2.5 ng/mL RAPA,Y10*2.5 ng/mL RAPA,0,0.045,0.048333333,0.056,0.063,0.08,0.097333333,0.121333333,0.151333333,0.188333333,0.234,0.311,0.385666667,0.484333333,0.583333333,0.689,0.803666667,0.918,1.014,1.103333333,1.168666667,1.238333333,1.300666667,1.362333333,1.398333333,1.432333333,1.462666667,1.493666667,1.521333333,1.548333333,1.575333333,1.602,1.624333333,1.647666667,1.667666667,1.690333333,1.707666667,1.724,1.740666667,1.756,1.770333333
