experiment,Line-Treatment,DT inflection,StDev_inf,DT interval,StDev_int,Lab strain,Strain,Treatment,Strain*Treatment,Time_0,Time_0.5,Time_1,Time_1.5,Time_2,Time_2.5,Time_3,Time_3.5,Time_4,Time_4.5,Time_5,Time_5.5,Time_6,Time_6.5,Time_7,Time_7.5,Time_8,Time_8.5,Time_9,Time_9.5,Time_10,Time_10.5,Time_11,Time_11.5,Time_12,Time_12.5,Time_13,Time_13.5,Time_14,Time_14.5,Time_15,Time_15.5,Time_16,Time_16.5,Time_17,Time_17.5,Time_18,Time_18.5,Time_19,Time_19.5,Time_20
SGRP_mTOR_inhibitsSCREEN_SET1_highgdc-0941_AR_053117.xls,NCYC 3447-100uM GDC0941,74.02369084,1.505847012,81.73286169,1.96988398,NCYC 3447,DBVPG 1106,100 uM GDC0941,DBVPG 1106*100 uM GDC0941,0,0.104333333,0.114333333,0.124,0.148333333,0.177666667,0.225666667,0.291666667,0.386333333,0.498333333,0.630666667,0.776,0.928,1.076333333,1.209,1.254,1.271333333,1.291333333,1.322666667,1.352666667,1.382,1.413666667,1.448333333,1.481,1.511,1.538,1.560333333,1.580333333,1.601666667,1.621666667,1.638666667,1.653666667,1.670666667,1.686,1.701,1.710333333,1.724666667,1.736,1.747,1.756,1.766333333
