experiment,Line-Treatment,DT inflection,StDev_inf,DT interval,StDev_int,Lab strain,Strain,Treatment,Strain*Treatment,Time_0,Time_0.5,Time_1,Time_1.5,Time_2,Time_2.5,Time_3,Time_3.5,Time_4,Time_4.5,Time_5,Time_5.5,Time_6,Time_6.5,Time_7,Time_7.5,Time_8,Time_8.5,Time_9,Time_9.5,Time_10,Time_10.5,Time_11,Time_11.5,Time_12,Time_12.5,Time_13,Time_13.5,Time_14,Time_14.5,Time_15,Time_15.5,Time_16,Time_16.5,Time_17,Time_17.5,Time_18,Time_18.5,Time_19,Time_19.5,Time_20
SGRP_mTORinhibitsSCREEN_SET3_LOWRAPA_JEMBL_12012017_F,yML 666-1% DMSO,74.97877363,8.499002023,82.03522374,2.83843605,yML 666,UFRJ50816,1% DMSO,UFRJ50816*1% DMSO,0,0.005333333,0.005333333,0.045333333,0.057666667,0.079666667,0.182333333,0.245333333,0.312666667,0.399333333,0.494333333,0.623333333,0.758,0.887666667,1.033,1.151333333,1.188333333,1.207666667,1.223666667,1.244,1.273666667,1.304,1.335333333,1.362666667,1.385666667,1.414,1.441,1.465333333,1.488666667,1.513,1.536333333,1.555,1.575,1.594,1.608333333,1.624,1.637,1.654333333,1.666666667,1.675666667,1.687333333
