experiment,Line-Treatment,DT inflection,StDev_inf,DT interval,StDev_int,Lab strain,Strain,Treatment,Strain*Treatment,Time_0,Time_0.5,Time_1,Time_1.5,Time_2,Time_2.5,Time_3,Time_3.5,Time_4,Time_4.5,Time_5,Time_5.5,Time_6,Time_6.5,Time_7,Time_7.5,Time_8,Time_8.5,Time_9,Time_9.5,Time_10,Time_10.5,Time_11,Time_11.5,Time_12,Time_12.5,Time_13,Time_13.5,Time_14,Time_14.5,Time_15,Time_15.5,Time_16,Time_16.5,Time_17,Time_17.5,Time_18,Time_18.5,Time_19,Time_19.5,Time_20
SGRP_mTORinhibitsSCREEN_SET 1 2 3 4 High-Low Rapa High-Low Torin,yML668-20 ng/ml RAPA,170.6927388,1.510384004,233.9474527,3.311021019,yML 668,N-17,20 ng/mL RAPA,N-17*20 ng/mL RAPA,0,0.029666667,0.030333333,0.034333333,0.037,0.042,0.048,0.053,0.058333333,0.065333333,0.072,0.081,0.089666667,0.101333333,0.110666667,0.121666667,0.134,0.149666667,0.161,0.180666667,0.197,0.217,0.237,0.258,0.283,0.308666667,0.335666667,0.370333333,0.399333333,0.432666667,0.473666667,0.517333333,0.552333333,0.597333333,0.644666667,0.688333333,0.735,0.775666667,0.820666667,0.870333333,0.919666667
