experiment,Line-Treatment,DT inflection,StDev_inf,DT interval,StDev_int,Lab strain,Strain,Treatment,Strain*Treatment,Time_0,Time_0.5,Time_1,Time_1.5,Time_2,Time_2.5,Time_3,Time_3.5,Time_4,Time_4.5,Time_5,Time_5.5,Time_6,Time_6.5,Time_7,Time_7.5,Time_8,Time_8.5,Time_9,Time_9.5,Time_10,Time_10.5,Time_11,Time_11.5,Time_12,Time_12.5,Time_13,Time_13.5,Time_14,Time_14.5,Time_15,Time_15.5,Time_16,Time_16.5,Time_17,Time_17.5,Time_18,Time_18.5,Time_19,Time_19.5,Time_20
SGRP_mTORinhibitsSCREEN_SET2_GDC_MGK_081917(fixed with adding wr,NCYC 3467-100 uM GDC0941,106.0515248,3.859495896,117.4297996,4.218682617,NCYC 3467,W303,100 uM GDC0941,W303*100 uM GDC0941,0,0.042666667,0.044,0.049333333,0.05,0.054333333,0.061,0.066666667,0.077,0.086333333,0.103,0.120333333,0.141666667,0.167,0.201666667,0.245333333,0.289666667,0.346,0.404,0.471,0.548666667,0.620333333,0.684666667,0.726333333,0.767,0.811666667,0.857,0.895333333,0.936,0.971666667,1.010333333,1.043666667,1.078333333,1.102666667,1.117,1.121666667,1.124666667,1.134666667,1.136,1.141666667,1.149
