experiment,Line-Treatment,DT inflection,StDev_inf,DT interval,StDev_int,Lab strain,Strain,Treatment,Strain*Treatment,Time_0,Time_0.5,Time_1,Time_1.5,Time_2,Time_2.5,Time_3,Time_3.5,Time_4,Time_4.5,Time_5,Time_5.5,Time_6,Time_6.5,Time_7,Time_7.5,Time_8,Time_8.5,Time_9,Time_9.5,Time_10,Time_10.5,Time_11,Time_11.5,Time_12,Time_12.5,Time_13,Time_13.5,Time_14,Time_14.5,Time_15,Time_15.5,Time_16,Time_16.5,Time_17,Time_17.5,Time_18,Time_18.5,Time_19,Time_19.5,Time_20
original data.xls SET 4 HIGH RAPA,YML693-20 ng/ml RAPA,72.12894735,32.70508534,139.6000851,16.62696548,yML 693,Z1,20 ng/mL RAPA,Z1*20 ng/mL RAPA,0,0.055666667,0.046666667,0.057,0.042333333,0.066666667,0.101333333,0.107666667,0.165,0.188333333,0.227333333,0.266,0.315666667,0.371333333,0.421,0.474333333,0.533333333,0.610666667,0.687666667,0.776666667,0.865,0.948,1.026666667,1.103666667,1.170666667,1.236,1.301666667,1.353666667,1.418,1.452333333,1.497333333,1.517,1.538333333,1.555333333,1.576666667,1.589666667,1.605,1.616333333,1.623666667,1.638666667,1.645333333
