experiment,Line-Treatment,DT inflection,StDev_inf,DT interval,StDev_int,Lab strain,Strain,Treatment,Strain*Treatment,Time_0,Time_0.5,Time_1,Time_1.5,Time_2,Time_2.5,Time_3,Time_3.5,Time_4,Time_4.5,Time_5,Time_5.5,Time_6,Time_6.5,Time_7,Time_7.5,Time_8,Time_8.5,Time_9,Time_9.5,Time_10,Time_10.5,Time_11,Time_11.5,Time_12,Time_12.5,Time_13,Time_13.5,Time_14,Time_14.5,Time_15,Time_15.5,Time_16,Time_16.5,Time_17,Time_17.5,Time_18,Time_18.5,Time_19,Time_19.5,Time_20
SET2_caffeine_KGPU_080517.xls,NCYC 3460-1000 ug/ml Caffeine,83.96689032,4.175122826,93.57510431,6.384053946,NCYC 3460,Y9,1 mg/mL Caffeine,Y9*1 mg/mL Caffeine,0,0.005,0.005333333,0.006333333,0.005666667,0.005333333,0.005666667,0.042333333,0.051,0.057333333,0.095333333,0.109333333,0.137,0.170333333,0.216333333,0.248333333,0.319,0.394333333,0.478666667,0.581666667,0.687333333,0.809666667,0.918666667,1.004666667,1.093,1.185333333,1.285666667,1.340333333,1.339333333,1.324,1.304666667,1.246666667,1.167666667,1.123333333,1.024,0.899666667,0.73,0.627666667,0.575666667,0.579,0.604
SGRP_mTORinhibits_SET2_Caffeine_JE_092817.xls,NCYC 3460-1000 ug/ml Caffeine,81.78151648,6.09251404,112.7973393,16.20610675,NCYC 3460,Y9,1 mg/mL Caffeine,Y9*1 mg/mL Caffeine,0,0.023,0.023666667,0.023666667,0.022,0.020333333,0.019,0.082333333,0.091666667,0.114333333,0.141333333,0.177666667,0.206666667,0.262,0.312,0.39,0.479,0.583666667,0.713,0.839,0.987666667,1.123666667,1.283666667,1.403666667,1.446,1.483,1.495333333,1.515666667,1.508,1.485666667,1.439333333,1.377,1.245,1.047,0.892,0.704666667,0.645333333,0.639333333,0.692333333,0.762,0.828
SGRP_mTORinhibitsSCREEN_SET2_Caffeine_JE_092717.xls,NCYC 3460-1000 ug/ml Caffeine,82.76728558,3.419889104,94.59485558,0.973417419,NCYC 3460,Y9,1 mg/mL Caffeine,Y9*1 mg/mL Caffeine,0,0.010333333,0.010666667,0.011,0.010666667,0.016666667,0.022333333,0.028,0.036333333,0.042666667,0.051666667,0.063666667,0.079,0.099,0.124,0.154666667,0.197666667,0.248,0.308333333,0.381666667,0.469333333,0.564,0.671333333,0.794333333,0.916,1.038666667,1.163666667,1.281333333,1.381,1.405,1.373333333,1.364,1.373333333,1.47,1.484333333,1.541333333,1.573666667,1.6,1.639333333,1.617666667,1.601333333
