experiment,Line-Treatment,DT inflection,StDev_inf,DT interval,StDev_int,Lab strain,Strain,Treatment,Strain*Treatment,Time_0,Time_0.5,Time_1,Time_1.5,Time_2,Time_2.5,Time_3,Time_3.5,Time_4,Time_4.5,Time_5,Time_5.5,Time_6,Time_6.5,Time_7,Time_7.5,Time_8,Time_8.5,Time_9,Time_9.5,Time_10,Time_10.5,Time_11,Time_11.5,Time_12,Time_12.5,Time_13,Time_13.5,Time_14,Time_14.5,Time_15,Time_15.5,Time_16,Time_16.5,Time_17,Time_17.5,Time_18,Time_18.5,Time_19,Time_19.5,Time_20
SGRP_mTORinhibitsSCREEN_SET3_LOWTORIN_MGK_09112017F.xls,YML667-1 uM Torin 1,77.29750873,5.38209246,96.6411121,22.09131515,yML 667,N-44,1 uM Torin 1,N-44*1 uM Torin 1,0,0.061333333,0.057666667,0.048,0.038333333,0.031333333,0.027666667,0.178,0.226,0.283333333,0.361,0.455,0.545333333,0.685,0.815333333,0.938,1.053666667,1.164666667,1.229666667,1.248,1.276,1.307,1.34,1.377333333,1.413666667,1.444,1.474,1.499333333,1.52,1.541666667,1.561666667,1.578333333,1.594666667,1.611666667,1.625333333,1.640666667,1.653666667,1.667,1.677666667,1.688666667,1.700666667
SGRP_mTORinhibitsSCREEN_SET3_LOWTORIN_PUMT_062817.xls,YML667-1 uM Torin 1,42.85488787,11.25836317,181.6643948,133.7167185,yML 667,N-44,1 uM Torin 1,N-44*1 uM Torin 1,0,0.053,0.057333333,0.061,0.058333333,0.04,0.041666667,0.043666667,0.049,0.168333333,0.196,0.305333333,0.412,0.628666667,0.770333333,0.887666667,1.016,1.134333333,1.227333333,1.233666667,1.252666667,1.278,1.303,1.337,1.364666667,1.401,1.426,1.456,1.483666667,1.504333333,1.525,1.547,1.565333333,1.581333333,1.598666667,1.614666667,1.628666667,1.647666667,1.654333333,1.665333333,1.684333333
