experiment,Line-Treatment,DT inflection,StDev_inf,DT interval,StDev_int,Lab strain,Strain,Treatment,Strain*Treatment,Time_0,Time_0.5,Time_1,Time_1.5,Time_2,Time_2.5,Time_3,Time_3.5,Time_4,Time_4.5,Time_5,Time_5.5,Time_6,Time_6.5,Time_7,Time_7.5,Time_8,Time_8.5,Time_9,Time_9.5,Time_10,Time_10.5,Time_11,Time_11.5,Time_12,Time_12.5,Time_13,Time_13.5,Time_14,Time_14.5,Time_15,Time_15.5,Time_16,Time_16.5,Time_17,Time_17.5,Time_18,Time_18.5,Time_19,Time_19.5,Time_20
SGRP_mTORinhibitsSCREEN_SET2_GDC_AR_062617.xls,NCYC 3487-100uM GDC0941,90.54322139,4.170758607,110.8020999,13.73383052,NCYC 3487,YS2 ,100 uM GDC0941,YS2 *100 uM GDC0941,0,0.033333333,0.034333333,0.051,0.058333333,0.063666667,0.068666667,0.074,0.083,0.090333333,0.102,0.119,0.137666667,0.163333333,0.203333333,0.234333333,0.282,0.353333333,0.432,0.51,0.620333333,0.723666667,0.838666667,0.934333333,1.014666667,1.053,1.074,1.090666667,1.111333333,1.14,1.162,1.193333333,1.222666667,1.25,1.282333333,1.313666667,1.344666667,1.379666667,1.409666667,1.426333333,1.442333333
