experiment,Line-Treatment,DT inflection,StDev_inf,DT interval,StDev_int,Lab strain,Strain,Treatment,Strain*Treatment,Time_0,Time_0.5,Time_1,Time_1.5,Time_2,Time_2.5,Time_3,Time_3.5,Time_4,Time_4.5,Time_5,Time_5.5,Time_6,Time_6.5,Time_7,Time_7.5,Time_8,Time_8.5,Time_9,Time_9.5,Time_10,Time_10.5,Time_11,Time_11.5,Time_12,Time_12.5,Time_13,Time_13.5,Time_14,Time_14.5,Time_15,Time_15.5,Time_16,Time_16.5,Time_17,Time_17.5,Time_18,Time_18.5,Time_19,Time_19.5,Time_20
SGRP_mTORinhibsSCREEN_SET1_lowRAPA_KGPUMBL_05062017.xls,NCYC 3457-2.5ng/ml RAPA,57.35800135,6.41314374,86.40729129,3.240166393,NCYC 3457,273614 N,2.5 ng/mL RAPA,273614 N*2.5 ng/mL RAPA,0,0.049,0.053,0.065333333,0.008333333,0.104,0.128,0.160333333,0.203,0.256333333,0.33,0.420333333,0.459,0.658666667,0.787,0.857,1.066666667,1.192666667,1.279,1.307666667,1.346666667,1.368,1.388666667,1.426,1.450666667,1.480333333,1.494,1.524333333,1.552333333,1.573333333,1.581666667,1.599,1.618,1.640666667,1.649,1.659333333,1.670666667,1.687333333,1.692333333,1.701666667,1.715666667
