experiment,Line-Treatment,DT inflection,StDev_inf,DT interval,StDev_int,Lab strain,Strain,Treatment,Strain*Treatment,Time_0,Time_0.5,Time_1,Time_1.5,Time_2,Time_2.5,Time_3,Time_3.5,Time_4,Time_4.5,Time_5,Time_5.5,Time_6,Time_6.5,Time_7,Time_7.5,Time_8,Time_8.5,Time_9,Time_9.5,Time_10,Time_10.5,Time_11,Time_11.5,Time_12,Time_12.5,Time_13,Time_13.5,Time_14,Time_14.5,Time_15,Time_15.5,Time_16,Time_16.5,Time_17,Time_17.5,Time_18,Time_18.5,Time_19,Time_19.5,Time_20
RB_RUN1_F_SGRPmTORscreen_KGA_11082018.xls,yML742-1%DMSO,69.39323588,2.539778519,77.13874462,3.599275649,BY4743,BY4743,1% DMSO,BY4743*1% DMSO,0,0.049,0.053666667,0.059,0.069666667,0.075666667,0.114,0.148333333,0.199333333,0.266666667,0.337,0.433666667,0.538333333,0.648666667,0.754666667,0.849333333,0.920333333,0.960666667,0.973666667,0.974333333,0.981,0.988666667,0.996666667,1.015,1.008666667,1.018,1.027,1.035,1.042666667,1.056,1.066666667,1.076666667,1.089666667,1.1,1.113,1.127333333,1.137666667,1.149,1.160666667,1.174333333,1.184
SGRP_mTORinhibitsSCREEN_SET1HIGHrapaANDhighTORIN_PU_03162018_D.x,yML742-1%DMSO,76.35258739,1.386250401,79.32996585,0.988488098,BY4743,BY4743,1% DMSO,BY4743*1% DMSO,0,0.035,0.039666667,0.047,0.06,0.077333333,0.104666667,0.134333333,0.170666667,0.222,0.290333333,0.373,0.475666667,0.591,0.712,0.836,0.939666667,1.013333333,1.053666667,1.056,1.065,1.074,1.081,1.094,1.103666667,1.118,1.133333333,1.148,1.165,1.184,1.198666667,1.216333333,1.235333333,1.252666667,1.267666667,1.284333333,1.301666667,1.319333333,1.333333333,1.348333333,1.363
