experiment,Line-Treatment,DT inflection,StDev_inf,DT interval,StDev_int,Lab strain,Strain,Treatment,Strain*Treatment,Time_0,Time_0.5,Time_1,Time_1.5,Time_2,Time_2.5,Time_3,Time_3.5,Time_4,Time_4.5,Time_5,Time_5.5,Time_6,Time_6.5,Time_7,Time_7.5,Time_8,Time_8.5,Time_9,Time_9.5,Time_10,Time_10.5,Time_11,Time_11.5,Time_12,Time_12.5,Time_13,Time_13.5,Time_14,Time_14.5,Time_15,Time_15.5,Time_16,Time_16.5,Time_17,Time_17.5,Time_18,Time_18.5,Time_19,Time_19.5,Time_20
SGRP_mTORinhibits_SET3_GDC_Redo_JEMBL_08102017.xls,YML669-100 uM GDC0941,72.62473205,9.244678719,90.87809244,2.38839568,yML 669,T21.4,100 uM GDC0941,T21.4*100 uM GDC0941,0,0.064333333,0.079666667,0.081333333,0.073333333,0.084333333,0.105333333,0.133666667,0.193,0.251333333,0.308666667,0.385333333,0.483666667,0.595,0.715666667,0.835,0.952,1.066333333,1.171,1.212333333,1.233666667,1.256333333,1.286666667,1.319333333,1.358666667,1.394666667,1.423666667,1.453,1.477333333,1.502666667,1.522666667,1.543,1.563,1.580666667,1.598333333,1.614,1.629333333,1.641333333,1.654,1.668,1.681666667
SGRP_mTORinhibitsSCREEN_SET3_round2_GDC_KG_09142017_D.xls,YML669-100 uM GDC0941,88.52944973,6.354808462,120.9764067,7.321052563,yML 669,T21.4,100 uM GDC0941,T21.4*100 uM GDC0941,0,0.076333333,0.080333333,0.084666667,0.087666667,0.104666667,0.111666667,0.136,0.16,0.189,0.225666667,0.260666667,0.32,0.388666667,0.473333333,0.567666667,0.672333333,0.774666667,0.874333333,0.970333333,1.065333333,1.150666667,1.237,1.290666667,1.313333333,1.332333333,1.350666667,1.367666667,1.39,1.417,1.440666667,1.466666667,1.487666667,1.513666667,1.535666667,1.552,1.574333333,1.592333333,1.608333333,1.617,1.631
