experiment,Line-Treatment,DT inflection,StDev_inf,DT interval,StDev_int,Lab strain,Strain,Treatment,Strain*Treatment,Time_0,Time_0.5,Time_1,Time_1.5,Time_2,Time_2.5,Time_3,Time_3.5,Time_4,Time_4.5,Time_5,Time_5.5,Time_6,Time_6.5,Time_7,Time_7.5,Time_8,Time_8.5,Time_9,Time_9.5,Time_10,Time_10.5,Time_11,Time_11.5,Time_12,Time_12.5,Time_13,Time_13.5,Time_14,Time_14.5,Time_15,Time_15.5,Time_16,Time_16.5,Time_17,Time_17.5,Time_18,Time_18.5,Time_19,Time_19.5,Time_20
SGRP_mTORinhibitsSCREEN_SET 1 2 3 4 High-Low Rapa High-Low Torin,yML697-25 uM Torin 1,67.12904797,40.7668977,102.1436794,12.04726475,yML 697,UFRJ50791,25 uM Torin 1,UFRJ50791*25 uM Torin 1,0,0.065666667,0.067333333,0.067666667,0.064666667,0.063,0.060333333,0.057666667,0.051666667,0.045333333,0.038666667,0.035666667,0.033333333,0.063,0.133666667,0.149,0.192666667,0.232,0.272666667,0.325666667,0.394333333,0.463,0.539333333,0.618,0.703666667,0.772666667,0.841,0.916333333,0.995,1.069666667,1.130666667,1.186333333,1.241666667,1.299333333,1.357,1.391666667,1.413666667,1.430333333,1.454333333,1.476333333,1.496
