experiment,Line-Treatment,DT inflection,StDev_inf,DT interval,StDev_int,Lab strain,Strain,Treatment,Strain*Treatment,Time_0,Time_0.5,Time_1,Time_1.5,Time_2,Time_2.5,Time_3,Time_3.5,Time_4,Time_4.5,Time_5,Time_5.5,Time_6,Time_6.5,Time_7,Time_7.5,Time_8,Time_8.5,Time_9,Time_9.5,Time_10,Time_10.5,Time_11,Time_11.5,Time_12,Time_12.5,Time_13,Time_13.5,Time_14,Time_14.5,Time_15,Time_15.5,Time_16,Time_16.5,Time_17,Time_17.5,Time_18,Time_18.5,Time_19,Time_19.5,Time_20
SGRP_mTOR_inhibitsSCREEN_SET2_HighRAPA+LowTorin_Repeat_JEMBL_073,yML 566-1% DMSO,54.20638329,1.794983205,54.76918322,2.530527295,yML 566,FM479,1% DMSO,FM479*1% DMSO,0,0.023,0.037666667,0.051,0.068333333,0.092666667,0.134,0.195,0.284,0.405,0.552333333,0.707666667,0.87,1.028333333,1.179333333,1.323666667,1.395333333,1.416333333,1.433666667,1.461,1.479666667,1.503,1.520666667,1.538,1.548333333,1.559666667,1.569,1.580666667,1.588,1.597333333,1.606333333,1.615333333,1.622333333,1.631666667,1.639,1.647666667,1.652333333,1.662666667,1.664666667,1.676,1.684
SGRP_mTORinhibitsSCREEN_SET2_LOWRAPA_highTORIN_MGK_12032017_F,yML 566-1% DMSO,57.12781977,1.946018076,58.46156015,1.926976367,yML 566,FM479,1% DMSO,FM479*1% DMSO,0,0.035666667,0.041666667,0.049666667,0.063666667,0.083333333,0.115666667,0.159,0.228333333,0.324,0.437,0.566333333,0.714,0.864,1.017666667,1.161,1.298333333,1.388,1.407666667,1.419333333,1.436,1.454666667,1.473666667,1.493,1.509666667,1.525666667,1.541333333,1.554333333,1.565,1.574666667,1.582333333,1.592666667,1.600333333,1.610333333,1.618666667,1.626333333,1.634666667,1.640666667,1.646666667,1.656333333,1.661666667
