experiment,Line-Treatment,DT inflection,StDev_inf,DT interval,StDev_int,Lab strain,Strain,Treatment,Strain*Treatment,Time_0,Time_0.5,Time_1,Time_1.5,Time_2,Time_2.5,Time_3,Time_3.5,Time_4,Time_4.5,Time_5,Time_5.5,Time_6,Time_6.5,Time_7,Time_7.5,Time_8,Time_8.5,Time_9,Time_9.5,Time_10,Time_10.5,Time_11,Time_11.5,Time_12,Time_12.5,Time_13,Time_13.5,Time_14,Time_14.5,Time_15,Time_15.5,Time_16,Time_16.5,Time_17,Time_17.5,Time_18,Time_18.5,Time_19,Time_19.5,Time_20
RB_RUN1_F_SGRPmTORscreen_KGA_11082018.xls,yML695-2.5%DMSO,70.62360729,2.238300218,80.40754955,0.670737986,yML 695,Y8.1,2.5% DMSO,Y8.1*2.5% DMSO,0,0.043,0.043666667,0.046666667,0.051666667,0.042666667,0.101666667,0.132666667,0.177,0.227333333,0.301333333,0.384,0.481,0.573333333,0.678666667,0.785333333,0.891666667,0.991666667,1.039666667,1.048,1.068666667,1.086666667,1.110333333,1.140666667,1.172,1.204666667,1.234,1.258333333,1.280333333,1.302333333,1.323,1.344333333,1.362,1.378333333,1.400333333,1.414333333,1.429666667,1.439,1.451,1.460333333,1.476
