experiment,Line-Treatment,DT inflection,StDev_inf,DT interval,StDev_int,Lab strain,Strain,Treatment,Strain*Treatment,Time_0,Time_0.5,Time_1,Time_1.5,Time_2,Time_2.5,Time_3,Time_3.5,Time_4,Time_4.5,Time_5,Time_5.5,Time_6,Time_6.5,Time_7,Time_7.5,Time_8,Time_8.5,Time_9,Time_9.5,Time_10,Time_10.5,Time_11,Time_11.5,Time_12,Time_12.5,Time_13,Time_13.5,Time_14,Time_14.5,Time_15,Time_15.5,Time_16,Time_16.5,Time_17,Time_17.5,Time_18,Time_18.5,Time_19,Time_19.5,Time_20
SGRP_mTOR_inhibitsSCREEN_SET1_lowRAPA_redo2_KG_092317.xls,NCYC 3454-2.5 ng/ml RAPA,63.35034866,6.03410627,68.91336011,5.773954732,NCYC 3454,YS9,2.5 ng/mL RAPA,YS9*2.5 ng/mL RAPA,0,0.075666667,0.079,0.096,0.123,0.159666667,0.210333333,0.289666667,0.384333333,0.503,0.632333333,0.760666667,0.898333333,1.017666667,1.116333333,1.199,1.276,1.321333333,1.341666667,1.363666667,1.395,1.424333333,1.456,1.488,1.517333333,1.544,1.568333333,1.592,1.614333333,1.634,1.653,1.669666667,1.683,1.698,1.712,1.724333333,1.734666667,1.745,1.756333333,1.766,1.777666667
SGRP_mTORinhibitsSCREEN_SET1_lowRAPA_round4_KG_092417.xls,NCYC 3454-2.5 ng/ml RAPA,65.23223305,1.997583501,68.39528926,0.524114686,NCYC 3454,YS9,2.5 ng/mL RAPA,YS9*2.5 ng/mL RAPA,0,0.096666667,0.125333333,0.159666667,0.219,0.293,0.398333333,0.519333333,0.659666667,0.809333333,0.958,1.097666667,1.201333333,1.243333333,1.269333333,1.293,1.324333333,1.358,1.389,1.422,1.454,1.485333333,1.511333333,1.537,1.56,1.583333333,1.603333333,1.622666667,1.642,1.657333333,1.674,1.689,1.703333333,1.715,1.728666667,1.738666667,1.752,1.761666667,1.772333333,1.779666667,1.790666667
SGRP_mTORinhibsSCREEN_SET1_lowRAPA_JEMBL_08152017.xls,NCYC 3454-2.5 ng/ml RAPA,64.08732376,3.094927233,67.88935682,4.809190145,NCYC 3454,YS9,2.5 ng/mL RAPA,YS9*2.5 ng/mL RAPA,0,0.057333333,0.069666667,0.090333333,0.116666667,0.153666667,0.199,0.274666667,0.371333333,0.498666667,0.637333333,0.791,0.943333333,1.084,1.184,1.231,1.256333333,1.281666667,1.311333333,1.341666667,1.370666667,1.402,1.430333333,1.458,1.486333333,1.509333333,1.533333333,1.555333333,1.577,1.597333333,1.614,1.628,1.645666667,1.661333333,1.677666667,1.691333333,1.703333333,1.715333333,1.729,1.738666667,1.749666667
