experiment,Line-Treatment,DT inflection,StDev_inf,DT interval,StDev_int,Lab strain,Strain,Treatment,Strain*Treatment,Time_0,Time_0.5,Time_1,Time_1.5,Time_2,Time_2.5,Time_3,Time_3.5,Time_4,Time_4.5,Time_5,Time_5.5,Time_6,Time_6.5,Time_7,Time_7.5,Time_8,Time_8.5,Time_9,Time_9.5,Time_10,Time_10.5,Time_11,Time_11.5,Time_12,Time_12.5,Time_13,Time_13.5,Time_14,Time_14.5,Time_15,Time_15.5,Time_16,Time_16.5,Time_17,Time_17.5,Time_18,Time_18.5,Time_19,Time_19.5,Time_20
SGRP_mTOR_inhibitsSCREEN_SET2_HighRAPA+LowTorin_Repeat_JEMBL_073,NCYC 3487-20 ng/ml RAPA,191.3030544,3.873366211,295.327398,30.40347121,NCYC 3487,YS2 ,20 ng/mL RAPA,YS2 *20 ng/mL RAPA,0,0.023666667,0.027333333,0.032666667,0.037666667,0.041333333,0.045666667,0.05,0.055666667,0.060333333,0.066,0.073333333,0.08,0.09,0.1,0.110333333,0.123333333,0.137,0.151333333,0.165666667,0.184,0.200666667,0.219333333,0.238666667,0.260333333,0.279666667,0.302333333,0.324666667,0.348333333,0.371,0.396666667,0.421666667,0.445666667,0.471333333,0.495,0.521666667,0.547666667,0.578,0.607333333,0.634333333,0.665666667
SGRP_mTORinhibitsSCREEN_Set2_highRAPA_KGPU_11202017_F.xls,NCYC 3487-20 ng/ml RAPA,185.0517707,11.97229575,226.1078035,2.216854047,NCYC 3487,YS2 ,20 ng/mL RAPA,YS2 *20 ng/mL RAPA,0,0.037666667,0.046,0.054666667,0.060333333,0.064666667,0.071333333,0.079,0.085666667,0.094333333,0.103666667,0.111,0.123666667,0.136,0.149,0.165,0.179333333,0.198,0.217333333,0.237333333,0.263,0.289666667,0.317666667,0.349,0.380666667,0.416666667,0.459333333,0.504,0.549666667,0.599,0.653333333,0.707333333,0.767333333,0.821666667,0.882,0.940666667,0.996666667,1.052666667,1.106,1.158333333,1.209
