experiment,Line-Treatment,DT inflection,StDev_inf,DT interval,StDev_int,Lab strain,Strain,Treatment,Strain*Treatment,Time_0,Time_0.5,Time_1,Time_1.5,Time_2,Time_2.5,Time_3,Time_3.5,Time_4,Time_4.5,Time_5,Time_5.5,Time_6,Time_6.5,Time_7,Time_7.5,Time_8,Time_8.5,Time_9,Time_9.5,Time_10,Time_10.5,Time_11,Time_11.5,Time_12,Time_12.5,Time_13,Time_13.5,Time_14,Time_14.5,Time_15,Time_15.5,Time_16,Time_16.5,Time_17,Time_17.5,Time_18,Time_18.5,Time_19,Time_19.5,Time_20
SGRP_mTOR_inhibitsSCREEN_SET1_highgdc-0941_AR_053117.xls,yML742-vehicle,81.4684331,2.867466299,86.32541218,3.016394481,BY4743,BY4743,2.5% DMSO,BY4743*2.5% DMSO,0,0.032333333,0.034333333,0.037333333,0.042333333,0.056333333,0.069666667,0.085333333,0.107666667,0.141666667,0.182666667,0.233,0.294666667,0.372666667,0.461666667,0.56,0.666,0.770333333,0.869,0.956666667,1.016333333,1.033333333,1.040333333,1.051333333,1.060666667,1.073333333,1.083333333,1.099666667,1.111666667,1.124333333,1.138333333,1.153333333,1.166333333,1.178,1.189,1.200666667,1.214,1.226666667,1.237333333,1.245666667,1.256666667
SGRP_mTORinhibitsSCREEN_SET1_AZD8055_KGPUARMBL_061817.xls,yML742-vehicle,87.60139813,4.185546736,90.39260937,3.580349271,BY4743,BY4743,2.5% DMSO,BY4743*2.5% DMSO,0,0.069666667,0.073,0.080333333,0.094,0.111666667,0.138333333,0.171333333,0.214,0.271,0.340333333,0.423,0.523,0.634333333,0.746333333,0.86,0.968333333,1.052,1.103,1.118666667,1.131333333,1.142,1.158333333,1.172,1.185666667,1.202,1.217333333,1.232333333,1.249666667,1.265666667,1.282666667,1.304,1.323,1.343666667,1.361666667,1.381333333,1.404,1.415,1.431,1.446333333,1.461333333
SGRP_mTORinhibitsSCREEN_SET2_GDC_AR_062617.xls,yML742-vehicle,72.60216312,4.162105299,87.13745661,10.77869183,BY4743,BY4743,2.5% DMSO,BY4743*2.5% DMSO,0,0.082666667,0.094,0.117333333,0.145666667,0.173,0.215,0.271,0.360333333,0.455,0.576,0.707666667,0.838,0.952666667,1.049333333,1.118333333,1.166333333,1.196666667,1.204333333,1.201666667,1.208333333,1.212,1.212,1.219666667,1.220333333,1.226,1.236333333,1.237333333,1.243333333,1.254666667,1.257666667,1.266,1.272666667,1.273333333,1.282333333,1.284666667,1.293,1.302333333,1.312333333,1.315,1.319666667
