experiment,Line-Treatment,DT inflection,StDev_inf,DT interval,StDev_int,Lab strain,Strain,Treatment,Strain*Treatment,Time_0,Time_0.5,Time_1,Time_1.5,Time_2,Time_2.5,Time_3,Time_3.5,Time_4,Time_4.5,Time_5,Time_5.5,Time_6,Time_6.5,Time_7,Time_7.5,Time_8,Time_8.5,Time_9,Time_9.5,Time_10,Time_10.5,Time_11,Time_11.5,Time_12,Time_12.5,Time_13,Time_13.5,Time_14,Time_14.5,Time_15,Time_15.5,Time_16,Time_16.5,Time_17,Time_17.5,Time_18,Time_18.5,Time_19,Time_19.5,Time_20
SGRP_mTORinhibitsSCREEN_SET3_LOWRAPA_JEMBL_12012017_F,yML 680-2.5 ng/ml RAPA,70.51074193,3.220483757,80.52054917,1.583749298,yML 680,DBVPG 6304,2.5 ng/mL RAPA,DBVPG 6304*2.5 ng/mL RAPA,0,0.039666667,0.011333333,0.016,0.034,0.062666667,0.183,0.238666667,0.307,0.409,0.516333333,0.642,0.806666667,0.966333333,1.100666667,1.193666667,1.237,1.243666667,1.267333333,1.283,1.288666667,1.320333333,1.338666667,1.370666667,1.393333333,1.427666667,1.447666667,1.477,1.496666667,1.519666667,1.542666667,1.565,1.579666667,1.602666667,1.616666667,1.633,1.651333333,1.666333333,1.682333333,1.696,1.710333333
