experiment,Line-Treatment,DT inflection,StDev_inf,DT interval,StDev_int,Lab strain,Strain,Treatment,Strain*Treatment,Time_0,Time_0.5,Time_1,Time_1.5,Time_2,Time_2.5,Time_3,Time_3.5,Time_4,Time_4.5,Time_5,Time_5.5,Time_6,Time_6.5,Time_7,Time_7.5,Time_8,Time_8.5,Time_9,Time_9.5,Time_10,Time_10.5,Time_11,Time_11.5,Time_12,Time_12.5,Time_13,Time_13.5,Time_14,Time_14.5,Time_15,Time_15.5,Time_16,Time_16.5,Time_17,Time_17.5,Time_18,Time_18.5,Time_19,Time_19.5,Time_20
SGRP_mTORinhibitsSCREEN_SET3_LOWRAPA_JEMBL_12012017_F,yML 679-1% DMSO,77.70551585,8.89152039,90.34368131,1.53208171,yML 679,CBS5829,1% DMSO,CBS5829*1% DMSO,0,0.012666667,0.013666667,0.024,0.058333333,0.070333333,0.154333333,0.194666667,0.248333333,0.314666667,0.386666667,0.471666667,0.588,0.692666667,0.803333333,0.901666667,0.976666667,1.000666667,1.019,1.04,1.046666667,1.071,1.100666667,1.126,1.146,1.182,1.209,1.242333333,1.268666667,1.295666667,1.323666667,1.343333333,1.362666667,1.388333333,1.405333333,1.425666667,1.444,1.472,1.485333333,1.499666667,1.52
