experiment,Line-Treatment,DT inflection,StDev_inf,DT interval,StDev_int,Lab strain,Strain,Treatment,Strain*Treatment,Time_0,Time_0.5,Time_1,Time_1.5,Time_2,Time_2.5,Time_3,Time_3.5,Time_4,Time_4.5,Time_5,Time_5.5,Time_6,Time_6.5,Time_7,Time_7.5,Time_8,Time_8.5,Time_9,Time_9.5,Time_10,Time_10.5,Time_11,Time_11.5,Time_12,Time_12.5,Time_13,Time_13.5,Time_14,Time_14.5,Time_15,Time_15.5,Time_16,Time_16.5,Time_17,Time_17.5,Time_18,Time_18.5,Time_19,Time_19.5,Time_20
SGRP_mTORinhibits_SET4_GDC_MGK_09202017.xls,YML696-100 uM GDC0941,87.01259875,9.71297301,167.7988785,46.51371809,yML 696,KPN3829,100 uM GDC0941,KPN3829*100 uM GDC0941,0,0.064666667,0.036666667,0.051,0.053666667,0.047333333,0.107666667,0.130666667,0.156333333,0.181666667,0.195,0.238,0.271666667,0.326666667,0.382333333,0.439666667,0.502,0.557333333,0.631666667,0.705333333,0.780666667,0.848,0.911666667,0.992333333,1.01,1.011333333,1.021666667,1.033666667,1.065333333,1.101333333,1.130333333,1.167666667,1.200333333,1.229666667,1.243666667,1.272666667,1.304666667,1.343333333,1.386666667,1.402666667,1.423666667
