experiment,Line-Treatment,DT inflection,StDev_inf,DT interval,StDev_int,Lab strain,Strain,Treatment,Strain*Treatment,Time_0,Time_0.5,Time_1,Time_1.5,Time_2,Time_2.5,Time_3,Time_3.5,Time_4,Time_4.5,Time_5,Time_5.5,Time_6,Time_6.5,Time_7,Time_7.5,Time_8,Time_8.5,Time_9,Time_9.5,Time_10,Time_10.5,Time_11,Time_11.5,Time_12,Time_12.5,Time_13,Time_13.5,Time_14,Time_14.5,Time_15,Time_15.5,Time_16,Time_16.5,Time_17,Time_17.5,Time_18,Time_18.5,Time_19,Time_19.5,Time_20
SGRP_mTORinhibitsSCREEN_SET3_LOWRAPA_JEMBL_12012017_F,yML 671-2.5 ng/ml RAPA,69.84009043,1.018518083,70.17401206,15.26148734,yML 671,YPS138,2.5 ng/mL RAPA,YPS138*2.5 ng/mL RAPA,0,0.044,0.047333333,0.06,0.097,0.139666667,0.252666667,0.334,0.447,0.581333333,0.728333333,0.880333333,1.04,1.174666667,1.286333333,1.331333333,1.355,1.379666667,1.407333333,1.435,1.464,1.493,1.521666667,1.545666667,1.570333333,1.588666667,1.608333333,1.627,1.645,1.659666667,1.676666667,1.688666667,1.699333333,1.709333333,1.719,1.729666667,1.738,1.746,1.755666667,1.761666667,1.768
