experiment,Line-Treatment,DT inflection,StDev_inf,DT interval,StDev_int,Lab strain,Strain,Treatment,Strain*Treatment,Time_0,Time_0.5,Time_1,Time_1.5,Time_2,Time_2.5,Time_3,Time_3.5,Time_4,Time_4.5,Time_5,Time_5.5,Time_6,Time_6.5,Time_7,Time_7.5,Time_8,Time_8.5,Time_9,Time_9.5,Time_10,Time_10.5,Time_11,Time_11.5,Time_12,Time_12.5,Time_13,Time_13.5,Time_14,Time_14.5,Time_15,Time_15.5,Time_16,Time_16.5,Time_17,Time_17.5,Time_18,Time_18.5,Time_19,Time_19.5,Time_20
SET3_Low Rapa_REDO_MGK_081117.xls,YML 569-2.5 ng/ml RAPA,29.63912049,10.82524095,173.1070597,57.30817754,yML 569,FM527,2.5 ng/mL RAPA,FM527*2.5 ng/mL RAPA,0,0.024666667,0.025333333,0.026333333,0.028,0.030333333,0.034,0.038666667,0.041,0.055333333,0.05,0.057333333,0.065333333,0.078,0.089333333,0.115666667,0.123333333,0.146,0.160666667,0.192333333,0.217,0.235333333,0.259666667,0.288666667,0.329666667,0.352333333,0.435666667,0.413,0.456666667,0.612,0.568666667,0.74,0.414666667,0.856,0.856333333,0.948666667,0.837666667,0.944,0.482,0.701,0.655666667
