experiment,Line-Treatment,DT inflection,StDev_inf,DT interval,StDev_int,Lab strain,Strain,Treatment,Strain*Treatment,Time_0,Time_0.5,Time_1,Time_1.5,Time_2,Time_2.5,Time_3,Time_3.5,Time_4,Time_4.5,Time_5,Time_5.5,Time_6,Time_6.5,Time_7,Time_7.5,Time_8,Time_8.5,Time_9,Time_9.5,Time_10,Time_10.5,Time_11,Time_11.5,Time_12,Time_12.5,Time_13,Time_13.5,Time_14,Time_14.5,Time_15,Time_15.5,Time_16,Time_16.5,Time_17,Time_17.5,Time_18,Time_18.5,Time_19,Time_19.5,Time_20
SGRP_mTORinhibits_SET2_lowRAPA_KGPUMBL_080417.xls.xls,NCYC 3467-2.5 ng/ml RAPA,115.9280278,2.498519467,144.6100548,7.232577558,NCYC 3467,W303,2.5 ng/mL RAPA,W303*2.5 ng/mL RAPA,0,0.023666667,0.025333333,0.028333333,0.030333333,0.034,0.036,0.04,0.043333333,0.048333333,0.052,0.057666667,0.063333333,0.068666667,0.075666667,0.082,0.09,0.098333333,0.106666667,0.115666667,0.126333333,0.137333333,0.150333333,0.168333333,0.188,0.211,0.241666667,0.276666667,0.324,0.383,0.456666667,0.543,0.641333333,0.753333333,0.877,0.994666667,1.088666667,1.157,1.189,1.216,1.251333333
SGRP_mTORinhibitsSCREEN_SET2_LOWRAPA_highTORIN_MGK_12032017_F,NCYC 3467-2.5 ng/ml RAPA,112.4723236,11.64007768,173.9594462,10.46948799,NCYC 3467,W303,2.5 ng/mL RAPA,W303*2.5 ng/mL RAPA,0,0.027,0.025333333,0.027333333,0.031,0.034666667,0.041,0.048,0.057666667,0.070666667,0.085,0.104666667,0.124333333,0.15,0.177,0.207333333,0.239666667,0.272333333,0.308,0.343,0.384,0.425666667,0.469333333,0.515,0.557666667,0.609666667,0.657,0.704333333,0.758666667,0.809333333,0.849333333,0.894,0.926666667,0.960666667,0.994666667,1.022333333,1.051666667,1.077333333,1.101,1.128333333,1.148
SGRP_mTORinhibitsSCREEN_SET2_lowRAPA_KGPUMBL_100117.xls,NCYC 3467-2.5 ng/ml RAPA,168.9695188,30.61444284,277.6894144,15.29205806,NCYC 3467,W303,2.5 ng/mL RAPA,W303*2.5 ng/mL RAPA,0,0.016333333,0.018,0.019333333,0.022333333,0.026333333,0.030666667,0.035,0.042,0.048666667,0.057333333,0.068333333,0.078666667,0.090333333,0.100666667,0.116333333,0.131,0.147,0.161,0.175666667,0.193,0.209666667,0.230666667,0.251,0.269666667,0.291,0.311666667,0.336333333,0.361,0.387333333,0.414666667,0.444333333,0.475333333,0.507333333,0.545666667,0.580333333,0.622333333,0.663,0.706333333,0.756666667,0.801666667
