experiment,Line-Treatment,DT inflection,StDev_inf,DT interval,StDev_int,Lab strain,Strain,Treatment,Strain*Treatment,Time_0,Time_0.5,Time_1,Time_1.5,Time_2,Time_2.5,Time_3,Time_3.5,Time_4,Time_4.5,Time_5,Time_5.5,Time_6,Time_6.5,Time_7,Time_7.5,Time_8,Time_8.5,Time_9,Time_9.5,Time_10,Time_10.5,Time_11,Time_11.5,Time_12,Time_12.5,Time_13,Time_13.5,Time_14,Time_14.5,Time_15,Time_15.5,Time_16,Time_16.5,Time_17,Time_17.5,Time_18,Time_18.5,Time_19,Time_19.5,Time_20
SGRP_mTORinhibits_SET3_GDC_Redo_JEMBL_08102017.xls,YML678-100 uM GDC0941,31.06896325,8.129190886,47.40778018,10.17504132,yML 678,N-43,100 uM GDC0941,N-43*100 uM GDC0941,0,0.062666667,0.080333333,0.083666667,0.092,0.060666667,0.062,0.074333333,0.093,0.092,0.103,0.198333333,0.250333333,0.383666667,0.752666667,0.887,0.988333333,1.100666667,1.199666667,1.239333333,1.239,1.255333333,1.263,1.281666667,1.286666667,1.301333333,1.326666667,1.343,1.375333333,1.396666667,1.410333333,1.437333333,1.460333333,1.472,1.495,1.519666667,1.535,1.550666667,1.566333333,1.588,1.598
SGRP_mTORinhibitsSCREEN_SET3_round2_GDC_KG_09142017_D.xls,YML678-100 uM GDC0941,57.48895022,4.145857727,75.65700163,6.274303023,yML 678,N-43,100 uM GDC0941,N-43*100 uM GDC0941,0,0.084,0.092,0.094,0.096333333,0.101333333,0.099,0.117333333,0.140666667,0.158333333,0.219,0.287,0.363,0.477,0.601,0.731,0.87,0.974666667,1.084,1.172333333,1.268,1.337666667,1.346333333,1.348666667,1.362666667,1.374333333,1.394333333,1.412,1.429333333,1.449,1.473,1.495333333,1.514,1.535333333,1.55,1.567,1.585333333,1.602333333,1.616,1.630333333,1.638333333
