experiment,Line-Treatment,DT inflection,StDev_inf,DT interval,StDev_int,Lab strain,Strain,Treatment,Strain*Treatment,Time_0,Time_0.5,Time_1,Time_1.5,Time_2,Time_2.5,Time_3,Time_3.5,Time_4,Time_4.5,Time_5,Time_5.5,Time_6,Time_6.5,Time_7,Time_7.5,Time_8,Time_8.5,Time_9,Time_9.5,Time_10,Time_10.5,Time_11,Time_11.5,Time_12,Time_12.5,Time_13,Time_13.5,Time_14,Time_14.5,Time_15,Time_15.5,Time_16,Time_16.5,Time_17,Time_17.5,Time_18,Time_18.5,Time_19,Time_19.5,Time_20
SET4_highTORIN_REDO_NBMBL_080717.xls,yML 684-25 uM Torin 1,94.30434003,11.56334728,121.4623245,9.268726203,yML 684,Q62.5,25 uM Torin 1,Q62.5*25 uM Torin 1,0,0.035333333,0.038333333,0.038,0.034666667,0.034,0.031666667,0.031333333,0.032333333,0.039333333,0.048666667,0.051333333,0.052666667,0.084333333,0.110666667,0.124666667,0.161666667,0.187666667,0.221333333,0.264,0.315333333,0.38,0.463,0.556666667,0.669,0.786,0.911333333,1.023,1.107666667,1.149,1.176,1.201,1.232333333,1.268,1.301666667,1.335,1.365,1.394666667,1.416,1.442666667,1.465
