experiment,Line-Treatment,DT inflection,StDev_inf,DT interval,StDev_int,Lab strain,Strain,Treatment,Strain*Treatment,Time_0,Time_0.5,Time_1,Time_1.5,Time_2,Time_2.5,Time_3,Time_3.5,Time_4,Time_4.5,Time_5,Time_5.5,Time_6,Time_6.5,Time_7,Time_7.5,Time_8,Time_8.5,Time_9,Time_9.5,Time_10,Time_10.5,Time_11,Time_11.5,Time_12,Time_12.5,Time_13,Time_13.5,Time_14,Time_14.5,Time_15,Time_15.5,Time_16,Time_16.5,Time_17,Time_17.5,Time_18,Time_18.5,Time_19,Time_19.5,Time_20
SGRP_mTOR_inhibitsSCREEN_SET3_round3_lowTORIN_KG_091517_F.xls,YML673-1 uM Torin 1,89.65314289,4.155430668,102.0595945,1.730475267,yML 673,Y7,1 uM Torin 1,Y7*1 uM Torin 1,0,0.057666667,0.06,0.063333333,0.084666667,0.112,0.135666667,0.172,0.210666667,0.261,0.325333333,0.395333333,0.473333333,0.584,0.696666667,0.814,0.934,1.042333333,1.153666667,1.238666667,1.301333333,1.322666667,1.335,1.354333333,1.373,1.396333333,1.420333333,1.446,1.471666667,1.496,1.516666667,1.537666667,1.556,1.57,1.587,1.600333333,1.616333333,1.629666667,1.638,1.651333333,1.659666667
SGRP_mTORinhibitsSCREEN_SET3_LOWTORIN_MGK_09112017F.xls,YML673-1 uM Torin 1,81.00331025,4.674215438,93.43988798,3.085073805,yML 673,Y7,1 uM Torin 1,Y7*1 uM Torin 1,0,0.02,0.014333333,0.013666667,0.033,0.010666667,0.053666667,0.129,0.169666667,0.215666667,0.269333333,0.337,0.416,0.500333333,0.605333333,0.709,0.826333333,0.921,1.014666667,1.061,1.079,1.094666667,1.112333333,1.138333333,1.157333333,1.189666667,1.215666667,1.243666667,1.274,1.301,1.328,1.352666667,1.374333333,1.401666667,1.424,1.446,1.466666667,1.483,1.504,1.525666667,1.546
SGRP_mTORinhibitsSCREEN_SET3_LOWTORIN_PUMT_062817.xls,YML673-1 uM Torin 1,81.33197619,6.12718498,92.25639618,13.07573089,yML 673,Y7,1 uM Torin 1,Y7*1 uM Torin 1,0,0.045333333,0.045333333,0.042,0.046333333,0.049666667,0.058333333,0.063666667,0.165666667,0.211666667,0.273,0.343666667,0.431,0.539666667,0.653666667,0.768333333,0.887333333,1.000666667,1.112666667,1.199333333,1.236333333,1.263,1.291,1.318333333,1.353,1.384,1.413333333,1.445,1.465666667,1.487666667,1.506666667,1.525,1.542333333,1.556333333,1.576,1.589666667,1.604333333,1.618,1.631333333,1.642666667,1.653
