experiment,Line-Treatment,DT inflection,StDev_inf,DT interval,StDev_int,Lab strain,Strain,Treatment,Strain*Treatment,Time_0,Time_0.5,Time_1,Time_1.5,Time_2,Time_2.5,Time_3,Time_3.5,Time_4,Time_4.5,Time_5,Time_5.5,Time_6,Time_6.5,Time_7,Time_7.5,Time_8,Time_8.5,Time_9,Time_9.5,Time_10,Time_10.5,Time_11,Time_11.5,Time_12,Time_12.5,Time_13,Time_13.5,Time_14,Time_14.5,Time_15,Time_15.5,Time_16,Time_16.5,Time_17,Time_17.5,Time_18,Time_18.5,Time_19,Time_19.5,Time_20
SGRP_mTOR_inhibitsSCREEN_SET3_round3_lowTORIN_KG_091517_F.xls,YML 569-1 uM Torin 1,96.88384546,20.67470637,278.9921755,64.336671,yML 569,FM527,1 uM Torin 1,FM527*1 uM Torin 1,0,0.010666667,0.011,0.012,0.011333333,0.012666667,0.013,0.014,0.016666667,0.015333333,0.014,0.019333333,0.018666667,0.019,0.024,0.022,0.027333333,0.031,0.041666667,0.032,0.041333333,0.044333333,0.047,0.052333333,0.054333333,0.062666667,0.075333333,0.083333333,0.090333333,0.100333333,0.110666667,0.116666667,0.132333333,0.130333333,0.140333333,0.159333333,0.184333333,0.196333333,0.204666667,0.233333333,0.239333333
SGRP_mTORinhibitsSCREEN_SET3_LOWTORIN_MGK_09112017F.xls,YML 569-1 uM Torin 1,165.9974422,18.3931382,484.0080193,48.24503364,yML 569,FM527,1 uM Torin 1,FM527*1 uM Torin 1,0,0.041,0.041,0.035666667,0.033333333,0.027,0.022,0.032,0.054,0.068,0.102666667,0.137666667,0.148666667,0.168,0.182666667,0.188,0.198666667,0.207333333,0.216666667,0.229333333,0.242333333,0.253666667,0.265,0.283,0.304333333,0.313666667,0.330333333,0.345333333,0.358333333,0.379333333,0.396,0.409666667,0.428,0.447,0.465333333,0.476,0.496666667,0.517,0.526666667,0.547,0.556333333
