experiment,Line-Treatment,DT inflection,StDev_inf,DT interval,StDev_int,Lab strain,Strain,Treatment,Strain*Treatment,Time_0,Time_0.5,Time_1,Time_1.5,Time_2,Time_2.5,Time_3,Time_3.5,Time_4,Time_4.5,Time_5,Time_5.5,Time_6,Time_6.5,Time_7,Time_7.5,Time_8,Time_8.5,Time_9,Time_9.5,Time_10,Time_10.5,Time_11,Time_11.5,Time_12,Time_12.5,Time_13,Time_13.5,Time_14,Time_14.5,Time_15,Time_15.5,Time_16,Time_16.5,Time_17,Time_17.5,Time_18,Time_18.5,Time_19,Time_19.5,Time_20
SGRP_mTORinhibits_SET3_GDC_Redo_JEMBL_08102017.xls,YML666-100 uM GDC0941,89.10860572,5.695822683,92.83173839,6.239979739,yML 666,UFRJ50816,100 uM GDC0941,UFRJ50816*100 uM GDC0941,0,0.048333333,0.066,0.067,0.079666667,0.109666667,0.122,0.133666667,0.164333333,0.202,0.251666667,0.315333333,0.392333333,0.484,0.596666667,0.701,0.821666667,0.939333333,1.055,1.125333333,1.166666667,1.181333333,1.198666667,1.213,1.24,1.272,1.302,1.335,1.365666667,1.399,1.428333333,1.456333333,1.482666667,1.507,1.531333333,1.551333333,1.572333333,1.588666667,1.605,1.624333333,1.641333333
SGRP_mTORinhibitsSCREEN_SET3_round2_GDC_KG_09142017_D.xls,YML666-100 uM GDC0941,91.03828723,10.90474792,107.3538375,1.942516662,yML 666,UFRJ50816,100 uM GDC0941,UFRJ50816*100 uM GDC0941,0,0.063666667,0.062333333,0.066,0.070666667,0.113,0.138333333,0.163,0.205666667,0.246333333,0.299,0.364,0.449,0.552666667,0.663666667,0.791333333,0.907,1.019333333,1.139333333,1.237,1.281333333,1.293333333,1.307666667,1.32,1.337333333,1.359666667,1.379666667,1.4,1.424666667,1.447,1.467333333,1.487333333,1.509666667,1.530333333,1.55,1.569333333,1.588,1.605333333,1.618,1.630666667,1.646
