experiment,Line-Treatment,DT inflection,StDev_inf,DT interval,StDev_int,Lab strain,Strain,Treatment,Strain*Treatment,Time_0,Time_0.5,Time_1,Time_1.5,Time_2,Time_2.5,Time_3,Time_3.5,Time_4,Time_4.5,Time_5,Time_5.5,Time_6,Time_6.5,Time_7,Time_7.5,Time_8,Time_8.5,Time_9,Time_9.5,Time_10,Time_10.5,Time_11,Time_11.5,Time_12,Time_12.5,Time_13,Time_13.5,Time_14,Time_14.5,Time_15,Time_15.5,Time_16,Time_16.5,Time_17,Time_17.5,Time_18,Time_18.5,Time_19,Time_19.5,Time_20
SGRP_mTORinhibits_SET1_CAFF_REDO_NBMBL_08032017.xls,NCYC 3314-Drug,85.65296246,1.207170261,87.71716071,0.937252537,NCYC 3314,BC187,1 mg/mL Caffeine,BC187*1 mg/mL Caffeine,0,0.048666667,0.052333333,0.061666667,0.073333333,0.089666667,0.114,0.145,0.182,0.230333333,0.292666667,0.371,0.467,0.578666667,0.709333333,0.825,0.942,1.054333333,1.138,1.169,1.185333333,1.206333333,1.231,1.258333333,1.287333333,1.321333333,1.355,1.385333333,1.413333333,1.442333333,1.472,1.499666667,1.523666667,1.544666667,1.565333333,1.584666667,1.604333333,1.622666667,1.639333333,1.656333333,1.671333333
