experiment,Line-Treatment,DT inflection,StDev_inf,DT interval,StDev_int,Lab strain,Strain,Treatment,Strain*Treatment,Time_0,Time_0.5,Time_1,Time_1.5,Time_2,Time_2.5,Time_3,Time_3.5,Time_4,Time_4.5,Time_5,Time_5.5,Time_6,Time_6.5,Time_7,Time_7.5,Time_8,Time_8.5,Time_9,Time_9.5,Time_10,Time_10.5,Time_11,Time_11.5,Time_12,Time_12.5,Time_13,Time_13.5,Time_14,Time_14.5,Time_15,Time_15.5,Time_16,Time_16.5,Time_17,Time_17.5,Time_18,Time_18.5,Time_19,Time_19.5,Time_20
SET4_highTORIN_REDO_NBMBL_080717.xls,yML 691-2.5% DMSO,78.79584207,5.531421161,65.20435111,14.5120137,yML 691,Q31.4,2.5% DMSO,Q31.4*2.5% DMSO,0,0.031,0.026333333,0.022,0.02,0.021,0.021333333,0.027,0.068666667,0.183333333,0.269666667,0.350666667,0.452,0.566333333,0.688666667,0.818,0.943666667,1.063333333,1.159,1.179666667,1.204,1.232333333,1.266333333,1.299333333,1.333666667,1.369,1.401,1.429333333,1.453666667,1.476666667,1.5,1.516666667,1.542333333,1.55,1.566,1.584333333,1.597,1.611,1.621333333,1.635666667,1.643333333
