experiment,Line-Treatment,DT inflection,StDev_inf,DT interval,StDev_int,Lab strain,Strain,Treatment,Strain*Treatment,Time_0,Time_0.5,Time_1,Time_1.5,Time_2,Time_2.5,Time_3,Time_3.5,Time_4,Time_4.5,Time_5,Time_5.5,Time_6,Time_6.5,Time_7,Time_7.5,Time_8,Time_8.5,Time_9,Time_9.5,Time_10,Time_10.5,Time_11,Time_11.5,Time_12,Time_12.5,Time_13,Time_13.5,Time_14,Time_14.5,Time_15,Time_15.5,Time_16,Time_16.5,Time_17,Time_17.5,Time_18,Time_18.5,Time_19,Time_19.5,Time_20
SET4_highTORIN_REDO_NBMBL_080717.xls,yML 683-2.5% DMSO,64.05597612,7.216821154,50.35569892,9.412953538,yML 683,Y6.5,2.5% DMSO,Y6.5*2.5% DMSO,0,0.031666667,0.030333333,0.030333333,0.027333333,0.026,0.025333333,0.029666667,0.044666667,0.132666667,0.266333333,0.375333333,0.503666667,0.634333333,0.762333333,0.895333333,1.017666667,1.129666667,1.215333333,1.234666667,1.266,1.294333333,1.331333333,1.367,1.401666667,1.434333333,1.464,1.487,1.509666667,1.529666667,1.551,1.566333333,1.582333333,1.596333333,1.609,1.624,1.636,1.647333333,1.657666667,1.669333333,1.677
