experiment,Line-Treatment,DT inflection,StDev_inf,DT interval,StDev_int,Lab strain,Strain,Treatment,Strain*Treatment,Time_0,Time_0.5,Time_1,Time_1.5,Time_2,Time_2.5,Time_3,Time_3.5,Time_4,Time_4.5,Time_5,Time_5.5,Time_6,Time_6.5,Time_7,Time_7.5,Time_8,Time_8.5,Time_9,Time_9.5,Time_10,Time_10.5,Time_11,Time_11.5,Time_12,Time_12.5,Time_13,Time_13.5,Time_14,Time_14.5,Time_15,Time_15.5,Time_16,Time_16.5,Time_17,Time_17.5,Time_18,Time_18.5,Time_19,Time_19.5,Time_20
SGRP_mTORinhibitsSCREEN_SET3_LOWRAPA_JEMBL_12012017_F,yML 670-2.5 ng/ml RAPA,99.38903588,18.80096708,84.76337866,6.761452407,yML 670,Q59.1,2.5 ng/mL RAPA,Q59.1*2.5 ng/mL RAPA,0,0.015,0.016,0.016333333,0.016666667,0.016333333,0.046,0.085,0.205666667,0.377666667,0.466,0.565333333,0.685333333,0.812333333,0.93,1.039,1.131333333,1.171666667,1.177333333,1.19,1.202,1.22,1.240333333,1.267333333,1.298333333,1.331666667,1.361666667,1.387666667,1.412333333,1.435333333,1.458333333,1.476333333,1.499,1.517,1.532666667,1.550333333,1.566333333,1.581333333,1.595333333,1.607666667,1.618
