experiment,Line-Treatment,DT inflection,StDev_inf,DT interval,StDev_int,Lab strain,Strain,Treatment,Strain*Treatment,Time_0,Time_0.5,Time_1,Time_1.5,Time_2,Time_2.5,Time_3,Time_3.5,Time_4,Time_4.5,Time_5,Time_5.5,Time_6,Time_6.5,Time_7,Time_7.5,Time_8,Time_8.5,Time_9,Time_9.5,Time_10,Time_10.5,Time_11,Time_11.5,Time_12,Time_12.5,Time_13,Time_13.5,Time_14,Time_14.5,Time_15,Time_15.5,Time_16,Time_16.5,Time_17,Time_17.5,Time_18,Time_18.5,Time_19,Time_19.5,Time_20
SGRP_mTORinhibitsSCREEN_SET1_LOWRAPA_highRAPA_lowTORIN_MGK_12022,NCYC 3313-1% DMSO,66.51097138,1.433700432,70.02072027,0.722231401,NCYC 3313,DBVPG 1853,1% DMSO,DBVPG 1853*1% DMSO,0,0.035666667,0.044666667,0.057333333,0.075666667,0.100666667,0.138,0.187,0.253,0.34,0.442333333,0.563333333,0.691,0.830333333,0.973,1.104666667,1.186666667,1.228333333,1.240333333,1.254333333,1.273,1.293666667,1.317333333,1.343333333,1.367,1.391333333,1.413,1.435333333,1.455333333,1.478333333,1.498333333,1.517666667,1.535,1.549666667,1.564666667,1.576666667,1.592666667,1.607,1.621666667,1.633,1.644666667
SGRP_mTORinhibitsSCREEN_SET1_LOWRAPA_highRAPA_lowTORIN_MGK_12022,NCYC 3313-1% DMSO,67.68296535,0.685284274,70.23335407,0.732631399,NCYC 3313,DBVPG 1853,1% DMSO,DBVPG 1853*1% DMSO,0,0.045666667,0.059333333,0.075666667,0.100333333,0.134,0.181666667,0.247,0.328666667,0.435,0.556666667,0.694333333,0.835333333,0.978666667,1.119666667,1.230333333,1.238666667,1.253666667,1.269666667,1.29,1.312333333,1.337333333,1.365,1.389,1.412333333,1.437333333,1.46,1.482666667,1.504666667,1.524,1.543,1.558333333,1.573,1.586666667,1.601333333,1.624,1.628333333,1.642666667,1.655,1.665333333,1.677
