experiment,Line-Treatment,DT inflection,StDev_inf,DT interval,StDev_int,Lab strain,Strain,Treatment,Strain*Treatment,Time_0,Time_0.5,Time_1,Time_1.5,Time_2,Time_2.5,Time_3,Time_3.5,Time_4,Time_4.5,Time_5,Time_5.5,Time_6,Time_6.5,Time_7,Time_7.5,Time_8,Time_8.5,Time_9,Time_9.5,Time_10,Time_10.5,Time_11,Time_11.5,Time_12,Time_12.5,Time_13,Time_13.5,Time_14,Time_14.5,Time_15,Time_15.5,Time_16,Time_16.5,Time_17,Time_17.5,Time_18,Time_18.5,Time_19,Time_19.5,Time_20
SET4_highTORIN_REDO_NBMBL_080717.xls,yML 699-2.5% DMSO,53.33715281,6.701547024,55.41919349,9.087175272,yML 699,UWOPS91-917.1,2.5% DMSO,UWOPS91-917.1*2.5% DMSO,0,0.032,0.040333333,0.051666667,0.069,0.092,0.118666667,0.163,0.237333333,0.344,0.471,0.596666667,0.707666667,0.798,0.872333333,0.930333333,0.971333333,1.000333333,1.018666667,1.026,1.027666667,1.027333333,1.025,1.017,1.007666667,0.999666667,0.989333333,0.979666667,0.964,0.954666667,0.952666667,0.940666667,0.935333333,0.929666667,0.929666667,0.930666667,0.933333333,0.938,0.947333333,0.953,0.960666667
