experiment,Line-Treatment,DT inflection,StDev_inf,DT interval,StDev_int,Lab strain,Strain,Treatment,Strain*Treatment,Time_0,Time_0.5,Time_1,Time_1.5,Time_2,Time_2.5,Time_3,Time_3.5,Time_4,Time_4.5,Time_5,Time_5.5,Time_6,Time_6.5,Time_7,Time_7.5,Time_8,Time_8.5,Time_9,Time_9.5,Time_10,Time_10.5,Time_11,Time_11.5,Time_12,Time_12.5,Time_13,Time_13.5,Time_14,Time_14.5,Time_15,Time_15.5,Time_16,Time_16.5,Time_17,Time_17.5,Time_18,Time_18.5,Time_19,Time_19.5,Time_20
SGRP_mTORinhibitsSCREEN_SET1HIGHrapaANDhighTORIN_PU_03162018_D.x,NCYC3315-25 uM Torin,57.04717861,6.178664938,112.5152303,57.39404678,NCYC 3315,YPS606,25 uM Torin 1,YPS606*25 uM Torin 1,0,0.082333333,0.085333333,0.095333333,0.097666667,0.100666667,0.106333333,0.124666667,0.153333333,0.196,0.242333333,0.348666667,0.375666667,0.486333333,0.616666667,0.768333333,0.905666667,1.035,1.180666667,1.290333333,1.338333333,1.363333333,1.4,1.420333333,1.458666667,1.487,1.555333333,1.536333333,1.563333333,1.585,1.614333333,1.62,1.634666667,1.678666667,1.660666667,1.674333333,1.689333333,1.701666667,1.712333333,1.717333333,1.732333333
