experiment,Line-Treatment,DT inflection,StDev_inf,DT interval,StDev_int,Lab strain,Strain,Treatment,Strain*Treatment,Time_0,Time_0.5,Time_1,Time_1.5,Time_2,Time_2.5,Time_3,Time_3.5,Time_4,Time_4.5,Time_5,Time_5.5,Time_6,Time_6.5,Time_7,Time_7.5,Time_8,Time_8.5,Time_9,Time_9.5,Time_10,Time_10.5,Time_11,Time_11.5,Time_12,Time_12.5,Time_13,Time_13.5,Time_14,Time_14.5,Time_15,Time_15.5,Time_16,Time_16.5,Time_17,Time_17.5,Time_18,Time_18.5,Time_19,Time_19.5,Time_20
SET2AZDredo+highTORINMBL_07302017.xls,yML563-100 uM AZD8055,81.75814616,0.994110451,85.6732166,0.48002296,yML 563,YJM269,100 uM AZD8055,YJM269*100 uM AZD8055,0,0.036666667,0.040333333,0.043666667,0.046,0.051333333,0.062666667,0.072,0.089333333,0.111,0.142,0.183666667,0.232333333,0.296333333,0.372666667,0.460666667,0.558,0.663,0.775,0.887333333,0.997666667,1.083,1.155,1.212666667,1.266,1.296,1.327666667,1.355333333,1.386666667,1.413666667,1.448666667,1.473333333,1.496,1.525,1.544333333,1.563,1.585666667,1.607333333,1.620666667,1.639666667,1.651666667
