experiment,Line-Treatment,DT inflection,StDev_inf,DT interval,StDev_int,Lab strain,Strain,Treatment,Strain*Treatment,Time_0,Time_0.5,Time_1,Time_1.5,Time_2,Time_2.5,Time_3,Time_3.5,Time_4,Time_4.5,Time_5,Time_5.5,Time_6,Time_6.5,Time_7,Time_7.5,Time_8,Time_8.5,Time_9,Time_9.5,Time_10,Time_10.5,Time_11,Time_11.5,Time_12,Time_12.5,Time_13,Time_13.5,Time_14,Time_14.5,Time_15,Time_15.5,Time_16,Time_16.5,Time_17,Time_17.5,Time_18,Time_18.5,Time_19,Time_19.5,Time_20
original data.xls SET 4 HIGH RAPA,YML708-20 ng/ml RAPA,124.9976203,11.98205327,187.3728682,3.809730001,yML 708,PW5,20 ng/mL RAPA,PW5*20 ng/mL RAPA,0,0.016666667,0.016333333,0.037,0.051666667,0.077,0.103333333,0.118,0.141666667,0.158333333,0.183,0.207333333,0.233666667,0.263,0.294,0.327,0.363666667,0.402333333,0.446333333,0.495,0.547,0.597333333,0.651666667,0.705333333,0.76,0.812666667,0.869333333,0.921666667,0.975,1.028,1.076666667,1.123333333,1.17,1.215333333,1.257333333,1.298,1.333666667,1.367666667,1.391666667,1.413333333,1.433666667
