experiment,Line-Treatment,DT inflection,StDev_inf,DT interval,StDev_int,Lab strain,Strain,Treatment,Strain*Treatment,Time_0,Time_0.5,Time_1,Time_1.5,Time_2,Time_2.5,Time_3,Time_3.5,Time_4,Time_4.5,Time_5,Time_5.5,Time_6,Time_6.5,Time_7,Time_7.5,Time_8,Time_8.5,Time_9,Time_9.5,Time_10,Time_10.5,Time_11,Time_11.5,Time_12,Time_12.5,Time_13,Time_13.5,Time_14,Time_14.5,Time_15,Time_15.5,Time_16,Time_16.5,Time_17,Time_17.5,Time_18,Time_18.5,Time_19,Time_19.5,Time_20
RB_RUN1_F_SGRPmTORscreen_KGA_11082018.xls,yML669-1%DMSO,137.1671837,3.799308855,658.1766668,477.796322,yML 669,T21.4,1% DMSO,T21.4*1% DMSO,0,0.046666667,0.053333333,0.058,0.064,0.059666667,0.083333333,0.091,0.103,0.120666667,0.131666667,0.150333333,0.167333333,0.184666667,0.197666667,0.220666667,0.238,0.253333333,0.275666667,0.292666667,0.303,0.334333333,0.340333333,0.360333333,0.374666667,0.391333333,0.403666667,0.427,0.437,0.445,0.460666667,0.471666667,0.486,0.495333333,0.500666667,0.501333333,0.493666667,0.500666667,0.493666667,0.501333333,0.496666667
