experiment,Line-Treatment,DT inflection,StDev_inf,DT interval,StDev_int,Lab strain,Strain,Treatment,Strain*Treatment,Time_0,Time_0.5,Time_1,Time_1.5,Time_2,Time_2.5,Time_3,Time_3.5,Time_4,Time_4.5,Time_5,Time_5.5,Time_6,Time_6.5,Time_7,Time_7.5,Time_8,Time_8.5,Time_9,Time_9.5,Time_10,Time_10.5,Time_11,Time_11.5,Time_12,Time_12.5,Time_13,Time_13.5,Time_14,Time_14.5,Time_15,Time_15.5,Time_16,Time_16.5,Time_17,Time_17.5,Time_18,Time_18.5,Time_19,Time_19.5,Time_20
SGRP_mTORinhibitsSCREEN_SET3_CAFFEINE AND lowTORIN_JEMBL_1201201,yML 570-1 uM Torin 11,130.49248,7.490576026,175.8521618,2.029872688,yML 570,FM677,1 uM Torin 1,FM677*1 uM Torin 1,0,0.024,0.028,0.026666667,0.025666667,0.027,0.028666667,0.029333333,0.032,0.033666667,0.044,0.05,0.056333333,0.064666667,0.072666667,0.083333333,0.094,0.106666667,0.120333333,0.135,0.158,0.180333333,0.2,0.228666667,0.25,0.292,0.328666667,0.372666667,0.418333333,0.471,0.526666667,0.585,0.651,0.713,0.773333333,0.844,0.911333333,0.957333333,0.973,0.987333333,0.971666667
