experiment,Line-Treatment,DT inflection,StDev_inf,DT interval,StDev_int,Lab strain,Strain,Treatment,Strain*Treatment,Time_0,Time_0.5,Time_1,Time_1.5,Time_2,Time_2.5,Time_3,Time_3.5,Time_4,Time_4.5,Time_5,Time_5.5,Time_6,Time_6.5,Time_7,Time_7.5,Time_8,Time_8.5,Time_9,Time_9.5,Time_10,Time_10.5,Time_11,Time_11.5,Time_12,Time_12.5,Time_13,Time_13.5,Time_14,Time_14.5,Time_15,Time_15.5,Time_16,Time_16.5,Time_17,Time_17.5,Time_18,Time_18.5,Time_19,Time_19.5,Time_20
SGRP_mTOR_inhibitsSCREEN_SET3_round3_lowTORIN_KG_091517_F.xls,YML670-1 uM Torin 1,63.64816508,10.70779161,103.1348195,15.14065413,yML 670,Q59.1,1 uM Torin 1,Q59.1*1 uM Torin 1,0,0.046666667,0.050666667,0.052666667,0.054333333,0.058,0.095333333,0.110333333,0.139333333,0.179,0.220666667,0.257,0.325666667,0.398,0.483,0.593666667,0.709333333,0.803333333,0.915666667,1.015,1.110333333,1.195666667,1.241333333,1.251333333,1.268333333,1.289,1.307666667,1.332666667,1.359333333,1.388,1.414666667,1.442333333,1.463333333,1.485666667,1.502333333,1.52,1.537,1.550666667,1.565333333,1.578,1.589333333
SGRP_mTORinhibitsSCREEN_SET3_LOWTORIN_MGK_09112017F.xls,YML670-1 uM Torin 1,86.03512605,4.503314247,104.0215512,3.224821001,yML 670,Q59.1,1 uM Torin 1,Q59.1*1 uM Torin 1,0,0.017333333,0.005333333,0.003666667,0.015,0.003666667,0.008,0.125,0.163,0.204,0.245,0.303666667,0.373,0.456333333,0.558,0.67,0.784,0.899333333,0.999333333,1.085,1.106,1.125666667,1.142666667,1.171666667,1.197333333,1.226333333,1.248333333,1.275,1.309,1.338,1.371333333,1.395,1.417,1.445,1.467666667,1.485333333,1.515,1.534333333,1.546333333,1.568666667,1.585666667
SGRP_mTORinhibitsSCREEN_SET3_LOWTORIN_PUMT_062817.xls,YML670-1 uM Torin 1,81.40338229,8.321103742,102.9920438,1.854508704,yML 670,Q59.1,1 uM Torin 1,Q59.1*1 uM Torin 1,0,0.027333333,0.030666667,0.034666667,0.040333333,0.047333333,0.054666667,0.063666667,0.078,0.099,0.122,0.159333333,0.197666667,0.253,0.308333333,0.367,0.436,0.505,0.582,0.659,0.737,0.814,0.887333333,0.963666667,1.033,1.089333333,1.133333333,1.164,1.19,1.218333333,1.250333333,1.282,1.313666667,1.342333333,1.369666667,1.395,1.418,1.437666667,1.458333333,1.474666667,1.491666667
