experiment,Line-Treatment,DT inflection,StDev_inf,DT interval,StDev_int,Lab strain,Strain,Treatment,Strain*Treatment,Time_0,Time_0.5,Time_1,Time_1.5,Time_2,Time_2.5,Time_3,Time_3.5,Time_4,Time_4.5,Time_5,Time_5.5,Time_6,Time_6.5,Time_7,Time_7.5,Time_8,Time_8.5,Time_9,Time_9.5,Time_10,Time_10.5,Time_11,Time_11.5,Time_12,Time_12.5,Time_13,Time_13.5,Time_14,Time_14.5,Time_15,Time_15.5,Time_16,Time_16.5,Time_17,Time_17.5,Time_18,Time_18.5,Time_19,Time_19.5,Time_20
SGRP_mTORinhibitsSCREEN_SET 1 2 3 4 High-Low Rapa High-Low Torin,NCYC 3265-20 ng/ml RAPA,18.71642783,5.964325307,130.1812391,45.0308012,NCYC 3265,SK1,20 ng/mL RAPA,SK1*20 ng/mL RAPA,0,0.005333333,0.005,0.004666667,0.003666667,0.003,0.003333333,0.003333333,0.004,0.004333333,0.005,0.005333333,0.006666667,0.008333333,0.01,0.010333333,0.011333333,0.012666667,0.013333333,0.015333333,0.017,0.018666667,0.020666667,0.023,0.025333333,0.028333333,0.031,0.103,0.115333333,0.108333333,0.051333333,0.236333333,0.321333333,0.391333333,0.180333333,0.325666667,0.265333333,0.252666667,0.326666667,0.279333333,0.248666667
SGRP_mTORinhibitsSCREEN_SET 1 2 3 4 High-Low Rapa High-Low Torin,NCYC 3265-20 ng/ml RAPA,32.315831,17.15754376,413.953132,264.4791321,NCYC 3265,SK1,20 ng/mL RAPA,SK1*20 ng/mL RAPA,0,0.014,0.015333333,0.016666667,0.018333333,0.020333333,0.023333333,0.026,0.029333333,0.033,0.037666667,0.043666667,0.047666667,0.053666667,0.059333333,0.065,0.072,0.079666667,0.087333333,0.096333333,0.105333333,0.421333333,0.324,0.363666667,0.461666667,0.453,0.495,0.475666667,0.509666667,0.493,0.571666667,0.569333333,0.632333333,0.628333333,0.585,0.587,0.55,0.576333333,0.554666667,0.484666667,0.488333333
