experiment,Line-Treatment,DT inflection,StDev_inf,DT interval,StDev_int,Lab strain,Strain,Treatment,Strain*Treatment,Time_0,Time_0.5,Time_1,Time_1.5,Time_2,Time_2.5,Time_3,Time_3.5,Time_4,Time_4.5,Time_5,Time_5.5,Time_6,Time_6.5,Time_7,Time_7.5,Time_8,Time_8.5,Time_9,Time_9.5,Time_10,Time_10.5,Time_11,Time_11.5,Time_12,Time_12.5,Time_13,Time_13.5,Time_14,Time_14.5,Time_15,Time_15.5,Time_16,Time_16.5,Time_17,Time_17.5,Time_18,Time_18.5,Time_19,Time_19.5,Time_20
original data.xls SET 4 HIGH RAPA,YML695-20 ng/ml RAPA,97.07169908,5.374465156,164.6930572,9.864755612,yML 695,Y8.1,20 ng/mL RAPA,Y8.1*20 ng/mL RAPA,0,0.058333333,0.048666667,0.057333333,0.028333333,0.077666667,0.102,0.130666667,0.134,0.158,0.195,0.226333333,0.259,0.288333333,0.337,0.373333333,0.424333333,0.496,0.553,0.628666667,0.692,0.778333333,0.854,0.923666667,0.998,1.067,1.134666667,1.187333333,1.250333333,1.264,1.277,1.289,1.298666667,1.311,1.332,1.344,1.363333333,1.378666667,1.398,1.415666667,1.430333333
