experiment,Line-Treatment,DT inflection,StDev_inf,DT interval,StDev_int,Lab strain,Strain,Treatment,Strain*Treatment,Time_0,Time_0.5,Time_1,Time_1.5,Time_2,Time_2.5,Time_3,Time_3.5,Time_4,Time_4.5,Time_5,Time_5.5,Time_6,Time_6.5,Time_7,Time_7.5,Time_8,Time_8.5,Time_9,Time_9.5,Time_10,Time_10.5,Time_11,Time_11.5,Time_12,Time_12.5,Time_13,Time_13.5,Time_14,Time_14.5,Time_15,Time_15.5,Time_16,Time_16.5,Time_17,Time_17.5,Time_18,Time_18.5,Time_19,Time_19.5,Time_20
SGRP_mTORinhibits_SET3_CAFFEINE_MGK_100817_F.xls,YML 570-1000 ug/ml Caffeine,177.2218976,23.678978,236.234548,7.451121908,yML 570,FM677,1 mg/mL Caffeine,FM677*1 mg/mL Caffeine,0,0.018333333,0.020333333,0.021333333,0.024,0.025,0.027333333,0.029333333,0.032,0.037333333,0.042333333,0.048666667,0.06,0.067333333,0.075,0.083,0.093,0.102333333,0.116,0.127666667,0.141666667,0.155333333,0.171666667,0.189,0.206,0.226333333,0.248,0.271,0.293666667,0.321,0.351333333,0.382,0.415666667,0.453333333,0.491,0.534,0.576666667,0.622666667,0.67,0.718333333,0.766
SGRP_mTORinhibitsSCREEN_SET3_CAFFEINE_MGK_10082017_D.xls,YML 570-1000 ug/ml Caffeine,162.0063414,6.069477767,240.3108721,18.93605469,yML 570,FM677,1 mg/mL Caffeine,FM677*1 mg/mL Caffeine,0,0.019,0.027333333,0.029333333,0.031,0.036,0.040333333,0.043,0.048333333,0.052666667,0.059,0.064666667,0.071666667,0.076333333,0.085,0.091333333,0.103333333,0.113666667,0.129333333,0.143333333,0.154333333,0.171666667,0.184,0.205666667,0.224333333,0.243333333,0.259666667,0.287,0.307666667,0.334,0.363,0.391,0.420666667,0.458333333,0.485,0.524666667,0.566666667,0.590333333,0.613,0.635,0.663666667
SGRP_mTORinhibitsSCREEN_SET3_Caffeine_NBMBL_07112017.xls,YML 570-1000 ug/ml Caffeine,132.1861276,5.820363455,153.3400489,1.067054785,yML 570,FM677,1 mg/mL Caffeine,FM677*1 mg/mL Caffeine,0,0.02,0.019333333,0.021666667,0.020333333,0.023333333,0.025,0.028333333,0.032333333,0.038,0.043666667,0.05,0.059,0.072333333,0.084666667,0.096666667,0.113666667,0.133333333,0.155,0.181333333,0.208333333,0.241666667,0.276,0.316333333,0.36,0.409666667,0.460333333,0.521,0.583666667,0.652333333,0.720333333,0.793666667,0.859333333,0.929333333,0.994,1.027666667,1.016666667,1.011,1.009,1.007666667,1.009
