experiment,Line-Treatment,DT inflection,StDev_inf,DT interval,StDev_int,Lab strain,Strain,Treatment,Strain*Treatment,Time_0,Time_0.5,Time_1,Time_1.5,Time_2,Time_2.5,Time_3,Time_3.5,Time_4,Time_4.5,Time_5,Time_5.5,Time_6,Time_6.5,Time_7,Time_7.5,Time_8,Time_8.5,Time_9,Time_9.5,Time_10,Time_10.5,Time_11,Time_11.5,Time_12,Time_12.5,Time_13,Time_13.5,Time_14,Time_14.5,Time_15,Time_15.5,Time_16,Time_16.5,Time_17,Time_17.5,Time_18,Time_18.5,Time_19,Time_19.5,Time_20
SGRP_mTORinhibitsSCREEN_SET1_CAFF_MGK_11012017_F.xls,NCYC 3452-1000 ug/ml Caffeine,96.81375111,2.113185797,113.6365324,1.68478852,NCYC 3452,K11,1 mg/mL Caffeine,K11*1 mg/mL Caffeine,0,0.004333333,0.019333333,0.017666667,-0.009666667,0.014333333,0.006,0.008,0.022,0.026666667,0.032666667,0.040666667,0.058666667,0.059333333,0.066333333,0.091,0.11,0.137666667,0.170666667,0.207333333,0.249333333,0.302666667,0.358,0.425666667,0.497666667,0.573666667,0.649666667,0.721,0.788333333,0.853,0.905,0.925666667,0.934333333,0.940333333,0.941,0.941666667,0.947666667,0.949333333,0.951,0.955,0.953
SGRP_mTORinhibitsSCREEN_SET1_CAFFEINE AND lowTORIN_MGK_12022017_,NCYC 3452-1000 ug/ml Caffeine,25.36557855,10.92500655,48.13826878,23.86494885,NCYC 3452,K11,1 mg/mL Caffeine,K11*1 mg/mL Caffeine,0,0.041,0.044666667,0.048666667,0.053333333,0.040333333,0.020666667,0.022,0.017333333,0.016666667,0.014333333,0.013666667,0.014,0.009666667,0.012333333,0.011666667,0.011,0.02,0.018666667,0.024,0.034,0.092666667,0.099333333,0.156666667,0.271,0.648666667,0.528333333,0.489666667,0.629,0.556,0.791,0.675666667,0.723333333,0.728333333,0.814,0.855666667,0.907,1.077,1.275666667,1.038333333,1.104
