experiment,Line-Treatment,DT inflection,StDev_inf,DT interval,StDev_int,Lab strain,Strain,Treatment,Strain*Treatment,Time_0,Time_0.5,Time_1,Time_1.5,Time_2,Time_2.5,Time_3,Time_3.5,Time_4,Time_4.5,Time_5,Time_5.5,Time_6,Time_6.5,Time_7,Time_7.5,Time_8,Time_8.5,Time_9,Time_9.5,Time_10,Time_10.5,Time_11,Time_11.5,Time_12,Time_12.5,Time_13,Time_13.5,Time_14,Time_14.5,Time_15,Time_15.5,Time_16,Time_16.5,Time_17,Time_17.5,Time_18,Time_18.5,Time_19,Time_19.5,Time_20
SGRP_mTOR_inhibitsSCREEN_SET3_round3_lowTORIN_KG_091517_F.xls,YML678-1 uM Torin 1,34.47841411,6.269589177,55.09468749,24.45305383,yML 678,N-43,1 uM Torin 1,N-43*1 uM Torin 1,0,0.058,0.058,0.058,0.061333333,0.053,0.078333333,0.090666667,0.084333333,0.096333333,0.144,0.164666667,0.214,0.328666667,0.514,0.670333333,0.895,0.99,1.081,1.188333333,1.282333333,1.342666667,1.342,1.349,1.358333333,1.372333333,1.378333333,1.392,1.405,1.423666667,1.448666667,1.474,1.493,1.521333333,1.536666667,1.555333333,1.564,1.580333333,1.599333333,1.614,1.623
SGRP_mTORinhibitsSCREEN_SET3_LOWTORIN_PUMT_062817.xls,YML678-1 uM Torin 1,49.29667175,33.39625125,62.94115823,14.05194454,yML 678,N-43,1 uM Torin 1,N-43*1 uM Torin 1,0,0.034666667,0.04,0.043666667,0.05,0.054333333,0.042,0.042,0.048666667,0.098333333,0.105,0.241,0.331666667,0.424666667,0.545,0.654,0.774666667,0.882666667,0.993333333,1.098666667,1.169666667,1.175,1.178666667,1.198333333,1.220666667,1.240333333,1.268333333,1.297333333,1.328666667,1.356,1.381,1.405,1.429,1.449333333,1.477666667,1.495666667,1.515,1.534,1.550666667,1.569666667,1.58
