experiment,Line-Treatment,DT inflection,StDev_inf,DT interval,StDev_int,Lab strain,Strain,Treatment,Strain*Treatment,Time_0,Time_0.5,Time_1,Time_1.5,Time_2,Time_2.5,Time_3,Time_3.5,Time_4,Time_4.5,Time_5,Time_5.5,Time_6,Time_6.5,Time_7,Time_7.5,Time_8,Time_8.5,Time_9,Time_9.5,Time_10,Time_10.5,Time_11,Time_11.5,Time_12,Time_12.5,Time_13,Time_13.5,Time_14,Time_14.5,Time_15,Time_15.5,Time_16,Time_16.5,Time_17,Time_17.5,Time_18,Time_18.5,Time_19,Time_19.5,Time_20
SET4_highTORIN_REDO_NBMBL_080717.xls,yML 691-25 uM Torin 1,74.37527588,7.132581487,117.4798826,17.64778282,yML 691,Q31.4,25 uM Torin 1,Q31.4*25 uM Torin 1,0,0.042,0.043666667,0.044,0.040333333,0.038666667,0.036,0.047333333,0.049,0.061,0.065,0.077333333,0.085333333,0.109666667,0.127333333,0.139,0.183666667,0.213333333,0.256666667,0.301666667,0.379,0.462,0.560333333,0.677666667,0.801666667,0.916666667,1.028666667,1.110666667,1.164,1.207666667,1.229666667,1.262333333,1.289,1.320666667,1.353333333,1.383,1.41,1.439666667,1.46,1.482,1.501666667
