experiment,Line-Treatment,DT inflection,StDev_inf,DT interval,StDev_int,Lab strain,Strain,Treatment,Strain*Treatment,Time_0,Time_0.5,Time_1,Time_1.5,Time_2,Time_2.5,Time_3,Time_3.5,Time_4,Time_4.5,Time_5,Time_5.5,Time_6,Time_6.5,Time_7,Time_7.5,Time_8,Time_8.5,Time_9,Time_9.5,Time_10,Time_10.5,Time_11,Time_11.5,Time_12,Time_12.5,Time_13,Time_13.5,Time_14,Time_14.5,Time_15,Time_15.5,Time_16,Time_16.5,Time_17,Time_17.5,Time_18,Time_18.5,Time_19,Time_19.5,Time_20
SGRP_mTORinhibitsSCREEN_SET 1 2 3 4 High-Low Rapa High-Low Torin,yML 742-25 uM Torin 1,92.41205535,1.497542217,95.87740501,4.262928741,BY4743,BY4743,25 uM Torin 1,BY4743*25 uM Torin 1,0,0.036,0.038333333,0.039333333,0.040666667,0.042,0.043333333,0.045,0.047333333,0.050666667,0.054333333,0.059333333,0.066,0.074333333,0.085333333,0.099666667,0.119,0.141666667,0.172333333,0.212666667,0.264333333,0.328333333,0.401333333,0.487333333,0.582666667,0.687,0.791,0.882,0.956,1.029666667,1.089666667,1.119666667,1.127333333,1.137333333,1.147666667,1.159,1.170666667,1.182666667,1.196666667,1.211333333,1.225333333
SGRP_mTORinhibitsSCREEN_SET2_LOWRAPA_highTORIN_MGK_12032017_F,yML 742-25 uM Torin 1,120.0914118,29.26140321,147.0095383,55.0443628,BY4743,BY4743,25 uM Torin 1,BY4743*25 uM Torin 1,0,0.051333333,0.055,0.055666667,0.056,0.057666667,0.059333333,0.061,0.063333333,0.064333333,0.066666667,0.068666667,0.072,0.074666667,0.077666667,0.083,0.088666667,0.095333333,0.103666667,0.110666667,0.121333333,0.133666667,0.149,0.168666667,0.192333333,0.222333333,0.263333333,0.308666667,0.365666667,0.433,0.507,0.590666667,0.674333333,0.760666667,0.839666667,0.895666667,0.944333333,0.978333333,1.013666667,1.049666667,1.091
