experiment,Line-Treatment,DT inflection,StDev_inf,DT interval,StDev_int,Lab strain,Strain,Treatment,Strain*Treatment,Time_0,Time_0.5,Time_1,Time_1.5,Time_2,Time_2.5,Time_3,Time_3.5,Time_4,Time_4.5,Time_5,Time_5.5,Time_6,Time_6.5,Time_7,Time_7.5,Time_8,Time_8.5,Time_9,Time_9.5,Time_10,Time_10.5,Time_11,Time_11.5,Time_12,Time_12.5,Time_13,Time_13.5,Time_14,Time_14.5,Time_15,Time_15.5,Time_16,Time_16.5,Time_17,Time_17.5,Time_18,Time_18.5,Time_19,Time_19.5,Time_20
SGRP_mTORinhibitsSCREEN_SET3_round3_highRAPA_KG_091517_D.xls,YML678-20 ng/ml RAPA,58.77237969,4.645924929,177.8615509,9.927314204,yML 678,N-43,20 ng/mL RAPA,N-43*20 ng/mL RAPA,0,0.06,0.06,0.063333333,0.057,0.066666667,0.073666667,0.081,0.123666667,0.146,0.185333333,0.21,0.253,0.305333333,0.330666667,0.374666667,0.434,0.470666667,0.553,0.611333333,0.674,0.748666667,0.82,0.883,0.952666667,1.023333333,1.075666667,1.128333333,1.192,1.235,1.291666667,1.336666667,1.393666667,1.434,1.475333333,1.510333333,1.534,1.542666667,1.559666667,1.571666667,1.593666667
