experiment,Line-Treatment,DT inflection,StDev_inf,DT interval,StDev_int,Lab strain,Strain,Treatment,Strain*Treatment,Time_0,Time_0.5,Time_1,Time_1.5,Time_2,Time_2.5,Time_3,Time_3.5,Time_4,Time_4.5,Time_5,Time_5.5,Time_6,Time_6.5,Time_7,Time_7.5,Time_8,Time_8.5,Time_9,Time_9.5,Time_10,Time_10.5,Time_11,Time_11.5,Time_12,Time_12.5,Time_13,Time_13.5,Time_14,Time_14.5,Time_15,Time_15.5,Time_16,Time_16.5,Time_17,Time_17.5,Time_18,Time_18.5,Time_19,Time_19.5,Time_20
SGRP_mTOR_inhibitsSCREEN_SET2_HighRAPA+LowTorin_Repeat_JEMBL_073,NCYC 3462-20 ng/ml RAPA,46.92696278,10.10665081,166.9751028,91.34523605,NCYC 3462,UWOPS05-217.3 ,20 ng/mL RAPA,UWOPS05-217.3 *20 ng/mL RAPA,0,0.050666667,0.028,0.055,0.054333333,0.038,0.07,0.074666667,0.09,0.173333333,0.148,0.194666667,0.261333333,0.306,0.365666667,0.394666667,0.434,0.491666667,0.544,0.589666667,0.668333333,0.716,0.783,0.841666667,0.905333333,0.964666667,1.030666667,1.085666667,1.148333333,1.190666667,1.242666667,1.283333333,1.330333333,1.371,1.409,1.431333333,1.450333333,1.476333333,1.495666667,1.515333333,1.534333333
SGRP_mTORinhibitsSCREEN_Set2_highRAPA_KGPU_11202017_F.xls,NCYC 3462-20 ng/ml RAPA,118.3602601,8.439494212,192.1371894,7.211941779,NCYC 3462,UWOPS05-217.3 ,20 ng/mL RAPA,UWOPS05-217.3 *20 ng/mL RAPA,0,0.049333333,0.054333333,0.062333333,0.081333333,0.087333333,0.099666667,0.117333333,0.127333333,0.142333333,0.167,0.177666667,0.207666667,0.230666667,0.253,0.291,0.326333333,0.361333333,0.403,0.437,0.488666667,0.545,0.603333333,0.661666667,0.719,0.777333333,0.836666667,0.905666667,0.967666667,1.029666667,1.086333333,1.143333333,1.2,1.253666667,1.305333333,1.356333333,1.391666667,1.412666667,1.433333333,1.453333333,1.477333333
