experiment,Line-Treatment,DT inflection,StDev_inf,DT interval,StDev_int,Lab strain,Strain,Treatment,Strain*Treatment,Time_0,Time_0.5,Time_1,Time_1.5,Time_2,Time_2.5,Time_3,Time_3.5,Time_4,Time_4.5,Time_5,Time_5.5,Time_6,Time_6.5,Time_7,Time_7.5,Time_8,Time_8.5,Time_9,Time_9.5,Time_10,Time_10.5,Time_11,Time_11.5,Time_12,Time_12.5,Time_13,Time_13.5,Time_14,Time_14.5,Time_15,Time_15.5,Time_16,Time_16.5,Time_17,Time_17.5,Time_18,Time_18.5,Time_19,Time_19.5,Time_20
SGRP_mTORinhibits_SET3_highTORIN_MGK_101617_F.xls,YML681-25 uM Torin 1,92.67919542,12.2674416,131.6338725,20.91696155,yML 681,A4,25 uM Torin 1,A4*25 uM Torin 1,0,0.021666667,0.025,0.025,0.028,0.038666667,0.042333333,0.051,0.053333333,0.064,0.082333333,0.098333333,0.098666667,0.118666667,0.149666667,0.175333333,0.216,0.247,0.298333333,0.352333333,0.435666667,0.538,0.619,0.741666667,0.858333333,0.966333333,1.06,1.100333333,1.121,1.158666667,1.174,1.196666667,1.211,1.240666667,1.264666667,1.292666667,1.321,1.342666667,1.377,1.418333333,1.430333333
SGRP_mTORinhibitsSCREEN_SET3highTORIN_MGK_101617_D.xls,YML681-25 uM Torin 1,77.89061744,13.17394072,117.4226903,10.81428905,yML 681,A4,25 uM Torin 1,A4*25 uM Torin 1,0,0.031333333,0.038,0.054333333,0.053333333,0.059666667,0.063333333,0.069333333,0.081666667,0.077666667,0.098333333,0.097333333,0.108333333,0.140666667,0.149333333,0.172333333,0.211,0.239,0.281333333,0.369,0.448666667,0.549666667,0.669666667,0.795666667,0.913666667,1.018,1.082,1.116666667,1.118666667,1.136333333,1.149666667,1.180333333,1.195333333,1.229333333,1.252666667,1.281666667,1.327666667,1.352333333,1.381333333,1.410333333,1.443666667
