experiment,Line-Treatment,DT inflection,StDev_inf,DT interval,StDev_int,Lab strain,Strain,Treatment,Strain*Treatment,Time_0,Time_0.5,Time_1,Time_1.5,Time_2,Time_2.5,Time_3,Time_3.5,Time_4,Time_4.5,Time_5,Time_5.5,Time_6,Time_6.5,Time_7,Time_7.5,Time_8,Time_8.5,Time_9,Time_9.5,Time_10,Time_10.5,Time_11,Time_11.5,Time_12,Time_12.5,Time_13,Time_13.5,Time_14,Time_14.5,Time_15,Time_15.5,Time_16,Time_16.5,Time_17,Time_17.5,Time_18,Time_18.5,Time_19,Time_19.5,Time_20
SET1GDC_ARMBL_080217.xls,NCYC 3456-100 uM GDC0941,69.6874213,4.205938384,71.33168045,2.170150948,NCYC 3456,378604 X,100 uM GDC0941,378604 X*100 uM GDC0941,0,0.007666667,0.009,0.010666667,0.012,0.015,0.02,0.026333333,0.032666667,0.042666667,0.057,0.075333333,0.101666667,0.138333333,0.191666667,0.256333333,0.341666667,0.448666667,0.571,0.706,0.855,1.006,1.139333333,1.178,1.194333333,1.210333333,1.226333333,1.244666667,1.262333333,1.282666667,1.308666667,1.329666667,1.359666667,1.385666667,1.413333333,1.439333333,1.464666667,1.490333333,1.513666667,1.533666667,1.553333333
SGRP_mTOR_inhibitsSCREEN_SET1_GDC_redo_JE_092617.xls,NCYC 3456-100 uM GDC0941,77.28244099,2.66769399,79.92913369,4.057812997,NCYC 3456,378604 X,100 uM GDC0941,378604 X*100 uM GDC0941,0,0.083666667,0.090333333,0.099,0.114666667,0.139666667,0.176333333,0.228,0.295333333,0.386,0.499666667,0.630333333,0.772,0.917333333,1.062333333,1.192333333,1.228333333,1.235666667,1.241,1.247333333,1.253,1.260666667,1.269,1.278333333,1.285666667,1.295666667,1.305666667,1.313666667,1.325,1.337,1.348666667,1.359666667,1.374,1.388333333,1.404666667,1.418666667,1.436,1.452333333,1.471333333,1.488333333,1.508333333
