experiment,Line-Treatment,DT inflection,StDev_inf,DT interval,StDev_int,Lab strain,Strain,Treatment,Strain*Treatment,Time_0,Time_0.5,Time_1,Time_1.5,Time_2,Time_2.5,Time_3,Time_3.5,Time_4,Time_4.5,Time_5,Time_5.5,Time_6,Time_6.5,Time_7,Time_7.5,Time_8,Time_8.5,Time_9,Time_9.5,Time_10,Time_10.5,Time_11,Time_11.5,Time_12,Time_12.5,Time_13,Time_13.5,Time_14,Time_14.5,Time_15,Time_15.5,Time_16,Time_16.5,Time_17,Time_17.5,Time_18,Time_18.5,Time_19,Time_19.5,Time_20
SGRP_mTORinhibitsSCREEN_SET3_CAFFEINE AND lowTORIN_JEMBL_1201201,yML 570-2.5% DMSO,133.275386,5.315216052,165.4979674,2.594346695,yML 570,FM677,2.5% DMSO,FM677*2.5% DMSO,0,0.020333333,0.024,0.023333333,0.023333333,0.024,0.025666667,0.027,0.029,0.031,0.042666667,0.048,0.054333333,0.062,0.071333333,0.082,0.093,0.106333333,0.121333333,0.136,0.159,0.181,0.201333333,0.231666667,0.258666667,0.298333333,0.339333333,0.386333333,0.433666667,0.492333333,0.553333333,0.616666667,0.682666667,0.749666667,0.818333333,0.89,0.956,0.994,0.991,0.979666667,0.970666667
