experiment,Line-Treatment,DT inflection,StDev_inf,DT interval,StDev_int,Lab strain,Strain,Treatment,Strain*Treatment,Time_0,Time_0.5,Time_1,Time_1.5,Time_2,Time_2.5,Time_3,Time_3.5,Time_4,Time_4.5,Time_5,Time_5.5,Time_6,Time_6.5,Time_7,Time_7.5,Time_8,Time_8.5,Time_9,Time_9.5,Time_10,Time_10.5,Time_11,Time_11.5,Time_12,Time_12.5,Time_13,Time_13.5,Time_14,Time_14.5,Time_15,Time_15.5,Time_16,Time_16.5,Time_17,Time_17.5,Time_18,Time_18.5,Time_19,Time_19.5,Time_20
RB_RUN1_F_SGRPmTORscreen_KGA_11082018.xls,yML559-2.5%DMSO,82.70227934,1.859899823,89.04588396,1.795661547,yML 559,Y10,2.5% DMSO,Y10*2.5% DMSO,0,0.040666667,0.044,0.052,0.054,0.047,0.073,0.088666667,0.107666667,0.136333333,0.172666667,0.215,0.274333333,0.350666667,0.433,0.525333333,0.620666667,0.723666667,0.829,0.927333333,1.026666667,1.061333333,1.087333333,1.11,1.137,1.167,1.191,1.223,1.245,1.270333333,1.292666667,1.316666667,1.43,1.355333333,1.381,1.397,1.413666667,1.43,1.443,1.457666667,1.472333333
