experiment,Line-Treatment,DT inflection,StDev_inf,DT interval,StDev_int,Lab strain,Strain,Treatment,Strain*Treatment,Time_0,Time_0.5,Time_1,Time_1.5,Time_2,Time_2.5,Time_3,Time_3.5,Time_4,Time_4.5,Time_5,Time_5.5,Time_6,Time_6.5,Time_7,Time_7.5,Time_8,Time_8.5,Time_9,Time_9.5,Time_10,Time_10.5,Time_11,Time_11.5,Time_12,Time_12.5,Time_13,Time_13.5,Time_14,Time_14.5,Time_15,Time_15.5,Time_16,Time_16.5,Time_17,Time_17.5,Time_18,Time_18.5,Time_19,Time_19.5,Time_20
RB_RUN1_F_SGRPmTORscreen_KGA_11082018.xls,yML698-B-1 uM Torin 1,75.11650429,9.456175595,92.6777519,1.338752831,yML 698,IFO1804,1 uM Torin 1,IFO1804*1 uM Torin 1,0,0.033666667,0.042,0.047333333,0.055333333,0.055666667,0.084666667,0.109,0.141666667,0.189333333,0.23,0.296333333,0.366333333,0.454333333,0.547,0.642333333,0.747333333,0.849333333,0.951,0.980333333,0.981333333,0.979,0.976333333,0.974666667,0.971666667,0.989333333,0.973333333,0.972333333,0.973666667,0.974,0.970666667,0.976,0.977666667,0.978333333,0.980666667,0.982666667,0.982,0.984,0.985666667,0.988333333,0.986666667
