experiment,Line-Treatment,DT inflection,StDev_inf,DT interval,StDev_int,Lab strain,Strain,Treatment,Strain*Treatment,Time_0,Time_0.5,Time_1,Time_1.5,Time_2,Time_2.5,Time_3,Time_3.5,Time_4,Time_4.5,Time_5,Time_5.5,Time_6,Time_6.5,Time_7,Time_7.5,Time_8,Time_8.5,Time_9,Time_9.5,Time_10,Time_10.5,Time_11,Time_11.5,Time_12,Time_12.5,Time_13,Time_13.5,Time_14,Time_14.5,Time_15,Time_15.5,Time_16,Time_16.5,Time_17,Time_17.5,Time_18,Time_18.5,Time_19,Time_19.5,Time_20
SGRP_mTORinhibitsSCREEN_SET1_AZD8055_KGPUARMBL_061817.xls,NCYC 3284-100uM AZD08055,57.0851767,7.354361302,69.6975767,5.448744358,NCYC 3284,YPS128,100 uM AZD8055,YPS128*100 uM AZD8055,0,0.086666667,0.093333333,0.101333333,0.16,0.221666667,0.299333333,0.383666667,0.503666667,0.638666667,0.789333333,0.946333333,1.1,1.22,1.294333333,1.324666667,1.352333333,1.380333333,1.409666667,1.439333333,1.470666667,1.502,1.527333333,1.549,1.572333333,1.589666667,1.607,1.625,1.639666667,1.653333333,1.665333333,1.679,1.692,1.701666667,1.712666667,1.725,1.733666667,1.744666667,1.753666667,1.762,1.772
