experiment,Line-Treatment,DT inflection,StDev_inf,DT interval,StDev_int,Lab strain,Strain,Treatment,Strain*Treatment,Time_0,Time_0.5,Time_1,Time_1.5,Time_2,Time_2.5,Time_3,Time_3.5,Time_4,Time_4.5,Time_5,Time_5.5,Time_6,Time_6.5,Time_7,Time_7.5,Time_8,Time_8.5,Time_9,Time_9.5,Time_10,Time_10.5,Time_11,Time_11.5,Time_12,Time_12.5,Time_13,Time_13.5,Time_14,Time_14.5,Time_15,Time_15.5,Time_16,Time_16.5,Time_17,Time_17.5,Time_18,Time_18.5,Time_19,Time_19.5,Time_20
SGRP_mTORinhibits_SET3_CAFFEINE_MGK_100817_F.xls,YML679-1000 ug/ml Caffeine,59.09093811,1.487195008,108.0037896,9.88291014,yML 679,CBS5829,1 mg/mL Caffeine,CBS5829*1 mg/mL Caffeine,0,0.020666667,0.033333333,0.055,0.068666667,0.105666667,0.117,0.167,0.209666667,0.243,0.319,0.412666667,0.471333333,0.550666667,0.658333333,0.786666667,0.894666667,1.021666667,1.095333333,1.161333333,1.192666667,1.210666667,1.214666667,1.235,1.252666667,1.285,1.309333333,1.345333333,1.366,1.402333333,1.433666667,1.461333333,1.482,1.507,1.522333333,1.542,1.556,1.572666667,1.589666667,1.607,1.619333333
SGRP_mTORinhibitsSCREEN_SET3_CAFFEINE_MGK_10082017_D.xls,YML679-1000 ug/ml Caffeine,82.33076148,4.592680733,98.60827721,6.158514275,yML 679,CBS5829,1 mg/mL Caffeine,CBS5829*1 mg/mL Caffeine,0,0.011,0.045666667,0.059666667,0.075,0.1,0.122333333,0.149333333,0.184333333,0.226333333,0.291666667,0.352666667,0.434666667,0.522,0.623,0.744,0.844666667,0.955,1.075,1.125,1.142333333,1.148,1.137666667,1.156666667,1.181666667,1.205333333,1.248666667,1.290666667,1.323333333,1.354666667,1.389,1.415333333,1.447,1.472666667,1.485666667,1.513333333,1.529333333,1.55,1.572,1.585333333,1.603333333
SGRP_mTORinhibitsSCREEN_SET3_Caffeine_NBMBL_07112017.xls,YML679-1000 ug/ml Caffeine,88.09297505,4.427259213,103.1335941,5.201430819,yML 679,CBS5829,1 mg/mL Caffeine,CBS5829*1 mg/mL Caffeine,0,0.018666667,0.026666667,0.019333333,0.047666667,0.068666667,0.1,0.129666667,0.165666667,0.209,0.258333333,0.307666667,0.381,0.456666667,0.540666667,0.647666667,0.761,0.860333333,0.957333333,1.043,1.066666667,1.077333333,1.097666667,1.115,1.136666667,1.165333333,1.192,1.220666667,1.248,1.280666667,1.310333333,1.336666667,1.363333333,1.389666667,1.41,1.431666667,1.450666667,1.472666667,1.491333333,1.51,1.531
