experiment,Line-Treatment,DT inflection,StDev_inf,DT interval,StDev_int,Lab strain,Strain,Treatment,Strain*Treatment,Time_0,Time_0.5,Time_1,Time_1.5,Time_2,Time_2.5,Time_3,Time_3.5,Time_4,Time_4.5,Time_5,Time_5.5,Time_6,Time_6.5,Time_7,Time_7.5,Time_8,Time_8.5,Time_9,Time_9.5,Time_10,Time_10.5,Time_11,Time_11.5,Time_12,Time_12.5,Time_13,Time_13.5,Time_14,Time_14.5,Time_15,Time_15.5,Time_16,Time_16.5,Time_17,Time_17.5,Time_18,Time_18.5,Time_19,Time_19.5,Time_20
SGRP_mTORinhibitsSCREEN_SET3_round3_highRAPA_KG_091517_D.xls,YML677-20 ng/ml RAPA,84.01136746,26.09500515,407.8091057,330.0200276,yML 677,Q95.3,20 ng/mL RAPA,Q95.3*20 ng/mL RAPA,0,0.063,0.067333333,0.065333333,0.063666667,0.062666667,0.076333333,0.073,0.099,0.101,0.112666667,0.134666667,0.131333333,0.147,0.160666667,0.172333333,0.206333333,0.214333333,0.245,0.280333333,0.354666667,0.385,0.423666667,0.480666667,0.547333333,0.652333333,0.734666667,0.844333333,0.928,1.025666667,1.101666667,1.157333333,1.21,1.261,1.309333333,1.357666667,1.396666667,1.445333333,1.472333333,1.495,1.506666667
