experiment,Line-Treatment,DT inflection,StDev_inf,DT interval,StDev_int,Lab strain,Strain,Treatment,Strain*Treatment,Time_0,Time_0.5,Time_1,Time_1.5,Time_2,Time_2.5,Time_3,Time_3.5,Time_4,Time_4.5,Time_5,Time_5.5,Time_6,Time_6.5,Time_7,Time_7.5,Time_8,Time_8.5,Time_9,Time_9.5,Time_10,Time_10.5,Time_11,Time_11.5,Time_12,Time_12.5,Time_13,Time_13.5,Time_14,Time_14.5,Time_15,Time_15.5,Time_16,Time_16.5,Time_17,Time_17.5,Time_18,Time_18.5,Time_19,Time_19.5,Time_20
SET4_highTORIN_REDO_NBMBL_080717.xls,yML 696-2.5% DMSO,88.68236076,18.1018587,87.1384276,9.858489176,yML 696,KPN3829,2.5% DMSO,KPN3829*2.5% DMSO,0,0.004666667,0.004,0.004333333,0.004333333,0.009333333,0.006333333,0.013,0.010666667,0.026333333,0.105333333,0.195666667,0.295333333,0.376333333,0.436666667,0.511,0.604333333,0.674666667,0.753,0.820666667,0.885,0.893333333,0.910333333,0.930333333,0.952333333,0.973,1.012,1.041666667,1.084333333,1.113333333,1.139666667,1.179,1.219,1.247333333,1.273,1.291,1.326,1.357,1.370666667,1.394666667,1.408333333
