experiment,Line-Treatment,DT inflection,StDev_inf,DT interval,StDev_int,Lab strain,Strain,Treatment,Strain*Treatment,Time_0,Time_0.5,Time_1,Time_1.5,Time_2,Time_2.5,Time_3,Time_3.5,Time_4,Time_4.5,Time_5,Time_5.5,Time_6,Time_6.5,Time_7,Time_7.5,Time_8,Time_8.5,Time_9,Time_9.5,Time_10,Time_10.5,Time_11,Time_11.5,Time_12,Time_12.5,Time_13,Time_13.5,Time_14,Time_14.5,Time_15,Time_15.5,Time_16,Time_16.5,Time_17,Time_17.5,Time_18,Time_18.5,Time_19,Time_19.5,Time_20
SGRP_mTORinhibitsSCREEN_SET 1 2 3 4 High-Low Rapa High-Low Torin,yML 559-2.5% DMSO,88.12375295,5.507539181,92.86894697,9.120423527,yML 559,Y10,2.5% DMSO,Y10*2.5% DMSO,0,0.049333333,0.057,0.063666667,0.071,0.083666667,0.098333333,0.118,0.144666667,0.175,0.218333333,0.272333333,0.340666667,0.425,0.520333333,0.623666667,0.740333333,0.857333333,0.969666667,1.064,1.148666667,1.211333333,1.254666667,1.281,1.310666667,1.343,1.373666667,1.405333333,1.434,1.459666667,1.487666667,1.514,1.534666667,1.556666667,1.579,1.599333333,1.614333333,1.630333333,1.648333333,1.663666667,1.676666667
SGRP_mTORinhibitsSCREEN_SET 1 2 3 4 High-Low Rapa High-Low Torin,yML 559-2.5% DMSO,87.08072006,7.558934248,100.0912352,11.86670234,yML 559,Y10,2.5% DMSO,Y10*2.5% DMSO,0,0.04875,0.05575,0.0625,0.07,0.0825,0.09825,0.118,0.14025,0.17225,0.21275,0.26625,0.33225,0.412,0.49,0.58025,0.6725,0.76125,0.841,0.88375,0.9275,0.96075,0.98225,1.0055,1.03075,1.0505,1.0775,1.10025,1.1205,1.139,1.159,1.17775,1.19175,1.2065,1.22175,1.2375,1.24775,1.2595,1.271,1.281,1.2905
