experiment,Line-Treatment,DT inflection,StDev_inf,DT interval,StDev_int,Lab strain,Strain,Treatment,Strain*Treatment,Time_0,Time_0.5,Time_1,Time_1.5,Time_2,Time_2.5,Time_3,Time_3.5,Time_4,Time_4.5,Time_5,Time_5.5,Time_6,Time_6.5,Time_7,Time_7.5,Time_8,Time_8.5,Time_9,Time_9.5,Time_10,Time_10.5,Time_11,Time_11.5,Time_12,Time_12.5,Time_13,Time_13.5,Time_14,Time_14.5,Time_15,Time_15.5,Time_16,Time_16.5,Time_17,Time_17.5,Time_18,Time_18.5,Time_19,Time_19.5,Time_20
SGRP_mTORinhibitsSCREEN_SET1_AZD8055_KGPUARMBL_061817.xls,NCYC 3319-100uM AZD08055,66.67736314,0.58102349,67.32894459,0.240024552,NCYC 3319,L-1528,100 uM AZD8055,L-1528*100 uM AZD8055,0,0.076333333,0.088,0.106666667,0.139666667,0.183666667,0.250666667,0.340666667,0.464666667,0.602333333,0.765333333,0.926333333,1.066,1.198333333,1.234333333,1.254,1.272333333,1.297333333,1.323333333,1.346333333,1.373666667,1.403333333,1.434333333,1.464666667,1.492,1.511333333,1.532,1.548333333,1.565333333,1.582,1.598,1.615333333,1.629,1.643,1.657666667,1.671,1.681666667,1.693666667,1.718666667,1.713,1.723666667
