experiment,Line-Treatment,DT inflection,StDev_inf,DT interval,StDev_int,Lab strain,Strain,Treatment,Strain*Treatment,Time_0,Time_0.5,Time_1,Time_1.5,Time_2,Time_2.5,Time_3,Time_3.5,Time_4,Time_4.5,Time_5,Time_5.5,Time_6,Time_6.5,Time_7,Time_7.5,Time_8,Time_8.5,Time_9,Time_9.5,Time_10,Time_10.5,Time_11,Time_11.5,Time_12,Time_12.5,Time_13,Time_13.5,Time_14,Time_14.5,Time_15,Time_15.5,Time_16,Time_16.5,Time_17,Time_17.5,Time_18,Time_18.5,Time_19,Time_19.5,Time_20
SGRP_mTORinhibitsSCREEN_SET2_GDC_MGK_081917(fixed with adding wr,NCYC 3461-100 uM GDC0941,63.25521923,13.38881031,95.03919521,4.716719241,NCYC 3461,UWOPS03-461.4 ,100 uM GDC0941,UWOPS03-461.4 *100 uM GDC0941,0,0.056666667,0.077666667,0.122333333,0.107333333,0.149333333,0.192,0.225666667,0.291666667,0.384333333,0.493333333,0.621333333,0.762,0.907666667,1.047,1.159333333,1.210666667,1.234666667,1.256666667,1.285333333,1.32,1.349333333,1.387666667,1.424666667,1.458333333,1.493,1.523,1.547,1.570666667,1.588,1.610333333,1.628333333,1.646333333,1.663333333,1.681333333,1.690333333,1.705,1.722,1.733333333,1.742,1.757666667
