experiment,Line-Treatment,DT inflection,StDev_inf,DT interval,StDev_int,Lab strain,Strain,Treatment,Strain*Treatment,Time_0,Time_0.5,Time_1,Time_1.5,Time_2,Time_2.5,Time_3,Time_3.5,Time_4,Time_4.5,Time_5,Time_5.5,Time_6,Time_6.5,Time_7,Time_7.5,Time_8,Time_8.5,Time_9,Time_9.5,Time_10,Time_10.5,Time_11,Time_11.5,Time_12,Time_12.5,Time_13,Time_13.5,Time_14,Time_14.5,Time_15,Time_15.5,Time_16,Time_16.5,Time_17,Time_17.5,Time_18,Time_18.5,Time_19,Time_19.5,Time_20
SET2_caffeine_KGPU_080517.xls,yML565-1000 ug/ml Caffeine,87.28829534,2.078281578,96.71579984,2.03366255,yML 565,CBS7960,1 mg/mL Caffeine,CBS7960*1 mg/mL Caffeine,0,0.007666667,0.012666667,0.023666667,0.04,0.065666667,0.081666667,0.105333333,0.131,0.16,0.202666667,0.249,0.310666667,0.383666667,0.475333333,0.572666667,0.682,0.794666667,0.903,1.001666667,1.081,1.131,1.152666667,1.166333333,1.184666667,1.208,1.233333333,1.258666667,1.287,1.312333333,1.341333333,1.369666667,1.396666667,1.425666667,1.447666667,1.471333333,1.496,1.516,1.534666667,1.554333333,1.572
SGRP_mTORinhibits_SET2_Caffeine_JE_092817.xls,yML565-1000 ug/ml Caffeine,89.2985234,3.781749316,95.53273775,3.022319004,yML 565,CBS7960,1 mg/mL Caffeine,CBS7960*1 mg/mL Caffeine,0,0.024,0.026,0.028666667,0.03,0.037666667,0.049666667,0.084,0.104,0.127666667,0.159,0.196333333,0.242,0.303333333,0.379,0.461666667,0.564333333,0.666666667,0.778,0.890666667,0.994333333,1.084333333,1.150666667,1.189333333,1.208666667,1.223,1.242,1.263,1.284666667,1.310333333,1.331666667,1.357333333,1.381333333,1.406333333,1.434333333,1.457,1.480333333,1.501333333,1.523333333,1.542666667,1.561
SGRP_mTORinhibitsSCREEN_SET2_Caffeine_JE_092717.xls,yML565-1000 ug/ml Caffeine,85.87522634,2.466124433,101.5082191,3.811882874,yML 565,CBS7960,1 mg/mL Caffeine,CBS7960*1 mg/mL Caffeine,0,0.034333333,0.03,0.033666667,0.047333333,0.068666667,0.081666667,0.105,0.133666667,0.169666667,0.209666667,0.254666667,0.319666667,0.387,0.471333333,0.558666667,0.658333333,0.768333333,0.871,0.976666667,1.071,1.152333333,1.199,1.219333333,1.233333333,1.251666667,1.275,1.297666667,1.318,1.344,1.370666667,1.400333333,1.426666667,1.453333333,1.478,1.504666667,1.529333333,1.553,1.571666667,1.589666667,1.612666667
