experiment,Line-Treatment,DT inflection,StDev_inf,DT interval,StDev_int,Lab strain,Strain,Treatment,Strain*Treatment,Time_0,Time_0.5,Time_1,Time_1.5,Time_2,Time_2.5,Time_3,Time_3.5,Time_4,Time_4.5,Time_5,Time_5.5,Time_6,Time_6.5,Time_7,Time_7.5,Time_8,Time_8.5,Time_9,Time_9.5,Time_10,Time_10.5,Time_11,Time_11.5,Time_12,Time_12.5,Time_13,Time_13.5,Time_14,Time_14.5,Time_15,Time_15.5,Time_16,Time_16.5,Time_17,Time_17.5,Time_18,Time_18.5,Time_19,Time_19.5,Time_20
SGRP_mTORinhibits_SET3_highTORIN_MGK_101617_F.xls,YML679-25 uM Torin 1,96.95226779,8.814165593,113.5131061,2.898115645,yML 679,CBS5829,25 uM Torin 1,CBS5829*25 uM Torin 1,0,0.017,0.017666667,0.018333333,0.018666667,0.026,0.027666667,0.035,0.035,0.044333333,0.055,0.067333333,0.075,0.089666667,0.115333333,0.144333333,0.172333333,0.208333333,0.251,0.297666667,0.361666667,0.433,0.494333333,0.590333333,0.681,0.786666667,0.878666667,0.966,1.020666667,1.045666667,1.061666667,1.076666667,1.096666667,1.119333333,1.14,1.168333333,1.198333333,1.22,1.255,1.285,1.308333333
SGRP_mTORinhibitsSCREEN_SET3highTORIN_MGK_101617_D.xls,YML679-25 uM Torin 1,108.6805727,9.039065034,133.7102564,1.471722365,yML 679,CBS5829,25 uM Torin 1,CBS5829*25 uM Torin 1,0,0.029333333,0.031333333,0.039666667,0.037,0.044666667,0.053333333,0.060333333,0.064666667,0.081333333,0.093333333,0.102666667,0.122666667,0.147333333,0.173,0.198,0.237,0.276333333,0.328666667,0.382666667,0.456,0.531333333,0.621666667,0.717,0.806333333,0.897666667,0.992666667,1.038666667,1.045,1.060666667,1.077333333,1.094333333,1.115666667,1.143333333,1.175,1.201666667,1.232333333,1.261333333,1.292333333,1.315666667,1.346333333
