experiment,Line-Treatment,DT inflection,StDev_inf,DT interval,StDev_int,Lab strain,Strain,Treatment,Strain*Treatment,Time_0,Time_0.5,Time_1,Time_1.5,Time_2,Time_2.5,Time_3,Time_3.5,Time_4,Time_4.5,Time_5,Time_5.5,Time_6,Time_6.5,Time_7,Time_7.5,Time_8,Time_8.5,Time_9,Time_9.5,Time_10,Time_10.5,Time_11,Time_11.5,Time_12,Time_12.5,Time_13,Time_13.5,Time_14,Time_14.5,Time_15,Time_15.5,Time_16,Time_16.5,Time_17,Time_17.5,Time_18,Time_18.5,Time_19,Time_19.5,Time_20
SGRP_mTOR_inhibitsSCREEN_SET2_HighRAPA+LowTorin_Repeat_JEMBL_073,yML 559-20 ng/ml RAPA,212.1721417,33.40025508,612.9431079,21.8727429,yML 559,Y10,20 ng/mL RAPA,Y10*20 ng/mL RAPA,0,0.040666667,0.048333333,0.052,0.055,0.057,0.059666667,0.062333333,0.064,0.066666667,0.07,0.072666667,0.076333333,0.081333333,0.084666667,0.089333333,0.095333333,0.096333333,0.103666667,0.107,0.112333333,0.116666667,0.121333333,0.131,0.139666667,0.152666667,0.156666667,0.17,0.175666667,0.185666667,0.194666667,0.204666667,0.216666667,0.226,0.232666667,0.250333333,0.257333333,0.267666667,0.282,0.297666667,0.302666667
SGRP_mTORinhibitsSCREEN_SET 1 2 3 4 High-Low Rapa High-Low Torin,yML 559-20 ng/ml RAPA,270.5744941,22.83442701,459.8202777,25.4379121,yML 559,Y10,20 ng/mL RAPA,Y10*20 ng/mL RAPA,0,0.052333333,0.062666667,0.067666667,0.066333333,0.066333333,0.069,0.072,0.074,0.077666667,0.081666667,0.086666667,0.089666667,0.095666667,0.100333333,0.104666667,0.111,0.116,0.120333333,0.125666667,0.132333333,0.137666667,0.146,0.151333333,0.157333333,0.165666667,0.172333333,0.180666667,0.188,0.199666667,0.211,0.221,0.231666667,0.244,0.259666667,0.268666667,0.280333333,0.294666667,0.303666667,0.321,0.336333333
