experiment,Line-Treatment,DT inflection,StDev_inf,DT interval,StDev_int,Lab strain,Strain,Treatment,Strain*Treatment,Time_0,Time_0.5,Time_1,Time_1.5,Time_2,Time_2.5,Time_3,Time_3.5,Time_4,Time_4.5,Time_5,Time_5.5,Time_6,Time_6.5,Time_7,Time_7.5,Time_8,Time_8.5,Time_9,Time_9.5,Time_10,Time_10.5,Time_11,Time_11.5,Time_12,Time_12.5,Time_13,Time_13.5,Time_14,Time_14.5,Time_15,Time_15.5,Time_16,Time_16.5,Time_17,Time_17.5,Time_18,Time_18.5,Time_19,Time_19.5,Time_20
SGRP_mTORinhibitsSCREEN_SET1HIGHrapaANDhighTORIN_PU_03162018_D.x,NCYC3456A-20 ng/mL Rapamycin,74.82155251,3.264117857,263.3478305,4.366200845,NCYC 3456,378604 X,20 ng/mL RAPA,378604 X*20 ng/mL RAPA,0,0.063,0.072666667,0.093666667,0.112666667,0.129,0.150333333,0.166666667,0.176333333,0.196,0.21,0.277333333,0.246666667,0.272,0.297333333,0.327,0.347,0.368666667,0.404333333,0.425666667,0.457,0.496666667,0.53,0.574,0.62,0.666,0.758,0.768666667,0.813333333,0.865,0.915,0.957,1.004333333,1.079666667,1.092666667,1.128666667,1.173,1.209333333,1.275,1.275,1.308666667
