experiment,Line-Treatment,DT inflection,StDev_inf,DT interval,StDev_int,Lab strain,Strain,Treatment,Strain*Treatment,Time_0,Time_0.5,Time_1,Time_1.5,Time_2,Time_2.5,Time_3,Time_3.5,Time_4,Time_4.5,Time_5,Time_5.5,Time_6,Time_6.5,Time_7,Time_7.5,Time_8,Time_8.5,Time_9,Time_9.5,Time_10,Time_10.5,Time_11,Time_11.5,Time_12,Time_12.5,Time_13,Time_13.5,Time_14,Time_14.5,Time_15,Time_15.5,Time_16,Time_16.5,Time_17,Time_17.5,Time_18,Time_18.5,Time_19,Time_19.5,Time_20
SGRP_mTORinhibitsSCREEN_SET3_CAFFEINE AND lowTORIN_JEMBL_1201201,yML682-1 uM Torin 11,61.51347326,2.450546277,69.38508131,1.845308402,yML 682,A12,1 uM Torin 1,A12*1 uM Torin 1,0,0.072666667,0.080666667,0.084,0.091333333,0.111333333,0.138666667,0.187333333,0.263,0.344,0.451,0.566666667,0.684666667,0.819666667,0.957666667,1.095666667,1.205,1.249666667,1.270666667,1.291333333,1.326,1.360666667,1.383,1.415333333,1.433666667,1.462333333,1.485333333,1.508666667,1.530333333,1.549,1.569333333,1.584,1.601,1.611666667,1.622666667,1.637333333,1.649,1.665666667,1.675666667,1.682333333,1.690333333
