experiment,Line-Treatment,DT inflection,StDev_inf,DT interval,StDev_int,Lab strain,Strain,Treatment,Strain*Treatment,Time_0,Time_0.5,Time_1,Time_1.5,Time_2,Time_2.5,Time_3,Time_3.5,Time_4,Time_4.5,Time_5,Time_5.5,Time_6,Time_6.5,Time_7,Time_7.5,Time_8,Time_8.5,Time_9,Time_9.5,Time_10,Time_10.5,Time_11,Time_11.5,Time_12,Time_12.5,Time_13,Time_13.5,Time_14,Time_14.5,Time_15,Time_15.5,Time_16,Time_16.5,Time_17,Time_17.5,Time_18,Time_18.5,Time_19,Time_19.5,Time_20
SGRP_mTORinhibits_SET3_GDC_Redo_JEMBL_08102017.xls,YML 570-100 uM GDC0941,165.996284,8.838196722,187.58771,9.962536758,yML 570,FM677,100 uM GDC0941,FM677*100 uM GDC0941,0,0.033333333,0.039333333,0.043333333,0.045,0.045333333,0.045666667,0.050666667,0.05,0.054,0.057,0.062666667,0.068666667,0.074,0.082333333,0.091,0.101,0.111333333,0.123,0.137333333,0.153666667,0.170666667,0.190666667,0.211,0.236666667,0.266333333,0.296333333,0.331333333,0.371333333,0.418333333,0.467666667,0.522666667,0.584666667,0.649333333,0.718333333,0.792333333,0.862666667,0.929333333,0.991333333,1.014666667,1.040333333
SGRP_mTORinhibitsSCREEN_SET3_round2_GDC_KG_09142017_D.xls,YML 570-100 uM GDC0941,,,,,yML 570,FM677,100 uM GDC0941,FM677*100 uM GDC0941,0,0.028333333,0.03,0.033,0.031333333,0.03,0.032333333,0.03,0.033,0.032666667,0.033,0.033666667,0.032,0.031333333,0.034666667,0.031,0.03,0.030333333,0.032666667,0.031,0.030333333,0.030333333,0.030333333,0.030666667,0.033666667,0.03,0.031333333,0.032,0.031666667,0.03,0.033666667,0.034333333,0.033333333,0.034333333,0.033333333,0.033333333,0.036,0.035,0.039333333,0.035,0.037
