experiment,Line-Treatment,DT inflection,StDev_inf,DT interval,StDev_int,Lab strain,Strain,Treatment,Strain*Treatment,Time_0,Time_0.5,Time_1,Time_1.5,Time_2,Time_2.5,Time_3,Time_3.5,Time_4,Time_4.5,Time_5,Time_5.5,Time_6,Time_6.5,Time_7,Time_7.5,Time_8,Time_8.5,Time_9,Time_9.5,Time_10,Time_10.5,Time_11,Time_11.5,Time_12,Time_12.5,Time_13,Time_13.5,Time_14,Time_14.5,Time_15,Time_15.5,Time_16,Time_16.5,Time_17,Time_17.5,Time_18,Time_18.5,Time_19,Time_19.5,Time_20
SET2_caffeine_KGPU_080517.xls,yML557-1000 ug/ml Caffeine,74.42635652,11.72639159,83.03813102,4.608022361,yML 557,T7,1 mg/mL Caffeine,T7*1 mg/mL Caffeine,0,0.062,0.055666667,0.052,0.052,0.096666667,0.130333333,0.173666667,0.224,0.285666667,0.355666667,0.459,0.568333333,0.702,0.839,0.977333333,1.095666667,1.203,1.276666667,1.313,1.34,1.369666667,1.403333333,1.433666667,1.47,1.501,1.528,1.561333333,1.573,1.591,1.613666667,1.635333333,1.653,1.669333333,1.683333333,1.698666667,1.714,1.738333333,1.736666667,1.751,1.761
SGRP_mTORinhibits_SET2_Caffeine_JE_092817.xls,yML557-1000 ug/ml Caffeine,83.82095509,1.028054825,90.49585261,1.539692258,yML 557,T7,1 mg/mL Caffeine,T7*1 mg/mL Caffeine,0,0.070333333,0.065333333,0.057,0.048,0.033333333,0.028333333,0.149333333,0.190666667,0.239666667,0.302333333,0.386333333,0.485333333,0.615666667,0.757,0.908666667,1.048,1.174666667,1.285333333,1.339333333,1.364666667,1.387333333,1.416333333,1.441,1.474,1.506,1.537666667,1.561,1.580333333,1.603,1.62,1.64,1.657666667,1.674666667,1.692666667,1.705,1.721666667,1.729666667,1.746,1.754,1.769333333
SGRP_mTORinhibitsSCREEN_SET2_Caffeine_JE_092717.xls,yML557-1000 ug/ml Caffeine,77.55642885,4.834253643,85.35347351,2.234665309,yML 557,T7,1 mg/mL Caffeine,T7*1 mg/mL Caffeine,0,0.075,0.076333333,0.073,0.069,0.101666667,0.129,0.165333333,0.208666667,0.268333333,0.336333333,0.420333333,0.531333333,0.660333333,0.788666667,0.936666667,1.063,1.190666667,1.290333333,1.334666667,1.354666667,1.381,1.401,1.430666667,1.459333333,1.495,1.527666667,1.552333333,1.571,1.591,1.614666667,1.633,1.653,1.668,1.681333333,1.697,1.711666667,1.725,1.734666667,1.749333333,1.759333333
