experiment,Line-Treatment,DT inflection,StDev_inf,DT interval,StDev_int,Lab strain,Strain,Treatment,Strain*Treatment,Time_0,Time_0.5,Time_1,Time_1.5,Time_2,Time_2.5,Time_3,Time_3.5,Time_4,Time_4.5,Time_5,Time_5.5,Time_6,Time_6.5,Time_7,Time_7.5,Time_8,Time_8.5,Time_9,Time_9.5,Time_10,Time_10.5,Time_11,Time_11.5,Time_12,Time_12.5,Time_13,Time_13.5,Time_14,Time_14.5,Time_15,Time_15.5,Time_16,Time_16.5,Time_17,Time_17.5,Time_18,Time_18.5,Time_19,Time_19.5,Time_20
SGRP_mTORinhibits_SET3_GDC_Redo_JEMBL_08102017.xls,YML671-100 uM GDC0941,58.96380894,10.19330364,60.99484783,11.83451157,yML 671,YPS138,100 uM GDC0941,YPS138*100 uM GDC0941,0,0.063666667,0.081666667,0.087333333,0.093333333,0.105666667,0.14,0.188,0.270333333,0.362666667,0.473333333,0.606666667,0.745666667,0.893333333,1.047666667,1.169,1.263666667,1.293,1.318333333,1.345333333,1.377,1.408,1.437333333,1.465,1.497333333,1.526,1.551,1.573666667,1.591333333,1.610333333,1.63,1.646666667,1.662333333,1.677666667,1.690666667,1.703,1.716333333,1.724666667,1.736,1.747666667,1.758333333
SGRP_mTORinhibitsSCREEN_SET3_round2_GDC_KG_09142017_D.xls,YML671-100 uM GDC0941,80.36402719,2.154744644,83.22044097,2.26773145,yML 671,YPS138,100 uM GDC0941,YPS138*100 uM GDC0941,0,0.067666667,0.075,0.081666667,0.091,0.112666667,0.137333333,0.170666667,0.219666667,0.282333333,0.363,0.464,0.583333333,0.724,0.852666667,0.984,1.112,1.243333333,1.348,1.381666667,1.399333333,1.412,1.430333333,1.444666667,1.468666667,1.492666667,1.514666667,1.534333333,1.555333333,1.575,1.593333333,1.610666667,1.625666667,1.639666667,1.651333333,1.663666667,1.682666667,1.694,1.704666667,1.713,1.722
