experiment,Line-Treatment,DT inflection,StDev_inf,DT interval,StDev_int,Lab strain,Strain,Treatment,Strain*Treatment,Time_0,Time_0.5,Time_1,Time_1.5,Time_2,Time_2.5,Time_3,Time_3.5,Time_4,Time_4.5,Time_5,Time_5.5,Time_6,Time_6.5,Time_7,Time_7.5,Time_8,Time_8.5,Time_9,Time_9.5,Time_10,Time_10.5,Time_11,Time_11.5,Time_12,Time_12.5,Time_13,Time_13.5,Time_14,Time_14.5,Time_15,Time_15.5,Time_16,Time_16.5,Time_17,Time_17.5,Time_18,Time_18.5,Time_19,Time_19.5,Time_20
SGRP_mTORinhibitsSCREEN_SET 1 2 3 4 High-Low Rapa High-Low Torin,yML 559-1 uM Torin 1,85.22557293,6.965114844,94.75170351,10.4494208,yML 559,Y10,1 uM Torin 1,Y10*1 uM Torin 1,0,0.051666667,0.058333333,0.069,0.074,0.090666667,0.108333333,0.13,0.160666667,0.192666667,0.235333333,0.298,0.369666667,0.466,0.571333333,0.671666667,0.793666667,0.91,1.024333333,1.127666667,1.212,1.274,1.309666667,1.338,1.369,1.402666667,1.433666667,1.467333333,1.494,1.521,1.550333333,1.575,1.597666667,1.620666667,1.641666667,1.662666667,1.678333333,1.693666667,1.711333333,1.724666667,1.739333333
