experiment,Line-Treatment,DT inflection,StDev_inf,DT interval,StDev_int,Lab strain,Strain,Treatment,Strain*Treatment,Time_0,Time_0.5,Time_1,Time_1.5,Time_2,Time_2.5,Time_3,Time_3.5,Time_4,Time_4.5,Time_5,Time_5.5,Time_6,Time_6.5,Time_7,Time_7.5,Time_8,Time_8.5,Time_9,Time_9.5,Time_10,Time_10.5,Time_11,Time_11.5,Time_12,Time_12.5,Time_13,Time_13.5,Time_14,Time_14.5,Time_15,Time_15.5,Time_16,Time_16.5,Time_17,Time_17.5,Time_18,Time_18.5,Time_19,Time_19.5,Time_20
RB_RUN1_F_SGRPmTORscreen_KGA_11082018.xls,NCYC3457-2.5 ng/mL Rapa,67.70652683,2.078830656,73.20125121,1.898788983,NCYC 3457,273614 N,2.5 ng/mL RAPA,273614 N*2.5 ng/mL RAPA,0,0.048333333,0.057,0.067333333,0.087666667,0.101666667,0.151666667,0.199333333,0.269666667,0.365,0.455666667,0.558333333,0.686,0.808333333,0.931666667,1.049333333,1.133666667,1.172333333,1.200333333,1.230333333,1.264666667,1.290333333,1.322333333,1.349666667,1.376333333,1.402666667,1.427333333,1.447,1.465333333,1.482,1.500666667,1.516333333,1.531333333,1.545,1.563333333,1.575666667,1.580666667,1.602333333,1.608666667,1.619,1.626666667
