experiment,Line-Treatment,DT inflection,StDev_inf,DT interval,StDev_int,Lab strain,Strain,Treatment,Strain*Treatment,Time_0,Time_0.5,Time_1,Time_1.5,Time_2,Time_2.5,Time_3,Time_3.5,Time_4,Time_4.5,Time_5,Time_5.5,Time_6,Time_6.5,Time_7,Time_7.5,Time_8,Time_8.5,Time_9,Time_9.5,Time_10,Time_10.5,Time_11,Time_11.5,Time_12,Time_12.5,Time_13,Time_13.5,Time_14,Time_14.5,Time_15,Time_15.5,Time_16,Time_16.5,Time_17,Time_17.5,Time_18,Time_18.5,Time_19,Time_19.5,Time_20
SET3_Low Rapa_REDO_MGK_081117.xls,YML679-2.5 ng/ml RAPA,89.34572915,7.003143406,97.77799214,1.634237755,yML 679,CBS5829,2.5 ng/mL RAPA,CBS5829*2.5 ng/mL RAPA,0,0.018666667,0.024,0.045666667,0.062666667,0.078333333,0.106333333,0.128333333,0.169,0.212333333,0.264,0.321333333,0.398666667,0.482666667,0.588333333,0.707666667,0.814,0.932333333,1.049,1.102333333,1.115666667,1.121,1.137666667,1.156,1.182666667,1.206666667,1.235,1.272,1.293,1.321666667,1.353666667,1.385666667,1.417333333,1.437333333,1.464333333,1.485,1.509,1.527333333,1.548666667,1.568,1.588666667
