experiment,Line-Treatment,DT inflection,StDev_inf,DT interval,StDev_int,Lab strain,Strain,Treatment,Strain*Treatment,Time_0,Time_0.5,Time_1,Time_1.5,Time_2,Time_2.5,Time_3,Time_3.5,Time_4,Time_4.5,Time_5,Time_5.5,Time_6,Time_6.5,Time_7,Time_7.5,Time_8,Time_8.5,Time_9,Time_9.5,Time_10,Time_10.5,Time_11,Time_11.5,Time_12,Time_12.5,Time_13,Time_13.5,Time_14,Time_14.5,Time_15,Time_15.5,Time_16,Time_16.5,Time_17,Time_17.5,Time_18,Time_18.5,Time_19,Time_19.5,Time_20
SGRP_mTORinhibitsSCREEN_SET4_Caff_MGK_10252017_D.xls,YML690-1000 ug/ml Caffeine,105.0290745,3.355516925,117.4291721,2.498501947,yML 690,W7,1 mg/mL Caffeine,W7*1 mg/mL Caffeine,0,0.056,0.061,0.065666667,0.070333333,0.083666667,0.097,0.113666667,0.139333333,0.163,0.198,0.238666667,0.285,0.339,0.401333333,0.481666667,0.568333333,0.676,0.780666667,0.890333333,0.994666667,1.081333333,1.129333333,1.145333333,1.159666667,1.183333333,1.205333333,1.239333333,1.265333333,1.299666667,1.325666667,1.359666667,1.384,1.407666667,1.429,1.454666667,1.474,1.497,1.514333333,1.531333333,1.549
SGRP_mTORinhibitsSCREEN_SET4_Caffeine_MGK_09202017.xls,YML690-1000 ug/ml Caffeine,65.45272972,17.50939681,105.2899908,7.447446565,yML 690,W7,1 mg/mL Caffeine,W7*1 mg/mL Caffeine,0,0.056666667,0.038666667,0.073666667,0.086333333,0.082333333,0.111,0.151,0.205666667,0.245,0.298666667,0.372666667,0.454,0.529,0.649,0.764,0.859666667,0.99,1.060666667,1.122666667,1.127,1.129,1.166333333,1.192,1.236,1.249,1.290333333,1.333,1.366666667,1.390666667,1.423333333,1.454,1.464,1.481666667,1.517,1.541333333,1.545,1.576666667,1.599333333,1.616333333,1.630333333
