experiment,Line-Treatment,DT inflection,StDev_inf,DT interval,StDev_int,Lab strain,Strain,Treatment,Strain*Treatment,Time_0,Time_0.5,Time_1,Time_1.5,Time_2,Time_2.5,Time_3,Time_3.5,Time_4,Time_4.5,Time_5,Time_5.5,Time_6,Time_6.5,Time_7,Time_7.5,Time_8,Time_8.5,Time_9,Time_9.5,Time_10,Time_10.5,Time_11,Time_11.5,Time_12,Time_12.5,Time_13,Time_13.5,Time_14,Time_14.5,Time_15,Time_15.5,Time_16,Time_16.5,Time_17,Time_17.5,Time_18,Time_18.5,Time_19,Time_19.5,Time_20
_lowTORIN_KGPUMBL_052817.xls,NCYC 3452-2.5% DMSO,119.5784445,6.495888632,139.4600847,12.39505388,NCYC 3452,K11,2.5% DMSO,K11*2.5% DMSO,0,0.084,0.095,0.092333333,0.095,0.097333333,0.103,0.110666667,0.115666667,0.124,0.133,0.145,0.167333333,0.188666667,0.216666667,0.251333333,0.289666667,0.336666667,0.399,0.469666667,0.558333333,0.659333333,0.773333333,0.889,1.007,1.103666667,1.183333333,1.246,1.272,1.308666667,1.320333333,1.333,1.34,1.345666667,1.351333333,1.365,1.372333333,1.373333333,1.381666667,1.395666667,1.401333333
SGRP_mTORinhibits_SET1_lowTORINredo_JEMBL_08032017.xls,NCYC 3452-2.5% DMSO,82.81344916,0.529455505,87.71028518,0.466488003,NCYC 3452,K11,2.5% DMSO,K11*2.5% DMSO,0,0.017,0.021,0.023,0.027,0.031666667,0.037333333,0.045666667,0.056,0.070666667,0.089666667,0.115,0.145666667,0.186666667,0.236666667,0.303333333,0.378666667,0.468333333,0.572333333,0.683666667,0.796333333,0.918,1.024333333,1.072333333,1.095666667,1.115333333,1.143666667,1.179666667,1.218333333,1.258666667,1.298333333,1.335333333,1.369333333,1.402,1.435333333,1.467333333,1.494,1.517666667,1.545,1.567333333,1.586333333
SGRP_mTORinhibitsSCREEN_SET1_LOW_TORIN_MGK_081617.xls,NCYC 3452-2.5% DMSO,103.8562537,2.86941802,124.4976482,4.611103826,NCYC 3452,K11,2.5% DMSO,K11*2.5% DMSO,0,0.020666667,0.022,0.024666667,0.027333333,0.03,0.034333333,0.038666667,0.044666667,0.052,0.063,0.074666667,0.092666667,0.113666667,0.137333333,0.164,0.195,0.238,0.279666667,0.327333333,0.380666667,0.443,0.504,0.567333333,0.637,0.704666667,0.769333333,0.817666667,0.867666667,0.895666667,0.909666667,0.918333333,0.920666667,0.924333333,0.924,0.928,0.930333333,0.930333333,0.928666667,0.930333333,0.934666667
