experiment,Line-Treatment,DT inflection,StDev_inf,DT interval,StDev_int,Lab strain,Strain,Treatment,Strain*Treatment,Time_0,Time_0.5,Time_1,Time_1.5,Time_2,Time_2.5,Time_3,Time_3.5,Time_4,Time_4.5,Time_5,Time_5.5,Time_6,Time_6.5,Time_7,Time_7.5,Time_8,Time_8.5,Time_9,Time_9.5,Time_10,Time_10.5,Time_11,Time_11.5,Time_12,Time_12.5,Time_13,Time_13.5,Time_14,Time_14.5,Time_15,Time_15.5,Time_16,Time_16.5,Time_17,Time_17.5,Time_18,Time_18.5,Time_19,Time_19.5,Time_20
SET4_highTORIN_REDO_NBMBL_080717.xls,yML 693-2.5% DMSO,50.07998308,13.63659284,,,yML 693,Z1,2.5% DMSO,Z1*2.5% DMSO,0,0.041333333,0.038666667,0.036333333,0.035333333,0.034666667,0.037666667,0.040666667,0.042333333,0.055666667,0.07,0.18,0.322666667,0.563333333,0.75,0.894666667,1.025666667,1.145333333,1.186,1.203,1.227666667,1.249,1.295,1.331333333,1.364666667,1.399,1.432333333,1.469333333,1.483333333,1.506,1.531333333,1.549,1.568333333,1.583333333,1.599,1.616,1.632,1.646666667,1.657333333,1.667666667,1.677333333
