experiment,Line-Treatment,DT inflection,StDev_inf,DT interval,StDev_int,Lab strain,Strain,Treatment,Strain*Treatment,Time_0,Time_0.5,Time_1,Time_1.5,Time_2,Time_2.5,Time_3,Time_3.5,Time_4,Time_4.5,Time_5,Time_5.5,Time_6,Time_6.5,Time_7,Time_7.5,Time_8,Time_8.5,Time_9,Time_9.5,Time_10,Time_10.5,Time_11,Time_11.5,Time_12,Time_12.5,Time_13,Time_13.5,Time_14,Time_14.5,Time_15,Time_15.5,Time_16,Time_16.5,Time_17,Time_17.5,Time_18,Time_18.5,Time_19,Time_19.5,Time_20
SGRP_mTORinhibitsSCREEN_SET3_CAFFEINE AND lowTORIN_JEMBL_1201201,yML 569-2.5% DMSO,149.8648456,28.44535017,287.6402914,21.69412282,yML 569,FM527,2.5% DMSO,FM527*2.5% DMSO,0,0.014666667,0.016666667,0.016,0.017666667,0.018,0.019,0.020333333,0.021666667,0.024666667,0.030666667,0.034,0.037333333,0.042,0.047333333,0.052,0.056666667,0.064666667,0.070333333,0.076,0.086333333,0.096333333,0.103333333,0.115666667,0.125666667,0.141333333,0.154666667,0.171333333,0.186,0.203333333,0.224666667,0.242,0.275,0.294666667,0.324,0.354333333,0.371333333,0.411333333,0.435,0.46,0.493333333
SGRP_mTORinhibitsSCREEN_SET3_CAFFEINE AND lowTORIN_JEMBL_1201201,yML 569-2.5% DMSO,159.7399818,9.563301921,290.5333467,30.1670084,yML 569,FM527,2.5% DMSO,FM527*2.5% DMSO,0,0.017,0.019,0.019666667,0.021,0.021333333,0.022666667,0.024333333,0.026666667,0.029666667,0.035666667,0.038,0.041,0.047,0.052333333,0.058666667,0.063,0.071333333,0.077333333,0.084333333,0.094666667,0.105,0.109666667,0.123,0.135,0.15,0.164666667,0.183666667,0.201,0.220333333,0.236333333,0.265333333,0.288666667,0.306,0.335666667,0.367,0.381666667,0.421,0.443666667,0.482,0.497
