experiment,Line-Treatment,DT inflection,StDev_inf,DT interval,StDev_int,Lab strain,Strain,Treatment,Strain*Treatment,Time_0,Time_0.5,Time_1,Time_1.5,Time_2,Time_2.5,Time_3,Time_3.5,Time_4,Time_4.5,Time_5,Time_5.5,Time_6,Time_6.5,Time_7,Time_7.5,Time_8,Time_8.5,Time_9,Time_9.5,Time_10,Time_10.5,Time_11,Time_11.5,Time_12,Time_12.5,Time_13,Time_13.5,Time_14,Time_14.5,Time_15,Time_15.5,Time_16,Time_16.5,Time_17,Time_17.5,Time_18,Time_18.5,Time_19,Time_19.5,Time_20
SGRP_mTORinhibitsSCREEN_SET2_GDC_MGK_081917(fixed with adding wr,NCYC 3472-100 uM GDC0941,67.76446239,2.123290502,75.98702562,5.233505741,NCYC 3472,YJM975 ,100 uM GDC0941,YJM975 *100 uM GDC0941,0,0.043333333,0.064666667,0.098,0.099666667,0.123,0.162666667,0.210666667,0.282666667,0.364666667,0.472333333,0.586333333,0.720333333,0.848333333,0.978666667,1.076,1.147333333,1.199666667,1.224333333,1.249666667,1.275,1.299333333,1.328,1.359333333,1.387666667,1.417666667,1.447333333,1.470333333,1.492333333,1.510666667,1.534666667,1.552333333,1.573333333,1.591,1.61,1.626,1.64,1.658666667,1.669333333,1.682,1.693
