experiment,Line-Treatment,DT inflection,StDev_inf,DT interval,StDev_int,Lab strain,Strain,Treatment,Strain*Treatment,Time_0,Time_0.5,Time_1,Time_1.5,Time_2,Time_2.5,Time_3,Time_3.5,Time_4,Time_4.5,Time_5,Time_5.5,Time_6,Time_6.5,Time_7,Time_7.5,Time_8,Time_8.5,Time_9,Time_9.5,Time_10,Time_10.5,Time_11,Time_11.5,Time_12,Time_12.5,Time_13,Time_13.5,Time_14,Time_14.5,Time_15,Time_15.5,Time_16,Time_16.5,Time_17,Time_17.5,Time_18,Time_18.5,Time_19,Time_19.5,Time_20
SGRP_mTORinhibitsSCREEN_SET3_CAFFEINE AND lowTORIN_JEMBL_1201201,yML668-1 uM Torin 11,101.6292836,3.371937061,473.6614581,19.56632006,yML 668,N-17,1 uM Torin 1,N-17*1 uM Torin 1,0,0.062,0.061,0.045666667,0.029333333,0.025666667,0.021,0.02,0.019333333,0.017,0.145666667,0.146,0.158,0.187333333,0.2,0.240333333,0.241666667,0.280333333,0.295,0.315,0.350333333,0.378666667,0.383,0.433666667,0.435666667,0.479333333,0.514333333,0.550666667,0.594,0.627,0.661,0.693,0.740333333,0.765333333,0.778666667,0.829,0.874666667,0.911,0.920666667,0.963333333,0.96
