experiment,Line-Treatment,DT inflection,StDev_inf,DT interval,StDev_int,Lab strain,Strain,Treatment,Strain*Treatment,Time_0,Time_0.5,Time_1,Time_1.5,Time_2,Time_2.5,Time_3,Time_3.5,Time_4,Time_4.5,Time_5,Time_5.5,Time_6,Time_6.5,Time_7,Time_7.5,Time_8,Time_8.5,Time_9,Time_9.5,Time_10,Time_10.5,Time_11,Time_11.5,Time_12,Time_12.5,Time_13,Time_13.5,Time_14,Time_14.5,Time_15,Time_15.5,Time_16,Time_16.5,Time_17,Time_17.5,Time_18,Time_18.5,Time_19,Time_19.5,Time_20
SGRP_mTORinhibitsSCREEN_SET1_CAFF_MGK_11012017_F.xls,NCYC 3453-1000 ug/ml Caffeine,85.6014435,3.964364617,100.6994897,2.180846113,NCYC 3453,YS4,1 mg/mL Caffeine,YS4*1 mg/mL Caffeine,0,0.028,0.046333333,0.051,0.028333333,0.062,0.065666667,0.081666667,0.112,0.140666667,0.172333333,0.212333333,0.270666667,0.326333333,0.392333333,0.485,0.580666667,0.681,0.798333333,0.903666667,1.000333333,1.078666667,1.116666667,1.135666667,1.148333333,1.165333333,1.185333333,1.209,1.226666667,1.248,1.265,1.282333333,1.296333333,1.32,1.334666667,1.349,1.367333333,1.383,1.399333333,1.415666667,1.428
SGRP_mTORinhibitsSCREEN_SET1_CAFFEINE AND lowTORIN_MGK_12022017_,NCYC 3453-1000 ug/ml Caffeine,100.0610524,2.006584369,109.0484876,4.00408365,NCYC 3453,YS4,1 mg/mL Caffeine,YS4*1 mg/mL Caffeine,0,0.040333333,0.044666667,0.049666667,0.057333333,0.069666667,0.082666667,0.099,0.117666667,0.142,0.173666667,0.206,0.252333333,0.302666667,0.369666667,0.438666667,0.523,0.609333333,0.700666667,0.811,0.907333333,0.989666667,1.050666667,1.075,1.094666667,1.111,1.128666667,1.154,1.177333333,1.193333333,1.214,1.231333333,1.25,1.27,1.288,1.306333333,1.322,1.344666667,1.362,1.378333333,1.392666667
