experiment,Line-Treatment,DT inflection,StDev_inf,DT interval,StDev_int,Lab strain,Strain,Treatment,Strain*Treatment,Time_0,Time_0.5,Time_1,Time_1.5,Time_2,Time_2.5,Time_3,Time_3.5,Time_4,Time_4.5,Time_5,Time_5.5,Time_6,Time_6.5,Time_7,Time_7.5,Time_8,Time_8.5,Time_9,Time_9.5,Time_10,Time_10.5,Time_11,Time_11.5,Time_12,Time_12.5,Time_13,Time_13.5,Time_14,Time_14.5,Time_15,Time_15.5,Time_16,Time_16.5,Time_17,Time_17.5,Time_18,Time_18.5,Time_19,Time_19.5,Time_20
SGRP_mTORinhibits_SET2_lowRAPA_KGPUMBL_080417.xls.xls,NCYC 3471-2.5 ng/ml RAPA,62.57992119,11.75279354,69.36200225,8.38982242,NCYC 3471,YJM981 ,2.5 ng/mL RAPA,YJM981 *2.5 ng/mL RAPA,0,0.05,0.054333333,0.072666667,0.097,0.131333333,0.161666667,0.218,0.294,0.387333333,0.495666667,0.617333333,0.770333333,0.920666667,1.047666667,1.139666667,1.179333333,1.197666667,1.220666667,1.244333333,1.271,1.294,1.32,1.35,1.379666667,1.410666667,1.436,1.458666667,1.479333333,1.499,1.519333333,1.538,1.557,1.574,1.592666667,1.605666667,1.618666667,1.632,1.647666667,1.657666667,1.670333333
SGRP_mTORinhibitsSCREEN_SET2_LOWRAPA_highTORIN_MGK_12032017_F,NCYC 3471-2.5 ng/ml RAPA,50.33407925,8.093857108,60.02089535,8.535452537,NCYC 3471,YJM981 ,2.5 ng/mL RAPA,YJM981 *2.5 ng/mL RAPA,0,0.043666667,0.046333333,0.060333333,0.083666667,0.102333333,0.153666667,0.208,0.296,0.419666667,0.532,0.679333333,0.841,0.995666667,1.132666667,1.187666667,1.21,1.228,1.251,1.275666667,1.299666667,1.331333333,1.353333333,1.379333333,1.406333333,1.433666667,1.462666667,1.484666667,1.504666667,1.524333333,1.542333333,1.561,1.577666667,1.595333333,1.613,1.627,1.640333333,1.653,1.666,1.679666667,1.689666667
SGRP_mTORinhibitsSCREEN_SET2_lowRAPA_KGPUMBL_100117.xls,NCYC 3471-2.5 ng/ml RAPA,62.07000453,0.412228983,64.74581119,0.775957466,NCYC 3471,YJM981 ,2.5 ng/mL RAPA,YJM981 *2.5 ng/mL RAPA,0,0.032,0.041333333,0.050333333,0.065666667,0.087666667,0.125,0.172333333,0.240666667,0.328333333,0.433,0.556,0.696333333,0.858333333,1.01,1.124,1.185333333,1.214333333,1.236666667,1.26,1.284333333,1.307,1.334666667,1.363666667,1.394,1.43,1.457333333,1.482,1.501333333,1.519666667,1.541333333,1.560666667,1.58,1.598666667,1.617666667,1.631666667,1.649333333,1.662333333,1.673333333,1.686,1.695333333
