experiment,Line-Treatment,DT inflection,StDev_inf,DT interval,StDev_int,Lab strain,Strain,Treatment,Strain*Treatment,Time_0,Time_0.5,Time_1,Time_1.5,Time_2,Time_2.5,Time_3,Time_3.5,Time_4,Time_4.5,Time_5,Time_5.5,Time_6,Time_6.5,Time_7,Time_7.5,Time_8,Time_8.5,Time_9,Time_9.5,Time_10,Time_10.5,Time_11,Time_11.5,Time_12,Time_12.5,Time_13,Time_13.5,Time_14,Time_14.5,Time_15,Time_15.5,Time_16,Time_16.5,Time_17,Time_17.5,Time_18,Time_18.5,Time_19,Time_19.5,Time_20
SGRP_mTORinhibitsSCREEN_SET2_CAFFEINE AND lowTORIN_MGK_AR_120320,yML561-1 uM Torin 1,82.63906025,1.335633457,105.8712984,3.474391909,yML 561,T73,1 uM Torin 1,T73*1 uM Torin 1,0,0.093,0.106333333,0.118,0.143333333,0.171666667,0.207333333,0.248333333,0.296,0.380666667,0.458333333,0.565333333,0.676666667,0.797,0.920666667,1.040666667,1.158,1.24,1.267333333,1.276,1.287666667,1.299333333,1.324666667,1.345333333,1.370666667,1.404,1.43,1.457666667,1.484,1.502333333,1.528,1.55,1.561,1.588333333,1.604333333,1.619666667,1.635,1.651666667,1.667333333,1.675333333,1.688666667
SGRP_mTORinhibitsSCREEN_SET2_LOWTORIN_ARMBL_09192017.xls,yML561-1 uM Torin 1,69.6535505,1.015436327,70.26530926,0.819698468,yML 561,T73,1 uM Torin 1,T73*1 uM Torin 1,0,0.020666667,0.020333333,0.019333333,0.018333333,0.018,0.018333333,0.017666667,0.018666667,0.018666667,0.021333333,0.022333333,0.024333333,0.027333333,0.031333333,0.036333333,0.045333333,0.056666667,0.070666667,0.090333333,0.124,0.166666667,0.222333333,0.296333333,0.393333333,0.51,0.636666667,0.764,0.861666667,0.918333333,0.945333333,0.970333333,1.006,1.043666667,1.091,1.136333333,1.180666667,1.226,1.269,1.305666667,1.343
SGRP_mTORinhibitsSCREEN_SET2_lowTORIN_JEMBL_100117.xls,yML561-1 uM Torin 1,53.44570647,12.1354169,121.9544171,61.14519162,yML 561,T73,1 uM Torin 1,T73*1 uM Torin 1,0,0.038333333,0.056666667,0.069666667,0.085333333,0.092,0.151666667,0.191666667,0.227666667,0.255666667,0.348333333,0.447333333,0.536,0.660333333,0.769333333,0.887333333,1.005,1.124,1.212333333,1.254,1.268,1.282666667,1.298333333,1.322333333,1.345666667,1.375333333,1.405666667,1.435,1.464,1.490333333,1.515333333,1.537666667,1.558,1.576,1.594333333,1.611666667,1.626,1.642666667,1.658,1.672,1.683
