experiment,Line-Treatment,DT inflection,StDev_inf,DT interval,StDev_int,Lab strain,Strain,Treatment,Strain*Treatment,Time_0,Time_0.5,Time_1,Time_1.5,Time_2,Time_2.5,Time_3,Time_3.5,Time_4,Time_4.5,Time_5,Time_5.5,Time_6,Time_6.5,Time_7,Time_7.5,Time_8,Time_8.5,Time_9,Time_9.5,Time_10,Time_10.5,Time_11,Time_11.5,Time_12,Time_12.5,Time_13,Time_13.5,Time_14,Time_14.5,Time_15,Time_15.5,Time_16,Time_16.5,Time_17,Time_17.5,Time_18,Time_18.5,Time_19,Time_19.5,Time_20
SGRP_mTORinhibitsSCREEN_SET1_CAFF_MGK_11012017_F.xls,NCYC 3457-1000 ug/ml Caffeine,74.39900398,0.861310268,79.2412002,3.120765727,NCYC 3457,273614 N,1 mg/mL Caffeine,273614 N*1 mg/mL Caffeine,0,0.027666667,0.046333333,0.052666667,0.030666667,0.065666667,0.071,0.094666667,0.135333333,0.178666667,0.23,0.301666667,0.398333333,0.489,0.598666667,0.731,0.860666667,0.992333333,1.12,1.222,1.264333333,1.290333333,1.32,1.35,1.374666667,1.405,1.432333333,1.46,1.486,1.507333333,1.530333333,1.549666667,1.566333333,1.587333333,1.631666667,1.619333333,1.635,1.65,1.665333333,1.680666667,1.694
SGRP_mTORinhibitsSCREEN_SET1_CAFFEINE AND lowTORIN_MGK_12022017_,NCYC 3457-1000 ug/ml Caffeine,91.87488195,1.898798166,95.03564199,0.759737762,NCYC 3457,273614 N,1 mg/mL Caffeine,273614 N*1 mg/mL Caffeine,0,0.079,0.082,0.090666667,0.102,0.122333333,0.145,0.174666667,0.216333333,0.271,0.337,0.415666667,0.509333333,0.609666667,0.729333333,0.847333333,0.967,1.083666667,1.193,1.236,1.258333333,1.287333333,1.316333333,1.341,1.373333333,1.404666667,1.432666667,1.460333333,1.486666667,1.506,1.529666667,1.548333333,1.569666667,1.59,1.606333333,1.625666667,1.640333333,1.656,1.666666667,1.679333333,1.691
