experiment,Line-Treatment,DT inflection,StDev_inf,DT interval,StDev_int,Lab strain,Strain,Treatment,Strain*Treatment,Time_0,Time_0.5,Time_1,Time_1.5,Time_2,Time_2.5,Time_3,Time_3.5,Time_4,Time_4.5,Time_5,Time_5.5,Time_6,Time_6.5,Time_7,Time_7.5,Time_8,Time_8.5,Time_9,Time_9.5,Time_10,Time_10.5,Time_11,Time_11.5,Time_12,Time_12.5,Time_13,Time_13.5,Time_14,Time_14.5,Time_15,Time_15.5,Time_16,Time_16.5,Time_17,Time_17.5,Time_18,Time_18.5,Time_19,Time_19.5,Time_20
SGRP_mTORinhibitsSCREEN_SET3_LOWRAPA_JEMBL_12012017_F,yML 676-2.5 ng/ml RAPA,59.13403773,20.9365675,92.4972834,12.35812907,yML 676,DBVPG 4650,2.5 ng/mL RAPA,DBVPG 4650*2.5 ng/mL RAPA,0,0.047333333,0.026333333,0.032666667,0.102666667,0.120333333,0.228,0.268333333,0.355666667,0.444666667,0.548666667,0.636,0.778,0.927666667,1.034,1.120333333,1.170666667,1.184333333,1.199333333,1.224666667,1.244,1.266666667,1.294,1.322666667,1.337,1.355333333,1.381,1.404333333,1.426333333,1.441666667,1.466333333,1.476,1.509,1.520333333,1.534333333,1.542666667,1.583666667,1.602666667,1.621333333,1.637666667,1.649
