experiment,Line-Treatment,DT inflection,StDev_inf,DT interval,StDev_int,Lab strain,Strain,Treatment,Strain*Treatment,Time_0,Time_0.5,Time_1,Time_1.5,Time_2,Time_2.5,Time_3,Time_3.5,Time_4,Time_4.5,Time_5,Time_5.5,Time_6,Time_6.5,Time_7,Time_7.5,Time_8,Time_8.5,Time_9,Time_9.5,Time_10,Time_10.5,Time_11,Time_11.5,Time_12,Time_12.5,Time_13,Time_13.5,Time_14,Time_14.5,Time_15,Time_15.5,Time_16,Time_16.5,Time_17,Time_17.5,Time_18,Time_18.5,Time_19,Time_19.5,Time_20
SGRP_mTORinhibitsSCREEN_SET1_AZD8055_KGPUARMBL_061817.xls,NCYC 3311-100uM AZD08055,74.83407573,1.364666302,77.44188674,0.496774617,NCYC 3311,DBVPG 1788,100 uM AZD8055,DBVPG 1788*100 uM AZD8055,0,0.064666667,0.075666667,0.093666667,0.122,0.159333333,0.207,0.272,0.355333333,0.465333333,0.589333333,0.729333333,0.886666667,1.029666667,1.131666667,1.170333333,1.188666667,1.216666667,1.242333333,1.273,1.307333333,1.344,1.378666667,1.41,1.439666667,1.468,1.495666667,1.523,1.546,1.568666667,1.586,1.605333333,1.620333333,1.636,1.651,1.665666667,1.681333333,1.690666667,1.704333333,1.713666667,1.725666667
