experiment,Line-Treatment,DT inflection,StDev_inf,DT interval,StDev_int,Lab strain,Strain,Treatment,Strain*Treatment,Time_0,Time_0.5,Time_1,Time_1.5,Time_2,Time_2.5,Time_3,Time_3.5,Time_4,Time_4.5,Time_5,Time_5.5,Time_6,Time_6.5,Time_7,Time_7.5,Time_8,Time_8.5,Time_9,Time_9.5,Time_10,Time_10.5,Time_11,Time_11.5,Time_12,Time_12.5,Time_13,Time_13.5,Time_14,Time_14.5,Time_15,Time_15.5,Time_16,Time_16.5,Time_17,Time_17.5,Time_18,Time_18.5,Time_19,Time_19.5,Time_20
SGRP_mTOR_inhibitsSCREEN_SET1_highgdc-0941_AR_053117.xls,NCYC 3265-100uM GDC0941,99.81636582,6.881112732,375.6439908,302.2992511,NCYC 3265,SK1,100 uM GDC0941,SK1*100 uM GDC0941,0,0.062,0.058666667,0.057,0.062,0.066333333,0.072666667,0.081333333,0.095333333,0.110666667,0.133666667,0.165333333,0.204666667,0.25,0.307666667,0.365,0.396,0.418,0.435666667,0.451,0.466,0.483333333,0.501,0.519333333,0.538666667,0.560666667,0.577333333,0.599666667,0.62,0.637,0.659,0.677,0.690666667,0.704,0.721,0.733666667,0.750333333,0.762666667,0.777,0.793333333,0.807
