experiment,Line-Treatment,DT inflection,StDev_inf,DT interval,StDev_int,Lab strain,Strain,Treatment,Strain*Treatment,Time_0,Time_0.5,Time_1,Time_1.5,Time_2,Time_2.5,Time_3,Time_3.5,Time_4,Time_4.5,Time_5,Time_5.5,Time_6,Time_6.5,Time_7,Time_7.5,Time_8,Time_8.5,Time_9,Time_9.5,Time_10,Time_10.5,Time_11,Time_11.5,Time_12,Time_12.5,Time_13,Time_13.5,Time_14,Time_14.5,Time_15,Time_15.5,Time_16,Time_16.5,Time_17,Time_17.5,Time_18,Time_18.5,Time_19,Time_19.5,Time_20
SGRP_mTORinhibitsSCREEN_SET2_CAFFEINE AND lowTORIN_MGK_AR_120320,yML 560-1 uM Torin 1,89.38364559,2.785468003,99.67268956,2.466216887,yML 560,UC5,1 uM Torin 1,UC5*1 uM Torin 1,0,0.049666667,0.056,0.067333333,0.079666667,0.096,0.118333333,0.141666667,0.164666667,0.205666667,0.251666667,0.317666667,0.382333333,0.470666667,0.567333333,0.664666667,0.775,0.871666667,0.97,1.065333333,1.137,1.147333333,1.163666667,1.177333333,1.201666667,1.235666667,1.263333333,1.292,1.320333333,1.339,1.374333333,1.397666667,1.419333333,1.444666667,1.469666667,1.487333333,1.511,1.529,1.549,1.566,1.575333333
SGRP_mTORinhibitsSCREEN_SET2_CAFFEINE AND lowTORIN_MGK_AR_120320,yML 560-1 uM Torin 1,79.86397682,1.667551361,102.0465992,10.33593209,yML 560,UC5,1 uM Torin 1,UC5*1 uM Torin 1,0,0.067333333,0.079333333,0.089666667,0.106333333,0.129333333,0.151666667,0.181,0.212,0.274,0.331333333,0.418666667,0.500666667,0.596,0.695666667,0.792666667,0.896,0.991666667,1.076666667,1.143,1.167666667,1.177666667,1.198,1.220333333,1.247666667,1.281,1.307,1.335333333,1.36,1.378666667,1.411333333,1.433333333,1.449,1.479333333,1.497333333,1.514666667,1.533,1.55,1.569,1.582666667,1.590666667
