experiment,Line-Treatment,DT inflection,StDev_inf,DT interval,StDev_int,Lab strain,Strain,Treatment,Strain*Treatment,Time_0,Time_0.5,Time_1,Time_1.5,Time_2,Time_2.5,Time_3,Time_3.5,Time_4,Time_4.5,Time_5,Time_5.5,Time_6,Time_6.5,Time_7,Time_7.5,Time_8,Time_8.5,Time_9,Time_9.5,Time_10,Time_10.5,Time_11,Time_11.5,Time_12,Time_12.5,Time_13,Time_13.5,Time_14,Time_14.5,Time_15,Time_15.5,Time_16,Time_16.5,Time_17,Time_17.5,Time_18,Time_18.5,Time_19,Time_19.5,Time_20
SGRP_mTORinhibitsSCREEN_SET3_CAFFEINE AND lowTORIN_JEMBL_1201201,yML677-2.5% DMSO,63.22453536,37.88960677,122.7735697,20.89474954,yML 677,Q95.3,2.5% DMSO,Q95.3*2.5% DMSO,0,0.058333333,0.061666667,0.059333333,0.056333333,0.057666667,0.064666667,0.071333333,0.081,0.081333333,0.339333333,0.421666667,0.522,0.65,0.769333333,0.901,1.011333333,1.120666667,1.196,1.223,1.251333333,1.281333333,1.308666667,1.348,1.372666667,1.401666667,1.424666667,1.451333333,1.475666667,1.493,1.514666667,1.529333333,1.549666667,1.563666667,1.579333333,1.595333333,1.611666667,1.622,1.631333333,1.644666667,1.651
