experiment,Line-Treatment,DT inflection,StDev_inf,DT interval,StDev_int,Lab strain,Strain,Treatment,Strain*Treatment,Time_0,Time_0.5,Time_1,Time_1.5,Time_2,Time_2.5,Time_3,Time_3.5,Time_4,Time_4.5,Time_5,Time_5.5,Time_6,Time_6.5,Time_7,Time_7.5,Time_8,Time_8.5,Time_9,Time_9.5,Time_10,Time_10.5,Time_11,Time_11.5,Time_12,Time_12.5,Time_13,Time_13.5,Time_14,Time_14.5,Time_15,Time_15.5,Time_16,Time_16.5,Time_17,Time_17.5,Time_18,Time_18.5,Time_19,Time_19.5,Time_20
SGRP_mTORinhibitsSCREEN_SET3_CAFFEINE AND lowTORIN_JEMBL_1201201,yML 679-2.5% DMSO,92.91344245,17.35611792,105.4417059,8.145485185,yML 679,CBS5829,2.5% DMSO,CBS5829*2.5% DMSO,0,0.013333333,0.014,0.015333333,0.029,0.032666667,0.036666667,0.054666667,0.159666667,0.209666667,0.256333333,0.307333333,0.375333333,0.450333333,0.532333333,0.625333333,0.724666667,0.816666667,0.897666667,0.945333333,0.969666667,0.983666667,0.990666667,1.017666667,1.034,1.063666667,1.084,1.115666667,1.145666667,1.170333333,1.195666667,1.219333333,1.248666667,1.268333333,1.287,1.311,1.335666667,1.359,1.375,1.392,1.405
