experiment,Line-Treatment,DT inflection,StDev_inf,DT interval,StDev_int,Lab strain,Strain,Treatment,Strain*Treatment,Time_0,Time_0.5,Time_1,Time_1.5,Time_2,Time_2.5,Time_3,Time_3.5,Time_4,Time_4.5,Time_5,Time_5.5,Time_6,Time_6.5,Time_7,Time_7.5,Time_8,Time_8.5,Time_9,Time_9.5,Time_10,Time_10.5,Time_11,Time_11.5,Time_12,Time_12.5,Time_13,Time_13.5,Time_14,Time_14.5,Time_15,Time_15.5,Time_16,Time_16.5,Time_17,Time_17.5,Time_18,Time_18.5,Time_19,Time_19.5,Time_20
SGRP_mTORinhibitsSCREEN_SET1HIGHrapaANDhighTORIN_PU_03162018_D.x,NCYC3448A-20 ng/mL Rapamycin,115.5867474,52.98364332,371.6751979,240.9402012,NCYC 3448,UWOPS83-787.3,20 ng/mL RAPA,UWOPS83-787.3*20 ng/mL RAPA,0,0.181,0.208666667,0.261,0.299666667,0.327,0.368666667,0.417666667,0.451,0.503,0.548,0.637,0.642333333,0.689666667,0.740333333,0.827,0.843333333,0.899,0.957666667,1.019666667,1.071666667,1.111,1.163333333,1.199333333,1.245,1.288,1.361666667,1.362666667,1.399,1.435333333,1.467666667,1.493333333,1.523,1.552333333,1.574666667,1.594333333,1.61,1.623,1.629333333,1.641,1.651666667
