experiment,Line-Treatment,DT inflection,StDev_inf,DT interval,StDev_int,Lab strain,Strain,Treatment,Strain*Treatment,Time_0,Time_0.5,Time_1,Time_1.5,Time_2,Time_2.5,Time_3,Time_3.5,Time_4,Time_4.5,Time_5,Time_5.5,Time_6,Time_6.5,Time_7,Time_7.5,Time_8,Time_8.5,Time_9,Time_9.5,Time_10,Time_10.5,Time_11,Time_11.5,Time_12,Time_12.5,Time_13,Time_13.5,Time_14,Time_14.5,Time_15,Time_15.5,Time_16,Time_16.5,Time_17,Time_17.5,Time_18,Time_18.5,Time_19,Time_19.5,Time_20
SGRP_mTORinhibits_SET1_lowTORINredo_JEMBL_08032017.xls,NCYC 3448-1 uM Torin 1,73.56767221,10.67877495,82.47053912,0.332016184,NCYC 3448,UWOPS83-787.3,1 uM Torin 1,UWOPS83-787.3*1 uM Torin 1,0,0.053,0.061333333,0.066666667,0.078,0.096,0.139666667,0.190666667,0.237333333,0.309333333,0.399333333,0.509,0.637333333,0.778333333,0.925,1.065666667,1.194,1.268333333,1.304,1.333,1.364,1.400666667,1.438333333,1.473,1.506,1.534333333,1.558333333,1.583666667,1.604,1.626,1.641666667,1.655666667,1.671,1.685,1.698,1.711333333,1.723,1.730333333,1.744666667,1.755333333,1.762333333
SGRP_mTORinhibitsSCREEN_SET1_LOW_TORIN_MGK_081617.xls,NCYC 3448-1 uM Torin 1,53.98506682,10.58775694,55.12009366,5.256345589,NCYC 3448,UWOPS83-787.3,1 uM Torin 1,UWOPS83-787.3*1 uM Torin 1,0,0.060333333,0.068666667,0.082,0.110333333,0.117,0.149666667,0.245666667,0.326666667,0.423666667,0.555333333,0.679666667,0.816666667,0.952666667,1.096,1.217333333,1.287666667,1.321666667,1.345666667,1.382,1.418,1.455,1.482333333,1.519,1.550333333,1.573666667,1.596666667,1.616,1.637,1.656,1.665666667,1.682666667,1.698333333,1.712666667,1.725,1.735333333,1.747333333,1.758333333,1.765666667,1.779333333,1.786333333
SGRP_mTORinhibitsSCREEN_SET1_LOWRAPA_highRAPA_lowTORIN_MGK_12022,NCYC 3448-1 uM Torin 1,66.54232711,4.099544008,74.70147296,2.814896237,NCYC 3448,UWOPS83-787.3,1 uM Torin 1,UWOPS83-787.3*1 uM Torin 1,0,0.044666667,0.078666667,0.122333333,0.163666667,0.213333333,0.284666667,0.38,0.493,0.642666667,0.787,0.939666667,1.089333333,1.221,1.305,1.340333333,1.367666667,1.402666667,1.442666667,1.476,1.510666667,1.541333333,1.57,1.598666667,1.619,1.640333333,1.657,1.674,1.688,1.701666667,1.715,1.727333333,1.735666667,1.742666667,1.751,1.755,1.764,1.768666667,1.770333333,1.770666667,1.770666667
