experiment,Line-Treatment,DT inflection,StDev_inf,DT interval,StDev_int,Lab strain,Strain,Treatment,Strain*Treatment,Time_0,Time_0.5,Time_1,Time_1.5,Time_2,Time_2.5,Time_3,Time_3.5,Time_4,Time_4.5,Time_5,Time_5.5,Time_6,Time_6.5,Time_7,Time_7.5,Time_8,Time_8.5,Time_9,Time_9.5,Time_10,Time_10.5,Time_11,Time_11.5,Time_12,Time_12.5,Time_13,Time_13.5,Time_14,Time_14.5,Time_15,Time_15.5,Time_16,Time_16.5,Time_17,Time_17.5,Time_18,Time_18.5,Time_19,Time_19.5,Time_20
SGRP_mTORinhibits_SET1_CAFF_REDO_NBMBL_08032017.xls,NCYC 3290-Drug,84.11433805,2.148434564,89.72615737,1.326204362,NCYC 3290,DBVPG 6044,1 mg/mL Caffeine,DBVPG 6044*1 mg/mL Caffeine,0,0.033333333,0.028,0.033666667,0.043,0.06,0.108,0.143,0.179,0.229,0.288333333,0.361666667,0.448333333,0.549333333,0.658,0.772333333,0.892666667,1.011666667,1.123,1.208666667,1.263666667,1.294,1.317,1.346,1.370666667,1.4,1.429,1.460333333,1.488333333,1.515666667,1.543666667,1.566333333,1.59,1.610333333,1.63,1.667,1.666333333,1.681333333,1.698666667,1.713,1.728
