experiment,Line-Treatment,DT inflection,StDev_inf,DT interval,StDev_int,Lab strain,Strain,Treatment,Strain*Treatment,Time_0,Time_0.5,Time_1,Time_1.5,Time_2,Time_2.5,Time_3,Time_3.5,Time_4,Time_4.5,Time_5,Time_5.5,Time_6,Time_6.5,Time_7,Time_7.5,Time_8,Time_8.5,Time_9,Time_9.5,Time_10,Time_10.5,Time_11,Time_11.5,Time_12,Time_12.5,Time_13,Time_13.5,Time_14,Time_14.5,Time_15,Time_15.5,Time_16,Time_16.5,Time_17,Time_17.5,Time_18,Time_18.5,Time_19,Time_19.5,Time_20
SGRP_mTORinhibitsSCREEN_SET3_CAFFEINE AND lowTORIN_JEMBL_1201201,yML 675-1 uM Torin 11,94.96153067,2.793701987,103.7802773,,yML 675,Z1.1,1 uM Torin 1,Z1.1*1 uM Torin 1,0,0.056,0.061333333,0.058,0.049333333,0.049,0.046666667,0.034333333,0.019333333,0.015666667,0.328333333,0.398,0.487666667,0.607,0.706333333,0.821666667,0.930333333,1.042,1.141666667,1.204666667,1.226,1.253333333,1.274333333,1.309333333,1.336666667,1.371333333,1.397,1.423666667,1.448666667,1.47,1.492,1.508333333,1.530666667,1.543333333,1.557333333,1.574,1.591,1.608,1.616666667,1.629,1.639666667
