experiment,Line-Treatment,DT inflection,StDev_inf,DT interval,StDev_int,Lab strain,Strain,Treatment,Strain*Treatment,Time_0,Time_0.5,Time_1,Time_1.5,Time_2,Time_2.5,Time_3,Time_3.5,Time_4,Time_4.5,Time_5,Time_5.5,Time_6,Time_6.5,Time_7,Time_7.5,Time_8,Time_8.5,Time_9,Time_9.5,Time_10,Time_10.5,Time_11,Time_11.5,Time_12,Time_12.5,Time_13,Time_13.5,Time_14,Time_14.5,Time_15,Time_15.5,Time_16,Time_16.5,Time_17,Time_17.5,Time_18,Time_18.5,Time_19,Time_19.5,Time_20
_lowTORIN_KGPUMBL_052817.xls,NCYC 3457-2.5% DMSO,90.75943134,2.805095508,102.8394722,5.824454457,NCYC 3457,273614 N,2.5% DMSO,273614 N*2.5% DMSO,0,0.048,0.061666667,0.069333333,0.083333333,0.102,0.118333333,0.142333333,0.163666667,0.195,0.238,0.289333333,0.363666667,0.446333333,0.543333333,0.651666667,0.772666667,0.891333333,1.021333333,1.134666667,1.198666667,1.236666667,1.273,1.303,1.343666667,1.367333333,1.397666667,1.431666667,1.442333333,1.481666667,1.508,1.529666667,1.551,1.572,1.591333333,1.608,1.624333333,1.628,1.643,1.661666667,1.671666667
SGRP_mTORinhibits_SET1_lowTORINredo_JEMBL_08032017.xls,NCYC 3457-2.5% DMSO,82.79687407,6.816019876,96.90207389,4.998008004,NCYC 3457,273614 N,2.5% DMSO,273614 N*2.5% DMSO,0,0.03,0.045666667,0.053333333,0.064333333,0.081666667,0.099333333,0.111666667,0.139666667,0.170333333,0.207333333,0.256333333,0.319,0.401666667,0.496333333,0.606,0.728333333,0.862333333,0.992,1.111666667,1.17,1.202666667,1.242333333,1.279333333,1.317666667,1.351,1.381,1.413,1.443666667,1.472333333,1.495,1.518333333,1.536333333,1.555666667,1.575,1.591333333,1.607,1.620666667,1.635,1.648666667,1.659
SGRP_mTORinhibitsSCREEN_SET1_LOW_TORIN_MGK_081617.xls,NCYC 3457-2.5% DMSO,84.47804597,3.97984388,97.87049974,5.999157811,NCYC 3457,273614 N,2.5% DMSO,273614 N*2.5% DMSO,0,0.041333333,0.046333333,0.055333333,0.070333333,0.087,0.104666667,0.128,0.151666667,0.182666667,0.229666667,0.28,0.357666667,0.439666667,0.536666667,0.650666667,0.764,0.893666667,1.018333333,1.111666667,1.179666667,1.215,1.245666667,1.283666667,1.323,1.357333333,1.393,1.419333333,1.456333333,1.48,1.501333333,1.523,1.544333333,1.568333333,1.583333333,1.603666667,1.619333333,1.634,1.642666667,1.656,1.671333333
