experiment,Line-Treatment,DT inflection,StDev_inf,DT interval,StDev_int,Lab strain,Strain,Treatment,Strain*Treatment,Time_0,Time_0.5,Time_1,Time_1.5,Time_2,Time_2.5,Time_3,Time_3.5,Time_4,Time_4.5,Time_5,Time_5.5,Time_6,Time_6.5,Time_7,Time_7.5,Time_8,Time_8.5,Time_9,Time_9.5,Time_10,Time_10.5,Time_11,Time_11.5,Time_12,Time_12.5,Time_13,Time_13.5,Time_14,Time_14.5,Time_15,Time_15.5,Time_16,Time_16.5,Time_17,Time_17.5,Time_18,Time_18.5,Time_19,Time_19.5,Time_20
SGRP_mTORinhibitsSCREEN_SET2_CAFFEINE AND lowTORIN_MGK_AR_120320,NCYC 3486-1 uM Torin 1,83.82250071,2.819160698,95.21823112,0.624277342,NCYC 3486,NCYC110 ,1 uM Torin 1,NCYC110 *1 uM Torin 1,0,0.034333333,0.043,0.059333333,0.069333333,0.087666667,0.107,0.129,0.151666667,0.193333333,0.239333333,0.304666667,0.373666667,0.455666667,0.548333333,0.655,0.772333333,0.897666667,1.024333333,1.074333333,1.078,1.089666667,1.106666667,1.121,1.138666667,1.164,1.184666667,1.206,1.233,1.252,1.282666667,1.308666667,1.328666667,1.360666667,1.384,1.405666667,1.428,1.447,1.470333333,1.486333333,1.502
SGRP_mTORinhibitsSCREEN_SET2_LOWTORIN_ARMBL_09192017.xls,NCYC 3486-1 uM Torin 1,77.88209818,1.026675001,80.45382311,2.679308708,NCYC 3486,NCYC110 ,1 uM Torin 1,NCYC110 *1 uM Torin 1,0,0.023,0.023666667,0.023333333,0.022333333,0.022333333,0.023666667,0.026666667,0.030666667,0.034,0.036333333,0.038333333,0.039333333,0.047666667,0.056666667,0.067333333,0.080333333,0.104,0.124666667,0.158,0.201,0.260333333,0.34,0.431,0.549666667,0.683333333,0.783333333,0.801666667,0.817,0.832333333,0.854333333,0.883666667,0.919,0.961333333,1.007333333,1.056,1.102,1.146333333,1.19,1.226333333,1.261
SGRP_mTORinhibitsSCREEN_SET2_lowTORIN_JEMBL_100117.xls,NCYC 3486-1 uM Torin 1,74.19277373,3.112986569,81.05151062,1.280228785,NCYC 3486,NCYC110 ,1 uM Torin 1,NCYC110 *1 uM Torin 1,0,0.020333333,0.022666667,0.034333333,0.044,0.061666667,0.072333333,0.097666667,0.127333333,0.173666667,0.224333333,0.291666667,0.368,0.474333333,0.586333333,0.721666667,0.860333333,0.995333333,1.078666667,1.096666667,1.107666667,1.128333333,1.144666667,1.168,1.192,1.218666667,1.242333333,1.269,1.297666667,1.324,1.351,1.378,1.401666667,1.423666667,1.445666667,1.468666667,1.488666667,1.506,1.524666667,1.538666667,1.554666667
