experiment,Line-Treatment,DT inflection,StDev_inf,DT interval,StDev_int,Lab strain,Strain,Treatment,Strain*Treatment,Time_0,Time_0.5,Time_1,Time_1.5,Time_2,Time_2.5,Time_3,Time_3.5,Time_4,Time_4.5,Time_5,Time_5.5,Time_6,Time_6.5,Time_7,Time_7.5,Time_8,Time_8.5,Time_9,Time_9.5,Time_10,Time_10.5,Time_11,Time_11.5,Time_12,Time_12.5,Time_13,Time_13.5,Time_14,Time_14.5,Time_15,Time_15.5,Time_16,Time_16.5,Time_17,Time_17.5,Time_18,Time_18.5,Time_19,Time_19.5,Time_20
SGRP_mTORinhibitsSCREEN_SET 1 2 3 4 High-Low Rapa High-Low Torin,yML698-25 uM Torin 1,93.08361383,2.674199343,99.81828535,3.970229036,yML 698,IFO1804,25 uM Torin 1,IFO1804*25 uM Torin 1,0,0.024,0.028,0.031333333,0.032,0.034,0.039666667,0.046333333,0.054,0.065666667,0.079666667,0.099,0.121,0.152666667,0.188333333,0.23,0.285333333,0.351333333,0.426666667,0.517333333,0.614666667,0.715666667,0.818,0.919333333,1.005,1.054,1.060666667,1.052666667,1.048333333,1.044333333,1.042,1.042,1.040333333,1.038,1.038666667,1.037,1.036333333,1.034,1.034,1.034,1.033333333
