experiment,Line-Treatment,DT inflection,StDev_inf,DT interval,StDev_int,Lab strain,Strain,Treatment,Strain*Treatment,Time_0,Time_0.5,Time_1,Time_1.5,Time_2,Time_2.5,Time_3,Time_3.5,Time_4,Time_4.5,Time_5,Time_5.5,Time_6,Time_6.5,Time_7,Time_7.5,Time_8,Time_8.5,Time_9,Time_9.5,Time_10,Time_10.5,Time_11,Time_11.5,Time_12,Time_12.5,Time_13,Time_13.5,Time_14,Time_14.5,Time_15,Time_15.5,Time_16,Time_16.5,Time_17,Time_17.5,Time_18,Time_18.5,Time_19,Time_19.5,Time_20
SGRP_mTORinhibitsSCREEN_SET1_AZD8055_KGPUARMBL_061817.xls,NCYC 3312-100uM AZD08055,72.24991803,0.690569185,78.77798378,3.416219814,NCYC 3312,DBVPG 1373,100 uM AZD8055,DBVPG 1373*100 uM AZD8055,0,0.059333333,0.07,0.083666667,0.112,0.140333333,0.181666667,0.234,0.308666667,0.406333333,0.523666667,0.636,0.747,0.852,0.954,1.053,1.138,1.18,1.205,1.237333333,1.272333333,1.308666667,1.342,1.375,1.405666667,1.432333333,1.458666667,1.484,1.506333333,1.525333333,1.541333333,1.562333333,1.577,1.592333333,1.607,1.622,1.636333333,1.650666667,1.659666667,1.671666667,1.685333333
