experiment,Line-Treatment,DT inflection,StDev_inf,DT interval,StDev_int,Lab strain,Strain,Treatment,Strain*Treatment,Time_0,Time_0.5,Time_1,Time_1.5,Time_2,Time_2.5,Time_3,Time_3.5,Time_4,Time_4.5,Time_5,Time_5.5,Time_6,Time_6.5,Time_7,Time_7.5,Time_8,Time_8.5,Time_9,Time_9.5,Time_10,Time_10.5,Time_11,Time_11.5,Time_12,Time_12.5,Time_13,Time_13.5,Time_14,Time_14.5,Time_15,Time_15.5,Time_16,Time_16.5,Time_17,Time_17.5,Time_18,Time_18.5,Time_19,Time_19.5,Time_20
SGRP_mTORinhibitsSCREEN_SET1_LOWRAPA_highRAPA_lowTORIN_MGK_12022,NCYC 3319-1% DMSO,59.85459358,0.418098747,60.57326564,0.283585718,NCYC 3319,L-1528,1% DMSO,L-1528*1% DMSO,0,0.051333333,0.064,0.085,0.113666667,0.155666667,0.220333333,0.309333333,0.426,0.561666667,0.719,0.884666667,1.032333333,1.161333333,1.194333333,1.215333333,1.237,1.267333333,1.296666667,1.322333333,1.349333333,1.378,1.409,1.442,1.470666667,1.494333333,1.510666667,1.529666667,1.547666667,1.563666667,1.579666667,1.594333333,1.61,1.625,1.639,1.649666667,1.663333333,1.673,1.684,1.690333333,1.701
SGRP_mTORinhibitsSCREEN_SET1_LOWRAPA_highRAPA_lowTORIN_MGK_12022,NCYC 3319-1% DMSO,61.0758352,1.898105624,62.21337696,1.19620021,NCYC 3319,L-1528,1% DMSO,L-1528*1% DMSO,0,0.051,0.064666667,0.087,0.115333333,0.160333333,0.222666667,0.313,0.431333333,0.568666667,0.727666667,0.893666667,1.043666667,1.174,1.210666667,1.231333333,1.253333333,1.283666667,1.313666667,1.339,1.366,1.394666667,1.428,1.461,1.487,1.511666667,1.53,1.547333333,1.564333333,1.581,1.597666667,1.614666667,1.628333333,1.643,1.657333333,1.667333333,1.681,1.690666667,1.720333333,1.71,1.718333333
