experiment,Line-Treatment,DT inflection,StDev_inf,DT interval,StDev_int,Lab strain,Strain,Treatment,Strain*Treatment,Time_0,Time_0.5,Time_1,Time_1.5,Time_2,Time_2.5,Time_3,Time_3.5,Time_4,Time_4.5,Time_5,Time_5.5,Time_6,Time_6.5,Time_7,Time_7.5,Time_8,Time_8.5,Time_9,Time_9.5,Time_10,Time_10.5,Time_11,Time_11.5,Time_12,Time_12.5,Time_13,Time_13.5,Time_14,Time_14.5,Time_15,Time_15.5,Time_16,Time_16.5,Time_17,Time_17.5,Time_18,Time_18.5,Time_19,Time_19.5,Time_20
SGRP_mTORinhibsSCREEN_SET1_lowRAPA_KGPUMBL_05062017.xls,NCYC 3290-2.5ng/ml RAPA,61.98327113,3.869659385,73.23790454,0.896061312,NCYC 3290,DBVPG 6044,2.5 ng/mL RAPA,DBVPG 6044*2.5 ng/mL RAPA,0,0.028666667,0.031333333,0.05,-0.006333333,0.084666667,0.117666667,0.164,0.219666667,0.288,0.385333333,0.490333333,0.541666667,0.744666667,0.873,0.938333333,1.114333333,1.171666667,1.193666667,1.213333333,1.241,1.262,1.280666667,1.342666667,1.340333333,1.373333333,1.39,1.421,1.449,1.475666667,1.488333333,1.509333333,1.528,1.555,1.57,1.582666667,1.599333333,1.613,1.624,1.636333333,1.649
