experiment,Line-Treatment,DT inflection,StDev_inf,DT interval,StDev_int,Lab strain,Strain,Treatment,Strain*Treatment,Time_0,Time_0.5,Time_1,Time_1.5,Time_2,Time_2.5,Time_3,Time_3.5,Time_4,Time_4.5,Time_5,Time_5.5,Time_6,Time_6.5,Time_7,Time_7.5,Time_8,Time_8.5,Time_9,Time_9.5,Time_10,Time_10.5,Time_11,Time_11.5,Time_12,Time_12.5,Time_13,Time_13.5,Time_14,Time_14.5,Time_15,Time_15.5,Time_16,Time_16.5,Time_17,Time_17.5,Time_18,Time_18.5,Time_19,Time_19.5,Time_20
SET4_highTORIN_REDO_NBMBL_080717.xls,yML 696-25 uM Torin 1,91.17505583,38.744501,229.1951938,81.94089643,yML 696,KPN3829,25 uM Torin 1,KPN3829*25 uM Torin 1,0,0.01,0.027333333,0.028,0.025333333,0.044,0.056333333,0.052333333,0.062333333,0.068333333,0.089666667,0.088666667,0.102333333,0.122333333,0.131666667,0.15,0.172333333,0.198666667,0.215666667,0.261,0.300333333,0.342666667,0.397,0.436666667,0.502666667,0.549,0.591333333,0.636,0.687666667,0.713666667,0.745666667,0.768333333,0.788,0.809666667,0.829333333,0.844333333,0.875333333,0.909333333,0.928666667,0.951666667,0.987666667
