experiment,Line-Treatment,DT inflection,StDev_inf,DT interval,StDev_int,Lab strain,Strain,Treatment,Strain*Treatment,Time_0,Time_0.5,Time_1,Time_1.5,Time_2,Time_2.5,Time_3,Time_3.5,Time_4,Time_4.5,Time_5,Time_5.5,Time_6,Time_6.5,Time_7,Time_7.5,Time_8,Time_8.5,Time_9,Time_9.5,Time_10,Time_10.5,Time_11,Time_11.5,Time_12,Time_12.5,Time_13,Time_13.5,Time_14,Time_14.5,Time_15,Time_15.5,Time_16,Time_16.5,Time_17,Time_17.5,Time_18,Time_18.5,Time_19,Time_19.5,Time_20
SGRP_mTORinhibitsSCREEN_SET1HIGHrapaANDhighTORIN_PU_03162018_D.x,NCYC3312-25 uM Torin,50.20485361,0.876484893,201.702064,47.32041013,NCYC 3312,DBVPG 1373,25 uM Torin 1,DBVPG 1373*25 uM Torin 1,0,0.034333333,0.038333333,0.047333333,0.054,0.068666667,0.088333333,0.109333333,0.127,0.164333333,0.199333333,0.301666667,0.317666667,0.406333333,0.507333333,0.605333333,0.683,0.765,0.855666667,0.945333333,1.04,1.120333333,1.168333333,1.191333333,1.219,1.249666667,1.325666667,1.317666667,1.347,1.381666667,1.409,1.433,1.461,1.519333333,1.507333333,1.525666667,1.550666667,1.57,1.587333333,1.601,1.617666667
