experiment,Line-Treatment,DT inflection,StDev_inf,DT interval,StDev_int,Lab strain,Strain,Treatment,Strain*Treatment,Time_0,Time_0.5,Time_1,Time_1.5,Time_2,Time_2.5,Time_3,Time_3.5,Time_4,Time_4.5,Time_5,Time_5.5,Time_6,Time_6.5,Time_7,Time_7.5,Time_8,Time_8.5,Time_9,Time_9.5,Time_10,Time_10.5,Time_11,Time_11.5,Time_12,Time_12.5,Time_13,Time_13.5,Time_14,Time_14.5,Time_15,Time_15.5,Time_16,Time_16.5,Time_17,Time_17.5,Time_18,Time_18.5,Time_19,Time_19.5,Time_20
SGRP_mTOR_inhibitsSCREEN_SET1_highgdc-0941_AR_053117.xls,NCYC 3290-100uM GDC0941,57.01959435,0.817700714,68.21565252,4.149578863,NCYC 3290,DBVPG 6044,100 uM GDC0941,DBVPG 6044*100 uM GDC0941,0,0.063,0.059333333,0.058333333,0.072666667,0.07,0.088666667,0.134666667,0.203,0.292333333,0.368,0.464333333,0.586333333,0.693666667,0.831333333,0.977,1.093666667,1.214666667,1.266333333,1.291666667,1.310666667,1.336,1.363666667,1.390333333,1.414333333,1.443,1.470333333,1.496,1.522666667,1.546,1.567,1.585666667,1.608333333,1.626333333,1.644,1.658666667,1.674,1.688,1.702,1.717666667,1.729
