experiment,Line-Treatment,DT inflection,StDev_inf,DT interval,StDev_int,Lab strain,Strain,Treatment,Strain*Treatment,Time_0,Time_0.5,Time_1,Time_1.5,Time_2,Time_2.5,Time_3,Time_3.5,Time_4,Time_4.5,Time_5,Time_5.5,Time_6,Time_6.5,Time_7,Time_7.5,Time_8,Time_8.5,Time_9,Time_9.5,Time_10,Time_10.5,Time_11,Time_11.5,Time_12,Time_12.5,Time_13,Time_13.5,Time_14,Time_14.5,Time_15,Time_15.5,Time_16,Time_16.5,Time_17,Time_17.5,Time_18,Time_18.5,Time_19,Time_19.5,Time_20
SGRP_mTORinhibitsSCREEN_SET4_Caff_MGK_10252017_D.xls,YML696-1000 ug/ml Caffeine,88.34555199,5.74934364,126.9747162,11.81164419,yML 696,KPN3829,1 mg/mL Caffeine,KPN3829*1 mg/mL Caffeine,0,0.034,0.041666667,0.051666667,0.062333333,0.075666667,0.088666667,0.102,0.128,0.144333333,0.178,0.206666667,0.242333333,0.286333333,0.329,0.411666667,0.486666667,0.567666667,0.661666667,0.740666667,0.847666667,0.947666667,1.032333333,1.07,1.071666667,1.092,1.1,1.133666667,1.155666667,1.206666667,1.214333333,1.260666667,1.289666667,1.311333333,1.338333333,1.365,1.384,1.408666667,1.435666667,1.449333333,1.475666667
SGRP_mTORinhibitsSCREEN_SET4_Caffeine_MGK_09202017.xls,YML696-1000 ug/ml Caffeine,87.21000562,17.61818416,122.3804948,10.59742565,yML 696,KPN3829,1 mg/mL Caffeine,KPN3829*1 mg/mL Caffeine,0,0.048666667,0.047,0.059333333,0.074666667,0.061666667,0.084333333,0.119666667,0.171333333,0.201,0.233,0.297,0.35,0.421666667,0.482666667,0.579,0.646333333,0.762666667,0.868,0.975666667,1.054,1.051,1.064,1.085333333,1.081666667,1.095666667,1.146666667,1.191666667,1.221333333,1.251333333,1.271,1.331666667,1.356,1.373,1.406666667,1.448666667,1.441,1.483666667,1.483666667,1.506,1.543666667
