experiment,Line-Treatment,DT inflection,StDev_inf,DT interval,StDev_int,Lab strain,Strain,Treatment,Strain*Treatment,Time_0,Time_0.5,Time_1,Time_1.5,Time_2,Time_2.5,Time_3,Time_3.5,Time_4,Time_4.5,Time_5,Time_5.5,Time_6,Time_6.5,Time_7,Time_7.5,Time_8,Time_8.5,Time_9,Time_9.5,Time_10,Time_10.5,Time_11,Time_11.5,Time_12,Time_12.5,Time_13,Time_13.5,Time_14,Time_14.5,Time_15,Time_15.5,Time_16,Time_16.5,Time_17,Time_17.5,Time_18,Time_18.5,Time_19,Time_19.5,Time_20
SGRP_mTOR_inhibitsSCREEN_SET2_HighRAPA+LowTorin_Repeat_JEMBL_073,NCYC 3471-1% DMSO,63.46445121,2.631929096,66.49036491,1.121779506,NCYC 3471,YJM981 ,1% DMSO,YJM981 *1% DMSO,0,0.036,0.050333333,0.070333333,0.095,0.129666667,0.180333333,0.250333333,0.338,0.43,0.563333333,0.722,0.883666667,1.036666667,1.117,1.143666667,1.164333333,1.19,1.213666667,1.244333333,1.268333333,1.301666667,1.331333333,1.365,1.395666667,1.426,1.447666667,1.471333333,1.489666667,1.509333333,1.528333333,1.546,1.565666667,1.584333333,1.604,1.628,1.641666667,1.658666667,1.672666667,1.688666667,1.704333333
SGRP_mTORinhibitsSCREEN_SET2_LOWRAPA_highTORIN_MGK_12032017_F,NCYC 3471-1% DMSO,58.80368003,6.827088129,63.45541751,3.17557134,NCYC 3471,YJM981 ,1% DMSO,YJM981 *1% DMSO,0,0.037,0.042,0.057666667,0.079666667,0.106333333,0.152,0.205666667,0.289,0.395666667,0.493,0.646666667,0.811333333,0.974,1.103,1.153,1.177,1.194666667,1.217666667,1.241666667,1.266333333,1.289333333,1.315,1.342,1.369333333,1.394333333,1.422,1.444,1.464666667,1.484666667,1.501666667,1.521,1.536333333,1.553,1.571333333,1.585333333,1.598666667,1.612666667,1.624,1.651333333,1.648
