experiment,Line-Treatment,DT inflection,StDev_inf,DT interval,StDev_int,Lab strain,Strain,Treatment,Strain*Treatment,Time_0,Time_0.5,Time_1,Time_1.5,Time_2,Time_2.5,Time_3,Time_3.5,Time_4,Time_4.5,Time_5,Time_5.5,Time_6,Time_6.5,Time_7,Time_7.5,Time_8,Time_8.5,Time_9,Time_9.5,Time_10,Time_10.5,Time_11,Time_11.5,Time_12,Time_12.5,Time_13,Time_13.5,Time_14,Time_14.5,Time_15,Time_15.5,Time_16,Time_16.5,Time_17,Time_17.5,Time_18,Time_18.5,Time_19,Time_19.5,Time_20
SGRP_mTORinhibitsSCREEN_SET2_CAFFEINE AND lowTORIN_MGK_AR_120320,NCYC 3458-1 uM Torin 1,72.49296124,1.925786407,80.38471281,0.260942702,NCYC 3458,YJM978,1 uM Torin 1,YJM978*1 uM Torin 1,0,0.062333333,0.077,0.099333333,0.127,0.166666667,0.213666667,0.284666667,0.363666667,0.477666667,0.586333333,0.739666667,0.890666667,1.041,1.155333333,1.181,1.206,1.226333333,1.254666667,1.286,1.310666667,1.335,1.368,1.401,1.431333333,1.460666667,1.482666667,1.505,1.524666667,1.542,1.565333333,1.584,1.597,1.618666667,1.635333333,1.648,1.660333333,1.675,1.684666667,1.695333333,1.701
SGRP_mTORinhibitsSCREEN_SET2_LOWTORIN_ARMBL_09192017.xls,NCYC 3458-1 uM Torin 1,82.36707677,2.781380208,85.90404485,2.613229433,NCYC 3458,YJM978,1 uM Torin 1,YJM978*1 uM Torin 1,0,0.027,0.027666667,0.027333333,0.026333333,0.025666667,0.026333333,0.026333333,0.030666667,0.032666667,0.039666667,0.045666667,0.053666667,0.068333333,0.076,0.095333333,0.117666667,0.146333333,0.181,0.232,0.297333333,0.377,0.482666667,0.602,0.725,0.823666667,0.876333333,0.92,0.960333333,1.010333333,1.063666667,1.116333333,1.159333333,1.200333333,1.239333333,1.273333333,1.302,1.329666667,1.355333333,1.378666667,1.398666667
SGRP_mTORinhibitsSCREEN_SET2_lowTORIN_JEMBL_100117.xls,NCYC 3458-1 uM Torin 1,67.42521787,0.872743921,71.82320729,6.874777615,NCYC 3458,YJM978,1 uM Torin 1,YJM978*1 uM Torin 1,0,0.036333333,0.048333333,0.058333333,0.077,0.107,0.152333333,0.193,0.262666667,0.355,0.459333333,0.583333333,0.730333333,0.888333333,1.034333333,1.137,1.165666667,1.188333333,1.213333333,1.243666667,1.273,1.303666667,1.334666667,1.369666667,1.405,1.429333333,1.450333333,1.474666667,1.496333333,1.518666667,1.536333333,1.554666667,1.570666667,1.586,1.602,1.617666667,1.630666667,1.641333333,1.655333333,1.665333333,1.674333333
