experiment,Line-Treatment,DT inflection,StDev_inf,DT interval,StDev_int,Lab strain,Strain,Treatment,Strain*Treatment,Time_0,Time_0.5,Time_1,Time_1.5,Time_2,Time_2.5,Time_3,Time_3.5,Time_4,Time_4.5,Time_5,Time_5.5,Time_6,Time_6.5,Time_7,Time_7.5,Time_8,Time_8.5,Time_9,Time_9.5,Time_10,Time_10.5,Time_11,Time_11.5,Time_12,Time_12.5,Time_13,Time_13.5,Time_14,Time_14.5,Time_15,Time_15.5,Time_16,Time_16.5,Time_17,Time_17.5,Time_18,Time_18.5,Time_19,Time_19.5,Time_20
SGRP_mTOR_inhibitsSCREEN_SET1_highTORIN_KGPUMBL_052817.xls,NCYC 3452-25uM Torin 1,87.96727133,2.79312816,104.4053158,3.930925574,NCYC 3452,K11,25 uM Torin 1,K11*25 uM Torin 1,0,0.042333333,0.043,0.045,0.045333333,0.047333333,0.049666667,0.051666667,0.055,0.059,0.065333333,0.072666667,0.082333333,0.093666667,0.108333333,0.125666667,0.148333333,0.175333333,0.210333333,0.256,0.314,0.393666667,0.496,0.627333333,0.776666667,0.927666667,1.058333333,1.162,1.248,1.32,1.361333333,1.382666667,1.402,1.410333333,1.411,1.414,1.417,1.419333333,1.421333333,1.424666667,1.425333333
