experiment,Line-Treatment,DT inflection,StDev_inf,DT interval,StDev_int,Lab strain,Strain,Treatment,Strain*Treatment,Time_0,Time_0.5,Time_1,Time_1.5,Time_2,Time_2.5,Time_3,Time_3.5,Time_4,Time_4.5,Time_5,Time_5.5,Time_6,Time_6.5,Time_7,Time_7.5,Time_8,Time_8.5,Time_9,Time_9.5,Time_10,Time_10.5,Time_11,Time_11.5,Time_12,Time_12.5,Time_13,Time_13.5,Time_14,Time_14.5,Time_15,Time_15.5,Time_16,Time_16.5,Time_17,Time_17.5,Time_18,Time_18.5,Time_19,Time_19.5,Time_20
SET4_highTORIN_REDO_NBMBL_080717.xls,yML 695-2.5% DMSO,73.83494986,2.181000878,62.35923833,0.997250718,yML 695,Y8.1,2.5% DMSO,Y8.1*2.5% DMSO,0,0.040666667,0.036333333,0.032333333,0.026666667,0.019333333,0.019,0.027,0.059,0.173333333,0.270666667,0.353666667,0.466333333,0.582333333,0.707,0.843333333,0.972666667,1.092,1.145333333,1.154666667,1.170666667,1.189,1.215,1.246333333,1.283666667,1.322333333,1.356,1.386666667,1.412666667,1.439333333,1.465666667,1.485,1.507333333,1.526666667,1.544333333,1.561666667,1.579333333,1.595,1.607666667,1.621666667,1.631666667
