experiment,Line-Treatment,DT inflection,StDev_inf,DT interval,StDev_int,Lab strain,Strain,Treatment,Strain*Treatment,Time_0,Time_0.5,Time_1,Time_1.5,Time_2,Time_2.5,Time_3,Time_3.5,Time_4,Time_4.5,Time_5,Time_5.5,Time_6,Time_6.5,Time_7,Time_7.5,Time_8,Time_8.5,Time_9,Time_9.5,Time_10,Time_10.5,Time_11,Time_11.5,Time_12,Time_12.5,Time_13,Time_13.5,Time_14,Time_14.5,Time_15,Time_15.5,Time_16,Time_16.5,Time_17,Time_17.5,Time_18,Time_18.5,Time_19,Time_19.5,Time_20
SGRP_mTORinhibitsSCREEN_SET1HIGHrapaANDhighTORIN_PU_03162018_D.x,NCYC3315-2.5%DMSO,61.74899913,1.656826982,57.93813726,9.743468569,NCYC 3315,YPS606,2.5% DMSO,YPS606*2.5% DMSO,0,0.057,0.062666667,0.067,0.073666667,0.061333333,0.100666667,0.191333333,0.276666667,0.371666667,0.49,0.676666667,0.784333333,0.939666667,1.086333333,1.227333333,1.297,1.327,1.358666667,1.388333333,1.420666667,1.451,1.485666667,1.51,1.540333333,1.564,1.627666667,1.606333333,1.621666667,1.641666667,1.658,1.667333333,1.681666667,1.692,1.708333333,1.716666667,1.730666667,1.738333333,1.747333333,1.753666667,1.766333333
