experiment,Line-Treatment,DT inflection,StDev_inf,DT interval,StDev_int,Lab strain,Strain,Treatment,Strain*Treatment,Time_0,Time_0.5,Time_1,Time_1.5,Time_2,Time_2.5,Time_3,Time_3.5,Time_4,Time_4.5,Time_5,Time_5.5,Time_6,Time_6.5,Time_7,Time_7.5,Time_8,Time_8.5,Time_9,Time_9.5,Time_10,Time_10.5,Time_11,Time_11.5,Time_12,Time_12.5,Time_13,Time_13.5,Time_14,Time_14.5,Time_15,Time_15.5,Time_16,Time_16.5,Time_17,Time_17.5,Time_18,Time_18.5,Time_19,Time_19.5,Time_20
SGRP_mTORinhibitsSCREEN_SET3_CAFFEINE_MGK_10082017_D.xls,YML667-1000 ug/ml Caffeine,63.94809379,6.993403918,101.4093495,21.42398592,yML 667,N-44,1 mg/mL Caffeine,N-44*1 mg/mL Caffeine,0,0.056,0.062666667,0.067,0.076333333,0.093666667,0.112333333,0.144666667,0.179,0.220666667,0.283,0.345333333,0.443,0.548666667,0.668,0.787,0.903666667,1.012,1.124,1.178333333,1.197333333,1.174666667,1.205666667,1.216666667,1.242666667,1.276333333,1.303333333,1.345,1.378,1.421333333,1.451666667,1.478,1.493666667,1.533333333,1.55,1.579,1.592333333,1.614666667,1.634666667,1.648666667,1.669
