experiment,Line-Treatment,DT inflection,StDev_inf,DT interval,StDev_int,Lab strain,Strain,Treatment,Strain*Treatment,Time_0,Time_0.5,Time_1,Time_1.5,Time_2,Time_2.5,Time_3,Time_3.5,Time_4,Time_4.5,Time_5,Time_5.5,Time_6,Time_6.5,Time_7,Time_7.5,Time_8,Time_8.5,Time_9,Time_9.5,Time_10,Time_10.5,Time_11,Time_11.5,Time_12,Time_12.5,Time_13,Time_13.5,Time_14,Time_14.5,Time_15,Time_15.5,Time_16,Time_16.5,Time_17,Time_17.5,Time_18,Time_18.5,Time_19,Time_19.5,Time_20
SGRP_mTORinhibitsSCREEN_SET3_CAFFEINE AND lowTORIN_JEMBL_1201201,yML 675-2.5% DMSO,91.24599295,1.523992351,87.23659634,1.313456369,yML 675,Z1.1,2.5% DMSO,Z1.1*2.5% DMSO,0,0.035666667,0.041666667,0.042,0.038333333,0.035,0.03,0.024,0.016333333,0.016,0.311,0.394666667,0.495666667,0.607666667,0.723666667,0.841666667,0.958,1.066333333,1.165333333,1.203333333,1.225666667,1.254333333,1.278333333,1.314666667,1.345333333,1.376333333,1.404,1.430666667,1.451333333,1.477666667,1.491666667,1.512333333,1.530666667,1.545,1.559,1.576,1.592333333,1.606666667,1.619666667,1.628,1.637333333
