experiment,Line-Treatment,DT inflection,StDev_inf,DT interval,StDev_int,Lab strain,Strain,Treatment,Strain*Treatment,Time_0,Time_0.5,Time_1,Time_1.5,Time_2,Time_2.5,Time_3,Time_3.5,Time_4,Time_4.5,Time_5,Time_5.5,Time_6,Time_6.5,Time_7,Time_7.5,Time_8,Time_8.5,Time_9,Time_9.5,Time_10,Time_10.5,Time_11,Time_11.5,Time_12,Time_12.5,Time_13,Time_13.5,Time_14,Time_14.5,Time_15,Time_15.5,Time_16,Time_16.5,Time_17,Time_17.5,Time_18,Time_18.5,Time_19,Time_19.5,Time_20
original data.xls SET 4 HIGH RAPA,YML698-20 ng/ml RAPA,177.1451709,7.160561855,206.2852049,5.501200666,yML 698,IFO1804,20 ng/mL RAPA,IFO1804*20 ng/mL RAPA,0,0.012,0.012,0.014333333,0.015333333,0.016666667,0.019666667,0.021666667,0.024,0.028,0.030333333,0.035,0.039666667,0.045333333,0.051,0.058333333,0.065333333,0.073333333,0.082333333,0.092333333,0.104,0.115666667,0.130333333,0.145333333,0.162,0.179,0.200333333,0.223,0.246,0.272333333,0.298,0.326333333,0.358666667,0.391666667,0.429666667,0.467,0.506333333,0.548666667,0.590666667,0.637666667,0.687
