experiment,Line-Treatment,DT inflection,StDev_inf,DT interval,StDev_int,Lab strain,Strain,Treatment,Strain*Treatment,Time_0,Time_0.5,Time_1,Time_1.5,Time_2,Time_2.5,Time_3,Time_3.5,Time_4,Time_4.5,Time_5,Time_5.5,Time_6,Time_6.5,Time_7,Time_7.5,Time_8,Time_8.5,Time_9,Time_9.5,Time_10,Time_10.5,Time_11,Time_11.5,Time_12,Time_12.5,Time_13,Time_13.5,Time_14,Time_14.5,Time_15,Time_15.5,Time_16,Time_16.5,Time_17,Time_17.5,Time_18,Time_18.5,Time_19,Time_19.5,Time_20
SGRP_mTOR_inhibitsSCREEN_SET1_highTORIN_KGPUMBL_052817.xls,NCYC 3456-25uM Torin 1,82.01634822,0.228495068,90.95574137,4.310364621,NCYC 3456,378604 X,25 uM Torin 1,378604 X*25 uM Torin 1,0,0.062666667,0.063333333,0.063,0.062333333,0.063333333,0.064,0.064666667,0.066666667,0.069666667,0.074,0.083,0.092666667,0.102666667,0.114666667,0.132666667,0.160666667,0.197333333,0.248666667,0.313666667,0.402333333,0.518,0.648,0.794666667,0.945333333,1.096666667,1.205,1.242,1.243333333,1.247,1.248333333,1.253333333,1.257333333,1.264,1.267,1.274666667,1.282,1.289,1.298,1.307,1.316
