experiment,Line-Treatment,DT inflection,StDev_inf,DT interval,StDev_int,Lab strain,Strain,Treatment,Strain*Treatment,Time_0,Time_0.5,Time_1,Time_1.5,Time_2,Time_2.5,Time_3,Time_3.5,Time_4,Time_4.5,Time_5,Time_5.5,Time_6,Time_6.5,Time_7,Time_7.5,Time_8,Time_8.5,Time_9,Time_9.5,Time_10,Time_10.5,Time_11,Time_11.5,Time_12,Time_12.5,Time_13,Time_13.5,Time_14,Time_14.5,Time_15,Time_15.5,Time_16,Time_16.5,Time_17,Time_17.5,Time_18,Time_18.5,Time_19,Time_19.5,Time_20
SGRP_mTORinhibits_SET2_lowRAPA_KGPUMBL_080417.xls.xls,NCYC 3468-2.5 ng/ml RAPA,34.1481473,33.92617529,39.58827743,,NCYC 3468,UWOPS05-227.2 ,2.5 ng/mL RAPA,UWOPS05-227.2 *2.5 ng/mL RAPA,0,0.034666667,0.028333333,0.017,0.014333333,0.013333333,0.016666667,0.012666667,0.081333333,0.019333333,0.089666667,0.017,0.056333333,0.046,0.251333333,0.407,0.615666667,0.904666667,1.124,1.181666667,1.230333333,1.241,1.292,1.328666667,1.368,1.429333333,1.432,1.449666667,1.483666667,1.512333333,1.528666667,1.56,1.584666667,1.592666667,1.603666667,1.619333333,1.609666667,1.626,1.654,1.648666667,1.667
SGRP_mTORinhibitsSCREEN_SET2_LOWRAPA_highTORIN_MGK_12032017_F,NCYC 3468-2.5 ng/ml RAPA,3.836229343,,4.372138861,0.917263228,NCYC 3468,UWOPS05-227.2 ,2.5 ng/mL RAPA,UWOPS05-227.2 *2.5 ng/mL RAPA,0,0.053333333,0.049,0.027,0.005,0.037333333,0.144666667,-0.000333333,0.002666667,0.241333333,0.345666667,0.541333333,0.488,0.962666667,1.176,1.296666667,1.335333333,1.35,1.376333333,1.414666667,1.438333333,1.477,1.505,1.532666667,1.569333333,1.583666667,1.619666667,1.644333333,1.663,1.690333333,1.7,1.720333333,1.729666667,1.744333333,1.761666667,1.769,1.781,1.788333333,1.795,1.800333333,1.811666667
SGRP_mTORinhibitsSCREEN_SET2_lowRAPA_KGPUMBL_100117.xls,NCYC 3468-2.5 ng/ml RAPA,17.61666364,13.69551315,17.61666364,13.69551315,NCYC 3468,UWOPS05-227.2 ,2.5 ng/mL RAPA,UWOPS05-227.2 *2.5 ng/mL RAPA,0,0.047333333,0.055666667,0.063333333,0.086,0.112666667,0.144333333,0.106666667,0.179333333,0.386333333,0.508666667,0.669,0.823333333,0.983666667,1.137,1.254666667,1.292333333,1.316,1.342,1.374333333,1.408666667,1.429666667,1.466,1.494333333,1.517333333,1.552333333,1.576666667,1.605333333,1.629,1.648333333,1.671,1.686,1.702,1.717333333,1.734666667,1.746,1.755333333,1.771666667,1.781333333,1.795,1.798666667
