experiment,Line-Treatment,DT inflection,StDev_inf,DT interval,StDev_int,Lab strain,Strain,Treatment,Strain*Treatment,Time_0,Time_0.5,Time_1,Time_1.5,Time_2,Time_2.5,Time_3,Time_3.5,Time_4,Time_4.5,Time_5,Time_5.5,Time_6,Time_6.5,Time_7,Time_7.5,Time_8,Time_8.5,Time_9,Time_9.5,Time_10,Time_10.5,Time_11,Time_11.5,Time_12,Time_12.5,Time_13,Time_13.5,Time_14,Time_14.5,Time_15,Time_15.5,Time_16,Time_16.5,Time_17,Time_17.5,Time_18,Time_18.5,Time_19,Time_19.5,Time_20
SGRP_mTORinhibits_SET4_GDC_MGK_09202017.xls,YML699-100 uM GDC0941,,,,,yML 699,UWOPS91-917.1,100 uM GDC0941,UWOPS91-917.1*100 uM GDC0941,0,0.016,0.051666667,0.040333333,0.048,0.055666667,0.013333333,0.014333333,0.015333333,0.014333333,0.016666667,0.019666667,0.015,0.017,0.020666667,0.017666667,0.018333333,0.014666667,0.013,0.013666667,0.019333333,0.022666667,0.021666667,0.013,0.017666667,0.016333333,0.023333333,0.023333333,0.017333333,0.024333333,0.029333333,0.033333333,0.024666667,0.025333333,0.014333333,0.012666667,0.027,0.013666667,0.011666667,0.012,0.013333333
