experiment,Line-Treatment,DT inflection,StDev_inf,DT interval,StDev_int,Lab strain,Strain,Treatment,Strain*Treatment,Time_0,Time_0.5,Time_1,Time_1.5,Time_2,Time_2.5,Time_3,Time_3.5,Time_4,Time_4.5,Time_5,Time_5.5,Time_6,Time_6.5,Time_7,Time_7.5,Time_8,Time_8.5,Time_9,Time_9.5,Time_10,Time_10.5,Time_11,Time_11.5,Time_12,Time_12.5,Time_13,Time_13.5,Time_14,Time_14.5,Time_15,Time_15.5,Time_16,Time_16.5,Time_17,Time_17.5,Time_18,Time_18.5,Time_19,Time_19.5,Time_20
SGRP_mTORinhibitsSCREEN_SET3_CAFFEINE AND lowTORIN_JEMBL_1201201,yML 673-1 uM Torin 11,96.45488677,2.148523618,105.2999163,2.084933622,yML 673,Y7,1 uM Torin 1,Y7*1 uM Torin 1,0,0.055333333,0.05,0.042333333,0.023666667,0.016,0.011666667,0.009,0.019333333,0.017,0.284,0.345333333,0.424666667,0.525333333,0.628,0.744,0.858333333,0.977666667,1.082333333,1.171666667,1.200333333,1.225,1.245666667,1.281666667,1.309,1.344666667,1.371333333,1.402,1.425666667,1.447666667,1.467666667,1.488,1.51,1.524666667,1.537,1.558333333,1.576,1.593,1.602333333,1.618,1.627
