experiment,Line-Treatment,DT inflection,StDev_inf,DT interval,StDev_int,Lab strain,Strain,Treatment,Strain*Treatment,Time_0,Time_0.5,Time_1,Time_1.5,Time_2,Time_2.5,Time_3,Time_3.5,Time_4,Time_4.5,Time_5,Time_5.5,Time_6,Time_6.5,Time_7,Time_7.5,Time_8,Time_8.5,Time_9,Time_9.5,Time_10,Time_10.5,Time_11,Time_11.5,Time_12,Time_12.5,Time_13,Time_13.5,Time_14,Time_14.5,Time_15,Time_15.5,Time_16,Time_16.5,Time_17,Time_17.5,Time_18,Time_18.5,Time_19,Time_19.5,Time_20
SET3_Low Rapa_REDO_MGK_081117.xls,YML667-2.5 ng/ml RAPA,98.94971634,62.87383144,,,yML 667,N-44,2.5 ng/mL RAPA,N-44*2.5 ng/mL RAPA,0,0.052,0.056333333,0.048666667,0.046666667,0.052666667,0.021333333,0.019333333,0.021,0.016333333,0.016,0.025666667,0.025666667,0.04,0.073,0.19,0.807666667,1.043,1.147,1.171,1.198666667,1.180666667,1.197,1.203666667,1.256333333,1.3,1.370333333,1.382333333,1.429333333,1.464333333,1.499333333,1.531333333,1.532666667,1.571,1.581666667,1.606333333,1.613333333,1.628333333,1.650333333,1.651333333,1.669333333
