experiment,Line-Treatment,DT inflection,StDev_inf,DT interval,StDev_int,Lab strain,Strain,Treatment,Strain*Treatment,Time_0,Time_0.5,Time_1,Time_1.5,Time_2,Time_2.5,Time_3,Time_3.5,Time_4,Time_4.5,Time_5,Time_5.5,Time_6,Time_6.5,Time_7,Time_7.5,Time_8,Time_8.5,Time_9,Time_9.5,Time_10,Time_10.5,Time_11,Time_11.5,Time_12,Time_12.5,Time_13,Time_13.5,Time_14,Time_14.5,Time_15,Time_15.5,Time_16,Time_16.5,Time_17,Time_17.5,Time_18,Time_18.5,Time_19,Time_19.5,Time_20
SET4_highTORIN_REDO_NBMBL_080717.xls,yML 708-2.5% DMSO,51.59462166,3.856493695,49.22341622,2.413626935,yML 708,PW5,2.5% DMSO,PW5*2.5% DMSO,0,0.044333333,0.044666667,0.050333333,0.064333333,0.094666667,0.140666667,0.219333333,0.328666667,0.45,0.587,0.746,0.913666667,1.049666667,1.164,1.197666667,1.223,1.251,1.283666667,1.315,1.346666667,1.381,1.417666667,1.452333333,1.481,1.508666667,1.533,1.555,1.577333333,1.600333333,1.620666667,1.638333333,1.653333333,1.665666667,1.679,1.692,1.704,1.714666667,1.725,1.737,1.740666667
