experiment,Line-Treatment,DT inflection,StDev_inf,DT interval,StDev_int,Lab strain,Strain,Treatment,Strain*Treatment,Time_0,Time_0.5,Time_1,Time_1.5,Time_2,Time_2.5,Time_3,Time_3.5,Time_4,Time_4.5,Time_5,Time_5.5,Time_6,Time_6.5,Time_7,Time_7.5,Time_8,Time_8.5,Time_9,Time_9.5,Time_10,Time_10.5,Time_11,Time_11.5,Time_12,Time_12.5,Time_13,Time_13.5,Time_14,Time_14.5,Time_15,Time_15.5,Time_16,Time_16.5,Time_17,Time_17.5,Time_18,Time_18.5,Time_19,Time_19.5,Time_20
SGRP_mTORinhibitsSCREEN_SET2_GDC_AR_062617.xls,yML566-100uM GDC0941,57.39666644,2.039196873,55.69584669,0.633660312,yML 567,FM476,100 uM GDC0941,FM476*100 uM GDC0941,0,0.021666667,0.023,0.034666667,0.037,0.034666667,0.035333333,0.041333333,0.057,0.077,0.120666667,0.181,0.263,0.360666667,0.491333333,0.593333333,0.728333333,0.876666667,1.013666667,1.139666667,1.283,1.373,1.400333333,1.429333333,1.44,1.463,1.491666667,1.500333333,1.515666667,1.534666667,1.545,1.556666667,1.565666667,1.569666667,1.581333333,1.589333333,1.6,1.609666667,1.622,1.622333333,1.626666667
