experiment,Line-Treatment,DT inflection,StDev_inf,DT interval,StDev_int,Lab strain,Strain,Treatment,Strain*Treatment,Time_0,Time_0.5,Time_1,Time_1.5,Time_2,Time_2.5,Time_3,Time_3.5,Time_4,Time_4.5,Time_5,Time_5.5,Time_6,Time_6.5,Time_7,Time_7.5,Time_8,Time_8.5,Time_9,Time_9.5,Time_10,Time_10.5,Time_11,Time_11.5,Time_12,Time_12.5,Time_13,Time_13.5,Time_14,Time_14.5,Time_15,Time_15.5,Time_16,Time_16.5,Time_17,Time_17.5,Time_18,Time_18.5,Time_19,Time_19.5,Time_20
SET2_caffeine_KGPU_080517.xls,NCYC 3458-1000 ug/ml Caffeine,82.63513548,5.152625308,104.5126872,1.688357815,NCYC 3458,YJM978,1 mg/mL Caffeine,YJM978*1 mg/mL Caffeine,0,0.045,0.039333333,0.042333333,0.049333333,0.082666667,0.103666667,0.130666667,0.159666667,0.193666667,0.245333333,0.292,0.363666667,0.441333333,0.53,0.631,0.741666667,0.856666667,0.966333333,1.057333333,1.121,1.156333333,1.177,1.191333333,1.219333333,1.246,1.276,1.304333333,1.334333333,1.366333333,1.395,1.418,1.438333333,1.459666667,1.481,1.499333333,1.521333333,1.540333333,1.556333333,1.573,1.587666667
SGRP_mTORinhibits_SET2_Caffeine_JE_092817.xls,NCYC 3458-1000 ug/ml Caffeine,91.74530122,6.720707721,103.2122529,1.999430136,NCYC 3458,YJM978,1 mg/mL Caffeine,YJM978*1 mg/mL Caffeine,0,0.043,0.046,0.045,0.047,0.018,0.015333333,0.11,0.134666667,0.166,0.206333333,0.250666667,0.303666667,0.377666667,0.459,0.551,0.664666667,0.776333333,0.904666667,1.016666667,1.118666667,1.185333333,1.206,1.22,1.24,1.263666667,1.290666667,1.318,1.347,1.379666667,1.409666667,1.435666667,1.456666667,1.476,1.497333333,1.517333333,1.535333333,1.555,1.571333333,1.588,1.605333333
SGRP_mTORinhibitsSCREEN_SET2_Caffeine_JE_092717.xls,NCYC 3458-1000 ug/ml Caffeine,87.28574902,,99.08509015,,NCYC 3458,YJM978,1 mg/mL Caffeine,YJM978*1 mg/mL Caffeine,0,0.017666667,0.019,0.020333333,0.024333333,0.031,0.038,0.047666667,0.057333333,0.072666667,0.088666667,0.11,0.133333333,0.161666667,0.192666667,0.229333333,0.266666667,0.312666667,0.35,0.384,0.402333333,0.406,0.409333333,0.418666667,0.426666667,0.435333333,0.443666667,0.453666667,0.465666667,0.476,0.484,0.492666667,0.499666667,0.506,0.512333333,0.520333333,0.526666667,0.531666667,0.536666667,0.541666667,0.546666667
