experiment,Line-Treatment,DT inflection,StDev_inf,DT interval,StDev_int,Lab strain,Strain,Treatment,Strain*Treatment,Time_0,Time_0.5,Time_1,Time_1.5,Time_2,Time_2.5,Time_3,Time_3.5,Time_4,Time_4.5,Time_5,Time_5.5,Time_6,Time_6.5,Time_7,Time_7.5,Time_8,Time_8.5,Time_9,Time_9.5,Time_10,Time_10.5,Time_11,Time_11.5,Time_12,Time_12.5,Time_13,Time_13.5,Time_14,Time_14.5,Time_15,Time_15.5,Time_16,Time_16.5,Time_17,Time_17.5,Time_18,Time_18.5,Time_19,Time_19.5,Time_20
SGRP_mTORinhibitsSCREEN_SET2_GDC_AR_062617.xls,yML557-100uM GDC0941,67.23601822,2.605763986,79.87099257,5.377948658,yML 557,T7,100 uM GDC0941,T7*100 uM GDC0941,0,0.055,0.059666667,0.073,0.076,0.115,0.152333333,0.205666667,0.271,0.348,0.467333333,0.600666667,0.741333333,0.901333333,1.051333333,1.182666667,1.268666667,1.302,1.334666667,1.357333333,1.393333333,1.424333333,1.453666667,1.496666667,1.516,1.542666667,1.566,1.581333333,1.595666667,1.621,1.634666667,1.651333333,1.665,1.672666667,1.686333333,1.697333333,1.709666667,1.725,1.738333333,1.744,1.744666667
