experiment,Line-Treatment,DT inflection,StDev_inf,DT interval,StDev_int,Lab strain,Strain,Treatment,Strain*Treatment,Time_0,Time_0.5,Time_1,Time_1.5,Time_2,Time_2.5,Time_3,Time_3.5,Time_4,Time_4.5,Time_5,Time_5.5,Time_6,Time_6.5,Time_7,Time_7.5,Time_8,Time_8.5,Time_9,Time_9.5,Time_10,Time_10.5,Time_11,Time_11.5,Time_12,Time_12.5,Time_13,Time_13.5,Time_14,Time_14.5,Time_15,Time_15.5,Time_16,Time_16.5,Time_17,Time_17.5,Time_18,Time_18.5,Time_19,Time_19.5,Time_20
SGRP_mTOR_inhibitsSCREEN_SET1_lowRAPA_redo2_KG_092317.xls,NCYC 3314-2.5 ng/ml RAPA,51.5318942,10.49023007,73.59471317,11.51458484,NCYC 3314,BC187,2.5 ng/mL RAPA,BC187*2.5 ng/mL RAPA,0,0.059333333,0.067333333,0.076,0.099,0.122666667,0.166666667,0.231,0.289,0.366,0.488666667,0.602666667,0.715,0.837,0.947666667,1.057333333,1.142666667,1.220333333,1.276333333,1.298,1.318,1.341333333,1.366666667,1.392,1.418,1.444,1.47,1.494333333,1.517666667,1.540666667,1.561666667,1.58,1.598,1.614333333,1.629333333,1.645333333,1.657666667,1.672333333,1.686,1.696666667,1.710666667
SGRP_mTORinhibitsSCREEN_SET1_lowRAPA_round4_KG_092417.xls,NCYC 3314-2.5 ng/ml RAPA,62.86729225,1.277897703,68.70529212,1.007374163,NCYC 3314,BC187,2.5 ng/mL RAPA,BC187*2.5 ng/mL RAPA,0,0.099333333,0.128666667,0.165333333,0.229333333,0.303666667,0.414,0.532666667,0.682,0.834666667,0.975666667,1.100333333,1.201666667,1.241666667,1.257333333,1.275333333,1.303666667,1.33,1.355666667,1.382666667,1.406333333,1.435333333,1.462,1.488333333,1.513666667,1.536666667,1.556666667,1.577666667,1.596333333,1.613333333,1.632666667,1.649,1.663666667,1.681,1.693666667,1.706,1.716666667,1.731,1.742,1.751333333,1.761333333
SGRP_mTORinhibsSCREEN_SET1_lowRAPA_JEMBL_08152017.xls,NCYC 3314-2.5 ng/ml RAPA,60.23330292,3.717424353,69.88920859,7.400772448,NCYC 3314,BC187,2.5 ng/mL RAPA,BC187*2.5 ng/mL RAPA,0,0.062333333,0.070666667,0.094666667,0.123,0.163,0.213666667,0.298333333,0.392666667,0.522666667,0.648,0.826666667,0.98,1.108333333,1.197,1.220666667,1.237,1.260666667,1.287666667,1.317333333,1.345333333,1.377333333,1.404333333,1.430666667,1.459666667,1.486666667,1.512,1.536666667,1.561,1.578666667,1.598333333,1.616333333,1.635666667,1.650666667,1.669,1.681,1.696666667,1.713333333,1.722333333,1.737,1.749
