experiment,Line-Treatment,DT inflection,StDev_inf,DT interval,StDev_int,Lab strain,Strain,Treatment,Strain*Treatment,Time_0,Time_0.5,Time_1,Time_1.5,Time_2,Time_2.5,Time_3,Time_3.5,Time_4,Time_4.5,Time_5,Time_5.5,Time_6,Time_6.5,Time_7,Time_7.5,Time_8,Time_8.5,Time_9,Time_9.5,Time_10,Time_10.5,Time_11,Time_11.5,Time_12,Time_12.5,Time_13,Time_13.5,Time_14,Time_14.5,Time_15,Time_15.5,Time_16,Time_16.5,Time_17,Time_17.5,Time_18,Time_18.5,Time_19,Time_19.5,Time_20
SGRP_mTORinhibitsSCREEN_SET2_LOWRAPA_highTORIN_MGK_12032017_F,yML 558-25 uM Torin 1,93.90823253,20.29536939,110.2676251,33.72252872,yML 558,FL100,25 uM Torin 1,FL100*25 uM Torin 1,0,0.051,0.053666667,0.052666667,0.050333333,0.049,0.049,0.049,0.049666667,0.049666667,0.052333333,0.054666667,0.057,0.061,0.066333333,0.071333333,0.081,0.093,0.107333333,0.124666667,0.147333333,0.181666667,0.224,0.277333333,0.346333333,0.425666667,0.52,0.616,0.714,0.813,0.881,0.938333333,0.975333333,1.017,1.066,1.118,1.175,1.233666667,1.294,1.355333333,1.386
