experiment,Line-Treatment,DT inflection,StDev_inf,DT interval,StDev_int,Lab strain,Strain,Treatment,Strain*Treatment,Time_0,Time_0.5,Time_1,Time_1.5,Time_2,Time_2.5,Time_3,Time_3.5,Time_4,Time_4.5,Time_5,Time_5.5,Time_6,Time_6.5,Time_7,Time_7.5,Time_8,Time_8.5,Time_9,Time_9.5,Time_10,Time_10.5,Time_11,Time_11.5,Time_12,Time_12.5,Time_13,Time_13.5,Time_14,Time_14.5,Time_15,Time_15.5,Time_16,Time_16.5,Time_17,Time_17.5,Time_18,Time_18.5,Time_19,Time_19.5,Time_20
SGRP_mTORinhibitsSCREEN_SET1_AZD8055_KGPUARMBL_061817.xls,NCYC 3266-100uM AZD08055,64.92771975,1.618228932,65.63370303,1.146501503,NCYC 3266,Y55,100 uM AZD8055,Y55*100 uM AZD8055,0,0.065,0.076,0.097666667,0.131333333,0.178333333,0.244666667,0.336,0.456333333,0.595666667,0.749,0.912,1.075666667,1.186333333,1.206333333,1.228333333,1.246333333,1.269333333,1.298333333,1.328333333,1.359,1.391333333,1.421,1.451333333,1.48,1.503,1.527,1.552333333,1.571333333,1.590666667,1.609,1.627666667,1.642,1.657333333,1.671666667,1.687333333,1.699333333,1.711333333,1.723,1.733666667,1.743666667
