experiment,Line-Treatment,DT inflection,StDev_inf,DT interval,StDev_int,Lab strain,Strain,Treatment,Strain*Treatment,Time_0,Time_0.5,Time_1,Time_1.5,Time_2,Time_2.5,Time_3,Time_3.5,Time_4,Time_4.5,Time_5,Time_5.5,Time_6,Time_6.5,Time_7,Time_7.5,Time_8,Time_8.5,Time_9,Time_9.5,Time_10,Time_10.5,Time_11,Time_11.5,Time_12,Time_12.5,Time_13,Time_13.5,Time_14,Time_14.5,Time_15,Time_15.5,Time_16,Time_16.5,Time_17,Time_17.5,Time_18,Time_18.5,Time_19,Time_19.5,Time_20
SGRP_mTORinhibits_SET2_lowRAPA_KGPUMBL_080417.xls.xls,NCYC 3461-2.5 ng/ml RAPA,26.93398448,7.885713104,47.94438816,12.72337362,NCYC 3461,UWOPS03-461.4 ,2.5 ng/mL RAPA,UWOPS03-461.4 *2.5 ng/mL RAPA,0,0.052333333,0.037,0.023,0.056,0.040666667,0.067666667,0.083666667,0.157,0.173333333,0.270666667,0.296666667,0.518666667,0.711,0.87,0.959333333,1.003,1.064333333,1.164666667,1.246,1.322,1.347,1.377333333,1.424,1.469666667,1.495,1.527333333,1.565,1.591333333,1.6,1.632,1.639666667,1.675,1.665,1.67,1.671666667,1.658666667,1.694333333,1.708333333,1.687333333,1.707
SGRP_mTORinhibitsSCREEN_SET2_LOWRAPA_highTORIN_MGK_12032017_F,NCYC 3461-2.5 ng/ml RAPA,17.52567742,9.694010377,123.516255,73.85382917,NCYC 3461,UWOPS03-461.4 ,2.5 ng/mL RAPA,UWOPS03-461.4 *2.5 ng/mL RAPA,0,0.064666667,0.076,0.036666667,0.068666667,0.155,0.131666667,0.113,0.159333333,0.357333333,0.494333333,0.719333333,0.77,1.114666667,1.281666667,1.322666667,1.349,1.375,1.424333333,1.475,1.485666667,1.523,1.538,1.570333333,1.588,1.598333333,1.639333333,1.656,1.656666667,1.694,1.705,1.718,1.716,1.738,1.767,1.760333333,1.774666667,1.779,1.78,1.807333333,1.820333333
SGRP_mTORinhibitsSCREEN_SET2_lowRAPA_KGPUMBL_100117.xls,NCYC 3461-2.5 ng/ml RAPA,55.40231596,15.83002423,66.35026339,20.94256984,NCYC 3461,UWOPS03-461.4 ,2.5 ng/mL RAPA,UWOPS03-461.4 *2.5 ng/mL RAPA,0,0.048666667,0.056333333,0.067333333,0.085666667,0.130666667,0.163333333,0.215333333,0.309,0.401,0.521333333,0.681666667,0.844666667,1.005333333,1.154666667,1.254,1.289333333,1.318666667,1.346,1.381,1.418,1.446,1.480333333,1.515333333,1.54,1.576,1.595,1.624333333,1.647,1.669666667,1.690333333,1.703666667,1.72,1.736333333,1.752333333,1.762333333,1.774,1.787,1.798333333,1.814,1.815
