experiment,Line-Treatment,DT inflection,StDev_inf,DT interval,StDev_int,Lab strain,Strain,Treatment,Strain*Treatment,Time_0,Time_0.5,Time_1,Time_1.5,Time_2,Time_2.5,Time_3,Time_3.5,Time_4,Time_4.5,Time_5,Time_5.5,Time_6,Time_6.5,Time_7,Time_7.5,Time_8,Time_8.5,Time_9,Time_9.5,Time_10,Time_10.5,Time_11,Time_11.5,Time_12,Time_12.5,Time_13,Time_13.5,Time_14,Time_14.5,Time_15,Time_15.5,Time_16,Time_16.5,Time_17,Time_17.5,Time_18,Time_18.5,Time_19,Time_19.5,Time_20
SGRP_mTORinhibits_SET3_GDC_Redo_JEMBL_08102017.xls,YML673-100 uM GDC0941,72.40897723,11.07365229,84.39361479,4.369065216,yML 673,Y7,100 uM GDC0941,Y7*100 uM GDC0941,0,0.067,0.079,0.085666667,0.094666667,0.119666667,0.146,0.18,0.241333333,0.3,0.381,0.478333333,0.597,0.714333333,0.846333333,0.972,1.091666667,1.199333333,1.245666667,1.263333333,1.289666667,1.320666667,1.356,1.387333333,1.424,1.456333333,1.485,1.509,1.530333333,1.552666667,1.573666667,1.592,1.607333333,1.626333333,1.642,1.657,1.674,1.683333333,1.695,1.708666667,1.720333333
SGRP_mTORinhibitsSCREEN_SET3_round2_GDC_KG_09142017_D.xls,YML673-100 uM GDC0941,88.16768367,7.875210647,110.122162,3.290605345,yML 673,Y7,100 uM GDC0941,Y7*100 uM GDC0941,0,0.088666667,0.093333333,0.095,0.097333333,0.131333333,0.155333333,0.186666667,0.219333333,0.268333333,0.326,0.392666667,0.472333333,0.583666667,0.707666667,0.817333333,0.930333333,1.037,1.142,1.236333333,1.314666667,1.346333333,1.355333333,1.371333333,1.387333333,1.411666667,1.431666667,1.453333333,1.478666667,1.503,1.523666667,1.543,1.561333333,1.579333333,1.593333333,1.605,1.626666667,1.637,1.649333333,1.658333333,1.668666667
