experiment,Line-Treatment,DT inflection,StDev_inf,DT interval,StDev_int,Lab strain,Strain,Treatment,Strain*Treatment,Time_0,Time_0.5,Time_1,Time_1.5,Time_2,Time_2.5,Time_3,Time_3.5,Time_4,Time_4.5,Time_5,Time_5.5,Time_6,Time_6.5,Time_7,Time_7.5,Time_8,Time_8.5,Time_9,Time_9.5,Time_10,Time_10.5,Time_11,Time_11.5,Time_12,Time_12.5,Time_13,Time_13.5,Time_14,Time_14.5,Time_15,Time_15.5,Time_16,Time_16.5,Time_17,Time_17.5,Time_18,Time_18.5,Time_19,Time_19.5,Time_20
SGRP_mTORinhibsSCREEN_SET1_lowRAPA_KGPUMBL_05062017.xls,NCYC 3451-2.5ng/ml RAPA,63.83878659,4.63632822,69.67339181,1.929505769,NCYC 3451,NCYC361,2.5 ng/mL RAPA,NCYC361*2.5 ng/mL RAPA,0,0.047666667,0.052666667,0.066333333,0.011333333,0.110333333,0.144333333,0.196,0.266,0.354333333,0.468666667,0.596666667,0.668333333,0.891333333,1.027666667,1.065333333,1.221666667,1.252333333,1.272666667,1.291,1.324666667,1.345333333,1.364333333,1.402,1.425333333,1.457,1.468333333,1.496333333,1.529333333,1.551666667,1.561,1.582333333,1.592333333,1.623333333,1.634333333,1.648333333,1.662666667,1.678333333,1.687,1.697333333,1.712666667
