experiment,Line-Treatment,DT inflection,StDev_inf,DT interval,StDev_int,Lab strain,Strain,Treatment,Strain*Treatment,Time_0,Time_0.5,Time_1,Time_1.5,Time_2,Time_2.5,Time_3,Time_3.5,Time_4,Time_4.5,Time_5,Time_5.5,Time_6,Time_6.5,Time_7,Time_7.5,Time_8,Time_8.5,Time_9,Time_9.5,Time_10,Time_10.5,Time_11,Time_11.5,Time_12,Time_12.5,Time_13,Time_13.5,Time_14,Time_14.5,Time_15,Time_15.5,Time_16,Time_16.5,Time_17,Time_17.5,Time_18,Time_18.5,Time_19,Time_19.5,Time_20
SGRP_mTORinhibitsSCREEN_SET2_CAFFEINE AND lowTORIN_MGK_AR_120320,NCYC 3461-2.5% DMSO,37.45145132,28.65966343,58.3966205,46.61520545,NCYC 3461,UWOPS03-461.4 ,2.5% DMSO,UWOPS03-461.4 *2.5% DMSO,0,0.046333333,0.038666667,0.075,0.065,0.093,0.117,0.153,0.123333333,0.182333333,0.220666667,0.457333333,0.558333333,0.733,1.003666667,1.155333333,1.184,1.209,1.239666667,1.283,1.309333333,1.352,1.396666667,1.435666667,1.470333333,1.502,1.537,1.567666667,1.589666667,1.610333333,1.641666667,1.657333333,1.679,1.689,1.709333333,1.727333333,1.745666667,1.752,1.772333333,1.783666667,1.791666667
