experiment,Line-Treatment,DT inflection,StDev_inf,DT interval,StDev_int,Lab strain,Strain,Treatment,Strain*Treatment,Time_0,Time_0.5,Time_1,Time_1.5,Time_2,Time_2.5,Time_3,Time_3.5,Time_4,Time_4.5,Time_5,Time_5.5,Time_6,Time_6.5,Time_7,Time_7.5,Time_8,Time_8.5,Time_9,Time_9.5,Time_10,Time_10.5,Time_11,Time_11.5,Time_12,Time_12.5,Time_13,Time_13.5,Time_14,Time_14.5,Time_15,Time_15.5,Time_16,Time_16.5,Time_17,Time_17.5,Time_18,Time_18.5,Time_19,Time_19.5,Time_20
SGRP_mTORinhibitsSCREEN_SET1_CAFF_MGK_11012017_F.xls,NCYC 3455-1000 ug/ml Caffeine,82.90589551,2.805116595,88.48709213,12.13418536,NCYC 3455,322134 S ,1 mg/mL Caffeine,322134 S *1 mg/mL Caffeine,0,0.041333333,0.059,0.061666667,0.037,0.064333333,0.063,0.087,0.121,0.186333333,0.231666667,0.292333333,0.375666667,0.442,0.533,0.648666667,0.764,0.886,1.017333333,1.135333333,1.241333333,1.297666667,1.323333333,1.352666667,1.38,1.407333333,1.435666667,1.463333333,1.492333333,1.516666667,1.54,1.561,1.575666667,1.600333333,1.606666667,1.64,1.662,1.678,1.697333333,1.716666667,1.734666667
SGRP_mTORinhibitsSCREEN_SET1_CAFFEINE AND lowTORIN_MGK_12022017_,NCYC 3455-1000 ug/ml Caffeine,59.70379855,1.831815008,61.92521999,1.983107894,NCYC 3455,322134 S ,1 mg/mL Caffeine,322134 S *1 mg/mL Caffeine,0,0.023666667,0.024,0.024666667,0.026,0.027333333,0.028666667,0.031,0.035,0.041666667,0.052,0.067,0.092666667,0.129,0.189666667,0.268666667,0.371666667,0.479333333,0.587333333,0.687666667,0.782666667,0.868333333,0.941,0.996,1.029666667,1.05,1.063,1.065,1.070666667,1.067333333,1.066,1.062333333,1.055,1.039666667,1.020333333,0.999666667,0.971666667,0.972333333,0.954666667,0.943666667,0.937666667
