experiment,Line-Treatment,DT inflection,StDev_inf,DT interval,StDev_int,Lab strain,Strain,Treatment,Strain*Treatment,Time_0,Time_0.5,Time_1,Time_1.5,Time_2,Time_2.5,Time_3,Time_3.5,Time_4,Time_4.5,Time_5,Time_5.5,Time_6,Time_6.5,Time_7,Time_7.5,Time_8,Time_8.5,Time_9,Time_9.5,Time_10,Time_10.5,Time_11,Time_11.5,Time_12,Time_12.5,Time_13,Time_13.5,Time_14,Time_14.5,Time_15,Time_15.5,Time_16,Time_16.5,Time_17,Time_17.5,Time_18,Time_18.5,Time_19,Time_19.5,Time_20
SET4_highTORIN_REDO_NBMBL_080717.xls,yML 697-25 uM Torin 1,97.57174748,1.241579181,110.5501807,7.463816731,yML 697,UFRJ50791,25 uM Torin 1,UFRJ50791*25 uM Torin 1,0,0.047333333,0.048666667,0.048,0.047666667,0.049,0.047,0.046,0.045,0.046666667,0.047333333,0.047333333,0.047333333,0.052,0.058666667,0.063666667,0.098666667,0.106333333,0.128,0.147,0.175666667,0.212666667,0.254666667,0.305,0.362333333,0.447333333,0.539,0.638666667,0.746666667,0.859,0.968333333,1.051333333,1.131666667,1.193333333,1.245666667,1.279,1.306,1.333,1.359,1.389666667,1.415333333
