experiment,Line-Treatment,DT inflection,StDev_inf,DT interval,StDev_int,Lab strain,Strain,Treatment,Strain*Treatment,Time_0,Time_0.5,Time_1,Time_1.5,Time_2,Time_2.5,Time_3,Time_3.5,Time_4,Time_4.5,Time_5,Time_5.5,Time_6,Time_6.5,Time_7,Time_7.5,Time_8,Time_8.5,Time_9,Time_9.5,Time_10,Time_10.5,Time_11,Time_11.5,Time_12,Time_12.5,Time_13,Time_13.5,Time_14,Time_14.5,Time_15,Time_15.5,Time_16,Time_16.5,Time_17,Time_17.5,Time_18,Time_18.5,Time_19,Time_19.5,Time_20
SET4_highTORIN_REDO_NBMBL_080717.xls,yML 686-2.5% DMSO,128.5001657,10.68001688,252.1344015,23.88480229,yML 686,KPN3828,2.5% DMSO,KPN3828*2.5% DMSO,0,-0.002333333,0.000666667,0.000666667,0.001,0.000666667,0.001,0.001333333,0.003,0.006333333,0.017333333,0.028333333,0.031333333,0.074333333,0.088666667,0.114,0.119666667,0.133333333,0.153666667,0.167,0.186666667,0.215333333,0.233333333,0.247333333,0.274666667,0.295333333,0.333,0.362,0.407666667,0.411666667,0.445666667,0.493666667,0.515333333,0.546,0.575666667,0.6,0.629,0.65,0.652333333,0.701333333,0.689333333
