experiment,Line-Treatment,DT inflection,StDev_inf,DT interval,StDev_int,Lab strain,Strain,Treatment,Strain*Treatment,Time_0,Time_0.5,Time_1,Time_1.5,Time_2,Time_2.5,Time_3,Time_3.5,Time_4,Time_4.5,Time_5,Time_5.5,Time_6,Time_6.5,Time_7,Time_7.5,Time_8,Time_8.5,Time_9,Time_9.5,Time_10,Time_10.5,Time_11,Time_11.5,Time_12,Time_12.5,Time_13,Time_13.5,Time_14,Time_14.5,Time_15,Time_15.5,Time_16,Time_16.5,Time_17,Time_17.5,Time_18,Time_18.5,Time_19,Time_19.5,Time_20
SGRP_mTORinhibitsSCREEN_SET2_GDC_MGK_081917(fixed with adding wr,yML565-100 uM GDC0941,,,,,yML 565,CBS7960,100 uM GDC0941,CBS7960*100 uM GDC0941,0,0.025666667,0.034333333,0.036333333,0.039,0.04,0.040666667,0.039333333,0.033,0.037666667,0.034666667,0.022666667,0.028666667,0.021333333,0.023333333,0.027333333,0.032333333,0.025333333,0.027,0.025666667,0.025333333,0.031666667,0.028666667,0.025333333,0.032333333,0.023666667,0.039666667,0.036333333,0.036666667,0.029,0.029,0.024333333,0.025,0.031,0.032333333,0.020666667,0.028,0.024,0.032,0.039666667,0.032666667
