experiment,Line-Treatment,DT inflection,StDev_inf,DT interval,StDev_int,Lab strain,Strain,Treatment,Strain*Treatment,Time_0,Time_0.5,Time_1,Time_1.5,Time_2,Time_2.5,Time_3,Time_3.5,Time_4,Time_4.5,Time_5,Time_5.5,Time_6,Time_6.5,Time_7,Time_7.5,Time_8,Time_8.5,Time_9,Time_9.5,Time_10,Time_10.5,Time_11,Time_11.5,Time_12,Time_12.5,Time_13,Time_13.5,Time_14,Time_14.5,Time_15,Time_15.5,Time_16,Time_16.5,Time_17,Time_17.5,Time_18,Time_18.5,Time_19,Time_19.5,Time_20
SGRP_mTORinhibitsSCREEN_SET1_CAFF_MGK_11012017_F.xls,NCYC 3319-1000 ug/ml Caffeine,76.16614,3.475416973,79.67239322,1.275965029,NCYC 3319,L-1528,1 mg/mL Caffeine,L-1528*1 mg/mL Caffeine,0,0.031,0.057,0.051666667,0.036666667,0.074,0.081666667,0.107666667,0.153,0.2,0.261333333,0.335666667,0.431666667,0.535333333,0.655,0.799,0.930666667,1.057333333,1.162,1.187333333,1.208,1.233333333,1.258,1.288666667,1.309666667,1.336666667,1.361666667,1.389333333,1.417666667,1.444,1.471666667,1.494666667,1.511666667,1.535333333,1.550666667,1.570666667,1.584666667,1.601666667,1.615666667,1.634666667,1.648666667
SGRP_mTORinhibitsSCREEN_SET1_CAFFEINE AND lowTORIN_MGK_12022017_,NCYC 3319-1000 ug/ml Caffeine,81.6919063,3.382854875,90.34919142,2.656208923,NCYC 3319,L-1528,1 mg/mL Caffeine,L-1528*1 mg/mL Caffeine,0,0.057333333,0.064666667,0.073,0.087,0.105333333,0.132333333,0.166666667,0.204333333,0.263666667,0.334666667,0.417666667,0.513333333,0.622666667,0.759,0.883333333,1.006666667,1.113666667,1.153,1.178,1.199,1.226,1.254333333,1.282666667,1.312,1.341666667,1.372333333,1.402666667,1.432333333,1.459,1.483,1.505333333,1.526,1.546333333,1.564333333,1.581666667,1.595,1.616333333,1.628333333,1.642,1.653666667
