experiment,Line-Treatment,DT inflection,StDev_inf,DT interval,StDev_int,Lab strain,Strain,Treatment,Strain*Treatment,Time_0,Time_0.5,Time_1,Time_1.5,Time_2,Time_2.5,Time_3,Time_3.5,Time_4,Time_4.5,Time_5,Time_5.5,Time_6,Time_6.5,Time_7,Time_7.5,Time_8,Time_8.5,Time_9,Time_9.5,Time_10,Time_10.5,Time_11,Time_11.5,Time_12,Time_12.5,Time_13,Time_13.5,Time_14,Time_14.5,Time_15,Time_15.5,Time_16,Time_16.5,Time_17,Time_17.5,Time_18,Time_18.5,Time_19,Time_19.5,Time_20
_lowTORIN_KGPUMBL_052817.xls,NCYC 3313-2.5% DMSO,82.56180073,5.097579765,110.6119704,44.89169741,NCYC 3313,DBVPG 1853,2.5% DMSO,DBVPG 1853*2.5% DMSO,0,0.096666667,0.115333333,0.123666667,0.153,0.192,0.243,0.308,0.379333333,0.464666667,0.552666667,0.640333333,0.731666667,0.813666667,0.859,0.893,0.906333333,0.924,0.954333333,0.992666667,1.034666667,1.080333333,1.128333333,1.178333333,1.232333333,1.284,1.341,1.388666667,1.403333333,1.427333333,1.447333333,1.466,1.485,1.500666667,1.518333333,1.537333333,1.557333333,1.563,1.581333333,1.599666667,1.609333333
SGRP_mTORinhibits_SET1_lowTORINredo_JEMBL_08032017.xls,NCYC 3313-2.5% DMSO,70.55662179,2.776010219,76.59647701,0.456828421,NCYC 3313,DBVPG 1853,2.5% DMSO,DBVPG 1853*2.5% DMSO,0,0.030333333,0.051333333,0.060666667,0.070333333,0.088,0.113,0.146333333,0.193333333,0.256333333,0.335666667,0.433,0.542333333,0.664333333,0.790666667,0.921666667,1.052,1.156666667,1.196333333,1.207666667,1.221,1.24,1.263666667,1.285666667,1.313666667,1.341,1.365333333,1.389,1.414333333,1.438666667,1.460333333,1.482666667,1.501,1.519333333,1.537,1.555333333,1.571666667,1.585666667,1.603666667,1.618,1.629666667
SGRP_mTORinhibitsSCREEN_SET1_LOW_TORIN_MGK_081617.xls,NCYC 3313-2.5% DMSO,72.2812475,2.556998003,76.94941243,1.590890361,NCYC 3313,DBVPG 1853,2.5% DMSO,DBVPG 1853*2.5% DMSO,0,0.063666667,0.071666667,0.085333333,0.105333333,0.133666667,0.172333333,0.226,0.301,0.383333333,0.488666667,0.602,0.724333333,0.856666667,0.985,1.098,1.177333333,1.204,1.216,1.229666667,1.248,1.272666667,1.295333333,1.320666667,1.350666667,1.375,1.399333333,1.421,1.444333333,1.467,1.485333333,1.505,1.523,1.543,1.556666667,1.574,1.590666667,1.602666667,1.615333333,1.629,1.642
