experiment,Line-Treatment,DT inflection,StDev_inf,DT interval,StDev_int,Lab strain,Strain,Treatment,Strain*Treatment,Time_0,Time_0.5,Time_1,Time_1.5,Time_2,Time_2.5,Time_3,Time_3.5,Time_4,Time_4.5,Time_5,Time_5.5,Time_6,Time_6.5,Time_7,Time_7.5,Time_8,Time_8.5,Time_9,Time_9.5,Time_10,Time_10.5,Time_11,Time_11.5,Time_12,Time_12.5,Time_13,Time_13.5,Time_14,Time_14.5,Time_15,Time_15.5,Time_16,Time_16.5,Time_17,Time_17.5,Time_18,Time_18.5,Time_19,Time_19.5,Time_20
SGRP_mTORinhibitsSCREEN_SET4_lowRAPA_MGK_10242017_D.xls,YML695-2.5 ng/ml RAPA,77.09253,6.425250874,90.69054562,6.715454369,yML 695,Y8.1,2.5 ng/mL RAPA,Y8.1*2.5 ng/mL RAPA,0,0.039333333,0.041666667,0.045666667,0.055666667,0.076,0.093,0.113666667,0.141333333,0.177,0.225666667,0.271666667,0.347333333,0.423666667,0.509333333,0.602,0.689333333,0.773333333,0.804,0.82,0.84,0.866333333,0.904333333,0.951333333,1.008333333,1.061666667,1.116333333,1.178,1.238,1.294333333,1.352333333,1.369,1.392333333,1.409333333,,,,,,,
SGRP_mTORinhibitsSCREEN_SET4_lowrapa_JEMBL_10262017_F.xls,YML695-2.5 ng/ml RAPA,74.85106066,6.424062248,87.83562788,3.728532645,yML 695,Y8.1,2.5 ng/mL RAPA,Y8.1*2.5 ng/mL RAPA,0,0.045,0.049333333,0.053,0.064333333,0.095666667,0.124666667,0.163666667,0.203,0.264333333,0.335,0.429666667,0.537,0.662333333,0.799666667,0.930666667,1.065,1.159333333,1.168333333,1.179,1.193,1.209333333,1.238,1.270666667,1.305,1.337666667,1.372333333,1.404666667,1.432,1.46,1.488666667,1.507,1.533666667,,,,,,,,
