experiment,Line-Treatment,DT inflection,StDev_inf,DT interval,StDev_int,Lab strain,Strain,Treatment,Strain*Treatment,Time_0,Time_0.5,Time_1,Time_1.5,Time_2,Time_2.5,Time_3,Time_3.5,Time_4,Time_4.5,Time_5,Time_5.5,Time_6,Time_6.5,Time_7,Time_7.5,Time_8,Time_8.5,Time_9,Time_9.5,Time_10,Time_10.5,Time_11,Time_11.5,Time_12,Time_12.5,Time_13,Time_13.5,Time_14,Time_14.5,Time_15,Time_15.5,Time_16,Time_16.5,Time_17,Time_17.5,Time_18,Time_18.5,Time_19,Time_19.5,Time_20
RB_RUN1_F_SGRPmTORscreen_KGA_11082018.xls,yML692-A-1 uM Torin 1,69.13276587,4.905523959,74.0785898,3.832401371,yML 692,Y8.5,1 uM Torin 1,Y8.5*1 uM Torin 1,0,0.031333333,0.036666667,0.039666667,0.062,0.082333333,0.141,0.186666667,0.247666667,0.332,0.411,0.513,0.615,0.718666667,0.827666667,0.935333333,1.006666667,1.075,1.109,1.139666667,1.157333333,1.187,1.217333333,1.242333333,1.271333333,1.299,1.323333333,1.346333333,1.367,1.384,1.398666667,1.418,1.427333333,1.442666667,1.464,1.478666667,1.490333333,1.503666667,1.514,1.523666667,1.528333333
