experiment,Line-Treatment,DT inflection,StDev_inf,DT interval,StDev_int,Lab strain,Strain,Treatment,Strain*Treatment,Time_0,Time_0.5,Time_1,Time_1.5,Time_2,Time_2.5,Time_3,Time_3.5,Time_4,Time_4.5,Time_5,Time_5.5,Time_6,Time_6.5,Time_7,Time_7.5,Time_8,Time_8.5,Time_9,Time_9.5,Time_10,Time_10.5,Time_11,Time_11.5,Time_12,Time_12.5,Time_13,Time_13.5,Time_14,Time_14.5,Time_15,Time_15.5,Time_16,Time_16.5,Time_17,Time_17.5,Time_18,Time_18.5,Time_19,Time_19.5,Time_20
SET2_caffeine_KGPU_080517.xls,yML562-1000 ug/ml Caffeine,98.1255248,3.314819849,107.6293126,1.509870723,yML 562,CLIB215,1 mg/mL Caffeine,CLIB215*1 mg/mL Caffeine,0,0.042666667,0.037666667,0.04,0.045333333,0.051,0.055333333,0.062333333,0.070666667,0.080333333,0.094333333,0.112,0.13,0.156333333,0.186,0.226666667,0.276333333,0.334,0.404666667,0.494,0.586333333,0.684333333,0.792666667,0.901333333,0.997,1.027333333,1.035666667,1.045,1.061666667,1.086666667,1.115666667,1.144333333,1.179,1.213,1.244666667,1.276666667,1.314333333,1.344666667,1.369333333,1.396666667,1.421
SGRP_mTORinhibits_SET2_Caffeine_JE_092817.xls,yML562-1000 ug/ml Caffeine,92.4875386,7.093994907,106.6829224,1.410559334,yML 562,CLIB215,1 mg/mL Caffeine,CLIB215*1 mg/mL Caffeine,0,0.045666667,0.042666667,0.041666667,0.039333333,0.040666667,0.043666667,0.055,0.061666667,0.069333333,0.079333333,0.089666667,0.100333333,0.121333333,0.144333333,0.174,0.215666667,0.26,0.313666667,0.382333333,0.457333333,0.553,0.648333333,0.748666667,0.865,0.978666667,1.056,1.071666667,1.074333333,1.084666667,1.101333333,1.126,1.153666667,1.182666667,1.212,1.239666667,1.271666667,1.298333333,1.330333333,1.356333333,1.382333333
SGRP_mTORinhibitsSCREEN_SET2_Caffeine_JE_092717.xls,yML562-1000 ug/ml Caffeine,86.4619405,2.369033691,90.27702835,0.366127214,yML 562,CLIB215,1 mg/mL Caffeine,CLIB215*1 mg/mL Caffeine,0,0.038,0.04,0.043,0.05,0.059,0.069666667,0.083666667,0.104333333,0.132,0.164,0.205333333,0.259,0.326,0.41,0.508333333,0.619333333,0.738333333,0.865333333,0.980333333,1.093333333,1.131333333,1.137333333,1.146666667,1.163333333,1.190333333,1.223333333,1.254666667,1.278666667,1.308666667,1.350333333,1.381,1.411,1.436333333,1.462,1.487,1.51,1.530333333,1.551666667,1.570333333,1.591333333
