experiment,Line-Treatment,DT inflection,StDev_inf,DT interval,StDev_int,Lab strain,Strain,Treatment,Strain*Treatment,Time_0,Time_0.5,Time_1,Time_1.5,Time_2,Time_2.5,Time_3,Time_3.5,Time_4,Time_4.5,Time_5,Time_5.5,Time_6,Time_6.5,Time_7,Time_7.5,Time_8,Time_8.5,Time_9,Time_9.5,Time_10,Time_10.5,Time_11,Time_11.5,Time_12,Time_12.5,Time_13,Time_13.5,Time_14,Time_14.5,Time_15,Time_15.5,Time_16,Time_16.5,Time_17,Time_17.5,Time_18,Time_18.5,Time_19,Time_19.5,Time_20
SGRP_mTORinhibitsSCREEN_SET3_CAFFEINE AND lowTORIN_JEMBL_1201201,NCYC 3265-6.67% H2O,95.20252322,15.94457611,464.960996,636.2603997,NCYC 3265,SK1,6.67% H2O,SK1*6.67% H2O,0,0.024333333,0.029333333,0.034,0.038,0.046,0.058,0.073333333,0.093333333,0.118666667,0.158,0.193333333,0.236666667,0.291333333,0.354333333,0.419333333,0.473666667,0.501333333,0.522333333,0.539,0.560333333,0.579333333,0.597,0.62,0.637,0.660333333,0.683333333,0.708666667,0.727333333,0.742333333,0.758333333,0.776333333,0.789333333,0.804666667,0.814,0.831666667,0.827666667,0.836333333,0.847,0.860666667,0.863
SGRP_mTORinhibitsSCREEN_SET3_CAFFEINE AND lowTORIN_JEMBL_1201201,NCYC 3265-6.67% H2O,86.05893425,17.83204587,534.8415459,760.5296215,NCYC 3265,SK1,6.67% H2O,SK1*6.67% H2O,0,0.034,0.040666667,0.047,0.054666667,0.066666667,0.083,0.104666667,0.133666667,0.166333333,0.218666667,0.264333333,0.318,0.382,0.455,0.524666667,0.578666667,0.608333333,0.631,0.64,0.668666667,0.687333333,0.702,0.729,0.737,0.767333333,0.789666667,0.814,0.834333333,0.862,0.874666667,0.898,0.921666667,0.938,0.945,0.974666667,1.008666667,1.018,1.028666667,1.045333333,1.049
