experiment,Line-Treatment,DT inflection,StDev_inf,DT interval,StDev_int,Lab strain,Strain,Treatment,Strain*Treatment,Time_0,Time_0.5,Time_1,Time_1.5,Time_2,Time_2.5,Time_3,Time_3.5,Time_4,Time_4.5,Time_5,Time_5.5,Time_6,Time_6.5,Time_7,Time_7.5,Time_8,Time_8.5,Time_9,Time_9.5,Time_10,Time_10.5,Time_11,Time_11.5,Time_12,Time_12.5,Time_13,Time_13.5,Time_14,Time_14.5,Time_15,Time_15.5,Time_16,Time_16.5,Time_17,Time_17.5,Time_18,Time_18.5,Time_19,Time_19.5,Time_20
SGRP_mTOR_inhibitsSCREEN_SET2_HIGH_TORIN_AR_10092017_F.xls,NCYC 3467-25 uM Torin 1,111.0319405,6.342103727,142.8141814,12.78012648,NCYC 3467,W303,25 uM Torin 1,W303*25 uM Torin 1,0,0.017333333,0.017666667,0.018,0.018666667,0.018666667,0.018666667,0.018333333,0.018666667,0.019333333,0.019333333,0.019333333,0.02,0.02,0.021,0.020666667,0.021333333,0.023,0.023666667,0.025666667,0.026,0.027333333,0.029333333,0.030333333,0.030666667,0.031666667,0.034,0.031666667,0.036666667,0.037,0.041,0.044,0.048,0.048333333,0.050666667,0.055333333,0.064333333,0.073,0.078333333,0.087333333,0.098
