experiment,Line-Treatment,DT inflection,StDev_inf,DT interval,StDev_int,Lab strain,Strain,Treatment,Strain*Treatment,Time_0,Time_0.5,Time_1,Time_1.5,Time_2,Time_2.5,Time_3,Time_3.5,Time_4,Time_4.5,Time_5,Time_5.5,Time_6,Time_6.5,Time_7,Time_7.5,Time_8,Time_8.5,Time_9,Time_9.5,Time_10,Time_10.5,Time_11,Time_11.5,Time_12,Time_12.5,Time_13,Time_13.5,Time_14,Time_14.5,Time_15,Time_15.5,Time_16,Time_16.5,Time_17,Time_17.5,Time_18,Time_18.5,Time_19,Time_19.5,Time_20
SGRP_mTOR_inhibitsSCREEN_SET1_highgdc-0941_AR_053117.xls,NCYC 3456-100uM GDC0941,81.13893571,4.891934316,89.8738371,10.87460131,NCYC 3456,378604 X,100 uM GDC0941,378604 X*100 uM GDC0941,0,0.125666667,0.131333333,0.141,0.167333333,0.201,0.255,0.322666667,0.41,0.519,0.639,0.773666667,0.915666667,1.043666667,1.146666667,1.214333333,1.255,1.268666667,1.282,1.293333333,1.306,1.320666667,1.336333333,1.351666667,1.363333333,1.386666667,1.404666667,1.423666667,1.442333333,1.463333333,1.484,1.503333333,1.525333333,1.544666667,1.566,1.584,1.605,1.623,1.641333333,1.658,1.673666667
