experiment,Line-Treatment,DT inflection,StDev_inf,DT interval,StDev_int,Lab strain,Strain,Treatment,Strain*Treatment,Time_0,Time_0.5,Time_1,Time_1.5,Time_2,Time_2.5,Time_3,Time_3.5,Time_4,Time_4.5,Time_5,Time_5.5,Time_6,Time_6.5,Time_7,Time_7.5,Time_8,Time_8.5,Time_9,Time_9.5,Time_10,Time_10.5,Time_11,Time_11.5,Time_12,Time_12.5,Time_13,Time_13.5,Time_14,Time_14.5,Time_15,Time_15.5,Time_16,Time_16.5,Time_17,Time_17.5,Time_18,Time_18.5,Time_19,Time_19.5,Time_20
RB_RUN1_F_SGRPmTORscreen_KGA_11082018.xls,yML681-2.5%DMSO,64.61260265,18.50432049,73.6835099,0.963546717,yML 681,A4,2.5% DMSO,A4*2.5% DMSO,0,0.03,0.041666667,0.061,0.116,0.135333333,0.235333333,0.308666667,0.396666667,0.496,0.607333333,0.725333333,0.816,0.897333333,0.968333333,0.973333333,0.989666667,1.008,1.027333333,1.047,1.082,1.108333333,1.132,1.157333333,1.178333333,1.208333333,1.239666667,1.259666667,1.281666667,1.296666667,1.323666667,1.341333333,1.358,1.378666667,1.395666667,1.418,1.433,1.451,1.463666667,1.474666667,1.483333333
