experiment,Line-Treatment,DT inflection,StDev_inf,DT interval,StDev_int,Lab strain,Strain,Treatment,Strain*Treatment,Time_0,Time_0.5,Time_1,Time_1.5,Time_2,Time_2.5,Time_3,Time_3.5,Time_4,Time_4.5,Time_5,Time_5.5,Time_6,Time_6.5,Time_7,Time_7.5,Time_8,Time_8.5,Time_9,Time_9.5,Time_10,Time_10.5,Time_11,Time_11.5,Time_12,Time_12.5,Time_13,Time_13.5,Time_14,Time_14.5,Time_15,Time_15.5,Time_16,Time_16.5,Time_17,Time_17.5,Time_18,Time_18.5,Time_19,Time_19.5,Time_20
SGRP_mTORinhibsSCREEN_SET1_lowRAPA_KGPUMBL_05062017.xls,NCYC 3313-2.5ng/ml RAPA,68.06311615,4.383553987,73.88800672,1.340848359,NCYC 3313,DBVPG 1853,2.5 ng/mL RAPA,DBVPG 1853*2.5 ng/mL RAPA,0,0.054333333,0.056333333,0.068333333,0.010666667,0.105,0.137666667,0.182666667,0.245,0.320666667,0.423666667,0.535,0.588333333,0.798333333,0.928333333,0.993333333,1.174333333,1.258333333,1.285,1.292666667,1.309666667,1.322,1.334,1.364333333,1.383,1.411666667,1.421666667,1.445666667,1.472666667,1.497333333,1.509,1.531333333,1.541,1.57,1.58,1.592333333,1.607333333,1.622333333,1.632,1.640333333,1.657
